YEAR,ST_CASE,veh_no,per_no,P1,P2,P3,P4,P5,P6,P7,P8,P9,P10
2004,10614,2,1,0,0,0,0,0,0,0,0,0,0
2004,10615,1,1,36,0,0,0,21,23,19,22,13,43
2004,10616,0,1,33,0,18,31,23,7,27,8,27,18
2004,10616,1,1,0,0,6,0,8,0,0,18,0,0
2004,10617,1,1,7,7,7,7,7,7,7,7,7,7
2004,10618,1,1,0,0,0,0,0,0,0,0,0,0
2004,10619,1,1,16,20,0,0,0,16,0,0,42,0
2004,10620,0,1,0,0,0,0,0,15,0,0,5,0
2004,10620,1,1,0,18,0,22,16,0,24,21,10,22
2004,10621,1,1,14,0,0,0,0,0,0,27,28,15
2004,10622,1,1,0,0,0,10,0,0,0,0,0,14
2004,10622,2,1,0,0,0,0,0,0,0,0,0,0
2004,10623,1,1,17,24,11,17,24,23,18,22,22,16
2004,10624,1,1,0,26,0,4,19,17,13,28,16,0
2004,10624,2,1,0,0,0,0,0,0,0,0,0,0
2004,10625,1,1,24,15,0,17,7,25,17,13,25,7
2004,10626,1,1,0,0,0,0,0,0,0,0,0,0
2004,10626,2,1,7,0,0,0,15,13,5,8,0,0
2004,10627,0,1,11,21,0,0,0,0,0,0,0,8
2004,10627,1,1,12,19,0,0,0,0,0,0,0,0
2004,10628,1,1,27,22,28,16,22,18,15,25,22,14
2004,10629,1,1,0,0,0,0,0,0,14,0,0,24
2004,10629,2,1,0,8,0,0,0,18,16,27,0,0
2004,10630,1,1,0,0,0,0,15,0,0,9,0,0
2004,10631,1,1,0,0,0,0,0,0,0,0,0,0
2004,10632,1,1,0,0,0,0,0,17,0,0,19,0
2004,10633,1,1,0,0,0,0,0,0,0,0,0,0
2004,10633,2,1,0,0,0,0,0,0,24,0,0,0
2004,10634,1,1,21,11,28,8,32,0,0,20,0,0
2004,10635,1,1,0,0,0,0,0,0,0,0,0,0
2004,10636,1,1,0,0,0,0,0,0,0,0,0,0
2004,10636,2,1,0,0,0,0,0,0,0,0,0,0
2004,10637,1,1,21,15,17,16,0,29,10,18,0,10
2004,10638,1,1,0,27,0,24,14,0,0,0,0,0
2004,10638,2,1,0,13,23,28,0,0,13,0,16,0
2004,10639,1,1,0,0,0,0,0,0,0,0,0,0
2004,10640,1,1,0,0,0,0,0,0,0,0,0,0
2004,10641,1,1,0,0,0,0,0,0,0,0,0,0
2004,10641,2,1,0,27,22,0,14,20,0,0,9,0
2004,10642,1,1,0,0,0,0,0,0,0,0,0,0
2004,10642,2,1,0,0,0,0,0,0,0,0,0,0
2004,10643,1,1,0,23,33,8,0,9,27,0,19,19
2004,10644,1,1,0,0,0,0,0,0,0,0,0,0
2004,10644,2,1,7,0,0,0,0,0,0,0,0,0
2004,10644,3,1,0,0,0,0,0,0,0,0,0,0
2004,10645,1,1,17,12,16,11,23,22,11,0,15,7
2004,10646,1,1,0,0,0,0,0,0,0,0,0,0
2004,10646,2,1,0,0,0,0,0,0,0,0,0,0
2004,10647,1,1,0,24,0,0,0,0,0,0,0,0
2004,10647,2,1,0,0,0,0,0,0,0,0,0,0
2004,10648,1,1,0,0,0,0,0,0,0,0,0,0
2004,10649,1,1,0,0,0,0,0,13,0,0,0,0
2004,10649,2,1,0,0,0,0,0,0,0,0,0,0
2004,10650,1,1,2,5,16,10,11,10,19,0,3,22
2004,10651,1,1,13,3,27,0,0,0,0,5,0,0
2004,10652,1,1,0,0,0,0,0,0,0,0,0,0
2004,10653,1,1,0,0,0,0,0,6,0,0,0,0
2004,10653,2,1,0,0,0,0,0,0,0,0,0,0
2004,10654,1,1,0,0,0,0,0,0,0,0,0,0
2004,10654,2,1,0,0,0,0,0,0,0,0,0,0
2004,10655,1,1,20,17,17,6,22,25,21,23,19,18
2004,10656,1,1,0,0,0,0,0,0,0,0,0,0
2004,10657,1,1,19,15,25,26,24,20,12,9,17,21
2004,10658,1,1,25,27,28,33,10,30,15,39,10,33
2004,10659,1,1,0,0,0,13,0,0,0,0,11,0
2004,10659,2,1,0,0,0,0,0,0,0,0,0,0
2004,10660,1,1,9,0,10,19,0,19,26,18,0,16
2004,10660,2,1,0,0,0,0,0,0,0,0,0,0
2004,10661,1,1,8,23,18,17,10,24,27,29,11,13
2004,10662,1,1,0,0,0,0,0,0,20,0,0,0
2004,10662,2,1,0,0,0,0,0,0,0,0,0,0
2004,10663,1,1,0,0,0,0,0,0,0,0,0,0
2004,10663,2,1,7,0,0,0,0,0,0,0,0,0
2004,10664,1,1,0,0,0,0,0,0,0,0,0,0
2004,10664,2,1,0,0,0,0,0,0,0,0,0,0
2004,10665,1,1,0,0,0,0,0,0,0,0,0,0
2004,10665,2,1,0,0,0,0,0,0,0,0,0,0
2004,10666,1,1,11,0,0,0,0,3,11,0,0,0
2004,10667,1,1,0,20,0,21,0,0,0,0,16,0
2004,10668,1,1,0,0,0,0,4,0,0,0,0,0
2004,10669,1,1,32,0,19,0,0,14,0,6,32,45
2004,10669,2,1,0,0,0,0,0,0,0,0,0,0
2004,10669,3,1,0,0,0,0,0,0,0,0,0,0
2004,10670,1,1,0,0,0,0,0,0,0,0,0,0
2004,10671,1,1,0,0,0,0,0,0,0,0,0,0
2004,10672,1,1,10,10,10,10,10,10,10,10,10,10
2004,10672,2,1,0,4,0,6,0,9,0,0,0,0
2004,10673,1,1,0,0,12,0,0,0,0,0,0,0
2004,10673,2,1,0,0,0,0,0,0,0,0,0,0
2004,10674,1,1,0,0,0,0,0,0,0,0,0,0
2004,10674,2,1,0,0,0,0,0,0,0,0,0,0
2004,10675,1,1,0,0,0,0,0,0,0,0,0,0
2004,10676,1,1,14,17,13,13,7,10,22,0,10,28
2004,10676,2,1,0,0,0,0,0,0,0,0,0,0
2004,10677,1,1,0,0,0,0,0,0,0,0,0,0
2004,10677,2,1,0,0,0,0,0,0,0,0,0,0
2004,10678,1,1,37,22,35,24,21,7,33,12,18,25
2004,10678,2,1,0,6,0,0,0,0,0,0,0,0
2004,10679,1,1,0,0,0,0,0,0,0,0,0,0
2004,10679,2,1,0,0,0,0,0,0,0,0,0,0
2004,10680,1,1,7,0,0,5,15,23,17,0,0,31
2004,10680,2,1,0,0,0,0,0,0,0,0,0,0
2004,10681,1,1,0,0,10,0,5,0,0,0,34,0
2004,10682,1,1,0,0,0,0,0,0,0,0,0,11
2004,10683,1,1,5,0,37,15,33,0,18,18,26,0
2004,10683,2,1,0,0,0,0,0,0,0,0,0,0
2004,10684,1,1,0,0,0,0,0,0,0,0,0,0
2004,10685,0,1,0,0,0,0,0,0,0,0,0,0
2004,10685,1,1,0,0,0,25,0,0,0,7,0,19
2004,10686,1,1,0,0,0,0,0,18,27,0,19,0
2004,10687,1,1,26,0,5,7,14,13,14,16,16,15
2004,10688,1,1,11,12,2,30,9,11,19,13,19,5
2004,10689,1,1,0,0,27,26,0,0,24,16,23,0
2004,10690,1,1,0,0,0,0,0,0,0,0,0,0
2004,10690,2,1,0,0,0,0,0,0,0,0,0,13
2004,10691,0,1,5,0,16,0,0,0,8,4,0,31
2004,10691,1,1,0,0,0,0,0,0,0,0,0,0
2004,10692,1,1,0,0,0,0,0,0,0,0,0,0
2004,10692,2,1,0,0,0,0,0,0,0,0,0,0
2004,10692,3,1,0,0,0,0,0,0,0,0,0,0
2004,10693,1,1,16,16,0,0,0,0,0,0,0,0
2004,10694,1,1,0,0,0,0,0,12,0,0,0,0
2004,10695,1,1,0,0,0,0,0,0,0,0,0,0
2004,10696,1,1,0,0,0,0,0,0,0,0,0,0
2004,10696,2,1,0,0,0,0,0,0,0,0,0,0
2004,10696,3,1,0,0,0,15,0,0,0,0,0,0
2004,10697,1,1,0,0,0,0,0,0,0,0,0,11
2004,10697,2,1,0,0,0,0,0,0,0,0,0,0
2004,10698,1,1,0,0,3,0,0,0,0,14,7,0
2004,10698,2,1,0,0,0,0,0,0,0,0,0,0
2004,10699,1,1,0,17,7,0,11,9,23,8,2,21
2004,10700,1,1,0,0,0,0,0,0,0,0,0,0
2004,10701,1,1,0,0,0,0,0,0,0,0,0,0
2004,10702,1,1,0,0,0,0,0,0,0,0,0,0
2004,10702,2,1,0,0,0,0,0,0,0,0,0,0
2004,10703,1,1,25,10,20,18,17,16,11,28,24,34
2004,10704,1,1,0,29,5,11,10,0,16,18,33,21
2004,10704,2,1,0,0,0,0,0,0,0,0,0,0
2004,10704,3,1,0,0,0,0,0,0,0,0,0,0
2004,10705,1,1,0,0,0,0,0,0,0,0,0,0
2004,10705,2,1,0,0,0,0,0,0,0,0,0,0
2004,10705,3,1,0,0,0,0,0,0,0,0,0,0
2004,10706,1,1,0,0,0,0,0,0,0,0,0,0
2004,10706,2,1,0,0,0,0,0,0,0,0,0,0
2004,10707,1,1,0,0,0,0,0,0,0,13,0,0
2004,10708,1,1,0,0,14,0,0,0,38,0,0,22
2004,10709,1,1,11,13,8,0,7,0,22,0,3,9
2004,10709,2,1,8,0,0,0,0,0,0,0,0,0
2004,10710,0,1,0,0,0,0,0,20,0,0,13,0
2004,10710,1,1,19,19,19,19,19,19,19,19,19,19
2004,10711,1,1,0,0,0,0,0,0,0,0,0,0
2004,10711,2,1,0,0,0,0,0,0,0,0,0,0
2004,10712,1,1,22,10,0,0,0,8,0,0,0,0
2004,10712,2,1,0,0,0,0,0,0,0,0,0,0
2004,10712,3,1,0,0,0,0,0,0,0,0,0,0
2004,10713,1,1,0,13,22,33,18,17,23,0,23,26
2004,10714,1,1,26,18,16,37,4,15,12,21,11,12
2004,10715,1,1,19,33,9,15,19,27,16,24,23,21
2004,10716,0,1,15,9,0,12,19,31,20,37,0,0
2004,10716,1,1,0,0,0,26,0,0,0,0,0,0
2004,10717,1,1,0,0,0,0,0,0,0,0,0,0
2004,10717,2,1,0,0,0,0,0,0,0,0,0,0
2004,10718,1,1,17,25,26,23,33,22,15,25,25,3
2004,10719,1,1,0,0,0,16,16,0,0,19,23,30
2004,10720,1,1,0,0,0,0,0,0,0,10,0,0
2004,10720,2,1,0,0,0,0,0,0,0,0,0,0
2004,10721,1,1,0,0,0,0,0,0,10,0,0,8
2004,10721,2,1,0,0,0,0,0,0,0,0,0,0
2004,10722,1,1,0,0,0,0,0,0,0,0,0,0
2004,10722,2,1,0,0,0,0,0,0,0,0,0,0
2004,10723,1,1,0,0,0,0,0,0,0,0,0,0
2004,10723,2,1,0,0,0,0,0,0,0,0,0,0
2004,10724,1,1,0,0,0,0,0,0,0,0,0,0
2004,10724,2,1,0,0,0,0,0,0,14,0,0,0
2004,10725,0,1,52,18,0,12,0,0,22,13,10,0
2004,10725,1,1,0,0,0,0,0,0,0,0,0,0
2004,10725,2,1,0,0,0,0,0,0,0,0,0,0
2004,10725,3,1,0,0,0,0,34,0,0,0,0,0
2004,10726,1,1,15,0,14,23,19,21,25,38,0,20
2004,10727,1,1,0,0,0,0,0,0,0,0,0,0
2004,10728,1,1,16,0,0,0,22,21,0,0,0,24
2004,10728,2,1,0,0,0,0,0,0,0,0,0,0
2004,10728,3,1,0,0,0,0,0,0,0,0,0,0
2004,10729,1,1,20,22,0,0,0,0,0,0,7,15
2004,10730,1,1,0,0,0,0,0,0,0,25,0,0
2004,10730,2,1,0,0,0,0,0,0,0,0,0,5
2004,10731,1,1,0,0,6,0,0,29,0,10,0,0
2004,10732,1,1,0,0,0,20,0,0,0,0,0,0
2004,10733,1,1,0,0,9,0,0,0,0,0,0,0
2004,10733,2,1,0,0,0,0,0,15,0,0,0,0
2004,10734,1,1,0,0,0,0,0,0,0,0,0,0
2004,10734,2,1,0,0,0,0,0,0,0,0,0,0
2004,10735,1,1,0,0,0,0,0,0,0,0,0,0
2004,10735,2,1,0,0,0,0,0,0,0,0,0,0
2004,10736,1,1,0,0,0,23,8,7,0,24,0,0
2004,10736,2,1,0,0,0,0,0,0,0,0,0,8
2004,10737,1,1,10,0,0,0,12,30,10,16,19,31
2004,10738,0,1,0,18,0,21,20,0,4,34,27,40
2004,10738,1,1,0,0,0,17,0,0,0,0,0,0
2004,10739,1,1,22,9,20,8,7,14,14,12,21,9
2004,10740,1,1,28,20,0,7,0,0,21,8,0,0
2004,10741,1,1,0,0,0,0,0,0,0,0,0,0
2004,10741,2,1,0,0,0,5,0,0,0,0,0,0
2004,10741,3,1,0,0,0,0,0,0,0,0,0,0
2004,10742,1,1,0,0,0,0,0,0,0,0,0,0
2004,10743,1,1,11,10,29,26,18,6,23,18,21,22
2004,10744,1,1,25,21,15,22,23,48,37,7,17,22
2004,10745,1,1,0,0,0,0,0,0,0,0,0,11
2004,10746,0,1,38,38,38,38,38,38,38,38,38,38
2004,10746,1,1,0,0,0,0,0,0,0,0,0,0
2004,10747,1,1,0,0,22,0,0,15,0,0,27,0
2004,10748,1,1,19,32,44,16,22,10,8,26,8,15
2004,10749,0,1,29,41,19,26,30,32,25,30,18,22
2004,10749,1,1,0,17,0,0,0,0,0,0,0,0
2004,10750,1,1,0,0,0,2,0,8,0,13,0,0
2004,10751,1,1,0,0,0,0,0,0,0,0,0,0
2004,10752,1,1,0,0,7,0,0,0,2,0,8,0
2004,10752,2,1,0,7,13,0,0,0,0,0,0,12
2004,10753,1,1,0,0,0,0,0,0,0,0,0,0
2004,10754,1,1,27,27,20,0,26,0,16,14,31,6
2004,10754,2,1,0,0,0,0,0,0,0,0,0,0
2004,10755,1,1,0,0,0,0,0,0,0,0,0,8
2004,10756,1,1,6,11,29,22,0,27,11,26,10,18
2004,10757,1,1,11,0,0,0,0,0,0,0,0,15
2004,10757,2,1,0,0,0,0,0,0,0,0,0,0
2004,10758,1,1,19,0,15,0,27,14,0,0,24,0
2004,10759,1,1,16,13,0,23,18,12,26,8,8,13
2004,10760,1,1,0,0,0,0,0,0,0,0,0,0
2004,10761,1,1,0,0,0,21,0,0,0,5,15,0
2004,10761,2,1,0,0,0,0,0,0,0,0,0,0
2004,10762,0,1,0,0,21,0,6,0,9,0,0,0
2004,10762,1,1,0,0,0,0,12,0,0,0,0,0
2004,10763,1,1,0,0,21,0,0,0,0,0,0,0
2004,10763,2,1,0,0,0,0,0,0,0,0,0,0
2004,10764,1,1,0,0,0,0,0,0,0,0,0,0
2004,10765,1,1,0,23,9,0,0,0,14,0,18,0
2004,10766,1,1,0,0,0,0,0,0,0,0,0,0
2004,10766,2,1,0,0,0,0,0,0,0,0,0,0
2004,10767,1,1,0,0,0,18,33,16,35,0,0,17
2004,10767,2,1,0,0,0,0,0,0,0,0,0,0
2004,10768,1,1,0,14,0,0,0,0,0,20,0,0
2004,10769,1,1,0,0,0,0,0,0,0,0,0,0
2004,10770,1,1,20,0,14,8,12,11,26,20,14,0
2004,10771,0,1,0,0,33,0,24,17,23,10,28,21
2004,10771,1,1,0,0,0,0,0,0,0,0,0,0
2004,10772,1,1,24,5,18,24,8,12,23,32,17,20
2004,10773,1,1,0,0,0,0,0,0,0,0,0,0
2004,10774,0,1,0,12,31,24,0,33,18,0,0,0
2004,10774,1,1,0,0,0,0,0,0,0,0,0,0
2004,10775,1,1,0,0,0,0,0,0,0,0,14,0
2004,10776,1,1,19,19,15,27,16,9,0,18,6,25
2004,10777,1,1,25,12,19,5,14,17,20,19,5,26
2004,10778,1,1,0,0,0,0,0,0,0,0,0,0
2004,10779,0,1,0,0,0,26,0,0,0,0,0,0
2004,10779,1,1,0,0,0,0,0,0,0,0,0,0
2004,10780,1,1,0,0,0,0,0,0,0,0,0,0
2004,10780,2,1,0,0,0,0,0,0,0,0,0,0
2004,10780,3,1,0,0,0,0,0,0,0,0,0,0
2004,10781,1,1,0,0,0,0,0,0,0,0,0,0
2004,10781,2,1,0,0,0,0,0,0,0,0,0,0
2004,10782,1,1,0,0,0,0,0,0,0,0,0,0
2004,10782,2,1,0,0,0,0,0,0,0,0,0,0
2004,10782,3,1,0,0,0,0,0,0,12,0,0,0
2004,10783,0,1,9,21,17,0,0,36,9,0,15,11
2004,10783,1,1,9,9,9,9,9,9,9,9,9,9
2004,10784,1,1,0,0,0,0,0,0,0,0,0,0
2004,10785,1,1,10,0,0,12,19,0,9,7,0,0
2004,10786,1,1,9,9,9,9,9,9,9,9,9,9
2004,10787,1,1,0,0,0,0,0,0,0,0,0,0
2004,10787,2,1,0,0,0,0,0,0,0,0,0,0
2004,10788,1,1,0,0,0,0,0,0,0,0,0,0
2004,10788,2,1,0,0,0,0,0,0,0,0,0,0
2004,10789,1,1,0,0,0,0,0,0,0,0,0,0
2004,10789,2,1,0,0,0,0,0,0,0,0,0,10
2004,10790,1,1,0,0,0,0,0,0,0,0,0,0
2004,10790,2,1,0,0,0,0,0,0,0,0,0,0
2004,10791,1,1,0,0,19,0,16,0,0,9,0,0
2004,10791,2,1,0,0,0,0,0,0,0,0,0,0
2004,10792,1,1,9,0,0,0,0,0,0,0,0,0
2004,10792,2,1,0,0,0,0,0,0,0,0,0,0
2004,10792,3,1,0,0,0,0,5,0,0,0,0,0
2004,10793,1,1,18,18,18,18,18,18,18,18,18,18
2004,10794,1,1,0,10,24,0,30,0,0,0,0,17
2004,10795,1,1,0,0,0,0,0,0,0,0,0,0
2004,10795,2,1,0,0,0,0,0,0,0,0,0,0
2004,10795,3,1,0,0,0,0,0,0,0,0,0,0
2004,10796,1,1,12,13,19,20,13,21,8,19,28,35
2004,10797,1,1,0,0,34,0,0,0,0,0,17,0
2004,10798,1,1,42,0,0,18,0,0,0,0,0,0
2004,10799,1,1,23,9,0,9,24,20,7,14,17,20
2004,10800,1,1,0,0,0,0,0,0,0,0,0,0
2004,10801,1,1,0,0,0,0,0,0,0,0,0,0
2004,10802,0,1,23,14,23,18,0,0,20,26,0,40
2004,10802,1,1,0,0,0,0,0,0,9,0,0,0
2004,10803,1,1,24,24,24,24,24,24,24,24,24,24
2004,10804,1,1,0,0,0,0,0,0,11,0,0,0
2004,10805,1,1,0,0,14,0,0,0,0,0,0,0
2004,10806,1,1,0,0,0,0,0,0,0,0,0,0
2004,10807,1,1,0,0,28,27,28,13,0,0,17,0
2004,10808,1,1,0,0,0,0,0,0,0,0,0,0
2004,10808,2,1,0,0,0,0,0,0,0,0,0,0
2004,10809,1,1,23,21,18,0,12,30,18,20,14,16
2004,10810,1,1,0,0,0,0,0,0,0,0,0,0
2004,10811,1,1,0,0,0,0,0,0,0,0,0,0
2004,10811,2,1,0,0,0,0,0,0,0,0,0,0
2004,10812,1,1,0,0,0,0,0,0,13,0,0,0
2004,10813,1,1,0,0,0,0,0,0,0,0,0,0
2004,10813,2,1,0,0,0,0,0,0,0,0,0,0
2004,10813,3,1,0,0,0,0,0,0,0,0,0,0
2004,10814,1,1,9,10,21,0,14,26,11,24,10,0
2004,10815,1,1,0,0,0,0,0,0,0,0,0,0
2004,10816,1,1,2,12,10,8,13,16,20,16,32,11
2004,10817,1,1,0,0,0,0,0,0,0,0,0,0
2004,10818,1,1,11,0,0,0,0,0,0,0,4,0
2004,10818,2,1,0,0,0,7,0,0,0,0,0,0
2004,10818,3,1,0,0,0,0,0,0,0,0,0,0
2004,10819,1,1,0,0,0,0,0,0,0,0,26,0
2004,10820,1,1,14,0,0,18,12,0,0,0,0,12
2004,10821,1,1,0,0,0,0,0,0,0,0,0,15
2004,10821,2,1,0,0,0,0,0,0,0,0,0,0
2004,10822,1,1,13,20,7,24,23,0,14,25,22,23
2004,10823,1,1,0,0,0,0,0,0,0,0,0,0
2004,10823,2,1,0,0,10,0,0,0,0,0,0,0
2004,10824,1,1,24,24,24,24,24,24,24,24,24,24
2004,10825,1,1,0,19,0,0,0,0,0,0,0,0
2004,10826,1,1,0,0,0,0,0,0,0,0,0,0
2004,10826,2,1,0,0,0,0,0,0,0,0,0,0
2004,10827,1,1,0,0,0,0,0,0,0,0,0,0
2004,10828,1,1,0,0,0,0,0,0,0,0,0,0
2004,10828,2,1,25,0,0,0,0,0,0,19,0,0
2004,10828,3,1,0,0,0,0,0,0,0,0,0,13
2004,10829,1,1,0,0,21,0,0,0,0,0,18,0
2004,10830,0,1,0,0,0,0,0,0,0,0,0,0
2004,10830,1,1,0,0,0,0,0,0,0,0,0,0
2004,10831,1,1,0,0,12,20,0,0,0,0,0,0
2004,10832,1,1,39,17,15,7,22,19,16,11,31,26
2004,10833,1,1,0,0,0,0,0,0,0,0,0,0
2004,10833,2,1,0,0,0,0,0,0,0,0,0,0
2004,10834,1,1,0,0,0,0,0,0,0,0,0,14
2004,10834,2,1,24,0,0,0,0,0,0,0,0,13
2004,10835,1,1,37,0,20,21,14,19,23,0,15,14
2004,10836,1,1,0,4,0,0,26,29,0,23,0,7
2004,10837,1,1,0,0,0,0,0,0,0,0,0,0
2004,10837,2,1,0,0,0,0,0,0,0,0,0,0
2004,10838,1,1,0,0,0,0,0,0,0,0,0,33
2004,10838,2,1,0,0,0,0,0,0,0,0,0,0
2004,10839,1,1,0,0,25,0,14,12,10,0,0,22
2004,10840,1,1,0,0,0,0,0,0,0,0,0,0
2004,10840,2,1,0,12,0,0,0,0,0,0,0,0
2004,10841,1,1,23,14,0,0,0,0,0,16,0,8
2004,10842,1,1,6,18,27,10,12,14,12,42,28,24
2004,10842,2,1,0,0,0,0,0,0,0,0,0,0
2004,10843,1,1,3,0,29,8,16,7,11,25,0,5
2004,10844,1,1,13,7,10,25,0,31,6,2,26,14
2004,10845,1,1,6,13,20,3,15,9,8,27,14,13
2004,10845,2,1,0,0,0,0,12,0,0,0,10,0
2004,10846,1,1,11,0,0,0,0,0,0,0,0,0
2004,10846,2,1,0,0,0,0,0,0,0,0,0,0
2004,10847,1,1,15,15,15,15,15,15,15,15,15,15
2004,10848,1,1,26,25,27,8,12,16,12,20,24,15
2004,10848,2,1,17,0,0,14,0,0,0,21,12,14
2004,10849,1,1,23,0,0,0,20,0,0,0,0,0
2004,10849,2,1,0,0,0,0,0,0,0,0,0,0
2004,10850,1,1,34,15,26,30,33,26,0,0,20,9
2004,10851,1,1,17,20,17,26,23,21,13,14,26,17
2004,10852,1,1,0,0,0,0,0,0,0,0,0,0
2004,10852,2,1,0,0,0,0,0,0,0,0,0,0
2004,10852,3,1,0,0,0,0,0,0,0,0,0,0
2004,10852,4,1,0,0,0,0,0,0,0,0,0,0
2004,10853,1,1,0,0,0,0,0,0,0,0,0,10
2004,10854,1,1,0,0,0,0,19,0,0,0,0,0
2004,10854,2,1,0,0,0,0,0,0,0,0,0,0
2004,10854,3,1,0,0,0,0,0,0,0,0,0,0
2004,10855,1,1,0,0,0,0,0,0,0,0,0,0
2004,10856,1,1,12,3,0,13,39,16,9,19,16,19
2004,10857,0,1,0,0,0,0,0,0,0,0,0,0
2004,10857,1,1,0,0,0,0,0,0,0,0,0,0
2004,10858,1,1,0,0,0,9,0,0,0,0,0,0
2004,10858,2,1,0,0,0,0,0,4,0,0,0,0
2004,10858,3,1,0,0,0,0,0,0,0,0,0,0
2004,10858,4,1,6,0,0,0,0,0,0,0,0,0
2004,10859,0,1,25,22,32,24,24,19,19,34,30,0
2004,10859,1,1,0,0,0,0,0,0,0,0,0,0
2004,10860,1,1,0,0,0,17,26,0,6,0,0,0
2004,10861,0,1,0,0,0,0,0,0,0,0,0,0
2004,10861,1,1,0,0,0,0,0,0,0,0,0,0
2004,10862,1,1,8,19,6,9,20,13,6,23,18,7
2004,10862,2,1,7,12,15,19,0,4,33,0,0,22
2004,10863,1,1,20,15,0,0,22,0,4,21,17,16
2004,10864,1,1,0,0,0,26,0,0,0,0,0,0
2004,10865,1,1,0,0,8,0,0,0,0,0,0,0
2004,10865,2,1,0,0,0,0,0,0,0,0,0,0
2004,10866,1,1,15,11,0,10,8,5,14,6,20,16
2004,10867,1,1,0,0,0,0,0,0,0,0,0,0
2004,10868,1,1,10,10,10,10,10,10,10,10,10,10
2004,10869,1,1,0,0,0,0,0,0,0,0,0,0
2004,10869,2,1,0,0,0,0,0,0,0,0,0,0
2004,10869,3,1,0,0,11,0,0,0,0,0,0,0
2004,10870,1,1,0,0,0,0,0,0,0,0,0,0
2004,10871,1,1,0,10,0,15,0,0,0,0,0,0
2004,10872,0,1,19,16,0,0,0,0,0,0,0,0
2004,10872,1,1,0,0,0,0,0,0,0,0,0,0
2004,10873,1,1,0,10,3,0,0,0,0,0,0,0
2004,10874,1,1,0,0,0,0,0,0,0,0,0,0
2004,10874,2,1,0,0,0,0,10,15,0,0,0,0
2004,10874,3,1,0,0,0,0,0,0,0,0,0,0
2004,10875,1,1,18,21,34,30,24,14,9,18,21,12
2004,10876,1,1,3,20,21,21,13,31,25,23,6,21
2004,10877,1,1,13,0,0,21,13,20,23,0,0,0
2004,10878,1,1,0,0,0,0,0,0,0,0,0,0
2004,10878,2,1,0,0,0,0,0,0,0,24,0,0
2004,10879,1,1,0,5,25,0,17,0,0,0,0,0
2004,10880,1,1,9,5,15,10,0,17,29,10,0,0
2004,10880,2,1,6,17,19,13,15,8,9,19,9,0
2004,10881,1,1,0,0,0,0,0,0,0,13,0,0
2004,10881,2,1,0,0,0,0,0,0,0,0,0,0
2004,10882,1,1,11,16,17,11,39,11,9,26,19,30
2004,10883,1,1,15,20,13,13,0,15,17,8,14,19
2004,10883,2,1,0,0,0,0,0,0,0,0,0,0
2004,10883,3,1,0,0,19,0,0,0,0,0,0,0
2004,10884,1,1,0,0,0,0,0,0,0,0,0,0
2004,10885,1,1,0,0,0,0,0,0,0,0,0,0
2004,10885,2,1,0,0,0,0,0,0,0,0,0,0
2004,10885,3,1,0,0,0,0,0,0,0,0,0,0
2004,10886,1,1,4,43,33,0,18,26,19,6,30,18
2004,10887,1,1,23,5,29,8,29,17,0,0,31,15
2004,10888,1,1,18,0,0,0,0,0,0,0,0,0
2004,10889,1,1,0,0,0,0,0,0,0,0,0,0
2004,10889,2,1,0,0,0,0,0,0,0,0,0,0
2004,10890,1,1,18,19,0,21,3,13,28,18,0,7
2004,10891,1,1,24,21,0,16,13,7,16,0,35,26
2004,10892,1,1,16,25,19,37,14,12,15,13,24,12
2004,10893,1,1,0,0,0,0,9,9,11,0,15,0
2004,10893,2,1,0,0,0,0,10,0,0,0,0,0
2004,10894,1,1,22,22,22,22,22,22,22,22,22,22
2004,10895,1,1,30,11,19,15,24,12,19,18,12,26
2004,10896,1,1,35,20,20,23,28,26,34,39,12,27
2004,10897,1,1,0,0,0,0,0,0,0,0,0,0
2004,10898,1,1,0,0,23,0,0,0,0,0,0,0
2004,10898,2,1,2,2,2,2,2,2,2,2,2,2
2004,10899,1,1,21,0,0,4,0,0,0,0,8,18
2004,10899,2,1,0,0,0,0,0,0,0,0,0,0
2004,10900,1,1,0,0,0,0,0,0,0,0,0,4
2004,10900,2,1,8,8,8,8,8,8,8,8,8,8
2004,10901,1,1,0,0,0,0,21,30,19,23,19,0
2004,10902,1,1,23,0,0,26,0,9,14,0,10,0
2004,10902,2,1,0,0,0,0,0,0,0,0,0,0
2004,10902,3,1,0,0,0,24,0,0,0,0,0,0
2004,10903,1,1,0,0,0,0,0,0,0,0,0,0
2004,10903,2,1,0,0,0,0,0,0,0,0,0,0
2004,10904,1,1,20,20,20,20,20,20,20,20,20,20
2004,10904,2,1,0,0,0,0,0,0,19,0,0,0
2004,10905,1,1,0,0,0,0,22,0,0,0,0,0
2004,10906,1,1,12,12,12,12,12,12,12,12,12,12
2004,10907,0,1,0,0,21,0,0,0,0,0,0,0
2004,10907,1,1,0,0,0,0,0,0,0,0,0,0
2004,10908,1,1,0,0,0,0,0,0,0,0,0,0
2004,10908,2,1,0,0,0,0,0,0,0,0,0,0
2004,10909,1,1,0,0,0,0,0,0,0,0,0,0
2004,10909,2,1,0,0,0,0,0,0,0,0,0,0
2004,10909,3,1,0,0,0,0,0,0,0,0,0,16
2004,10910,1,1,0,0,0,0,0,0,0,0,0,0
2004,10911,1,1,28,9,17,23,19,22,8,19,21,15
2004,10912,1,1,0,0,0,0,0,0,0,0,16,0
2004,10913,1,1,0,0,0,0,0,0,0,0,0,0
2004,10913,2,1,0,0,0,0,0,0,0,0,0,0
2004,10914,1,1,35,22,34,35,14,17,24,24,8,13
2004,10915,1,1,0,23,0,0,0,8,0,0,0,0
2004,10915,2,1,0,10,0,0,0,0,0,0,0,0
2004,10915,3,1,0,0,0,0,0,0,0,0,0,0
2004,10916,1,1,0,0,0,0,0,0,0,0,0,0
2004,10916,2,1,0,0,0,0,0,0,0,0,0,0