YEAR,ST_CASE,veh_no,per_no,P1,P2,P3,P4,P5,P6,P7,P8,P9,P10
2004,10917,1,1,21,8,0,25,13,18,6,0,0,6
2004,10917,2,1,0,0,0,0,0,0,0,0,0,0
2004,10918,0,1,0,0,0,0,0,0,0,0,0,0
2004,10918,1,1,0,0,0,0,0,0,0,0,0,0
2004,10919,1,1,0,0,0,0,0,0,0,0,0,0
2004,10920,1,1,0,0,0,0,0,0,0,0,0,0
2004,10920,2,1,23,15,15,0,15,0,12,0,16,0
2004,10921,0,1,0,8,14,39,0,0,0,22,0,0
2004,10921,1,1,0,0,0,16,0,0,0,0,0,0
2004,10921,2,1,20,0,0,0,0,0,0,13,0,0
2004,10922,1,1,14,17,18,14,13,23,9,0,16,25
2004,10922,2,1,0,0,0,0,0,0,0,0,0,0
2004,10922,3,1,0,0,0,0,0,0,10,0,0,10
2004,10923,1,1,27,16,19,10,26,8,6,9,14,7
2004,10923,2,1,0,0,0,0,0,0,0,0,0,0
2004,10924,0,1,0,0,0,0,10,0,22,34,19,0
2004,10924,1,1,6,11,6,6,21,6,8,7,28,18
2004,10925,1,1,0,0,7,0,0,0,15,0,0,0
2004,10926,1,1,0,0,0,0,0,0,0,0,21,0
2004,10927,0,1,0,0,12,0,0,0,0,0,9,0
2004,10927,1,1,0,0,0,0,0,0,0,0,0,0
2004,10927,2,1,0,0,0,0,0,0,0,0,0,0
2004,10928,1,1,0,0,0,0,0,0,0,0,0,0
2004,10928,2,1,0,0,0,0,0,0,0,0,0,0
2004,10929,1,1,8,8,8,8,8,8,8,8,8,8
2004,10930,1,1,0,0,0,0,0,0,0,0,0,0
2004,10931,1,1,3,0,13,18,13,0,25,0,20,12
2004,10932,1,1,16,0,25,6,0,4,15,29,0,10
2004,10932,2,1,0,0,0,0,0,0,0,0,0,0
2004,10933,1,1,0,0,0,0,0,0,0,0,0,0
2004,10933,2,1,0,0,0,0,0,0,0,0,0,0
2004,10934,1,1,0,0,0,0,0,0,0,0,0,0
2004,10934,2,1,0,9,0,6,0,0,0,9,0,0
2004,10935,1,1,19,0,3,11,0,16,6,0,0,17
2004,10935,2,1,0,0,9,0,0,0,0,0,0,12
2004,10936,1,1,6,6,6,6,6,6,6,6,6,6
2004,10937,1,1,0,0,0,0,0,0,0,0,0,0
2004,10937,2,1,0,0,0,0,0,0,0,17,0,0
2004,10937,3,1,0,0,0,0,15,12,0,0,0,0
2004,10938,1,1,0,0,0,6,16,0,7,0,0,9
2004,10938,2,1,23,9,8,18,10,9,0,12,9,14
2004,10939,1,1,0,0,0,0,0,0,0,0,0,0
2004,10939,2,1,0,0,0,0,0,0,0,0,0,0
2004,10940,1,1,0,0,0,0,0,0,0,0,0,0
2004,10940,2,1,0,0,0,0,0,0,0,0,0,0
2004,10941,1,1,0,16,0,0,17,23,0,0,0,0
2004,10942,1,1,23,16,15,11,0,15,0,9,10,22
2004,10943,1,1,11,11,11,11,11,11,11,11,11,11
2004,10944,1,1,0,0,0,0,0,0,21,0,0,0
2004,10945,1,1,0,0,0,0,0,0,0,0,0,0
2004,10945,2,1,0,0,0,0,0,0,0,0,0,0
2004,10945,3,1,11,0,0,0,0,0,0,0,0,0
2004,10946,1,1,0,0,0,0,0,0,0,0,0,0
2004,10946,2,1,2,0,0,0,0,0,0,0,0,0
2004,10947,1,1,0,0,11,0,0,0,0,0,17,0
2004,10947,2,1,0,0,0,0,0,0,0,0,0,0
2004,10948,1,1,0,0,0,0,0,21,0,0,17,0
2004,10948,2,1,0,0,0,0,0,0,0,0,0,0
2004,10949,1,1,0,0,0,0,0,0,0,0,14,0
2004,10950,1,1,0,0,0,0,0,0,0,0,0,0
2004,10951,0,1,0,0,0,0,0,0,0,0,0,0
2004,10951,0,2,0,0,0,17,0,0,0,0,17,0
2004,10951,1,1,0,0,0,0,0,0,0,0,0,0
2004,10952,1,1,0,0,0,0,0,0,0,0,0,0
2004,10952,2,1,0,0,0,0,0,0,0,0,0,0
2004,10953,1,1,0,0,0,0,0,0,0,0,0,0
2004,10953,2,1,0,0,0,0,0,0,0,0,0,0
2004,10954,1,1,0,0,0,0,0,0,0,0,0,0
2004,10954,2,1,0,0,0,0,0,0,12,0,0,0
2004,10955,1,1,0,0,0,0,14,0,0,0,0,0
2004,10955,2,1,0,0,0,0,0,0,0,0,0,0
2004,10956,1,1,0,0,0,13,0,0,0,0,0,0
2004,10957,1,1,0,36,0,0,0,0,0,0,0,32
2004,10958,1,1,24,30,20,20,0,0,9,19,50,22
2004,10959,1,1,0,0,11,21,0,22,0,7,9,0
2004,10960,1,1,0,0,0,0,0,0,0,0,0,0
2004,10960,2,1,0,0,0,0,0,0,0,0,0,0
2004,10961,1,1,0,0,0,6,0,0,0,0,0,0
2004,10961,2,1,0,0,0,0,0,0,0,0,0,0
2004,10962,1,1,0,0,0,0,0,0,0,0,0,0
2004,10962,2,1,0,0,0,0,0,0,0,0,0,0
2004,10962,3,1,0,0,0,0,0,0,0,0,0,0
2004,10963,1,1,0,0,0,0,0,0,0,0,0,0
2004,10963,2,1,0,0,0,0,0,0,0,0,0,0
2004,10964,0,1,21,5,36,22,17,10,0,0,12,0
2004,10964,1,1,0,0,0,0,0,0,0,0,0,0
2004,10965,1,1,0,0,0,2,0,11,0,0,0,0
2004,10965,2,1,0,0,0,0,0,0,0,0,0,0
2004,10966,1,1,0,0,0,0,0,0,0,0,0,0
2004,10966,2,1,0,0,0,0,0,0,0,0,0,0
2004,10967,0,1,21,23,0,36,10,33,20,14,0,0
2004,10967,1,1,2,2,2,2,2,2,2,2,2,2
2004,10968,1,1,0,0,0,0,0,0,0,0,0,0
2004,10968,2,1,0,17,0,0,0,0,8,0,0,0
2004,10969,1,1,0,7,12,28,7,25,3,14,13,20
2004,10970,1,1,0,26,0,0,0,0,34,21,0,0
2004,10971,1,1,0,0,18,0,0,0,0,0,0,0
2004,10971,2,1,0,0,0,0,0,0,0,0,0,0
2004,10972,1,1,0,0,13,0,0,0,18,0,0,0
2004,10973,1,1,29,0,0,0,0,20,0,0,9,0
2004,10973,2,1,0,0,0,0,0,0,0,16,0,0
2004,10973,3,1,0,0,0,0,0,0,0,0,0,0
2004,10973,4,1,0,0,0,0,0,0,0,0,0,0
2004,10974,1,1,0,0,0,0,74,0,0,0,0,32
2004,10975,1,1,14,23,44,6,0,16,13,21,17,20
2004,10976,1,1,20,20,20,20,20,20,20,20,20,20
2004,10977,1,1,0,0,0,0,0,0,0,0,0,0
2004,10978,0,1,0,0,0,0,0,0,0,0,0,0
2004,10978,1,1,0,0,9,0,0,0,0,0,0,0
2004,10979,1,1,0,0,0,0,0,0,0,0,14,0
2004,10979,2,1,0,0,0,0,0,0,9,0,0,0
2004,10980,1,1,0,0,0,0,0,0,0,0,0,13
2004,10980,2,1,0,0,0,0,0,0,0,0,0,0
2004,10981,1,1,0,0,17,0,0,16,0,0,0,0
2004,10982,0,1,0,0,0,11,0,0,0,0,0,0
2004,10982,1,1,0,0,0,0,0,0,9,0,11,0
2004,10982,3,1,0,0,0,0,0,0,0,0,0,0
2004,10983,1,1,19,0,0,18,29,0,12,16,11,11
2004,10983,2,1,0,0,0,0,0,0,0,0,0,0
2004,10984,1,1,0,0,19,25,17,0,24,17,21,15
2004,10985,1,1,0,0,0,0,0,0,0,0,0,0
2004,10986,1,1,0,0,0,0,0,0,0,0,0,0
2004,10986,2,1,0,0,0,0,0,0,0,0,0,0
2004,10987,1,1,0,24,3,19,7,0,18,14,22,22
2004,10987,2,1,0,0,0,0,10,0,0,0,0,0
2004,10988,1,1,0,0,0,0,0,0,0,0,0,0
2004,10988,2,1,0,0,0,0,0,0,0,0,0,0
2004,10988,3,1,0,0,0,0,0,0,0,0,0,0
2004,10989,1,1,25,25,25,25,25,25,25,25,25,25
2004,10990,1,1,11,18,20,12,23,10,19,0,11,24
2004,10991,1,1,27,0,17,24,25,0,0,13,0,0
2004,10991,2,1,0,0,0,0,0,0,0,0,0,0
2004,10992,1,1,0,0,0,0,0,0,0,0,0,0
2004,10993,1,1,0,11,0,0,0,0,0,0,0,0
2004,10993,2,1,0,0,0,0,0,0,0,0,0,0
2004,10994,0,1,0,9,0,0,0,0,0,0,0,0
2004,10994,1,1,0,0,0,0,0,0,0,0,0,0
2004,10995,1,1,0,0,27,17,18,3,0,0,0,0
2004,10996,1,1,18,18,18,18,18,18,18,18,18,18
2004,10996,2,1,10,32,10,22,17,15,8,16,8,15
2004,10997,1,1,0,0,0,0,0,0,0,0,0,0
2004,10997,2,1,0,0,0,0,0,0,0,0,0,0
2004,10997,3,1,0,0,0,0,0,0,0,0,0,0
2004,10998,1,1,0,0,0,0,0,0,0,0,0,0
2004,10998,2,1,0,0,0,0,0,0,0,0,0,0
2004,10999,1,1,0,0,16,18,0,0,11,0,0,0
2004,11000,1,1,0,0,0,0,0,0,0,0,0,0
2004,11001,0,1,0,18,0,0,0,0,0,0,0,0
2004,11001,1,1,0,0,0,0,0,0,0,0,0,0
2004,11001,2,1,0,0,0,0,0,0,11,0,0,0
2004,11002,1,1,0,0,0,0,0,0,0,0,0,0
2004,11002,2,1,20,22,28,14,0,26,23,14,25,16
2004,11003,1,1,0,0,0,0,0,0,0,0,0,0
2004,11003,2,1,0,0,0,0,0,0,0,0,0,0
2004,11004,1,1,5,11,15,27,32,32,7,0,24,14
2004,11005,1,1,0,0,0,11,14,30,0,0,0,0
2004,11005,2,1,0,0,0,0,0,0,0,0,0,0
2004,11006,1,1,0,0,0,0,0,0,23,18,0,0
2004,11006,2,1,0,0,0,0,0,0,0,0,0,0
2004,11007,0,1,16,24,12,23,25,5,0,29,5,14
2004,11007,1,1,0,0,0,0,0,0,0,0,0,0
2004,11008,1,1,8,5,5,10,19,0,21,24,7,2
2004,11008,2,1,0,0,14,30,0,0,0,0,0,0
2004,11009,1,1,0,0,0,9,0,0,0,0,0,0
2004,11010,1,1,0,0,0,0,0,0,0,0,0,0
2004,11010,2,1,0,0,0,0,0,0,0,0,0,0
2004,11011,0,1,29,0,27,8,10,36,30,23,8,0
2004,11011,1,1,0,0,0,0,0,0,0,0,0,2
2004,11012,0,1,0,0,0,0,0,0,0,0,0,0
2004,11012,0,2,13,0,0,0,0,0,0,0,0,7
2004,11012,1,1,0,0,0,0,0,0,0,0,0,0
2004,11013,1,1,9,11,18,9,13,17,10,10,20,19
2004,11013,2,1,0,0,13,0,0,0,0,0,0,0
2004,11014,1,1,0,0,0,11,0,19,0,23,0,19
2004,11015,1,1,0,0,0,0,0,0,0,13,0,0
2004,11015,2,1,0,0,0,0,7,0,0,0,0,0
2004,11016,1,1,0,21,0,19,23,0,0,0,0,0
2004,11017,1,1,0,0,0,0,0,0,0,0,0,0
2004,11018,1,1,0,0,0,0,0,12,0,14,0,7
2004,11019,1,1,0,0,0,0,0,0,24,0,0,0
2004,11020,1,1,3,27,12,0,0,0,34,0,0,0
2004,11021,1,1,0,21,0,0,0,0,0,0,0,0
2004,11022,1,1,0,0,0,0,0,0,0,0,0,0
2004,11022,2,1,0,0,0,0,0,0,0,0,0,0
2004,11023,0,1,23,8,0,0,0,35,0,19,0,33
2004,11023,1,1,0,0,0,0,0,0,0,0,0,0
2004,11024,1,1,14,0,0,0,0,0,0,0,0,0
2004,11025,0,1,0,0,0,27,12,0,36,0,0,0
2004,11025,0,2,0,18,0,21,0,0,0,0,0,19
2004,11025,1,1,0,0,0,0,0,0,0,0,0,0
2004,11026,1,1,0,12,0,0,0,0,0,0,14,0
2004,11027,0,1,20,9,0,0,0,0,0,35,29,0
2004,11027,1,1,0,0,0,0,0,0,0,0,0,0
2004,11028,1,1,0,0,0,0,0,0,0,0,0,0
2004,11028,2,1,0,0,0,0,13,0,0,0,0,0
2004,11029,1,1,0,0,0,0,0,0,0,0,0,0
2004,11029,2,1,0,0,0,0,0,0,0,0,0,0
2004,11030,1,1,0,0,0,0,0,0,0,0,0,0
2004,11031,1,1,13,16,10,8,4,12,3,10,0,0
2004,11031,2,1,0,0,0,0,0,0,0,0,0,0
2004,11031,3,1,0,0,0,0,0,0,0,0,0,0
2004,11032,0,1,0,0,0,0,0,0,0,0,0,0
2004,11032,1,1,0,0,0,0,0,0,0,0,0,0
2004,11033,1,1,18,16,9,21,12,0,0,28,0,0
2004,11034,0,1,0,0,0,12,8,0,0,14,0,0
2004,11034,1,1,0,0,0,0,0,0,0,0,0,0
2004,11035,1,1,0,0,0,0,0,0,5,0,0,16
2004,11036,0,1,0,0,0,0,0,0,0,0,0,0
2004,11036,1,1,0,0,0,0,0,0,0,0,0,0
2004,11038,1,1,0,0,0,0,0,0,0,0,0,0
2004,11038,2,1,0,0,0,0,0,0,0,0,0,0
2004,11038,3,1,0,0,0,0,0,0,0,0,0,0
2004,20001,1,1,29,12,13,9,29,0,19,31,0,25
2004,20003,1,1,0,0,0,0,0,0,0,0,0,0
2004,20003,2,1,0,0,0,0,0,0,0,0,0,0
2004,20004,1,1,0,0,0,0,0,0,0,0,0,0
2004,20005,1,1,0,0,0,0,0,0,0,0,0,0
2004,20005,2,1,0,0,0,0,0,0,0,0,0,0
2004,20006,0,1,0,0,0,0,0,0,0,0,0,0
2004,20006,0,2,24,0,0,0,0,0,0,0,0,0
2004,20006,0,3,11,8,48,36,0,0,11,0,0,0
2004,20006,1,1,0,0,0,0,0,0,0,0,0,0
2004,20007,1,1,18,18,18,18,18,18,18,18,18,18
2004,20008,1,1,0,0,0,0,0,0,0,0,0,0
2004,20008,2,1,0,0,0,0,0,0,0,0,0,0
2004,20009,1,1,0,0,0,0,0,0,0,0,0,0
2004,20009,2,1,0,0,0,0,0,0,0,0,0,0
2004,20010,1,1,0,0,0,0,0,0,0,0,0,0
2004,20011,0,1,6,19,44,18,10,0,0,0,0,43
2004,20011,1,1,10,8,0,0,16,8,0,0,0,0
2004,20012,1,1,13,13,13,13,13,13,13,13,13,13
2004,20012,2,1,0,0,0,0,0,0,0,0,0,0
2004,20013,1,1,18,18,18,18,18,18,18,18,18,18
2004,20013,2,1,0,0,0,0,0,0,0,0,0,0
2004,20014,1,1,0,0,0,0,0,0,0,0,0,0
2004,20015,1,1,21,21,21,21,21,21,21,21,21,21
2004,20016,1,1,19,19,19,19,19,19,19,19,19,19
2004,20017,1,1,0,0,48,0,0,0,0,0,0,0
2004,20018,0,1,0,0,0,0,0,0,0,0,0,0
2004,20018,1,1,0,0,0,0,0,0,0,0,0,0
2004,20019,1,1,0,0,0,0,0,0,0,0,0,0
2004,20019,2,1,0,0,0,0,0,0,0,0,0,0
2004,20020,1,1,17,0,0,17,0,17,0,19,0,0
2004,20021,1,1,0,0,0,0,0,0,0,0,0,0
2004,20022,1,1,0,10,0,0,0,0,0,7,0,10
2004,20023,1,1,0,0,0,0,0,0,8,0,0,0
2004,20023,2,1,0,0,0,0,0,0,0,0,0,0
2004,20024,0,1,0,0,0,0,0,0,0,0,0,0
2004,20024,1,1,0,0,0,13,0,0,0,0,0,0
2004,20024,2,1,16,0,0,0,0,0,0,0,0,0
2004,20025,1,1,0,0,16,19,32,19,22,28,0,17
2004,20026,1,1,0,0,0,0,0,0,0,0,0,15
2004,20027,1,1,0,26,22,29,20,0,12,27,15,14
2004,20028,1,1,15,15,15,15,15,15,15,15,15,15
2004,20028,2,1,0,0,0,0,0,0,0,0,0,0
2004,20029,1,1,0,0,0,0,18,0,0,0,0,0
2004,20029,2,1,0,0,0,0,0,0,0,0,0,0
2004,20030,1,1,0,0,0,0,0,0,0,0,0,0
2004,20031,1,1,0,0,0,0,0,0,0,0,0,0
2004,20031,2,1,0,0,0,0,0,0,0,0,0,0
2004,20032,1,1,0,0,0,0,0,0,0,0,0,0
2004,20033,1,1,0,0,0,0,0,0,0,0,0,0
2004,20034,1,1,15,0,0,0,14,22,0,6,25,0
2004,20035,1,1,0,0,20,0,0,0,0,0,0,0
2004,20035,2,1,0,0,0,0,0,0,0,0,0,0
2004,20036,1,1,0,0,0,0,0,0,0,0,0,0
2004,20036,2,1,0,0,0,0,0,0,0,0,0,0
2004,20037,1,1,0,0,0,0,0,0,0,0,0,0
2004,20038,1,1,0,0,0,0,0,0,0,0,0,0
2004,20039,1,1,0,0,0,11,0,0,0,0,0,0
2004,20039,2,1,0,0,0,0,0,0,0,0,0,0
2004,20040,0,1,0,0,0,0,0,0,0,0,0,0
2004,20040,1,1,0,0,0,0,0,0,0,0,0,0
2004,20041,1,1,0,0,0,0,0,0,0,0,0,0
2004,20042,1,1,0,19,14,0,9,0,0,24,10,0
2004,20043,1,1,0,0,0,0,0,0,0,0,0,0
2004,20043,2,1,0,0,0,0,0,0,0,0,0,0
2004,20044,1,1,0,0,0,0,0,0,0,0,0,0
2004,20044,2,1,0,0,0,0,0,0,0,0,0,0
2004,20045,0,1,21,0,0,0,0,21,11,39,18,4
2004,20045,1,1,0,0,0,0,0,0,0,0,0,0
2004,20046,1,1,0,20,0,0,0,0,0,0,0,0
2004,20046,2,1,0,0,0,0,0,0,0,0,0,0
2004,20047,1,1,0,8,0,0,0,0,0,18,0,26
2004,20048,1,1,0,0,0,0,0,0,0,0,0,0
2004,20049,1,1,0,16,0,0,0,0,0,0,0,0
2004,20049,2,1,0,0,0,0,0,0,0,0,0,0
2004,20050,1,1,0,0,0,0,0,0,0,0,0,0
2004,20050,2,1,0,0,12,30,0,0,0,0,30,26
2004,20051,1,1,0,0,0,20,0,0,0,0,0,0
2004,20052,1,1,0,0,0,0,0,0,0,0,0,0
2004,20052,2,1,0,0,0,0,0,0,0,0,0,0
2004,20053,1,1,0,0,0,0,0,0,0,0,0,0
2004,20053,2,1,0,0,0,0,0,0,0,0,0,0
2004,20054,1,1,24,0,0,0,29,0,5,0,0,0
2004,20055,1,1,20,20,20,20,20,20,20,20,20,20
2004,20056,1,1,26,34,24,28,6,9,24,14,32,0
2004,20057,1,1,0,0,0,0,0,0,0,0,0,0
2004,20057,2,1,0,0,0,0,0,0,0,0,0,0
2004,20058,0,1,0,0,0,0,0,0,0,0,0,0
2004,20058,1,1,14,25,8,7,13,17,6,10,15,10
2004,20059,1,1,4,12,13,21,6,7,6,19,19,10
2004,20060,1,1,0,0,0,0,0,0,0,0,0,0
2004,20060,2,1,0,0,0,0,0,0,0,0,0,0
2004,20061,1,1,10,30,23,9,23,15,12,16,16,22
2004,20062,1,1,0,0,0,0,0,0,0,0,0,0
2004,20062,2,1,0,0,0,0,0,0,0,0,0,0
2004,20063,1,1,23,23,23,23,23,23,23,23,23,23
2004,20063,2,1,0,0,0,0,0,0,0,0,0,0
2004,20064,1,1,18,18,18,18,18,18,18,18,18,18
2004,20065,1,1,3,0,27,15,9,12,11,22,18,5
2004,20065,2,1,0,0,11,0,0,0,0,0,0,0
2004,20066,1,1,0,0,0,0,0,0,0,0,0,0
2004,20066,2,1,0,0,0,0,0,0,0,0,0,0
2004,20067,1,1,14,25,16,13,7,11,8,26,12,15
2004,20068,0,1,0,0,0,0,0,0,0,0,0,0
2004,20068,1,1,0,0,0,0,0,0,0,0,0,0
2004,20069,1,1,0,0,0,0,0,0,0,0,0,0
2004,20069,2,1,0,0,0,0,0,0,0,0,18,0
2004,20070,1,1,0,0,0,0,0,0,0,0,0,0
2004,20070,2,1,0,0,0,0,0,0,0,0,0,0
2004,20071,1,1,0,0,0,0,0,0,0,0,0,0
2004,20072,1,1,0,0,0,0,0,0,0,0,0,0
2004,20072,2,1,0,0,0,0,0,0,0,0,0,0
2004,20073,0,1,0,0,0,13,0,0,0,0,0,0
2004,20073,1,1,0,0,0,0,0,0,0,0,0,0
2004,20074,1,1,0,0,0,0,0,0,0,0,0,0
2004,20074,2,1,0,0,0,0,0,0,0,0,0,0
2004,20075,1,1,0,0,0,0,0,0,0,0,0,0
2004,20075,2,1,22,22,22,22,22,22,22,22,22,22
2004,20076,1,1,10,10,10,10,10,10,10,10,10,10
2004,20077,1,1,0,0,4,0,0,0,0,0,0,0
2004,20078,1,1,0,0,0,0,0,0,0,0,0,0
2004,20079,1,1,0,0,0,0,0,0,0,0,0,0
2004,20079,2,1,0,0,0,0,0,0,0,0,0,0
2004,20080,0,1,30,0,10,40,30,0,0,0,11,23
2004,20080,1,1,0,0,0,15,0,25,18,24,17,18
2004,20081,1,1,0,0,0,0,0,0,0,0,0,0
2004,20081,2,1,0,0,0,0,0,0,0,0,0,0
2004,20082,0,1,0,0,0,0,0,0,0,0,0,0
2004,20082,1,1,0,0,0,0,0,0,0,0,0,0
2004,20083,1,1,0,0,0,0,0,0,0,0,0,0
2004,20083,2,1,0,0,0,0,0,0,0,0,0,0
2004,20084,0,1,0,0,0,0,0,0,0,0,0,0
2004,20084,1,1,0,0,0,0,0,0,0,0,0,0
2004,20085,1,1,0,0,0,0,0,0,0,0,0,0
2004,20085,2,1,0,0,0,0,0,0,0,0,0,0
2004,20086,1,1,0,0,15,0,0,0,0,0,0,0
2004,20086,2,1,0,0,0,0,0,0,0,0,0,0
2004,20087,1,1,6,6,6,6,6,6,6,6,6,6
2004,20087,2,1,11,11,11,11,11,11,11,11,11,11
2004,20088,1,1,3,0,14,0,16,0,0,0,0,0
2004,20089,1,1,27,11,13,24,27,28,18,13,9,21
2004,20090,1,1,0,0,0,0,0,0,0,0,0,0
2004,20091,1,1,13,13,13,13,13,13,13,13,13,13
2004,20091,2,1,16,0,0,0,0,0,0,0,21,0
2004,20092,1,1,0,0,0,0,0,0,0,0,0,0
2004,20092,2,1,0,0,0,0,0,0,0,0,0,0
2004,20092,3,1,0,0,0,0,0,0,0,0,0,0
2004,20093,1,1,0,0,12,0,0,0,0,23,0,0
2004,20094,1,1,0,0,3,0,0,0,0,0,0,0
2004,20094,2,1,0,0,0,0,0,0,0,0,0,0
2004,20095,1,1,0,0,0,0,0,0,0,7,0,0
2004,20095,2,1,0,0,0,0,0,0,0,0,0,0
2004,20096,1,1,0,0,19,0,0,0,0,0,0,0
2004,20097,1,1,0,0,0,0,0,0,0,0,0,0
2004,20097,2,1,0,0,0,0,0,0,0,0,0,0
2004,40001,1,1,0,0,0,0,0,0,0,0,0,0
2004,40001,2,1,0,0,0,0,0,0,0,0,0,0
2004,40002,1,1,0,0,0,25,0,0,0,0,0,0
2004,40003,1,1,0,0,0,0,0,0,0,0,0,0
2004,40003,2,1,0,0,0,0,0,0,0,0,0,0
2004,40004,1,1,5,11,15,15,10,12,18,20,17,22
2004,40004,2,1,0,0,0,0,0,0,0,0,0,0
2004,40005,1,1,16,16,16,16,16,16,16,16,16,16
2004,40006,1,1,20,20,20,20,20,20,20,20,20,20
2004,40006,2,1,0,0,17,0,0,0,19,0,0,0
2004,40007,1,1,14,0,0,24,0,7,28,12,38,15
2004,40008,1,1,0,0,0,0,0,0,0,0,0,0
2004,40009,0,1,0,0,34,0,4,0,11,0,14,0
2004,40009,1,1,0,0,0,18,0,0,5,0,0,0
2004,40009,2,1,0,0,0,0,0,0,0,0,0,0
2004,40010,1,1,4,4,4,4,4,4,4,4,4,4
2004,40010,2,1,0,0,0,0,0,0,0,0,0,0
2004,40011,1,1,0,0,0,0,0,0,0,0,0,0
2004,40012,1,1,15,15,15,15,15,15,15,15,15,15
2004,40013,1,1,6,0,12,0,0,0,0,0,0,0
2004,40014,1,1,26,38,19,26,18,25,22,26,23,14
2004,40014,2,1,0,0,10,0,0,0,0,0,0,0
2004,40015,1,1,0,0,0,0,0,0,0,0,0,0
2004,40015,2,1,12,0,0,0,0,0,11,0,0,0
2004,40016,1,1,0,0,0,0,0,0,0,0,0,0
2004,40017,1,1,23,14,0,11,15,16,0,0,0,12
2004,40018,0,1,0,0,0,0,0,0,0,0,0,0
2004,40018,0,2,32,23,0,0,0,0,0,0,16,0
2004,40018,1,1,0,0,0,14,24,0,0,0,0,0
2004,40019,0,1,20,20,20,20,20,20,20,20,20,20
2004,40019,1,1,0,0,0,0,0,0,0,0,0,0
2004,40020,1,1,0,0,0,0,0,0,0,0,0,0
2004,40020,2,1,0,0,0,0,0,0,0,0,0,0
2004,40021,1,1,0,0,0,0,0,0,0,0,0,0
2004,40021,2,1,0,0,0,0,0,0,0,0,0,0
2004,40022,1,1,0,0,0,0,0,0,0,0,0,0
2004,40022,2,1,0,0,0,0,0,0,0,0,0,0
2004,40023,1,1,0,0,0,0,0,0,0,0,0,0
2004,40023,2,1,0,0,18,0,0,0,0,0,0,0
2004,40024,1,1,13,17,0,9,0,12,28,0,17,0
2004,40025,1,1,0,0,17,0,0,0,0,0,0,0
2004,40025,2,1,0,0,0,15,0,0,0,0,0,0
2004,40025,3,1,0,0,0,0,0,0,0,0,0,0
2004,40026,1,1,18,18,18,18,18,18,18,18,18,18
2004,40026,2,1,0,0,0,0,0,0,0,0,0,0
2004,40027,1,1,8,19,5,12,7,29,6,3,5,0
2004,40027,2,1,0,0,0,0,0,0,0,0,0,0
2004,40028,1,1,20,20,20,20,20,20,20,20,20,20
2004,40028,2,1,0,8,20,7,0,0,0,6,21,0
2004,40029,0,1,0,0,0,0,0,0,0,0,0,0
2004,40029,1,1,0,0,0,0,0,0,0,0,0,0
2004,40030,0,1,0,0,0,0,0,0,0,0,0,0
2004,40030,1,1,0,0,0,0,0,0,0,0,0,6
2004,40031,0,1,39,39,39,39,39,39,39,39,39,39
2004,40031,1,1,0,0,0,0,0,0,0,0,0,0
2004,40032,1,1,0,0,0,8,0,0,0,0,0,0
2004,40033,1,1,0,0,0,0,19,0,0,0,0,0
2004,40033,2,1,0,0,0,0,0,0,27,0,0,0
2004,40034,1,1,13,7,9,22,9,16,8,19,9,3
2004,40035,1,1,12,12,12,12,12,12,12,12,12,12
2004,40035,2,1,16,0,0,0,0,0,0,0,0,0
2004,40035,3,1,0,0,0,0,0,0,0,0,0,0
2004,40035,4,1,0,0,0,0,0,0,0,0,0,0
2004,40035,5,1,0,0,0,0,0,0,0,0,0,0
2004,40036,0,1,24,0,24,0,0,26,0,0,0,0
2004,40036,1,1,0,0,0,0,0,0,0,0,0,0
2004,40037,1,1,0,0,0,0,0,11,0,0,0,14
2004,40037,2,1,0,8,0,0,0,0,0,0,23,0
2004,40038,1,1,6,6,6,6,6,6,6,6,6,6
2004,40039,1,1,0,0,0,0,0,0,0,0,0,0
2004,40039,2,1,0,0,0,0,0,0,0,0,0,0
2004,40039,3,1,0,0,0,0,0,0,0,0,0,0
2004,40039,4,1,25,0,0,0,0,0,0,0,0,0
2004,40039,5,1,0,0,0,0,0,0,0,0,0,0
2004,40039,6,1,0,0,0,0,0,0,0,0,0,0
2004,40040,1,1,0,0,0,0,0,0,0,0,0,0
2004,40040,2,1,0,0,0,0,0,0,0,0,0,0
2004,40041,1,1,16,0,23,13,19,0,27,16,21,15
2004,40042,1,1,0,0,0,0,0,0,0,0,0,0
2004,40042,2,1,0,0,0,0,0,0,0,0,6,0
2004,40043,0,1,0,0,23,0,0,0,18,0,0,0
2004,40043,1,1,0,0,0,0,0,0,0,0,0,0
2004,40044,2,1,0,0,0,0,0,0,0,0,0,0
2004,40044,3,1,0,0,0,0,0,0,0,0,0,0
2004,40044,4,1,0,0,0,0,0,0,0,0,0,0
2004,40044,5,1,0,0,0,0,0,0,0,0,0,0
2004,40045,1,1,30,31,0,0,21,0,0,15,6,0
2004,40046,1,1,18,0,18,15,13,23,29,14,19,15
2004,40047,1,1,22,22,22,22,22,22,22,22,22,22
2004,40047,2,1,0,0,0,0,0,0,0,0,0,0
2004,40048,0,1,0,0,0,0,0,0,0,0,0,0
2004,40048,1,1,0,0,0,0,0,0,0,0,0,0
2004,40049,1,1,0,0,0,0,12,31,4,23,6,0
2004,40050,0,1,26,17,0,0,0,0,0,17,0,19
2004,40050,1,1,0,0,0,0,0,0,0,0,0,0
2004,40051,0,1,16,21,14,31,27,0,0,21,0,37
2004,40051,1,1,0,0,0,0,0,0,0,0,0,0
2004,40052,0,1,0,0,0,0,0,0,0,0,0,18
2004,40052,1,1,0,0,0,0,26,0,0,0,0,0
2004,40053,0,1,0,0,0,0,0,0,0,0,0,0
2004,40053,1,1,0,0,0,0,0,0,0,0,0,0
2004,40054,1,1,0,0,0,11,0,0,0,0,0,0
2004,40055,1,1,0,0,0,0,0,0,24,0,0,0
2004,40055,2,1,0,0,0,0,0,0,0,0,0,0
2004,40056,1,1,0,22,19,17,10,0,7,0,15,0
2004,40056,2,1,0,0,0,0,0,0,0,0,0,0
2004,40057,1,1,0,0,0,0,0,0,0,0,0,0
2004,40057,2,1,18,32,17,27,5,8,0,7,21,11
2004,40058,0,1,0,0,0,24,12,0,0,0,0,0
2004,40058,1,1,25,14,20,19,16,5,14,9,18,16
2004,40059,0,1,0,0,0,0,0,0,0,0,0,0