YEAR,ST_CASE,veh_no,per_no,P1,P2,P3,P4,P5,P6,P7,P8,P9,P10
2004,40343,2,1,0,0,0,0,0,0,0,0,0,0
2004,40344,1,1,0,0,0,0,0,0,0,0,0,0
2004,40344,2,1,0,0,0,0,0,0,0,0,0,0
2004,40345,1,1,0,0,0,0,0,0,0,0,0,0
2004,40345,2,1,0,0,0,0,0,0,0,0,0,0
2004,40346,1,1,0,0,0,0,0,0,0,0,0,0
2004,40347,0,1,0,0,0,0,0,0,0,0,0,0
2004,40347,1,1,0,0,0,0,0,0,0,0,0,18
2004,40348,1,1,0,0,0,0,0,0,0,0,0,0
2004,40348,2,1,0,0,0,0,0,0,0,0,0,0
2004,40348,3,1,0,0,0,0,0,0,0,0,0,0
2004,40348,4,1,0,0,0,0,0,0,0,0,0,0
2004,40349,1,1,21,23,4,6,33,12,0,8,8,9
2004,40350,1,1,18,18,18,18,18,18,18,18,18,18
2004,40351,1,1,0,0,0,0,0,0,0,0,0,0
2004,40351,2,1,0,0,0,0,0,0,0,0,0,0
2004,40352,1,1,0,28,0,0,0,0,0,0,20,0
2004,40353,1,1,0,0,0,0,0,0,0,0,0,0
2004,40354,0,1,35,35,35,35,35,35,35,35,35,35
2004,40354,1,1,0,0,0,0,0,0,0,0,0,0
2004,40355,0,1,34,34,34,34,34,34,34,34,34,34
2004,40355,1,1,25,9,13,30,26,17,22,16,27,11
2004,40356,1,1,17,17,17,17,17,17,17,17,17,17
2004,40356,2,1,22,15,19,23,22,34,9,23,18,14
2004,40357,1,1,0,23,12,11,5,0,27,14,7,8
2004,40357,2,1,0,0,0,0,0,0,0,0,0,0
2004,40357,3,1,0,0,0,0,0,0,0,0,0,0
2004,40358,1,1,9,16,0,0,0,29,13,6,21,27
2004,40359,1,1,0,0,0,0,0,0,0,0,0,0
2004,40360,1,1,0,0,0,0,0,0,0,0,0,0
2004,40360,2,1,0,0,0,0,0,0,0,0,0,0
2004,40361,1,1,0,0,0,0,0,0,0,0,0,0
2004,40362,1,1,0,0,0,0,0,0,0,0,0,0
2004,40363,1,1,0,0,0,0,0,0,0,0,0,0
2004,40364,1,1,0,0,0,0,0,0,0,0,0,0
2004,40365,1,1,0,0,19,14,0,0,0,9,0,0
2004,40366,1,1,0,0,0,0,0,0,0,0,0,0
2004,40367,1,1,0,0,0,0,0,7,0,0,0,0
2004,40367,2,1,0,0,0,0,0,0,0,0,0,0
2004,40368,0,1,0,0,0,0,0,0,0,0,0,0
2004,40368,1,1,0,0,0,0,9,0,0,6,27,0
2004,40369,1,1,34,34,34,34,34,34,34,34,34,34
2004,40370,1,1,21,27,23,23,0,13,13,30,14,10
2004,40371,1,1,0,0,0,0,0,0,0,0,0,0
2004,40371,2,1,0,0,0,0,0,0,0,0,0,0
2004,40372,1,1,0,0,0,0,0,0,0,0,0,0
2004,40372,2,1,0,0,0,0,0,0,0,0,0,0
2004,40373,1,1,0,0,0,19,0,0,0,0,9,0
2004,40373,2,1,0,0,0,0,0,0,0,0,0,0
2004,40374,1,1,0,0,0,0,0,0,0,0,0,0
2004,40374,2,1,0,0,0,0,0,0,0,0,0,0
2004,40375,1,1,0,0,0,0,0,14,0,11,0,15
2004,40376,1,1,0,0,0,0,0,0,0,0,0,0
2004,40376,2,1,0,0,0,0,0,0,0,0,0,0
2004,40377,1,1,15,0,6,0,0,0,0,27,0,0
2004,40378,1,1,0,0,0,0,0,0,0,0,0,0
2004,40379,1,1,0,15,17,11,15,8,28,23,13,18
2004,40379,2,1,0,0,0,0,0,0,0,0,0,0
2004,40380,1,1,23,23,23,23,23,23,23,23,23,23
2004,40381,1,1,0,0,15,0,0,5,0,20,0,0
2004,40382,1,2,20,0,30,14,23,19,0,0,24,0
2004,40383,1,1,0,15,12,0,12,0,14,0,0,0
2004,40383,2,1,0,0,0,0,0,0,0,0,0,11
2004,40383,3,1,0,2,0,0,0,0,0,0,3,6
2004,40384,1,1,19,19,19,19,19,19,19,19,19,19
2004,40384,2,1,0,0,0,0,0,0,0,0,0,0
2004,40385,0,1,31,0,15,0,0,5,31,15,0,37
2004,40385,1,1,0,0,0,0,0,0,0,0,0,0
2004,40386,1,1,0,0,0,0,0,16,0,0,0,0
2004,40387,1,1,0,0,0,0,0,0,0,0,0,0
2004,40388,0,1,12,27,17,30,20,26,21,12,0,8
2004,40388,1,1,12,24,12,22,23,16,16,23,10,23
2004,40389,1,1,0,0,19,25,8,0,8,0,7,13
2004,40390,0,1,20,0,0,0,0,0,0,29,15,0
2004,40390,1,1,14,14,11,6,16,4,17,24,0,8
2004,40391,1,1,0,6,0,0,0,0,0,0,0,0
2004,40391,2,1,0,0,0,0,0,0,0,0,0,0
2004,40392,1,1,13,13,13,13,13,13,13,13,13,13
2004,40393,1,1,9,9,9,9,9,9,9,9,9,9
2004,40394,0,1,0,16,5,0,21,0,0,0,0,0
2004,40394,1,1,0,0,0,0,0,0,0,0,0,0
2004,40395,1,1,0,0,0,0,0,0,0,0,0,0
2004,40395,2,1,20,2,14,8,18,9,8,14,13,12
2004,40396,1,1,0,0,0,4,0,0,0,0,0,0
2004,40396,2,1,0,0,0,0,0,0,0,0,0,0
2004,40396,3,1,4,4,4,4,4,4,4,4,4,4
2004,40396,4,1,0,0,0,0,0,0,0,31,0,0
2004,40397,1,1,0,0,0,0,0,0,0,0,0,0
2004,40398,1,1,11,11,11,11,11,11,11,11,11,11
2004,40399,1,1,0,0,0,0,0,0,0,12,0,6
2004,40399,2,1,0,0,0,0,0,0,0,0,0,0
2004,40399,3,1,0,0,0,0,0,0,0,0,0,0
2004,40400,1,1,0,0,0,0,0,0,0,0,0,0
2004,40400,2,1,0,28,0,0,0,0,0,0,0,0
2004,40401,1,1,8,8,6,0,0,30,20,18,20,15
2004,40402,1,1,0,17,0,0,0,0,0,0,0,0
2004,40403,1,1,14,14,14,14,14,14,14,14,14,14
2004,40404,1,1,0,0,12,0,0,11,16,0,0,0
2004,40405,1,1,0,0,0,0,0,0,0,0,0,0
2004,40406,1,1,23,18,21,20,11,16,0,23,41,8
2004,40407,1,1,0,0,0,0,0,0,0,0,0,0
2004,40408,1,1,0,0,0,0,0,0,0,0,0,0
2004,40409,1,1,17,13,18,13,11,7,7,10,4,22
2004,40409,2,1,0,0,0,0,0,0,0,0,0,0
2004,40410,1,1,20,3,13,0,0,0,18,0,0,0
2004,40411,1,1,0,0,14,30,0,26,23,7,7,10
2004,40412,1,1,24,0,4,23,0,0,0,0,0,13
2004,40412,2,1,0,0,0,0,0,0,0,0,0,0
2004,40413,1,1,0,0,0,0,0,0,0,0,0,0
2004,40413,2,1,0,0,0,0,0,0,0,0,0,0
2004,40413,3,1,0,17,0,0,0,9,0,0,0,0
2004,40414,1,1,0,3,0,13,0,0,9,13,0,0
2004,40415,1,1,0,0,0,0,0,0,0,0,0,0
2004,40415,2,1,0,0,0,0,0,0,0,0,0,0
2004,40416,1,1,0,0,0,0,0,0,0,0,0,0
2004,40417,1,1,0,0,0,0,0,0,0,0,0,0
2004,40417,2,1,0,0,0,0,0,0,0,0,0,0
2004,40417,3,1,0,0,0,0,0,0,0,0,0,0
2004,40417,4,1,0,0,0,0,0,0,0,0,0,0
2004,40417,5,1,0,0,0,0,0,0,0,0,0,0
2004,40417,6,1,0,0,0,0,0,0,0,0,0,0
2004,40417,7,1,0,0,0,0,0,0,0,0,0,0
2004,40417,8,1,0,0,0,0,0,0,2,0,4,0
2004,40417,9,1,0,0,0,0,0,0,0,0,0,0
2004,40417,10,1,0,0,0,0,0,0,0,0,0,0
2004,40417,12,1,0,0,0,0,0,0,0,0,0,0
2004,40417,13,1,0,0,0,0,0,0,0,0,0,0
2004,40417,14,1,0,0,0,0,0,0,0,0,0,0
2004,40418,1,1,0,0,0,0,0,0,0,0,0,0
2004,40418,2,1,0,19,0,16,0,0,0,20,0,0
2004,40419,1,1,0,0,0,0,0,32,17,0,0,0
2004,40420,1,1,0,0,0,0,0,0,0,0,0,0
2004,40421,1,1,4,4,4,4,4,4,4,4,4,4
2004,40421,2,1,3,3,3,3,3,3,3,3,3,3
2004,40422,1,1,0,0,14,0,0,0,0,0,0,0
2004,40422,2,1,0,0,0,0,0,0,0,0,0,0
2004,40422,3,1,0,0,0,0,0,0,0,0,0,0
2004,40422,4,1,0,0,0,0,0,0,0,0,0,0
2004,40422,5,1,0,0,0,0,0,0,0,0,0,0
2004,40423,1,1,0,0,0,0,20,0,0,0,0,0
2004,40423,2,1,12,12,12,12,12,12,12,12,12,12
2004,40424,1,1,12,14,16,11,11,6,24,20,18,0
2004,40424,2,1,0,0,0,0,0,0,0,0,0,0
2004,40425,1,1,22,22,22,22,22,22,22,22,22,22
2004,40426,1,1,21,21,21,21,21,21,21,21,21,21
2004,40427,1,1,0,0,0,0,0,0,0,0,0,0
2004,40428,1,1,0,0,0,0,0,0,0,0,0,0
2004,40429,1,1,0,0,0,0,0,0,0,0,0,0
2004,40429,2,1,0,0,0,0,0,0,0,0,0,0
2004,40430,1,1,9,9,9,9,9,9,9,9,9,9
2004,40430,2,1,27,27,27,27,27,27,27,27,27,27
2004,40431,1,1,0,0,0,0,0,0,0,0,0,0
2004,40431,2,1,0,0,0,0,0,0,0,0,0,0
2004,40432,1,1,0,0,0,11,19,0,0,0,0,0
2004,40433,1,1,18,0,0,15,4,0,17,29,0,0
2004,40434,1,1,0,0,15,0,0,0,0,0,0,0
2004,40435,1,1,18,18,18,18,18,18,18,18,18,18
2004,40436,1,1,0,18,0,6,14,0,0,0,11,0
2004,40436,2,1,0,0,0,0,0,0,0,0,0,0
2004,40437,1,1,30,8,11,8,16,11,20,15,17,18
2004,40438,1,1,0,0,0,0,0,0,0,0,0,0
2004,40438,2,1,0,0,0,0,0,0,0,0,0,0
2004,40438,3,1,0,0,0,0,0,0,0,0,0,0
2004,40439,1,1,0,0,0,0,0,0,0,0,0,0
2004,40440,1,1,0,0,0,0,0,0,0,0,0,0
2004,40441,1,1,0,0,0,0,0,0,0,0,0,0
2004,40442,1,19,0,0,0,0,0,0,0,0,0,21
2004,40442,2,1,0,0,0,0,0,0,0,0,0,0
2004,40442,3,1,0,0,0,0,0,0,0,0,0,0
2004,40442,4,1,0,0,0,0,0,0,0,0,0,0
2004,40442,5,1,0,0,0,0,0,0,0,0,0,0
2004,40442,6,1,0,0,0,0,0,0,0,0,0,0
2004,40442,7,1,0,0,0,0,0,0,0,0,0,0
2004,40442,8,1,0,0,0,0,0,0,0,0,0,0
2004,40442,9,1,0,0,0,0,0,0,0,0,0,0
2004,40442,10,1,0,0,0,0,0,0,0,0,0,0
2004,40443,1,1,0,0,0,0,20,0,0,0,7,0
2004,40443,2,1,0,0,0,0,0,0,0,0,0,0
2004,40444,1,1,0,0,0,13,0,11,0,0,0,0
2004,40444,2,1,0,0,0,0,9,12,0,0,0,0
2004,40445,1,1,0,0,0,0,0,0,0,0,0,0
2004,40446,1,1,0,0,0,0,0,0,0,0,0,0
2004,40446,2,1,0,0,0,0,0,0,0,0,0,0
2004,40447,1,1,30,12,17,38,23,36,23,0,0,27
2004,40447,2,1,0,0,0,0,0,0,0,0,0,0
2004,40448,1,1,0,0,0,0,0,0,0,0,0,0
2004,40448,2,1,0,0,0,0,0,0,0,0,0,0
2004,40449,1,1,0,0,18,0,0,0,0,17,0,10
2004,40450,1,1,0,0,0,0,0,0,0,0,0,0
2004,40450,2,1,0,0,0,0,0,0,0,0,0,0
2004,40451,0,1,2,2,2,2,2,2,2,2,2,2
2004,40451,1,1,0,0,0,0,0,0,0,0,0,0
2004,40452,1,1,0,0,8,0,0,0,0,11,0,4
2004,40453,1,1,0,0,0,0,0,0,0,0,0,0
2004,40453,2,1,0,0,0,0,0,0,13,0,0,0
2004,40454,1,1,0,0,0,0,0,0,0,0,0,0
2004,40454,2,1,0,0,0,0,0,0,0,0,0,0
2004,40455,0,1,28,28,28,28,28,28,28,28,28,28
2004,40455,1,1,0,0,0,0,0,0,0,0,0,0
2004,40456,1,1,15,15,15,15,15,15,15,15,15,15
2004,40456,2,1,0,0,0,0,0,0,0,0,0,19
2004,40457,1,1,0,0,0,0,0,0,0,0,0,0
2004,40457,2,1,0,0,0,0,0,0,9,0,0,0
2004,40458,0,1,26,26,26,26,26,26,26,26,26,26
2004,40458,1,1,0,0,0,0,2,0,0,0,0,10
2004,40459,1,1,29,29,29,29,29,29,29,29,29,29
2004,40459,2,1,0,0,0,0,0,0,0,0,0,0
2004,40460,1,1,2,2,2,2,2,2,2,2,2,2
2004,40461,0,1,13,0,6,0,17,20,0,0,0,19
2004,40461,1,1,0,0,0,0,0,0,0,0,0,0
2004,40462,0,1,7,7,7,7,7,7,7,7,7,7
2004,40462,1,1,0,0,0,0,0,0,0,0,0,0
2004,40463,1,1,21,14,11,15,19,19,25,12,21,25
2004,40464,1,1,4,0,0,27,0,19,0,12,0,0
2004,40464,2,1,0,0,0,0,0,0,0,0,0,0
2004,40465,1,1,0,0,0,0,0,8,34,0,0,0
2004,40466,0,1,26,23,23,0,15,0,18,15,0,0
2004,40466,0,2,0,0,0,0,0,0,17,0,0,20
2004,40466,1,1,18,18,18,18,18,18,18,18,18,18
2004,40467,1,1,8,8,8,8,8,8,8,8,8,8
2004,40468,1,1,0,0,0,0,0,19,0,0,15,18
2004,40469,1,1,0,0,0,0,8,0,10,0,0,0
2004,40470,1,1,10,19,0,0,0,0,0,0,0,0
2004,40470,2,1,0,0,0,0,0,0,0,0,0,0
2004,40471,1,1,0,0,0,0,0,0,0,0,0,0
2004,40472,1,1,0,0,0,0,21,0,28,0,0,0
2004,40472,2,1,0,0,38,0,0,0,0,0,0,0
2004,40473,1,1,9,9,9,9,9,9,9,9,9,9
2004,40474,1,1,0,0,0,0,0,0,0,0,0,0
2004,40474,2,1,0,0,0,0,0,0,0,0,0,0
2004,40475,1,1,4,4,4,4,4,4,4,4,4,4
2004,40476,0,1,0,0,0,0,0,0,0,0,0,0
2004,40476,1,1,0,0,0,0,17,10,0,0,4,16
2004,40477,1,1,9,28,24,15,17,17,21,15,15,17
2004,40478,1,1,3,18,9,21,32,21,22,22,17,10
2004,40478,2,1,0,0,0,0,0,0,0,0,0,0
2004,40478,3,1,0,8,0,0,0,0,0,3,0,0
2004,40478,4,1,0,0,0,0,0,0,0,0,0,0
2004,40478,5,1,0,0,0,0,16,0,0,0,0,0
2004,40478,6,1,17,5,2,0,8,0,0,0,0,0
2004,40479,1,1,8,12,3,15,14,21,20,8,26,9
2004,40480,1,1,0,0,0,0,0,0,0,0,0,0
2004,40480,2,1,0,0,0,0,0,0,0,0,0,0
2004,40480,3,1,0,0,0,0,0,0,0,0,0,0
2004,40481,1,1,0,0,0,0,0,0,0,0,0,0
2004,40482,0,1,22,22,22,22,22,22,22,22,22,22
2004,40482,1,1,0,0,0,0,0,18,0,0,3,12
2004,40483,1,1,27,9,10,7,3,21,19,20,11,16
2004,40483,2,1,0,0,0,0,0,0,0,0,0,0
2004,40484,1,1,5,5,5,5,5,5,5,5,5,5
2004,40484,2,1,0,11,0,24,0,0,14,11,12,0
2004,40485,1,1,0,0,0,0,0,0,0,0,13,0
2004,40485,2,1,0,0,0,0,0,0,0,0,0,0
2004,40486,1,1,0,0,0,0,0,0,0,6,0,0
2004,40486,2,1,0,0,0,0,0,0,0,0,0,0
2004,40487,1,1,0,0,0,0,0,21,0,0,0,0
2004,40488,1,1,0,0,0,0,0,0,0,0,0,0
2004,40489,1,1,17,17,17,17,17,17,17,17,17,17
2004,40490,1,1,0,0,0,0,0,0,0,0,0,0
2004,40490,2,1,0,0,0,0,0,0,0,0,0,0
2004,40491,1,1,35,0,0,21,0,9,0,0,0,0
2004,40492,1,1,0,0,0,0,0,0,0,0,0,0
2004,40492,2,1,0,0,0,0,0,0,0,0,0,0
2004,40493,1,1,0,0,0,0,0,0,0,0,0,0
2004,40494,1,1,0,0,0,0,0,0,0,0,0,0
2004,40494,2,1,0,0,0,0,0,0,0,0,0,0
2004,40495,1,1,0,0,10,0,0,25,0,0,0,0
2004,40496,1,1,0,28,15,0,12,0,0,13,16,0
2004,40497,1,1,0,0,0,0,0,0,0,0,0,0
2004,40498,1,1,18,18,18,18,18,18,18,18,18,18
2004,40498,2,1,16,16,16,16,16,16,16,16,16,16
2004,40499,1,1,0,0,0,0,0,0,0,0,0,0
2004,40500,1,1,0,10,15,0,30,35,8,0,26,15
2004,40501,2,1,29,0,0,0,0,0,8,0,0,19
2004,40502,1,1,0,0,0,0,0,0,0,0,0,0
2004,40502,2,1,0,0,0,0,0,0,0,0,0,0
2004,40503,1,1,0,0,0,0,0,0,11,0,0,0
2004,40503,2,1,0,0,0,0,0,0,0,0,0,0
2004,40504,0,1,0,0,0,0,22,0,0,27,5,0
2004,40504,1,1,0,0,23,0,0,0,0,0,0,0
2004,40505,1,1,0,0,0,0,0,0,0,0,0,0
2004,40505,2,1,0,0,0,0,0,0,0,0,0,0
2004,40506,1,1,0,0,0,6,0,0,30,0,0,15
2004,40507,1,1,0,15,24,28,38,0,11,6,28,12
2004,40508,1,1,0,0,0,0,0,0,0,0,0,0
2004,40508,2,1,0,0,0,0,0,0,0,0,0,0
2004,40509,1,1,0,0,0,0,0,0,0,0,0,0
2004,40510,0,1,0,0,0,0,0,0,0,0,0,0
2004,40510,1,1,0,11,0,13,0,23,0,0,0,0
2004,40510,2,1,0,0,0,0,0,0,0,0,0,0
2004,40511,1,1,23,11,0,0,0,0,0,0,8,0
2004,40511,2,1,0,0,0,18,12,0,0,0,0,0
2004,40512,1,1,0,0,0,0,0,0,0,0,0,0
2004,40513,0,1,0,9,29,0,32,27,27,0,18,0
2004,40513,1,1,0,0,0,0,0,0,16,0,0,0
2004,40514,1,1,17,11,20,17,5,28,16,15,0,2
2004,40514,2,1,0,14,0,0,24,9,0,13,0,0
2004,40515,1,1,11,11,11,11,11,11,11,11,11,11
2004,40515,2,1,0,0,0,0,0,0,0,0,0,0
2004,40516,1,1,0,0,0,0,0,0,0,0,0,0
2004,40516,2,1,0,0,0,0,0,0,0,0,0,0
2004,40517,1,1,14,14,14,14,14,14,14,14,14,14
2004,40517,2,1,0,0,0,0,0,0,10,0,0,0
2004,40518,1,1,14,10,9,4,17,9,11,18,5,3
2004,40518,2,1,0,0,0,0,0,0,0,0,0,0
2004,40519,1,1,10,0,32,18,21,0,8,16,0,18
2004,40519,2,1,11,11,11,11,11,11,11,11,11,11
2004,40520,1,1,17,12,15,0,16,16,10,0,21,0
2004,40521,1,1,0,0,0,0,0,0,0,0,0,0
2004,40522,1,1,3,3,3,3,3,3,3,3,3,3
2004,40523,1,1,25,22,12,21,15,15,21,23,14,20
2004,40523,2,1,0,16,0,0,0,0,0,16,0,30
2004,40524,1,1,0,0,0,0,0,0,0,0,0,0
2004,40524,2,1,0,0,0,0,0,0,0,0,0,0
2004,40525,0,1,0,0,0,13,0,0,0,0,0,0
2004,40525,1,1,2,14,9,7,7,0,8,10,8,17
2004,40526,1,1,3,19,9,10,13,0,17,30,9,19
2004,40526,2,1,0,0,0,0,0,0,0,0,0,0
2004,40527,0,1,36,36,36,36,36,36,36,36,36,36
2004,40527,1,1,11,0,16,0,0,0,0,20,9,0
2004,40527,2,1,0,0,0,0,0,0,0,0,0,0
2004,40528,1,1,0,0,0,0,0,17,0,0,9,18
2004,40528,2,1,0,0,0,0,0,0,9,0,13,0
2004,40528,3,1,12,0,0,0,0,13,0,0,17,0
2004,40529,1,1,0,0,0,0,0,0,0,0,0,0
2004,40529,2,1,0,0,0,0,0,23,0,8,0,12
2004,40530,1,1,0,0,0,0,0,0,0,0,0,0
2004,40530,2,1,0,0,0,0,0,0,0,0,0,0
2004,40530,3,1,0,0,0,0,0,0,0,0,0,0
2004,40531,1,1,21,21,26,25,21,7,7,19,9,16
2004,40531,2,1,0,0,0,0,0,0,0,0,0,0
2004,40532,1,1,16,0,0,0,7,0,20,7,0,29
2004,40533,1,1,0,0,0,0,0,0,0,0,0,0
2004,40533,2,1,0,0,0,0,0,0,0,0,0,0
2004,40534,1,1,15,15,15,15,15,15,15,15,15,15
2004,40535,1,1,0,0,0,0,0,0,0,0,0,0
2004,40536,1,1,22,22,20,0,0,9,0,0,13,0
2004,40537,0,1,0,0,0,0,0,0,0,0,0,0
2004,40537,1,1,0,0,0,0,0,0,0,0,0,0
2004,40538,1,1,0,0,0,0,0,0,0,0,0,0
2004,40539,1,1,8,8,8,8,8,8,8,8,8,8
2004,40540,1,1,13,13,13,13,13,13,13,13,13,13
2004,40541,0,1,0,0,18,0,35,0,0,16,26,21
2004,40541,1,1,0,0,0,0,8,0,0,0,0,0
2004,40542,1,1,29,0,55,23,24,42,30,0,39,16
2004,40543,1,1,19,0,28,20,0,11,0,0,2,21
2004,40544,1,1,20,32,21,0,30,14,8,5,0,23
2004,40544,2,1,11,0,0,7,0,0,32,12,16,28
2004,40545,1,1,0,0,0,0,6,0,20,0,11,0
2004,40546,1,1,0,0,0,0,0,0,0,0,0,0
2004,40547,1,1,0,0,0,0,0,0,0,0,0,0
2004,40548,0,1,10,10,8,20,49,21,0,4,0,0
2004,40548,1,1,0,0,0,0,0,0,0,0,0,0
2004,40549,0,1,30,30,30,30,30,30,30,30,30,30
2004,40549,1,1,0,0,0,9,0,20,0,0,0,0
2004,40550,1,1,0,6,15,25,12,0,0,0,19,11
2004,40551,1,1,0,0,0,0,0,0,0,0,0,0
2004,40552,1,1,28,0,0,0,0,0,0,0,0,0
2004,40552,2,1,0,0,0,0,0,0,0,0,0,0
2004,40553,0,1,13,21,14,28,0,26,18,27,23,38
2004,40553,1,1,0,0,0,0,0,0,0,0,0,0
2004,40554,1,1,8,23,22,30,21,39,18,20,10,13
2004,40554,2,1,0,0,0,0,0,0,0,0,0,9
2004,40555,1,1,11,0,0,0,0,0,9,0,0,0
2004,40555,2,1,0,0,0,0,0,0,0,0,0,0
2004,40556,1,1,25,27,0,0,23,10,0,14,0,31
2004,40557,1,1,22,0,3,17,11,4,20,0,0,3
2004,40557,2,1,0,0,0,0,0,0,0,0,0,0
2004,40558,0,1,14,0,0,0,0,14,0,0,0,0
2004,40558,1,1,0,0,0,0,0,0,0,0,0,12
2004,40559,1,1,0,5,0,0,0,0,0,0,0,0
2004,40559,2,1,3,0,16,0,0,0,0,0,0,25
2004,40560,1,1,0,0,0,0,0,0,0,0,0,0
2004,40561,1,1,0,0,0,0,0,0,0,0,0,0
2004,40561,2,1,0,0,0,0,0,0,0,0,0,0
2004,40561,3,1,0,0,0,0,0,0,0,0,0,7
2004,40562,1,2,0,0,0,0,0,0,0,3,18,0
2004,40563,1,1,0,0,0,0,7,13,0,0,0,0
2004,40564,1,2,0,0,0,0,0,0,0,0,0,0
2004,40565,1,1,25,10,0,0,0,0,0,17,0,11
2004,40565,2,1,0,0,0,0,0,0,28,32,0,3
2004,40566,1,1,0,0,0,0,0,0,0,0,0,0
2004,40566,2,1,0,0,0,0,0,0,0,0,0,0
2004,40567,1,1,14,0,0,9,0,0,0,0,0,0
2004,40568,1,1,0,0,0,0,0,0,0,0,0,0
2004,40568,2,1,0,0,0,0,0,0,0,0,0,0
2004,40569,1,2,0,0,0,15,5,0,0,0,0,0
2004,40570,0,1,19,17,0,0,0,0,0,0,27,0
2004,40570,1,1,0,0,0,24,0,0,8,0,0,0
2004,40571,1,1,0,0,13,0,0,0,11,0,0,0
2004,40571,2,1,0,0,0,0,0,0,0,0,0,0
2004,40571,3,1,16,32,17,0,22,17,15,9,29,13
2004,40572,1,8,45,0,17,25,0,0,0,0,7,0
2004,40573,1,1,0,0,0,0,0,0,0,0,0,0
2004,40573,2,1,0,0,0,0,0,16,0,15,0,0
2004,40574,1,1,21,11,10,20,0,37,0,0,0,24
2004,40575,1,1,16,0,0,0,0,10,0,0,0,10
2004,40575,2,1,0,0,0,0,12,0,0,0,0,0
2004,40576,1,1,0,0,0,0,0,0,0,0,0,0
2004,40577,1,1,0,13,11,19,0,0,0,15,0,7
2004,40578,1,1,0,0,0,0,0,0,0,0,0,0
2004,40579,1,1,0,0,0,0,0,0,0,0,0,0
2004,40579,2,1,0,0,0,0,18,0,0,0,0,0
2004,40580,1,1,26,26,26,26,26,26,26,26,26,26
2004,40581,1,1,0,0,0,0,0,3,0,0,0,0
2004,40581,2,1,0,0,0,0,0,0,0,0,0,0
2004,40582,0,1,0,0,0,14,0,31,0,39,17,0
2004,40582,1,1,0,0,0,0,2,0,0,0,0,0
2004,40583,1,1,32,32,32,32,32,32,32,32,32,32
2004,40584,1,1,0,0,0,27,0,34,25,0,0,12
2004,40585,1,1,10,0,0,29,0,0,0,0,0,0
2004,40586,1,1,21,21,21,21,21,21,21,21,21,21
2004,40586,2,1,0,0,0,0,0,0,0,0,0,0
2004,40587,1,1,27,0,0,0,0,0,20,19,17,20
2004,40587,2,1,0,0,0,0,0,0,0,0,0,0
2004,40588,1,1,0,0,0,0,0,0,0,0,0,0
2004,40588,2,1,0,0,0,0,0,0,0,0,0,0
2004,40588,3,1,0,0,0,0,0,0,0,0,0,0
2004,40588,4,1,0,0,0,0,0,0,0,0,0,0
2004,40589,1,1,0,0,0,11,0,10,0,11,40,0
2004,40589,2,1,0,0,0,0,0,0,19,0,0,0
2004,40590,0,1,15,8,0,0,0,0,0,21,5,13
2004,40590,1,1,0,0,0,0,0,0,0,12,0,0
2004,40591,1,1,0,0,0,0,0,0,0,0,0,0
2004,40591,2,1,0,0,0,0,0,0,0,0,0,0
2004,40592,1,1,28,28,28,28,28,28,28,28,28,28
2004,40593,1,1,0,0,0,0,0,0,0,0,0,0
2004,40593,2,1,0,0,0,0,0,0,0,0,0,0
2004,40594,1,1,0,0,0,0,0,0,0,0,0,0
2004,40594,2,1,0,0,0,12,17,0,0,0,0,0
2004,40594,3,1,0,0,0,0,0,0,0,0,0,0
2004,40595,1,1,0,0,0,0,0,0,0,0,0,0
2004,40595,2,1,0,0,0,0,0,0,0,0,0,0
2004,40596,1,1,18,0,16,0,10,0,0,0,0,0
2004,40597,0,1,0,0,0,0,0,0,0,0,0,0
2004,40597,1,1,0,0,0,18,0,0,0,0,0,0
2004,40598,1,1,15,15,15,15,15,15,15,15,15,15
2004,40599,1,1,0,16,0,0,0,0,0,0,0,7
2004,40599,2,1,0,0,0,0,0,0,0,0,0,0
2004,40600,0,1,0,0,0,0,0,0,0,0,0,0
2004,40600,1,1,0,0,0,0,0,0,0,0,0,0
2004,40601,0,1,0,21,0,0,0,0,0,0,0,45
2004,40601,1,1,0,0,0,0,0,0,0,0,0,0
2004,40602,1,1,8,0,16,25,14,19,9,0,8,0
2004,40603,1,1,0,0,0,0,0,0,0,0,0,28
2004,40604,1,1,24,24,24,24,24,24,24,24,24,24
2004,40605,1,1,0,0,14,0,0,0,0,0,0,0
2004,40606,1,1,21,17,0,17,26,22,22,14,17,21
2004,40606,2,1,0,0,0,0,0,0,0,0,0,0
2004,40607,1,1,0,0,12,0,0,0,0,0,0,0
2004,40607,2,1,4,0,0,0,0,0,0,0,17,0
2004,40607,3,1,0,0,0,0,0,0,0,0,0,0
2004,40607,4,1,0,0,0,0,0,0,0,0,0,0
2004,40607,5,1,0,0,0,0,0,0,0,0,0,0
2004,40607,6,1,0,0,0,0,0,0,0,0,0,0
2004,40608,1,1,0,0,0,0,0,0,0,0,0,0
2004,40608,2,1,0,0,0,0,0,0,0,0,0,0
2004,40609,0,1,0,0,0,0,0,0,0,0,0,0
2004,40609,1,1,0,0,0,0,0,0,0,0,0,0
2004,40610,0,1,0,0,0,0,0,0,0,0,0,0
2004,40610,1,1,0,0,0,0,0,0,0,0,0,0
2004,40611,1,1,0,0,0,0,0,0,0,0,0,0
2004,40611,2,1,0,0,0,0,0,0,0,0,0,0
2004,40612,1,1,14,7,8,22,6,17,6,10,25,13
2004,40613,1,1,0,0,0,0,0,0,0,0,0,0
2004,40613,2,1,0,0,0,0,0,0,0,0,0,0
2004,40614,1,1,0,0,19,0,18,8,22,16,8,37
2004,40615,1,1,0,0,0,0,0,0,0,0,0,0
2004,40615,2,1,0,0,0,0,0,0,0,0,0,0
2004,40616,1,1,20,20,20,20,20,20,20,20,20,20
2004,40617,1,1,0,0,0,0,0,0,0,0,0,0
2004,40617,2,1,18,0,0,12,0,0,0,7,0,0
2004,40618,1,1,10,10,10,10,10,10,10,10,10,10