YEAR,ST_CASE,veh_no,per_no,P1,P2,P3,P4,P5,P6,P7,P8,P9,P10
2004,40618,2,1,0,0,0,0,0,0,0,0,0,0
2004,40619,1,1,0,0,15,0,13,0,0,0,0,0
2004,40619,2,1,0,0,0,0,0,0,0,0,0,0
2004,40620,0,1,0,0,0,0,0,0,0,0,0,0
2004,40620,1,1,19,8,24,22,12,14,21,14,32,21
2004,40621,1,1,23,23,23,23,23,23,23,23,23,23
2004,40622,0,1,19,19,19,19,19,19,19,19,19,19
2004,40622,1,1,0,0,0,0,0,20,0,0,0,0
2004,40623,0,1,22,36,23,18,13,28,21,14,0,36
2004,40623,1,1,0,0,0,14,6,0,0,0,0,0
2004,40624,1,1,10,0,0,0,13,0,0,18,23,0
2004,40624,2,1,3,20,0,0,0,18,0,25,0,0
2004,40624,3,1,0,0,0,0,0,0,0,0,0,0
2004,40625,1,1,0,0,0,0,0,0,0,12,0,0
2004,40625,2,1,0,0,0,0,0,0,0,0,0,0
2004,40626,1,1,0,0,0,33,8,0,5,31,0,0
2004,40628,1,1,21,24,25,12,19,27,15,18,38,21
2004,40629,1,1,0,0,0,0,0,0,0,0,0,0
2004,40629,2,1,0,0,0,0,0,0,0,0,0,0
2004,40630,1,1,14,0,0,0,0,13,0,9,0,0
2004,40631,1,1,0,0,0,0,0,0,0,0,0,0
2004,40631,2,1,0,0,0,0,0,0,0,0,0,0
2004,40632,0,1,29,24,0,5,0,0,0,0,24,0
2004,40632,1,1,9,21,0,4,12,16,14,26,11,4
2004,40633,1,1,0,0,0,0,0,0,0,0,0,0
2004,40633,2,1,0,0,0,0,0,0,0,0,0,0
2004,40634,1,1,0,0,0,0,0,0,0,0,0,0
2004,40634,2,1,32,0,10,42,0,13,0,0,19,0
2004,40635,1,1,0,0,0,0,0,0,0,0,0,0
2004,40636,1,1,0,0,0,17,0,0,0,0,0,0
2004,40636,2,1,0,0,0,0,0,0,0,0,0,24
2004,40637,1,1,0,0,0,0,0,0,0,0,0,0
2004,40637,2,1,0,0,0,0,0,0,0,0,0,0
2004,40638,1,1,0,0,0,0,0,0,0,0,0,0
2004,40638,2,1,0,0,0,0,0,0,0,0,0,0
2004,40639,1,1,0,0,0,0,0,0,0,0,0,0
2004,40639,2,1,0,0,0,0,0,0,0,0,0,0
2004,40640,1,1,0,0,0,0,0,0,0,0,0,0
2004,40641,1,1,0,0,0,0,0,0,0,0,0,21
2004,40642,1,1,0,0,0,0,0,0,0,0,0,0
2004,40642,2,1,0,0,0,0,0,0,10,0,0,0
2004,40643,1,1,4,16,9,21,28,10,19,12,13,5
2004,40644,1,1,0,0,0,0,0,0,0,0,0,0
2004,40645,1,1,0,0,0,0,0,0,0,0,0,0
2004,40646,1,1,0,0,0,0,0,0,0,0,0,0
2004,40647,1,1,0,0,6,0,0,0,0,0,0,9
2004,40648,1,1,0,0,0,0,0,0,0,0,0,0
2004,40649,1,1,0,0,0,0,0,0,0,0,0,0
2004,40650,1,1,0,0,0,0,0,0,0,0,0,0
2004,40651,1,1,0,0,0,0,0,0,0,0,0,0
2004,40652,1,1,0,0,0,0,0,0,0,0,0,18
2004,40653,1,1,0,0,0,0,0,0,0,0,0,0
2004,40653,2,1,0,0,0,0,0,16,0,0,0,0
2004,40654,1,1,12,0,0,0,0,0,0,8,16,0
2004,40655,1,1,0,0,0,0,0,0,0,0,0,0
2004,40655,2,1,0,15,0,0,0,0,0,0,0,0
2004,40656,1,1,0,9,20,23,14,0,0,0,0,0
2004,40657,1,1,0,0,0,0,0,0,0,0,0,0
2004,40658,0,1,0,0,0,0,0,0,0,0,0,0
2004,40658,1,1,0,0,0,0,0,0,0,0,0,0
2004,40659,1,1,0,0,0,0,0,0,0,0,0,0
2004,40659,2,1,0,0,0,0,0,0,0,0,0,0
2004,40660,1,1,17,0,0,0,0,11,0,19,0,0
2004,40660,2,1,12,5,0,0,0,0,18,0,0,0
2004,40661,1,1,0,0,0,0,0,0,0,0,0,0
2004,40661,2,1,15,19,6,13,16,15,13,21,16,14
2004,40662,1,1,0,0,0,0,0,0,0,0,0,5
2004,40662,2,1,0,0,0,0,0,0,0,0,0,0
2004,40663,1,1,0,0,0,0,0,0,0,0,0,28
2004,40663,2,1,0,0,0,0,0,0,0,0,0,0
2004,40664,0,1,0,0,0,0,0,0,0,0,0,0
2004,40664,0,2,0,0,34,0,0,0,0,14,32,0
2004,40664,1,1,0,0,0,0,0,0,0,0,0,0
2004,40665,0,1,23,12,14,15,26,28,24,27,22,18
2004,40665,0,2,30,30,30,30,30,30,30,30,30,30
2004,40665,1,1,0,0,0,0,0,0,0,0,0,0
2004,40666,0,1,12,12,12,12,12,12,12,12,12,12
2004,40666,1,1,0,0,0,0,0,21,0,22,0,0
2004,40667,0,1,9,9,9,9,9,9,9,9,9,9
2004,40667,1,1,0,15,15,17,0,10,23,18,12,16
2004,40668,0,1,22,22,22,22,22,22,22,22,22,22
2004,40668,1,1,0,0,5,0,0,0,0,0,0,22
2004,40669,1,1,9,19,19,15,17,30,3,21,19,21
2004,40669,2,1,0,0,10,0,0,0,0,8,0,0
2004,40669,3,1,0,0,0,0,0,0,0,0,0,0
2004,40670,1,1,0,0,0,0,0,0,0,0,26,0
2004,40670,2,1,0,0,0,0,0,0,0,0,0,0
2004,40671,1,1,0,0,0,0,0,0,0,0,0,0
2004,40672,1,1,0,0,0,0,0,0,7,0,0,0
2004,40673,1,1,3,3,3,3,3,3,3,3,3,3
2004,40673,2,1,0,0,7,0,0,0,0,0,0,0
2004,40674,1,1,0,0,0,0,0,0,0,0,0,0
2004,40674,2,1,0,0,0,0,0,0,0,0,0,0
2004,40675,1,1,9,36,15,24,18,33,0,7,18,20
2004,40676,1,1,0,0,0,0,15,0,0,0,25,0
2004,40677,1,1,11,9,32,20,0,21,25,12,0,0
2004,40677,2,1,0,0,0,0,0,0,0,0,0,0
2004,40678,1,1,0,0,30,0,0,0,0,0,0,0
2004,40678,2,1,0,5,18,11,0,0,0,0,0,0
2004,40678,3,1,0,0,0,20,0,0,0,0,0,0
2004,40679,0,1,23,23,23,23,23,23,23,23,23,23
2004,40679,1,1,0,0,0,0,0,0,0,0,0,0
2004,40680,0,1,22,22,22,22,22,22,22,22,22,22
2004,40680,1,1,4,11,11,0,11,15,11,0,0,11
2004,40681,0,1,0,0,0,0,0,0,0,0,0,0
2004,40681,1,1,0,0,0,0,0,0,0,0,0,0
2004,40682,1,1,0,0,0,0,6,0,0,0,0,0
2004,40682,2,1,0,0,0,0,0,0,0,0,0,0
2004,40683,1,1,0,26,0,0,0,0,0,0,0,0
2004,40683,2,1,0,0,0,0,0,0,0,0,0,0
2004,40684,1,1,24,24,24,24,24,24,24,24,24,24
2004,40685,1,1,0,0,0,0,0,0,0,0,0,0
2004,40685,2,1,0,0,0,0,0,0,0,0,0,0
2004,40686,0,1,0,0,8,19,15,7,0,32,12,20
2004,40686,1,1,6,21,29,13,30,18,12,12,18,12
2004,40686,2,1,16,0,16,24,9,13,14,10,22,10
2004,40687,1,1,13,0,16,10,10,10,7,13,5,15
2004,40687,2,1,0,0,0,14,0,16,12,0,0,2
2004,40688,1,1,28,20,19,22,21,23,21,16,21,24
2004,40689,1,1,0,0,0,0,0,0,0,0,0,0
2004,40689,2,1,11,5,18,19,16,14,3,23,16,12
2004,40690,1,1,22,12,7,10,17,17,7,5,23,10
2004,40691,0,1,28,28,28,28,28,28,28,28,28,28
2004,40691,1,1,0,0,0,0,0,0,0,0,0,0
2004,40692,1,1,0,0,0,0,0,0,0,0,0,0
2004,40693,0,1,0,0,0,0,11,0,0,0,0,0
2004,40693,1,1,0,0,0,0,0,0,0,0,0,0
2004,40694,1,1,0,0,0,0,0,0,0,0,0,0
2004,40695,0,1,0,0,0,0,0,0,0,0,0,0
2004,40695,1,1,0,0,0,0,0,0,0,0,0,0
2004,40696,1,1,0,0,0,0,0,0,0,0,0,0
2004,40696,2,1,0,0,0,0,0,0,24,0,24,0
2004,40696,3,1,0,0,0,0,0,0,0,0,0,0
2004,40697,0,1,0,0,0,0,0,0,0,0,0,0
2004,40697,1,1,0,0,0,0,0,0,0,0,0,0
2004,40698,1,1,0,0,0,13,0,25,16,0,0,0
2004,40698,2,1,0,0,0,0,0,0,0,0,0,0
2004,40699,1,1,0,0,0,0,0,0,0,0,0,0
2004,40699,2,1,0,0,0,0,0,0,0,0,0,0
2004,40700,1,1,0,0,0,0,0,0,0,0,0,0
2004,40700,2,1,0,0,0,0,0,0,0,0,0,0
2004,40701,0,1,0,0,0,0,0,0,0,0,0,0
2004,40701,1,1,0,0,0,0,0,0,0,0,0,0
2004,40702,1,1,0,0,0,0,0,0,0,0,0,0
2004,40702,2,1,0,0,0,0,0,0,0,0,0,0
2004,40703,0,1,0,0,0,0,0,0,0,0,0,0
2004,40703,1,1,0,0,0,0,0,0,0,0,12,0
2004,40704,1,1,18,5,0,0,0,0,8,0,0,18
2004,40705,1,1,0,0,3,14,0,4,0,0,0,0
2004,40705,2,1,0,0,0,0,0,0,0,0,0,0
2004,40706,1,1,0,0,0,0,0,0,0,0,0,0
2004,40707,1,1,0,0,0,0,0,0,0,0,0,0
2004,40708,1,1,17,0,0,0,0,20,0,0,0,0
2004,40708,2,1,0,0,0,0,0,0,0,0,0,0
2004,40709,1,1,4,4,4,4,4,4,4,4,4,4
2004,40710,1,1,16,0,18,20,29,0,11,6,22,19
2004,40711,1,1,8,10,7,13,21,11,14,10,5,14
2004,40711,2,1,0,0,0,0,0,0,0,0,0,0
2004,40712,1,1,0,0,0,0,0,0,0,0,0,0
2004,40712,2,1,0,0,0,0,0,0,0,0,0,0
2004,40713,0,1,0,0,0,0,0,0,0,0,0,0
2004,40713,1,1,0,0,0,0,0,0,14,0,0,17
2004,40714,1,1,0,0,0,0,0,0,0,0,0,0
2004,40714,2,1,0,0,0,0,0,0,0,0,0,0
2004,40715,1,1,0,0,0,0,0,10,0,0,0,0
2004,40716,1,1,23,0,43,24,20,14,20,0,12,28
2004,40717,1,1,17,16,13,35,19,16,26,6,19,15
2004,40718,0,1,14,0,0,0,0,0,16,2,0,0
2004,40718,1,1,0,0,0,0,9,0,0,0,0,0
2004,40719,1,1,0,0,0,0,11,0,0,0,0,0
2004,40719,2,1,0,0,15,0,0,0,0,7,0,22
2004,40720,1,1,0,0,0,0,9,19,13,22,0,7
2004,40721,1,1,18,18,18,18,18,18,18,18,18,18
2004,40721,2,1,0,0,0,0,21,0,0,0,0,0
2004,40722,1,1,0,0,0,0,0,0,0,0,0,0
2004,40722,2,1,0,0,14,0,0,0,0,0,0,13
2004,40723,1,1,0,0,0,0,0,0,0,0,0,0
2004,40723,2,1,0,0,0,0,0,0,0,0,0,0
2004,40724,1,1,0,0,0,0,0,0,0,0,0,0
2004,40724,2,1,0,0,0,0,0,0,0,0,0,0
2004,40725,0,1,0,0,0,0,0,0,0,0,0,0
2004,40725,1,1,0,0,0,0,0,0,0,0,0,0
2004,40726,0,1,0,0,0,0,0,0,0,0,0,0
2004,40726,1,1,0,0,0,0,0,0,0,0,0,0
2004,40727,1,1,0,0,0,0,0,0,0,0,0,0
2004,40727,2,1,0,0,0,10,0,0,0,0,0,0
2004,40727,3,1,0,0,0,0,0,0,0,0,0,0
2004,40728,1,1,18,18,18,18,18,18,18,18,18,18
2004,40729,0,1,0,0,0,0,0,0,0,0,0,0
2004,40729,0,2,0,0,0,0,0,0,0,0,0,0
2004,40729,1,1,0,0,0,0,0,0,19,0,0,0
2004,40730,0,1,11,0,15,19,0,0,23,11,0,0
2004,40730,1,1,0,0,8,0,16,0,17,21,0,0
2004,40731,1,1,0,0,0,0,0,0,0,0,0,0
2004,40731,2,1,0,0,0,0,0,0,0,0,0,0
2004,40731,3,1,0,0,0,0,0,0,0,0,0,0
2004,40732,0,1,0,0,0,0,0,0,0,0,0,0
2004,40732,1,1,0,0,0,0,0,0,0,0,0,0
2004,40733,1,1,0,0,0,0,0,0,0,0,0,0
2004,40733,2,1,0,14,0,0,0,0,0,0,0,0
2004,40734,0,1,0,0,0,0,0,3,0,0,0,0
2004,40734,1,1,0,0,0,0,0,0,0,0,0,0
2004,40735,1,1,0,0,12,3,33,14,22,8,29,9
2004,40736,1,1,0,0,0,0,0,0,0,0,0,0
2004,40737,1,1,0,0,0,0,0,0,0,0,0,0
2004,40737,2,1,0,0,0,0,0,0,0,0,0,0
2004,40738,1,1,0,0,0,0,0,11,0,0,0,0
2004,40738,2,1,0,0,0,0,0,0,0,0,0,0
2004,40739,0,1,0,0,0,0,0,0,0,0,0,0
2004,40739,1,1,2,32,9,35,9,11,29,33,12,12
2004,40740,1,1,0,0,0,0,0,0,0,0,0,0
2004,40740,2,1,0,0,0,0,0,0,0,0,0,0
2004,40741,1,1,0,14,0,0,8,0,0,0,0,7
2004,40741,2,1,0,0,0,0,0,0,15,0,0,0
2004,40742,1,1,6,15,3,27,22,14,22,5,9,15
2004,40742,2,1,0,0,0,0,0,0,0,0,0,0
2004,40743,1,1,0,0,0,0,0,0,5,0,0,0
2004,40743,2,1,16,0,0,0,0,0,0,22,0,0
2004,40744,1,1,8,0,0,0,0,0,0,0,0,0
2004,40744,2,1,0,0,0,0,0,0,0,0,0,0
2004,40745,1,1,0,0,0,0,0,0,0,0,0,0
2004,40746,1,1,0,0,0,0,0,0,0,0,0,0
2004,40746,2,1,0,0,0,0,0,0,0,0,0,0
2004,40747,0,1,0,0,0,0,0,0,0,8,3,0
2004,40747,1,1,0,0,0,0,0,0,0,0,0,0
2004,40748,1,1,0,0,0,0,0,0,0,0,3,0
2004,40748,2,1,0,0,0,0,10,0,0,0,0,0
2004,40749,1,1,0,18,0,0,0,0,0,0,0,0
2004,40749,2,1,0,0,0,0,0,0,0,0,0,0
2004,40750,1,1,0,0,0,0,12,0,0,0,0,0
2004,40750,2,1,0,0,0,0,0,0,0,0,0,0
2004,40751,0,1,0,0,0,0,15,0,22,31,23,0
2004,40751,1,1,0,0,20,17,0,0,0,0,18,8
2004,40752,1,1,42,5,22,36,0,24,22,21,10,22
2004,40753,0,1,9,15,12,22,22,0,0,11,0,0
2004,40753,1,1,0,0,0,0,0,0,0,0,0,0
2004,40754,1,1,0,25,0,0,18,32,0,0,0,0
2004,40755,1,1,16,16,16,16,16,16,16,16,16,16
2004,40756,1,1,0,0,0,0,0,0,0,0,0,0
2004,40756,2,1,0,0,0,0,0,0,0,0,0,0
2004,40757,1,1,0,0,0,0,0,0,0,0,9,0
2004,40757,2,1,0,10,0,14,0,0,0,7,0,14
2004,40758,1,1,0,0,0,0,0,0,0,0,0,0
2004,40758,2,1,0,0,0,0,0,0,0,0,0,0
2004,40759,1,1,0,0,0,0,0,0,0,0,0,0
2004,40760,1,1,17,17,17,17,17,17,17,17,17,17
2004,40761,1,1,0,0,0,8,0,0,0,0,0,0
2004,40761,2,1,0,0,0,0,0,0,0,0,0,0
2004,40762,1,1,0,0,0,0,0,0,0,11,18,9
2004,40763,1,1,0,0,0,0,0,0,0,0,0,0
2004,40764,1,1,8,0,0,12,13,32,0,9,15,19
2004,40765,1,1,0,0,0,0,0,0,0,0,0,0
2004,40765,2,1,0,0,0,0,0,0,0,0,0,0
2004,40766,1,1,8,25,13,12,16,15,14,13,20,18
2004,40766,2,1,0,0,0,0,0,0,0,0,0,0
2004,40767,1,1,0,0,0,0,0,0,0,0,0,0
2004,40768,1,1,14,32,43,41,3,20,5,14,8,0
2004,40769,0,1,0,28,10,0,0,32,0,0,39,0
2004,40769,1,1,0,0,0,0,21,0,0,0,0,0
2004,40770,1,1,0,0,0,0,0,0,0,0,0,0
2004,40771,1,1,0,0,0,0,0,0,0,0,0,0
2004,40772,1,1,0,0,0,0,0,0,0,0,0,0
2004,40772,2,1,0,0,0,0,0,0,0,0,0,0
2004,40772,3,1,0,0,0,0,0,14,0,0,0,0
2004,40772,4,1,0,0,0,0,0,0,0,0,0,0
2004,40773,1,1,0,0,0,0,0,0,18,0,0,0
2004,40773,2,1,6,12,24,14,27,0,11,6,8,3
2004,40774,1,1,0,0,0,0,0,0,0,0,0,0
2004,40774,2,1,0,0,0,0,0,0,0,0,0,0
2004,40775,1,1,14,14,14,14,14,14,14,14,14,14
2004,40776,1,1,0,0,0,0,0,0,0,0,0,0
2004,40776,2,1,0,0,0,2,0,0,0,0,0,0
2004,40777,1,1,0,0,0,0,0,0,0,0,0,0
2004,40778,1,1,26,26,26,26,26,26,26,26,26,26
2004,40779,1,1,21,21,21,21,21,21,21,21,21,21
2004,40780,1,1,18,18,18,18,18,18,18,18,18,18
2004,40781,1,1,0,0,0,0,0,0,0,0,0,0
2004,40781,2,1,0,0,0,0,0,0,0,0,0,0
2004,40782,1,1,0,0,0,0,0,0,0,0,0,0
2004,40782,2,1,0,0,0,0,0,0,0,0,0,0
2004,40783,1,1,18,18,18,18,18,18,18,18,18,18
2004,40784,0,1,0,0,0,0,0,0,0,0,0,0
2004,40784,1,1,0,0,0,0,0,0,0,0,0,0
2004,40785,1,1,0,0,0,0,0,0,0,0,0,7
2004,40785,2,1,0,0,0,0,0,0,0,0,0,0
2004,40786,1,1,0,0,0,0,0,0,0,0,0,0
2004,40786,2,1,0,0,0,0,0,0,0,0,0,0
2004,40787,1,1,0,0,0,0,0,0,0,0,0,0
2004,40787,2,1,0,0,0,0,0,0,0,0,0,0
2004,40787,3,1,0,0,0,0,0,0,0,0,0,0
2004,40788,0,1,0,0,0,0,0,0,0,0,0,0
2004,40788,1,1,0,0,0,0,0,0,0,0,0,0
2004,40789,1,1,0,0,0,0,0,0,0,0,0,0
2004,40790,1,1,0,0,0,14,19,0,0,0,0,0
2004,40790,2,1,0,0,0,4,0,0,0,0,0,0
2004,40790,3,1,0,0,0,0,0,0,0,0,0,0
2004,40790,4,1,0,0,0,0,32,0,0,0,0,0
2004,40790,5,1,0,0,0,3,0,0,0,0,0,0
2004,40791,0,1,0,0,16,0,21,25,0,0,0,0
2004,40791,1,1,0,0,0,0,0,0,0,0,0,0
2004,40791,2,1,0,0,0,0,0,0,0,0,0,0
2004,40791,3,1,13,0,0,0,0,0,0,0,0,0
2004,40792,1,1,12,27,19,35,10,5,15,13,15,21
2004,40792,2,1,19,28,17,0,17,15,14,0,0,26
2004,40792,3,1,0,20,13,16,9,0,35,16,19,11
2004,40793,1,1,0,0,0,0,0,0,0,0,0,0
2004,40793,2,1,0,0,0,0,0,0,0,0,0,0
2004,40794,0,1,0,0,0,0,0,0,0,0,0,0
2004,40794,1,1,8,2,20,11,23,10,0,8,15,0
2004,40795,1,1,0,0,0,0,0,0,0,0,0,0
2004,40795,2,1,0,0,0,0,0,0,0,0,0,13
2004,40796,0,1,0,0,0,0,0,0,0,0,0,0
2004,40796,1,1,0,0,0,0,0,0,0,0,0,0
2004,40797,1,1,0,0,0,0,0,0,0,0,0,0
2004,40797,2,1,0,0,0,0,0,0,0,0,0,0
2004,40798,1,1,34,45,32,26,18,39,23,27,16,31
2004,40799,1,1,18,18,18,18,18,18,18,18,18,18
2004,40799,2,1,0,0,0,0,0,0,0,0,0,0
2004,40800,1,1,0,0,19,0,0,0,0,12,0,0
2004,40800,2,1,0,0,0,0,0,0,0,0,0,0
2004,40801,1,1,0,0,0,11,0,0,0,0,0,0
2004,40801,2,1,0,0,0,0,0,0,0,0,12,0
2004,40802,1,1,11,10,9,31,28,14,14,24,0,8
2004,40803,1,1,0,0,0,0,0,0,0,0,0,0
2004,40803,2,1,0,0,0,0,0,0,0,0,0,0
2004,40803,3,1,0,0,0,0,0,9,0,0,0,0
2004,40804,0,1,0,0,0,0,0,0,0,0,0,0
2004,40804,1,1,2,2,2,2,2,2,2,2,2,2
2004,40805,1,1,0,0,0,0,0,0,0,0,0,0
2004,40805,2,1,0,0,0,0,0,0,0,0,0,0
2004,40806,1,1,6,6,6,6,6,6,6,6,6,6
2004,40807,1,1,0,13,0,0,9,0,0,10,0,0
2004,40808,1,1,0,0,0,0,0,0,0,0,0,0
2004,40809,1,1,0,0,0,0,0,0,0,0,0,0
2004,40809,2,1,0,0,0,0,0,0,0,0,0,0
2004,40809,3,1,0,0,0,0,0,0,0,0,0,0
2004,40810,1,1,0,0,0,0,0,0,0,0,0,0
2004,40811,1,1,0,0,0,0,0,4,0,0,0,0
2004,40812,1,1,0,0,0,14,19,31,14,0,10,3
2004,40813,0,1,28,8,0,29,19,37,28,39,15,13
2004,40813,1,1,0,0,0,0,6,0,0,0,0,0
2004,40814,1,1,0,0,0,0,0,0,0,0,0,0
2004,40814,2,1,0,0,0,0,0,0,0,0,0,0
2004,40815,0,1,0,0,0,0,0,0,0,0,0,0
2004,40815,1,1,0,0,0,0,0,0,0,0,0,0
2004,40816,0,1,30,30,30,30,30,30,30,30,30,30
2004,40816,1,1,0,0,0,0,0,0,0,0,0,0
2004,40817,0,1,0,0,0,0,0,0,0,0,0,0
2004,40817,1,1,6,29,23,20,19,9,24,17,21,17
2004,40818,1,1,0,0,7,25,0,0,0,0,0,3
2004,40819,1,1,5,5,5,5,5,5,5,5,5,5
2004,40819,2,1,0,0,0,0,0,0,0,0,0,0
2004,40820,1,1,0,0,0,0,0,0,0,0,0,0
2004,40820,2,1,0,0,0,0,0,0,0,0,0,0
2004,40821,0,1,2,2,2,2,2,2,2,2,2,2
2004,40821,1,1,0,0,0,0,0,0,0,0,0,0
2004,40822,1,1,20,9,21,12,0,14,0,5,0,6
2004,40823,1,1,0,0,0,0,0,0,0,0,0,0
2004,40823,2,1,0,0,0,0,0,0,0,0,0,0
2004,40823,3,1,0,0,0,0,0,0,0,0,0,0
2004,40824,1,1,0,0,0,0,0,0,0,0,0,0
2004,40824,2,1,0,0,0,0,0,0,0,0,0,0
2004,40825,1,1,0,0,0,5,0,0,6,0,0,7
2004,40826,0,1,0,0,0,0,0,24,0,0,0,0
2004,40826,1,1,0,0,0,0,0,0,0,0,0,0
2004,40827,1,1,0,0,0,0,18,0,0,0,0,0
2004,40828,1,1,0,0,0,17,0,0,3,0,0,10
2004,40829,0,1,0,0,0,0,15,0,0,24,0,36
2004,40829,1,1,0,0,0,0,0,0,0,0,0,0
2004,40830,0,1,0,0,0,0,0,0,0,0,0,0
2004,40830,1,1,15,25,31,9,15,11,15,13,23,17
2004,40831,1,1,0,0,0,0,0,0,0,0,0,0
2004,40831,2,1,0,0,0,0,0,0,0,0,0,0
2004,40832,1,1,0,0,0,0,0,0,0,0,0,0
2004,40833,0,1,0,0,20,0,0,0,0,0,0,0
2004,40833,1,1,6,0,0,0,0,0,0,0,0,0
2004,40834,1,1,28,19,16,26,26,22,22,21,20,18
2004,40835,1,1,0,0,0,0,0,0,0,0,0,0
2004,40835,2,1,0,0,0,0,0,0,0,0,0,0
2004,40835,3,1,0,0,0,0,0,0,0,0,0,0
2004,40835,4,1,0,0,0,0,7,0,0,0,0,0
2004,40836,0,1,0,0,0,0,0,0,0,0,0,0
2004,40836,1,1,0,13,12,0,0,0,0,0,0,0
2004,40837,1,1,0,0,0,0,0,0,0,0,0,0
2004,40837,2,1,0,0,0,0,0,0,0,0,0,0
2004,40838,0,1,0,0,0,0,0,0,0,0,0,0
2004,40838,1,1,0,0,0,0,0,0,0,0,0,0
2004,40839,1,1,0,0,0,0,0,0,0,0,0,0
2004,40839,2,1,0,0,0,0,0,0,0,0,0,0
2004,40839,3,1,0,0,0,0,0,0,0,0,0,0
2004,40840,1,1,12,12,12,12,12,12,12,12,12,12
2004,40840,2,1,0,0,0,0,0,0,0,0,0,0
2004,40840,3,1,2,0,0,0,0,0,0,0,0,0
2004,40840,4,1,0,0,0,0,0,0,0,0,0,0
2004,40841,1,1,0,0,0,0,0,0,0,0,0,0
2004,40841,2,1,0,0,0,0,0,0,0,0,0,0
2004,40841,3,1,0,0,0,20,0,18,0,0,0,0
2004,40842,1,1,30,30,30,30,30,30,30,30,30,30
2004,40842,2,1,6,0,0,0,0,0,0,0,0,0
2004,40842,3,1,0,0,0,0,0,0,0,0,0,0
2004,40842,4,1,0,0,0,0,0,0,0,0,0,0
2004,40843,1,1,0,0,0,0,0,0,0,0,0,0
2004,40843,2,1,0,0,0,0,0,0,0,0,0,0
2004,40844,1,1,0,0,0,0,0,0,0,0,0,0
2004,40844,2,1,0,0,0,0,0,0,0,0,0,0
2004,40845,1,1,0,2,0,0,0,0,0,0,0,0
2004,40845,2,1,0,0,0,0,0,0,0,0,0,0
2004,40846,1,1,0,0,0,0,0,10,0,16,0,0
2004,40847,1,1,0,0,0,0,0,0,0,0,0,0
2004,40848,1,1,0,0,0,0,0,0,0,0,0,0
2004,40849,1,1,0,0,0,0,0,0,0,0,0,13
2004,40850,1,1,22,0,6,0,17,0,0,15,0,0
2004,40851,1,1,0,0,0,0,0,0,0,0,0,0
2004,40852,1,1,0,0,0,0,0,0,0,0,0,19
2004,40853,1,1,0,0,0,0,0,0,0,0,0,0
2004,40854,1,1,0,0,0,24,11,0,13,28,25,4
2004,40855,1,1,28,9,15,15,16,8,22,38,32,28
2004,40856,1,1,0,8,0,0,0,0,0,0,0,0
2004,40857,1,1,16,0,0,12,0,0,0,0,0,0
2004,40857,2,1,0,0,0,0,0,0,0,0,0,0
2004,40858,1,1,0,0,0,0,0,0,0,0,0,0
2004,40858,2,1,0,0,0,0,0,0,0,0,0,0
2004,40859,1,1,22,22,22,22,22,22,22,22,22,22
2004,40859,2,1,0,0,0,0,0,0,0,0,0,0
2004,40860,1,1,0,0,0,0,0,0,0,0,0,0
2004,40861,1,1,0,0,26,12,0,0,0,12,0,24
2004,40861,2,1,0,0,0,0,3,0,0,0,0,0
2004,40862,1,2,0,0,0,12,0,0,0,3,6,0
2004,40863,1,1,0,0,21,4,0,26,0,8,0,21
2004,40864,1,1,17,9,14,20,15,20,3,17,29,8
2004,40864,2,1,0,0,0,0,0,0,0,0,0,0
2004,40864,3,1,0,0,0,0,0,0,0,0,0,0
2004,40865,1,1,27,27,27,27,27,27,27,27,27,27
2004,40866,1,1,0,0,0,0,0,0,0,0,0,0
2004,40867,1,1,0,0,0,0,0,0,0,0,0,0
2004,40868,0,1,0,0,15,0,0,22,35,0,36,14
2004,40868,1,1,0,0,0,0,0,0,0,0,0,0
2004,40869,1,1,0,0,0,0,0,0,0,0,0,5
2004,40870,1,1,0,0,0,0,0,0,24,0,0,0
2004,40871,1,1,39,0,0,15,0,0,17,23,0,0
2004,40872,1,1,10,0,0,0,0,0,0,13,0,0
2004,40873,1,1,0,0,0,0,0,0,0,0,0,0
2004,40873,2,1,0,0,0,0,0,0,0,0,0,0
2004,40874,1,1,23,23,23,23,23,23,23,23,23,23
2004,40874,2,1,0,0,0,0,0,0,0,0,0,0
2004,40875,0,1,0,0,0,0,17,0,0,37,0,14
2004,40875,1,1,0,11,9,20,9,16,4,10,6,10
2004,40876,1,1,0,0,0,0,0,0,0,0,0,0
2004,40876,2,1,0,0,0,0,0,0,0,0,0,0
2004,40877,1,1,9,0,25,0,0,0,0,0,0,0
2004,40877,2,1,0,0,0,0,0,12,0,0,4,0
2004,40878,1,1,0,0,0,0,0,0,0,0,0,0
2004,40878,2,1,0,16,0,0,0,0,0,0,0,0
2004,40879,1,1,0,0,0,0,0,3,0,0,0,0
2004,40879,2,1,0,0,0,0,7,0,0,0,0,0
2004,40879,3,1,0,21,0,0,0,0,0,0,0,0
2004,40880,1,1,18,3,16,0,13,25,0,13,22,28
2004,40881,1,1,0,14,7,0,14,0,0,12,0,10
2004,40882,1,1,0,0,0,0,0,0,0,0,0,0
2004,40883,1,1,0,0,0,0,0,0,0,0,0,0
2004,40884,1,1,0,0,16,0,0,0,0,0,0,0
2004,40885,1,1,12,10,13,27,13,14,6,17,17,23
2004,40886,1,1,25,25,25,25,25,25,25,25,25,25
2004,40887,1,1,0,0,0,0,0,0,0,0,0,0
2004,40887,2,1,0,0,0,0,0,0,0,0,0,0
2004,40888,1,1,6,13,15,6,10,20,14,24,21,29
2004,40888,2,1,0,0,0,0,0,0,0,0,0,0
2004,40889,1,1,11,5,17,6,0,4,4,0,7,8
2004,40889,2,1,0,0,0,0,0,0,0,13,0,0
2004,40890,1,1,0,0,0,0,0,0,0,0,0,0
2004,40890,2,1,0,0,0,0,0,0,0,0,0,0
2004,40890,3,1,0,0,0,0,0,12,0,0,0,0
2004,40890,4,1,0,0,0,0,0,0,0,0,0,0
2004,40890,5,1,0,0,8,0,0,0,0,0,0,0
2004,40891,1,1,0,0,0,0,0,0,0,0,0,0
2004,40892,1,1,0,0,0,0,0,0,0,0,0,0
2004,40893,1,1,0,0,0,0,0,0,0,0,0,0