YEAR,ST_CASE,veh_no,per_no,P1,P2,P3,P4,P5,P6,P7,P8,P9,P10
2004,40894,1,1,0,0,0,0,0,0,0,0,0,0
2004,40895,1,1,18,18,18,18,18,18,18,18,18,18
2004,40896,1,1,0,0,0,0,0,0,0,0,0,0
2004,40899,1,1,21,21,21,21,21,21,21,21,21,21
2004,40899,2,1,0,0,0,0,0,0,0,0,0,0
2004,40900,0,1,0,0,0,0,0,0,0,0,0,0
2004,40900,1,1,0,0,0,0,0,0,0,0,14,0
2004,40901,1,1,0,0,0,0,0,0,0,0,0,0
2004,40901,2,1,0,0,0,0,0,0,0,0,0,0
2004,40902,0,1,0,0,43,38,0,0,0,12,0,0
2004,40902,1,1,0,0,0,0,0,0,0,0,0,0
2004,40903,1,1,0,0,0,0,0,0,0,0,0,0
2004,40903,2,1,0,0,0,0,0,0,0,0,0,0
2004,40904,1,1,0,0,16,0,0,0,0,10,0,0
2004,40904,2,1,0,0,0,13,0,0,0,0,0,0
2004,40905,1,1,1,1,1,1,1,1,1,1,1,1
2004,40906,1,1,0,0,0,10,0,0,0,0,0,4
2004,40907,1,1,17,26,17,12,14,17,9,4,17,3
2004,40908,0,1,0,0,0,0,18,10,0,0,0,0
2004,40908,1,1,0,0,0,0,0,0,0,0,0,0
2004,40908,2,1,0,0,0,0,8,0,0,0,0,0
2004,40909,1,1,0,0,0,0,0,0,0,0,0,0
2004,40909,2,1,0,0,0,0,0,0,0,0,0,0
2004,40909,3,1,0,0,0,0,0,0,0,0,0,0
2004,40909,4,1,0,8,0,0,0,0,0,0,0,0
2004,40910,1,1,16,18,8,5,13,11,11,6,0,0
2004,40911,1,1,7,12,0,9,17,23,16,16,22,13
2004,40912,1,1,0,16,17,16,0,26,0,0,23,14
2004,40912,2,1,0,0,0,0,0,0,0,0,0,0
2004,40912,3,1,0,0,0,0,0,0,0,0,0,18
2004,40913,1,1,0,0,0,0,0,0,0,0,0,0
2004,40914,0,1,0,0,0,0,0,0,0,0,0,0
2004,40914,0,2,0,0,17,0,0,0,24,0,0,0
2004,40914,1,1,0,0,0,0,0,0,0,0,0,0
2004,40914,2,1,0,0,0,0,0,0,0,0,0,0
2004,40915,1,1,6,0,2,13,8,0,0,0,0,0
2004,40915,2,1,0,18,0,15,0,22,0,0,19,0
2004,40915,3,1,0,0,0,0,0,0,0,0,0,0
2004,40916,0,1,24,24,24,24,24,24,24,24,24,24
2004,40916,1,1,0,0,0,0,0,15,0,25,0,8
2004,40917,1,1,0,0,30,0,0,0,37,0,0,28
2004,40918,1,1,26,0,23,0,23,14,22,36,11,0
2004,40919,1,1,0,0,0,0,0,0,0,0,0,0
2004,40920,1,2,0,0,10,0,14,0,9,0,0,16
2004,40921,1,1,9,9,9,9,9,9,9,9,9,9
2004,40922,1,1,22,0,10,0,0,0,0,0,0,0
2004,40923,1,1,0,20,16,8,24,20,21,11,20,15
2004,40923,2,1,0,0,0,0,0,0,0,0,0,0
2004,40923,3,1,0,0,0,0,0,0,0,0,0,0
2004,40924,1,1,0,0,0,0,0,0,0,0,0,0
2004,40925,0,1,0,0,36,27,0,0,0,21,9,0
2004,40925,1,1,18,14,0,0,0,0,0,0,0,4
2004,40926,1,1,0,0,0,0,0,0,0,0,0,0
2004,40926,2,1,0,0,0,0,0,0,0,0,0,0
2004,40927,1,1,0,0,6,0,0,0,0,0,0,0
2004,40928,1,1,0,0,0,0,0,0,0,0,0,0
2004,40928,2,1,0,0,0,0,0,0,0,0,0,0
2004,40929,1,1,0,0,0,22,0,0,0,32,0,0
2004,40930,1,1,0,0,0,0,21,0,0,0,0,0
2004,40930,2,1,0,0,0,0,0,0,0,0,0,0
2004,40930,3,1,0,0,0,0,0,0,0,0,0,0
2004,40930,4,1,0,0,0,0,0,0,0,0,0,0
2004,40931,1,1,0,0,8,0,0,0,0,0,0,0
2004,40932,1,1,0,0,0,0,0,0,0,0,0,0
2004,40932,2,1,0,0,0,0,0,0,0,0,0,0
2004,40932,3,1,0,0,0,0,0,0,0,0,0,0
2004,40933,1,1,9,19,0,0,17,32,0,10,0,17
2004,40934,0,1,0,0,0,0,0,0,0,0,0,0
2004,40934,1,1,0,0,0,0,0,0,0,0,0,0
2004,40935,1,1,0,0,0,0,0,0,0,0,0,0
2004,40936,1,1,0,0,0,0,0,0,0,0,0,0
2004,40936,2,1,0,9,0,0,0,0,0,0,0,0
2004,40936,3,1,0,0,0,0,0,0,0,0,0,0
2004,40936,4,1,0,0,0,0,0,0,0,0,0,0
2004,40937,0,1,34,34,34,34,34,34,34,34,34,34
2004,40937,1,1,0,0,0,0,0,10,0,10,0,0
2004,40938,1,1,0,0,0,0,0,0,0,0,0,0
2004,40938,2,1,16,0,0,0,0,0,0,0,0,0
2004,40939,1,1,0,0,0,0,0,0,0,0,0,0
2004,40940,1,1,10,18,10,14,9,33,16,16,8,9
2004,40941,1,1,0,0,0,0,0,0,0,0,0,0
2004,40941,2,1,0,0,0,0,0,0,0,0,0,0
2004,40942,0,1,28,0,23,27,0,14,28,4,0,24
2004,40942,1,1,30,0,0,6,19,0,0,0,0,0
2004,40943,1,1,0,0,0,0,0,0,0,0,4,0
2004,40944,1,1,0,0,0,0,0,0,0,17,0,0
2004,40945,1,1,0,0,0,0,0,0,0,0,0,0
2004,40945,2,1,0,9,0,0,0,0,0,0,0,0
2004,40946,0,1,21,21,21,21,21,21,21,21,21,21
2004,40946,1,1,0,0,0,0,0,0,0,0,0,0
2004,40947,1,1,0,0,0,0,0,0,0,0,0,0
2004,40947,2,1,0,0,0,0,0,0,0,0,0,0
2004,40947,3,1,0,0,0,0,0,0,0,0,0,0
2004,40948,1,1,4,4,14,16,9,18,16,0,4,0
2004,40948,2,1,0,0,0,0,0,0,0,0,0,0
2004,40949,1,1,0,0,18,16,0,0,0,0,0,0
2004,40949,2,1,6,0,0,0,0,0,0,0,0,0
2004,40950,1,1,0,0,0,12,0,21,12,3,0,0
2004,40950,2,1,0,0,0,0,0,0,0,0,0,0
2004,40951,0,1,11,17,5,17,20,17,30,28,44,21
2004,40951,1,1,0,0,0,0,0,0,13,0,0,0
2004,40952,1,1,0,2,0,11,27,0,0,0,0,0
2004,40952,2,1,0,0,0,0,0,0,0,0,0,0
2004,40953,1,1,14,8,6,8,9,6,9,18,20,17
2004,40953,2,1,7,17,0,0,0,0,11,0,0,0
2004,40954,1,1,0,0,0,0,0,17,6,0,0,0
2004,40955,1,1,0,0,0,0,0,0,0,0,44,14
2004,40956,0,1,0,0,0,0,0,0,0,0,0,0
2004,40956,1,1,0,0,0,0,0,0,0,0,0,0
2004,40957,1,1,0,0,0,0,0,0,0,0,0,0
2004,40958,1,1,20,20,20,20,20,20,20,20,20,20
2004,40959,1,1,32,15,31,10,15,19,21,0,19,17
2004,40959,2,1,0,0,0,0,0,0,0,0,0,0
2004,40960,0,1,7,13,16,22,33,24,0,12,9,20
2004,40960,1,1,0,0,0,0,0,0,0,0,0,0
2004,40961,1,1,0,0,2,0,0,0,0,0,0,0
2004,40961,2,1,0,0,0,0,0,0,0,0,0,0
2004,40963,1,1,0,0,6,0,0,0,0,0,0,0
2004,40963,2,1,0,0,0,0,0,0,0,0,0,0
2004,40964,0,1,21,0,12,13,0,25,0,16,25,0
2004,40964,1,1,0,0,0,0,0,0,0,0,0,0
2004,40965,1,1,0,0,0,0,0,0,0,0,0,0
2004,40966,2,1,6,9,0,20,0,0,0,0,0,0
2004,40967,0,1,0,0,0,0,0,0,0,0,0,0
2004,40967,1,1,38,20,0,11,0,0,0,0,0,0
2004,40968,1,1,45,0,7,0,0,20,14,27,14,14
2004,40969,1,1,7,0,0,7,5,0,16,0,0,0
2004,40970,1,1,7,7,7,7,7,7,7,7,7,7
2004,40971,1,1,0,0,0,16,15,0,24,23,0,0
2004,40972,1,1,18,18,18,18,18,18,18,18,18,18
2004,40973,1,1,11,13,5,0,0,0,17,15,0,0
2004,40974,1,1,0,0,0,0,0,0,0,0,0,0
2004,40975,1,2,0,0,0,0,15,0,0,7,0,0
2004,40976,1,1,0,0,0,0,0,0,0,0,0,0
2004,40977,0,1,0,0,0,0,0,0,0,0,0,0
2004,40977,1,1,0,0,0,0,0,0,0,14,0,0
2004,40978,1,1,22,0,7,17,0,0,0,0,0,9
2004,40979,1,1,0,0,0,0,0,0,0,0,0,0
2004,40980,1,1,0,0,0,0,0,11,0,0,0,0
2004,40981,1,1,0,0,0,0,6,0,9,0,0,7
2004,40982,0,1,0,0,13,0,0,0,0,0,0,0
2004,40982,1,1,0,0,0,0,0,0,0,0,0,14
2004,40983,1,1,0,0,0,0,0,33,0,0,0,0
2004,40984,1,1,0,0,0,16,0,16,0,0,0,13
2004,40985,1,2,0,0,0,0,0,0,6,0,0,0
2004,40988,1,1,0,0,0,0,0,0,0,0,0,0
2004,40988,2,1,0,0,0,0,0,0,0,0,0,0
2004,40989,1,1,27,0,25,23,5,0,0,6,0,0
2004,40990,1,2,0,0,0,0,0,0,0,0,0,2
2004,40991,0,1,0,0,0,12,28,0,0,0,0,0
2004,40991,1,1,0,16,0,0,0,0,0,0,7,0
2004,40992,1,1,0,0,0,0,0,0,0,0,0,0
2004,40992,2,1,0,0,0,0,0,0,0,0,0,0
2004,40993,1,1,0,0,0,0,0,0,0,0,0,0
2004,40994,1,1,0,0,0,0,16,0,0,0,0,8
2004,40995,1,1,0,0,13,0,0,0,0,0,12,0
2004,40995,2,1,0,21,0,0,0,0,6,7,0,18
2004,40996,1,1,13,10,12,0,9,0,0,0,0,11
2004,40996,2,1,0,0,0,0,0,0,0,0,0,0
2004,40997,0,1,22,17,20,0,0,5,32,0,38,29
2004,40997,1,1,13,6,20,24,0,0,0,0,0,10
2004,50001,1,1,0,0,0,0,0,0,0,0,0,0
2004,50001,2,1,0,0,0,0,0,0,0,0,0,0
2004,50002,1,1,0,0,0,0,0,0,0,0,0,0
2004,50002,2,1,0,0,0,0,0,0,0,0,0,0
2004,50003,0,1,0,0,0,0,0,0,0,0,0,0
2004,50003,1,1,0,0,0,0,0,0,0,0,0,0
2004,50004,1,1,0,0,0,0,0,0,0,0,0,0
2004,50005,1,1,0,0,0,0,0,0,0,0,0,0
2004,50006,1,1,12,12,12,12,12,12,12,12,12,12
2004,50007,1,1,0,0,0,0,0,0,0,0,0,0
2004,50007,2,1,0,0,0,0,0,0,0,0,0,0
2004,50008,1,1,0,0,0,0,0,0,0,0,0,0
2004,50008,2,1,0,0,0,0,0,0,0,0,0,0
2004,50009,1,1,0,0,0,0,0,0,0,0,0,0
2004,50010,0,1,29,29,29,29,29,29,29,29,29,29
2004,50010,1,1,0,0,0,0,0,0,0,0,0,0
2004,50011,1,1,0,0,0,0,0,0,0,0,0,0
2004,50012,1,1,0,0,0,0,0,0,0,0,0,0
2004,50013,1,1,0,0,0,0,0,0,0,0,0,0
2004,50013,2,1,0,0,0,0,0,0,0,0,0,0
2004,50014,1,1,0,18,0,0,0,0,0,0,0,0
2004,50015,1,1,21,21,21,21,21,21,21,21,21,21
2004,50016,0,1,14,18,20,20,10,9,13,15,17,22
2004,50016,1,1,0,0,0,0,0,0,0,0,0,0
2004,50016,2,1,0,0,0,0,0,0,0,0,0,0
2004,50017,1,1,0,0,0,0,0,0,0,0,0,0
2004,50017,2,1,0,0,0,0,0,0,0,0,0,0
2004,50018,1,1,0,0,0,0,0,0,0,0,0,0
2004,50018,2,1,0,0,0,0,0,0,0,0,0,0
2004,50019,1,1,18,18,18,18,18,18,18,18,18,18
2004,50020,1,1,20,20,20,20,20,20,20,20,20,20
2004,50021,1,1,32,32,32,32,32,32,32,32,32,32
2004,50022,1,1,18,0,0,29,14,7,25,0,20,27
2004,50023,1,1,0,0,0,0,0,0,0,0,0,0
2004,50023,2,1,0,0,0,0,0,0,0,0,0,0
2004,50024,1,1,0,0,0,0,0,0,0,0,0,0
2004,50025,1,1,0,0,0,0,0,0,0,0,0,0
2004,50025,2,1,27,27,27,27,27,27,27,27,27,27
2004,50026,1,1,23,23,23,23,23,23,23,23,23,23
2004,50027,1,1,33,33,33,33,33,33,33,33,33,33
2004,50028,1,1,0,0,0,0,0,0,0,0,0,0
2004,50028,2,1,0,0,0,0,0,0,0,0,0,0
2004,50029,1,1,0,0,0,0,0,0,0,0,0,0
2004,50029,2,1,0,0,0,0,0,0,0,0,0,0
2004,50030,1,1,0,0,0,0,0,0,0,0,0,0
2004,50031,1,1,31,31,31,31,31,31,31,31,31,31
2004,50032,1,1,16,18,11,37,20,32,0,12,14,0
2004,50033,1,1,0,0,0,0,0,0,0,0,0,0
2004,50034,1,1,0,0,0,0,0,0,0,0,0,0
2004,50035,1,1,23,23,23,23,23,23,23,23,23,23
2004,50036,1,1,3,3,3,3,3,3,3,3,3,3
2004,50036,2,1,11,11,11,11,11,11,11,11,11,11
2004,50037,1,1,0,0,0,0,0,0,0,0,0,0
2004,50037,2,1,26,26,26,26,26,26,26,26,26,26
2004,50038,1,1,0,0,0,0,0,0,0,0,0,0
2004,50039,1,1,16,16,16,16,16,16,16,16,16,16
2004,50040,1,1,17,17,17,17,17,17,17,17,17,17
2004,50041,1,1,0,0,0,0,0,0,0,0,0,0
2004,50042,1,1,12,12,12,12,12,12,12,12,12,12
2004,50043,1,1,31,31,31,31,31,31,31,31,31,31
2004,50044,1,1,0,0,0,0,0,0,0,0,0,0
2004,50045,1,1,34,34,34,34,34,34,34,34,34,34
2004,50045,2,1,0,0,0,0,0,0,0,0,0,0
2004,50046,1,1,0,0,0,0,0,0,0,0,0,0
2004,50046,2,1,0,0,32,12,13,0,3,23,0,0
2004,50046,3,1,0,0,0,0,0,0,0,0,0,0
2004,50046,4,1,0,0,0,0,0,0,0,0,0,0
2004,50047,1,1,4,4,4,4,4,4,4,4,4,4
2004,50048,1,1,2,2,2,2,2,2,2,2,2,2
2004,50049,1,1,0,0,0,0,0,0,0,0,0,0
2004,50050,1,1,2,2,2,2,2,2,2,2,2,2
2004,50051,1,1,0,0,0,0,0,0,0,0,0,0
2004,50052,1,1,22,26,15,30,7,0,0,0,22,0
2004,50053,1,1,17,17,17,17,17,17,17,17,17,17
2004,50054,0,1,28,28,28,28,28,28,28,28,28,28
2004,50054,1,1,0,0,0,0,0,0,0,0,0,0
2004,50055,1,1,0,14,17,0,6,0,0,0,17,0
2004,50055,2,1,0,0,0,0,0,0,0,0,0,0
2004,50055,3,1,17,0,0,6,0,19,0,0,0,0
2004,50055,4,1,0,0,0,18,0,0,15,0,0,0
2004,50055,5,1,0,0,0,23,9,0,0,11,0,19
2004,50055,6,1,15,8,22,16,0,9,12,10,32,18
2004,50055,7,1,23,0,0,19,3,12,10,13,0,16
2004,50055,8,1,0,0,0,12,15,0,0,15,0,0
2004,50056,1,1,0,0,0,36,17,0,16,28,25,0
2004,50057,1,1,0,0,0,0,0,23,0,0,0,0
2004,50058,1,1,0,0,0,0,0,0,0,0,0,0
2004,50059,1,1,0,0,0,0,0,0,0,0,0,0
2004,50059,2,1,0,0,0,10,0,0,0,0,0,0
2004,50060,1,1,0,0,0,0,0,0,0,0,0,12
2004,50060,2,1,0,0,0,0,0,0,0,0,0,0
2004,50061,1,1,19,19,19,19,19,19,19,19,19,19
2004,50061,2,1,0,0,0,0,0,0,0,0,0,0
2004,50062,1,1,22,6,17,18,9,22,6,14,10,19
2004,50062,2,1,0,0,0,0,0,0,0,0,0,0
2004,50063,1,1,19,19,19,19,19,19,19,19,19,19
2004,50064,1,1,0,0,0,0,0,0,0,0,0,0
2004,50064,2,1,0,0,0,0,0,0,0,0,5,0
2004,50065,1,1,0,0,0,0,0,0,0,0,0,0
2004,50065,2,1,0,0,0,0,0,0,0,0,0,0
2004,50066,1,1,0,0,0,0,0,0,0,0,0,0
2004,50067,1,1,9,9,9,9,9,9,9,9,9,9
2004,50067,2,1,0,0,0,0,0,0,0,0,0,0
2004,50068,1,1,19,19,19,19,19,19,19,19,19,19
2004,50069,1,1,0,0,0,0,0,0,0,0,0,0
2004,50070,1,1,0,0,0,0,0,0,0,0,0,0
2004,50071,1,1,0,0,0,0,0,0,0,0,0,0
2004,50071,2,1,0,0,0,0,9,21,0,0,0,0
2004,50072,1,1,0,0,0,0,0,0,0,0,0,0
2004,50072,2,1,0,0,0,0,0,0,0,0,0,0
2004,50073,1,1,0,0,0,19,0,25,0,26,21,0
2004,50074,1,1,0,0,0,0,0,0,0,0,0,0
2004,50074,2,1,0,0,0,0,0,0,0,0,0,0
2004,50074,3,1,0,0,0,0,0,14,13,0,24,0
2004,50075,1,1,9,9,9,9,9,9,9,9,9,9
2004,50076,1,1,15,15,15,15,15,15,15,15,15,15
2004,50077,1,1,0,0,0,0,0,0,0,0,0,0
2004,50077,2,1,6,6,6,6,6,6,6,6,6,6
2004,50078,1,1,0,0,0,0,0,0,0,0,0,0
2004,50078,2,1,0,0,0,0,0,0,0,0,0,0
2004,50079,1,1,0,0,0,0,0,0,0,0,0,10
2004,50080,1,1,0,0,0,14,0,0,0,0,0,0
2004,50080,2,1,5,5,5,5,5,5,5,5,5,5
2004,50081,1,1,0,0,0,0,0,18,0,0,0,0
2004,50081,2,1,0,0,0,0,0,0,0,0,0,0
2004,50081,3,1,0,0,0,0,0,0,0,0,0,0
2004,50082,1,1,0,0,0,0,0,0,0,0,0,0
2004,50082,2,1,0,0,0,0,0,0,0,0,0,0
2004,50083,1,1,0,0,0,0,0,0,0,0,0,0
2004,50084,1,1,8,8,8,8,8,8,8,8,8,8
2004,50085,1,1,0,0,0,0,0,0,0,0,0,0
2004,50085,2,1,12,12,12,12,12,12,12,12,12,12
2004,50085,3,1,45,0,0,27,0,0,3,0,0,0
2004,50086,1,1,12,12,12,12,12,12,12,12,12,12
2004,50086,2,1,0,0,0,0,0,0,0,0,0,0
2004,50087,0,1,22,0,0,0,0,0,15,14,0,24
2004,50087,1,1,0,0,0,0,6,0,0,0,0,0
2004,50087,2,1,0,10,0,0,0,0,0,12,0,0
2004,50088,1,1,16,16,16,16,16,16,16,16,16,16
2004,50089,1,1,0,0,0,0,0,0,0,0,0,0
2004,50089,2,1,0,0,0,0,0,0,0,0,0,0
2004,50090,1,1,10,10,10,10,10,10,10,10,10,10
2004,50091,1,1,0,0,0,0,0,0,0,0,0,0
2004,50091,2,1,0,0,0,0,0,0,0,0,0,0
2004,50092,1,1,0,0,0,0,0,0,0,0,0,0
2004,50093,1,1,0,18,0,0,0,0,0,0,0,0
2004,50093,2,1,0,0,0,0,0,0,0,0,0,13
2004,50094,1,1,0,0,0,0,0,0,0,0,0,0
2004,50094,2,1,0,0,0,0,0,0,0,0,0,0
2004,50095,1,1,18,18,18,18,18,18,18,18,18,18
2004,50096,1,1,0,0,0,0,0,0,0,0,0,0
2004,50096,2,1,0,0,0,0,0,0,0,0,0,0
2004,50097,1,1,0,0,0,0,0,0,0,0,0,0
2004,50097,2,1,24,24,24,24,24,24,24,24,24,24
2004,50098,1,1,22,22,22,22,22,22,22,22,22,22
2004,50099,1,1,0,0,5,0,0,22,16,0,9,0
2004,50099,2,1,0,0,0,0,0,0,0,0,0,0
2004,50099,3,1,0,0,7,0,0,0,0,0,0,0
2004,50100,1,1,0,0,0,0,0,0,0,0,0,0
2004,50100,2,1,0,0,0,0,0,0,0,0,0,0
2004,50101,1,1,18,18,18,18,18,18,18,18,18,18
2004,50102,1,1,0,0,0,0,0,0,0,0,0,0
2004,50102,2,1,0,0,0,0,0,0,0,0,0,0
2004,50103,1,1,15,15,15,15,15,15,15,15,15,15
2004,50103,2,1,0,0,0,0,0,0,0,0,0,0
2004,50104,1,1,0,0,0,0,0,0,0,0,0,0
2004,50104,2,1,0,0,0,0,0,0,0,0,0,0
2004,50105,1,1,0,0,0,0,0,0,0,0,0,0
2004,50106,1,1,0,0,0,0,0,0,0,0,0,0
2004,50106,2,1,0,0,0,0,0,0,0,0,0,0
2004,50107,1,1,16,16,16,16,16,16,16,16,16,16
2004,50108,1,1,0,0,0,0,0,0,0,0,0,0
2004,50108,2,1,0,0,0,0,0,0,0,0,0,0
2004,50109,1,1,0,0,0,0,0,0,0,0,0,0
2004,50110,1,1,0,0,0,0,0,0,0,0,0,0
2004,50111,1,1,27,0,0,0,0,0,0,13,0,0
2004,50112,1,1,20,20,20,20,20,20,20,20,20,20
2004,50112,2,1,0,0,0,0,0,0,0,0,0,0
2004,50113,1,1,0,0,0,0,0,0,0,0,0,0
2004,50113,2,1,0,0,0,0,0,0,0,0,0,0
2004,50113,3,1,7,7,7,7,7,7,7,7,7,7
2004,50114,1,1,7,7,7,7,7,7,7,7,7,7
2004,50114,2,1,2,2,2,2,2,2,2,2,2,2
2004,50115,1,1,0,0,0,0,0,6,0,0,0,0
2004,50116,1,1,0,0,0,0,0,0,0,0,0,0
2004,50116,2,1,0,0,0,0,0,0,0,0,0,0
2004,50117,1,1,19,19,19,19,19,19,19,19,19,19
2004,50118,1,1,17,17,17,17,17,17,17,17,17,17
2004,50119,1,1,0,0,0,0,0,0,0,0,0,0
2004,50119,2,1,0,0,0,0,0,0,0,0,0,0
2004,50120,1,1,14,14,14,14,14,14,14,14,14,14
2004,50121,1,1,0,0,0,0,0,0,0,0,0,0
2004,50122,1,1,0,0,0,0,0,0,0,0,0,0
2004,50123,1,1,0,0,0,0,0,0,0,0,0,0
2004,50124,1,1,0,0,0,0,0,0,0,0,0,0
2004,50125,1,1,0,0,0,0,0,0,0,0,0,0
2004,50126,1,1,7,7,7,7,7,7,7,7,7,7
2004,50126,2,1,0,0,0,0,0,0,0,0,0,0
2004,50126,3,1,0,0,0,0,0,0,0,0,0,0
2004,50127,1,1,0,0,0,0,0,0,0,0,0,0
2004,50127,2,1,0,0,0,0,0,0,0,0,0,0
2004,50127,3,1,0,0,0,0,0,0,17,0,30,0
2004,50127,4,1,0,0,15,0,0,9,0,0,0,0
2004,50128,1,1,0,0,0,0,0,0,0,0,0,0
2004,50128,2,1,0,0,0,0,0,0,0,0,0,0
2004,50129,1,1,0,0,0,0,0,0,0,0,0,0
2004,50129,2,1,0,0,0,0,0,0,0,0,0,0
2004,50129,3,1,0,0,0,0,0,0,0,0,0,0
2004,50130,1,1,0,0,0,0,0,0,0,0,0,0
2004,50131,1,1,0,0,0,0,0,0,0,0,0,0
2004,50131,2,1,0,0,0,0,0,0,0,0,0,0
2004,50132,1,1,0,0,0,0,0,0,0,0,0,0
2004,50132,2,1,0,0,0,0,0,0,0,0,0,0
2004,50133,1,1,0,0,0,0,0,0,0,0,0,0
2004,50134,1,1,0,0,0,0,0,0,0,0,0,0
2004,50134,2,1,0,0,0,0,0,0,0,0,0,0
2004,50134,3,1,0,0,0,0,0,0,0,0,0,0
2004,50135,1,1,0,0,0,0,0,0,0,0,0,0
2004,50135,2,1,0,0,0,0,0,10,0,6,0,12
2004,50136,1,1,0,0,0,0,0,0,0,0,0,0
2004,50137,1,1,0,0,0,0,0,0,0,0,0,0
2004,50138,1,1,15,15,15,15,15,15,15,15,15,15
2004,50139,1,1,15,0,0,0,0,0,0,0,0,0
2004,50140,1,1,0,0,0,0,0,0,0,0,0,0
2004,50140,2,1,0,0,0,0,0,0,0,0,14,0
2004,50140,3,1,0,0,0,0,0,0,0,0,0,0
2004,50141,1,1,0,25,0,0,0,0,0,21,0,0
2004,50142,1,1,0,0,0,0,0,0,0,0,0,0
2004,50142,2,1,0,0,0,0,0,0,0,0,0,0
2004,50143,0,1,0,0,0,0,0,0,0,0,0,0
2004,50143,1,1,0,0,0,0,0,0,0,0,0,0
2004,50144,1,1,0,0,23,0,21,16,0,0,20,0
2004,50145,1,1,0,0,0,0,0,0,0,0,0,0
2004,50146,1,1,11,11,11,11,11,11,11,11,11,11
2004,50147,1,1,0,0,0,0,0,0,0,0,0,0
2004,50147,2,1,0,0,0,0,0,0,0,0,0,0
2004,50148,1,1,0,0,0,0,0,0,0,0,0,0
2004,50148,2,1,0,0,0,0,0,0,0,0,0,0
2004,50149,1,1,0,0,0,0,0,0,0,0,0,0
2004,50149,2,1,4,4,4,4,4,4,4,4,4,4
2004,50150,1,1,11,11,11,11,11,11,11,11,11,11
2004,50151,1,1,12,12,12,12,12,12,12,12,12,12
2004,50151,2,1,0,0,0,0,0,0,0,0,0,0
2004,50152,1,1,0,0,0,0,0,0,0,0,0,8
2004,50153,1,1,16,25,8,15,0,19,28,23,28,32
2004,50154,0,1,0,0,0,0,0,0,0,0,0,0
2004,50154,1,1,0,0,0,0,0,0,0,0,0,0
2004,50155,1,1,0,0,0,0,0,0,17,0,0,0
2004,50156,1,1,0,0,0,0,0,0,0,0,0,0
2004,50156,2,1,0,0,0,0,0,0,0,0,0,0
2004,50157,1,1,0,0,0,0,0,0,0,0,0,0
2004,50157,2,1,0,0,0,0,0,0,0,0,0,0
2004,50158,1,1,0,0,0,0,0,0,0,0,0,0
2004,50158,2,1,0,0,0,0,0,0,0,0,0,0
2004,50159,1,1,0,0,0,0,0,0,0,0,0,0
2004,50159,2,1,0,0,0,0,0,0,0,0,0,0
2004,50160,1,1,0,8,0,8,0,0,0,0,0,0
2004,50160,2,1,19,0,0,0,24,0,0,0,0,0
2004,50161,1,1,0,0,0,0,0,0,0,0,0,0
2004,50161,2,1,0,0,0,0,0,0,0,0,0,0
2004,50161,3,1,0,0,0,0,0,0,0,0,0,0
2004,50161,4,1,0,0,0,0,0,0,0,0,0,0
2004,50162,0,1,19,19,19,19,19,19,19,19,19,19
2004,50162,0,2,13,10,8,15,27,9,16,32,0,20
2004,50162,1,1,0,0,0,0,0,0,0,0,0,0
2004,50163,1,1,16,0,0,0,5,0,0,0,17,19
2004,50163,2,1,0,0,0,0,0,0,0,0,0,0
2004,50164,1,1,0,0,0,0,0,0,0,0,0,0
2004,50164,2,1,0,0,0,0,0,0,0,0,0,0
2004,50165,1,1,0,0,0,0,0,0,0,0,0,0
2004,50165,2,1,0,0,0,0,0,0,0,0,0,0
2004,50166,1,1,7,7,7,7,7,7,7,7,7,7
2004,50167,0,1,0,0,20,23,0,0,0,0,12,0
2004,50167,0,2,0,0,0,0,0,0,0,0,0,0
2004,50167,1,1,0,0,0,0,0,0,0,0,0,0
2004,50168,1,1,0,0,0,0,0,0,0,0,0,0
2004,50168,2,1,0,0,0,0,0,0,0,0,0,0
2004,50169,1,1,0,0,0,0,0,0,0,0,0,0
2004,50170,1,1,12,12,12,12,12,12,12,12,12,12
2004,50171,1,1,11,0,25,0,21,16,17,30,26,16
2004,50172,1,1,4,4,4,4,4,4,4,4,4,4
2004,50173,1,1,0,0,0,0,0,0,0,0,0,0
2004,50173,2,1,0,0,0,0,0,0,0,0,0,0
2004,50174,1,1,0,0,0,0,0,0,17,0,0,0
2004,50175,1,1,0,0,0,0,0,0,0,0,0,0
2004,50175,2,1,5,5,5,5,5,5,5,5,5,5
2004,50176,1,1,0,0,0,0,0,0,0,0,0,0
2004,50176,2,1,0,0,0,0,0,0,0,0,0,0
2004,50176,3,1,0,0,0,0,0,0,0,0,0,0
2004,50177,1,1,14,14,14,14,14,14,14,14,14,14
2004,50178,1,1,0,0,0,0,0,0,0,0,0,0
2004,50179,1,1,0,0,0,0,0,0,0,0,0,0
2004,50180,1,1,0,0,0,0,0,0,0,0,0,0
2004,50180,2,1,0,0,0,0,0,0,0,0,0,0
2004,50181,1,1,39,39,39,39,39,39,39,39,39,39
2004,50182,1,1,0,0,0,0,0,0,7,0,0,0
2004,50182,2,1,0,0,0,0,0,0,0,0,0,0
2004,50183,1,1,0,0,0,0,0,0,0,0,0,0
2004,50183,2,1,0,0,0,0,0,0,0,0,0,0
2004,50183,3,1,0,0,0,0,0,0,0,0,0,0
2004,50184,1,1,22,22,22,22,22,22,22,22,22,22
2004,50185,1,1,0,0,0,0,0,0,0,0,0,0
2004,50186,1,1,0,0,0,0,0,7,0,0,0,0
2004,50187,1,1,0,0,0,0,0,0,0,0,0,0
2004,50187,2,1,0,0,2,0,0,0,0,0,0,0
2004,50188,1,1,8,8,8,8,8,8,8,8,8,8
2004,50189,1,1,0,0,0,0,0,0,0,0,0,0
2004,50190,1,1,0,0,0,0,0,0,0,0,0,0
2004,50191,1,1,32,0,0,7,0,0,0,0,0,0
2004,50192,1,1,0,0,0,0,0,0,0,0,0,0
2004,50192,2,1,0,0,0,0,0,0,0,0,0,0
2004,50193,1,1,11,11,11,11,11,11,11,11,11,11
2004,50193,2,1,0,0,0,0,0,0,0,0,0,0
2004,50194,0,1,19,19,19,19,19,19,19,19,19,19