YEAR,ST_CASE,veh_no,per_no,P1,P2,P3,P4,P5,P6,P7,P8,P9,P10
2004,50194,1,1,0,0,0,0,0,0,0,0,0,0
2004,50195,1,1,0,0,0,0,0,0,0,0,0,0
2004,50195,2,1,0,0,0,0,0,0,0,0,0,0
2004,50196,1,1,0,20,0,23,12,0,30,17,6,7
2004,50197,1,1,0,0,0,0,0,0,0,2,0,0
2004,50197,2,1,0,0,0,0,0,0,0,0,0,0
2004,50197,3,1,0,0,0,0,0,0,0,0,13,0
2004,50198,1,1,8,17,10,13,8,10,18,15,20,11
2004,50199,1,1,0,0,0,0,0,0,0,0,0,0
2004,50199,2,1,0,0,0,0,0,0,0,0,0,0
2004,50200,1,1,0,0,0,0,0,0,0,0,0,0
2004,50201,1,1,0,16,0,29,0,29,16,0,12,0
2004,50202,1,1,0,0,0,0,0,0,0,0,0,0
2004,50203,0,1,23,0,0,0,0,0,0,0,0,0
2004,50203,2,1,0,0,0,22,0,0,0,0,0,0
2004,50204,1,1,0,0,0,0,0,0,0,0,0,0
2004,50204,2,1,10,0,0,0,0,0,0,0,0,0
2004,50205,1,1,0,0,0,0,0,0,0,0,0,0
2004,50206,1,1,10,10,10,10,10,10,10,10,10,10
2004,50206,2,1,0,0,0,0,9,15,0,0,0,0
2004,50207,1,1,0,0,0,8,0,0,0,0,0,0
2004,50208,1,1,12,12,12,12,12,12,12,12,12,12
2004,50209,1,1,6,0,11,0,0,0,0,20,0,0
2004,50209,2,1,0,0,0,0,0,0,0,0,0,0
2004,50210,1,1,0,0,0,0,0,0,0,0,0,0
2004,50211,1,1,0,0,0,0,0,0,0,0,0,0
2004,50211,2,1,0,0,0,0,0,0,0,0,0,0
2004,50212,1,1,17,17,17,17,17,17,17,17,17,17
2004,50213,1,1,13,13,13,13,13,13,13,13,13,13
2004,50214,1,1,26,26,26,26,26,26,26,26,26,26
2004,50215,1,1,0,0,0,10,0,0,0,0,0,0
2004,50216,1,1,0,0,0,0,0,0,0,0,0,0
2004,50217,1,1,0,0,0,0,0,0,0,0,0,0
2004,50217,2,1,0,0,0,0,0,0,0,0,0,0
2004,50217,3,1,0,0,0,0,0,0,0,0,0,9
2004,50218,1,1,18,18,18,18,18,18,18,18,18,18
2004,50219,1,1,0,0,0,0,0,0,0,0,0,0
2004,50220,1,1,30,30,30,30,30,30,30,30,30,30
2004,50221,1,1,15,15,15,15,15,15,15,15,15,15
2004,50222,1,1,23,0,5,0,21,8,0,4,14,18
2004,50223,1,1,22,22,22,22,22,22,22,22,22,22
2004,50224,1,1,0,0,0,0,0,0,0,0,0,0
2004,50225,1,1,0,0,0,0,0,0,0,0,0,0
2004,50226,1,1,0,15,11,0,0,29,0,0,0,0
2004,50226,2,1,0,0,0,0,0,0,0,0,0,0
2004,50227,1,1,0,0,0,0,0,0,0,0,0,0
2004,50227,2,1,0,0,0,0,0,0,0,0,0,0
2004,50228,1,1,0,0,0,0,0,0,0,0,0,0
2004,50229,1,1,0,0,0,0,0,0,0,0,0,0
2004,50229,2,1,0,0,0,0,0,0,0,0,0,0
2004,50230,1,1,25,25,25,25,25,25,25,25,25,25
2004,50231,1,1,0,0,0,0,0,0,0,0,0,0
2004,50231,2,1,0,0,0,0,0,0,0,0,0,0
2004,50232,1,1,0,0,0,0,0,0,0,0,0,0
2004,50233,0,2,0,20,0,0,0,0,0,0,0,0
2004,50233,1,1,0,0,0,0,0,0,0,0,0,0
2004,50234,1,1,0,8,0,0,0,0,12,0,11,0
2004,50234,2,1,0,0,0,0,0,0,0,0,0,0
2004,50235,1,1,0,0,0,0,0,0,0,0,0,0
2004,50236,1,1,15,15,15,15,15,15,15,15,15,15
2004,50237,1,1,0,0,0,0,0,0,0,0,0,0
2004,50237,2,1,4,4,4,4,4,4,4,4,4,4
2004,50238,1,1,0,0,0,0,0,0,0,0,0,0
2004,50238,2,1,0,0,0,0,0,0,0,0,0,0
2004,50239,1,1,0,0,0,0,0,0,0,15,20,0
2004,50239,2,1,0,0,0,0,0,0,0,0,0,0
2004,50240,1,1,22,22,22,22,22,22,22,22,22,22
2004,50241,1,1,0,0,0,0,0,0,0,0,0,0
2004,50242,1,1,0,0,0,0,0,0,0,0,0,0
2004,50243,1,1,25,25,25,25,25,25,25,25,25,25
2004,50244,1,1,0,0,0,0,0,0,0,0,0,0
2004,50244,2,1,6,6,6,6,6,6,6,6,6,6
2004,50245,1,1,0,0,0,6,0,0,0,0,0,0
2004,50246,1,1,15,0,28,17,26,18,13,0,23,13
2004,50247,1,1,0,0,0,0,0,0,0,0,0,0
2004,50247,2,1,1,1,1,1,1,1,1,1,1,1
2004,50248,1,1,0,0,0,0,0,0,0,0,0,0
2004,50248,2,1,0,0,0,0,0,0,0,0,0,0
2004,50248,3,1,0,0,0,0,0,0,0,0,0,0
2004,50249,1,1,0,0,0,0,0,0,0,0,0,0
2004,50249,2,1,0,0,0,0,0,0,0,0,0,0
2004,50250,0,1,0,0,0,0,0,0,0,0,0,0
2004,50250,1,1,0,0,0,0,0,0,0,0,0,0
2004,50251,1,1,0,0,0,0,0,0,0,0,0,0
2004,50252,1,1,0,0,0,0,0,0,0,17,0,0
2004,50252,2,1,0,0,0,0,0,0,0,0,0,0
2004,50253,1,1,0,0,0,0,0,0,0,0,0,0
2004,50253,2,1,0,0,0,0,0,0,0,0,0,0
2004,50254,1,1,23,23,23,23,23,23,23,23,23,23
2004,50255,1,1,10,10,13,0,0,0,0,12,0,10
2004,50256,1,1,0,0,0,0,0,0,0,0,0,0
2004,50257,1,1,0,0,0,0,0,0,0,0,0,0
2004,50257,2,1,0,0,0,0,0,0,0,0,0,0
2004,50257,3,1,0,0,0,0,0,0,0,0,0,0
2004,50258,1,1,17,17,17,17,17,17,17,17,17,17
2004,50259,1,1,0,0,0,0,0,0,0,0,0,0
2004,50260,1,1,0,0,0,0,0,0,0,0,0,0
2004,50261,1,1,0,0,0,0,0,0,0,0,0,0
2004,50261,2,1,0,0,0,0,0,0,0,0,0,0
2004,50262,0,1,21,21,21,21,21,21,21,21,21,21
2004,50262,1,1,0,0,0,0,0,0,0,0,0,0
2004,50263,1,1,7,17,27,33,17,16,24,16,16,7
2004,50264,1,1,0,0,0,27,0,13,17,0,0,21
2004,50266,1,1,0,0,0,0,0,0,0,0,0,0
2004,50267,1,1,10,10,10,10,10,10,10,10,10,10
2004,50268,1,1,0,0,0,0,0,0,0,0,0,0
2004,50268,2,1,0,0,0,0,0,0,0,0,0,0
2004,50269,1,1,19,19,19,19,19,19,19,19,19,19
2004,50270,1,1,0,0,0,0,0,0,0,0,0,0
2004,50271,1,1,0,0,0,0,0,0,0,0,0,0
2004,50271,2,1,0,0,0,0,0,0,0,0,0,0
2004,50271,3,1,0,0,0,0,0,0,0,0,0,0
2004,50272,1,1,3,3,3,3,3,3,3,3,3,3
2004,50273,1,1,29,29,29,29,29,29,29,29,29,29
2004,50274,1,1,0,0,0,0,0,0,0,0,0,0
2004,50275,1,1,0,0,0,0,0,0,0,0,0,0
2004,50275,2,1,0,0,0,0,0,0,0,0,0,0
2004,50276,1,1,24,24,24,24,24,24,24,24,24,24
2004,50277,1,1,0,0,0,0,0,0,22,0,18,0
2004,50277,2,1,0,0,0,0,0,0,0,0,0,0
2004,50278,1,1,5,5,5,5,5,5,5,5,5,5
2004,50278,2,1,0,0,0,0,0,0,0,0,0,0
2004,50279,1,1,33,33,33,33,33,33,33,33,33,33
2004,50279,2,1,0,0,0,0,0,0,0,0,0,0
2004,50280,1,1,0,0,0,0,0,0,0,0,0,0
2004,50280,2,1,0,0,0,0,0,0,0,0,0,0
2004,50281,1,1,8,8,8,8,8,8,8,8,8,8
2004,50281,2,1,0,0,0,0,0,0,0,0,0,0
2004,50282,1,1,0,0,0,0,0,0,0,0,0,0
2004,50282,2,1,0,0,0,0,0,0,0,0,0,0
2004,50283,1,1,25,25,25,25,25,25,25,25,25,25
2004,50284,1,1,0,0,0,0,0,0,0,0,0,0
2004,50284,2,1,0,0,0,0,0,0,0,0,0,0
2004,50285,1,1,0,0,0,0,0,0,0,17,0,14
2004,50285,2,1,0,0,0,0,0,0,0,0,0,0
2004,50286,1,1,1,1,1,1,1,1,1,1,1,1
2004,50287,1,1,24,24,24,24,24,24,24,24,24,24
2004,50287,2,1,0,0,0,0,0,0,0,0,0,0
2004,50288,1,1,19,15,11,0,0,0,0,0,0,0
2004,50288,2,1,0,0,14,0,5,0,0,25,3,0
2004,50289,1,1,0,0,0,0,0,0,0,0,0,0
2004,50290,1,1,0,0,0,0,0,0,0,0,0,0
2004,50291,1,1,0,0,0,0,0,0,0,0,0,0
2004,50292,1,1,0,0,0,0,0,0,0,0,0,0
2004,50292,2,1,1,1,1,1,1,1,1,1,1,1
2004,50293,1,1,0,0,0,0,0,0,0,0,0,0
2004,50293,2,1,0,0,0,0,0,0,0,0,0,0
2004,50294,1,1,0,0,35,0,0,26,0,0,0,0
2004,50295,1,1,0,0,0,0,0,10,0,0,0,0
2004,50295,2,1,0,0,0,0,0,0,0,0,0,0
2004,50295,3,1,0,0,0,0,0,0,0,0,0,0
2004,50296,1,1,0,0,0,0,0,0,0,0,0,0
2004,50297,1,1,8,10,10,0,17,16,18,22,7,7
2004,50298,1,1,0,0,0,0,0,0,0,21,0,0
2004,50298,2,1,0,0,0,0,0,0,0,0,0,0
2004,50299,1,1,0,0,0,0,0,0,0,0,0,0
2004,50300,1,1,28,28,28,28,28,28,28,28,28,28
2004,50301,1,1,0,0,0,0,0,0,0,0,0,0
2004,50302,1,1,23,23,23,23,23,23,23,23,23,23
2004,50303,1,1,30,30,30,30,30,30,30,30,30,30
2004,50304,1,1,23,23,23,23,23,23,23,23,23,23
2004,50305,1,1,21,21,21,21,21,21,21,21,21,21
2004,50306,1,1,0,0,0,0,0,0,0,0,0,0
2004,50307,1,1,0,0,0,0,0,0,0,0,0,0
2004,50308,1,1,0,0,0,0,0,0,0,0,0,0
2004,50308,2,1,8,8,8,8,8,8,8,8,8,8
2004,50309,1,1,0,0,0,0,0,0,0,0,0,0
2004,50310,1,1,12,12,12,12,12,12,12,12,12,12
2004,50311,1,1,0,0,0,0,0,0,0,0,0,0
2004,50312,0,1,19,19,19,19,19,19,19,19,19,19
2004,50312,1,1,0,0,0,0,0,0,0,0,0,0
2004,50313,1,1,0,0,0,0,0,0,0,0,0,0
2004,50313,2,1,0,0,0,0,0,0,0,0,0,0
2004,50313,3,1,0,0,0,0,0,0,0,0,0,0
2004,50314,1,1,0,0,0,0,0,0,0,0,0,0
2004,50314,2,1,0,0,0,8,0,0,0,0,27,0
2004,50315,1,1,0,0,0,0,0,0,0,0,0,0
2004,50316,1,1,0,0,0,0,0,0,0,0,0,0
2004,50316,2,1,0,0,0,0,0,0,0,0,0,0
2004,50317,1,1,0,0,0,0,0,0,0,0,0,0
2004,50317,2,1,0,0,0,0,0,0,0,0,0,0
2004,50318,1,1,22,22,22,22,22,22,22,22,22,22
2004,50319,1,1,14,14,14,14,14,14,14,14,14,14
2004,50319,2,1,0,0,0,0,0,0,0,0,0,0
2004,50320,1,1,0,0,0,0,0,0,0,0,0,0
2004,50320,2,1,0,0,0,0,0,0,0,0,0,0
2004,50321,1,1,0,0,0,0,0,0,0,0,0,0
2004,50321,2,1,0,0,0,0,0,0,0,0,0,0
2004,50322,1,1,9,9,9,9,9,9,9,9,9,9
2004,50323,0,1,32,32,32,32,32,32,32,32,32,32
2004,50323,1,1,6,6,6,6,6,6,6,6,6,6
2004,50324,1,1,0,0,0,0,0,0,0,0,0,0
2004,50324,2,1,0,0,0,0,0,0,0,0,0,0
2004,50324,3,1,0,0,0,0,0,0,0,0,0,0
2004,50324,4,1,0,6,0,0,0,0,0,0,0,0
2004,50325,1,1,0,0,0,0,0,0,0,0,0,0
2004,50325,2,1,0,0,0,0,0,0,0,0,0,0
2004,50325,3,1,0,0,0,0,0,0,0,0,0,0
2004,50325,4,1,0,0,24,0,0,0,0,0,0,0
2004,50326,1,1,8,8,8,8,8,8,8,8,8,8
2004,50327,1,1,11,11,11,11,11,11,11,11,11,11
2004,50328,1,1,0,0,0,0,0,0,29,0,0,0
2004,50328,2,1,0,0,0,0,0,0,0,0,0,0
2004,50329,1,1,0,0,0,0,0,0,0,0,0,0
2004,50329,2,1,0,0,0,0,0,0,0,0,0,0
2004,50330,1,1,0,0,0,0,0,0,0,0,0,0
2004,50331,1,1,0,0,0,0,0,0,0,0,0,0
2004,50331,2,1,0,0,0,0,0,0,0,0,0,0
2004,50331,3,1,0,0,0,0,0,0,0,0,0,0
2004,50332,1,1,3,3,3,3,3,3,3,3,3,3
2004,50332,2,1,0,0,0,0,0,0,0,0,0,0
2004,50332,3,1,0,0,0,0,0,0,0,0,0,0
2004,50333,1,1,0,0,0,0,0,0,0,0,0,0
2004,50333,2,1,0,0,0,0,0,0,0,0,0,0
2004,50334,1,1,0,0,0,0,0,12,0,0,0,12
2004,50334,2,1,0,0,0,0,0,0,0,0,0,0
2004,50335,1,1,15,10,0,8,25,12,17,19,0,0
2004,50336,1,1,2,2,2,2,2,2,2,2,2,2
2004,50336,2,1,0,0,0,0,0,0,0,0,0,0
2004,50337,1,1,0,0,0,0,0,0,0,0,0,0
2004,50337,2,1,0,22,0,0,0,0,0,0,0,0
2004,50338,1,1,0,0,0,0,0,0,0,0,0,0
2004,50338,2,1,0,0,0,0,0,0,0,0,0,0
2004,50338,3,1,0,0,0,0,0,0,0,0,0,0
2004,50339,0,1,0,0,0,0,0,0,0,0,0,0
2004,50339,1,1,0,13,0,10,0,0,0,0,0,0
2004,50340,0,1,0,0,0,0,0,0,0,0,0,0
2004,50340,1,1,0,0,0,0,0,0,21,0,0,0
2004,50341,1,1,19,0,0,0,0,0,0,0,19,0
2004,50342,0,1,35,35,35,35,35,35,35,35,35,35
2004,50342,1,1,8,8,8,8,8,8,8,8,8,8
2004,50343,1,1,5,5,5,5,5,5,5,5,5,5
2004,50344,1,1,0,0,0,0,0,0,0,0,0,0
2004,50345,1,1,0,0,0,0,0,0,0,0,0,0
2004,50345,2,1,0,0,0,0,0,0,0,0,0,0
2004,50346,0,1,27,26,0,0,9,13,25,0,20,36
2004,50346,1,1,0,0,12,6,0,8,0,16,0,0
2004,50347,1,1,0,0,0,0,0,0,0,0,0,0
2004,50348,0,1,5,0,0,22,17,0,30,0,18,0
2004,50348,1,1,0,0,0,0,0,0,0,0,0,0
2004,50349,1,1,0,0,0,0,0,0,0,0,0,0
2004,50349,2,1,0,29,0,0,0,0,0,0,0,0
2004,50350,1,1,0,0,0,0,0,0,0,0,0,0
2004,50350,2,1,0,0,17,0,0,0,0,0,0,0
2004,50351,1,1,0,0,0,0,0,0,0,0,0,0
2004,50352,1,1,3,3,3,3,3,3,3,3,3,3
2004,50353,1,1,0,0,0,0,0,0,0,0,0,0
2004,50354,1,1,13,13,13,13,13,13,13,13,13,13
2004,50355,1,1,0,0,0,0,0,0,0,0,0,0
2004,50355,2,1,0,0,0,0,0,0,0,0,0,0
2004,50356,1,1,0,0,0,0,0,0,0,0,0,0
2004,50356,2,1,0,0,0,0,0,0,0,0,0,0
2004,50357,1,1,15,15,15,15,15,15,15,15,15,15
2004,50358,1,1,0,0,0,0,0,0,0,0,0,0
2004,50358,2,1,0,17,0,0,15,0,0,0,4,0
2004,50359,0,1,0,0,8,0,0,0,16,23,0,16
2004,50359,1,1,0,0,0,0,0,0,0,0,0,0
2004,50359,2,1,0,0,0,0,0,0,0,0,0,0
2004,50360,1,1,0,0,0,0,0,0,0,0,0,0
2004,50361,1,1,0,23,0,0,12,14,0,0,0,20
2004,50362,1,1,0,0,0,0,0,0,0,0,0,0
2004,50363,1,1,22,22,22,22,22,22,22,22,22,22
2004,50364,1,1,6,6,6,6,6,6,6,6,6,6
2004,50365,1,1,0,0,0,0,0,0,0,0,0,0
2004,50366,1,1,0,0,0,0,0,0,0,0,0,0
2004,50367,1,1,12,0,0,0,0,0,7,26,17,0
2004,50368,1,1,0,0,0,0,0,0,0,0,0,0
2004,50369,1,1,5,5,5,5,5,5,5,5,5,5
2004,50369,2,1,0,0,0,0,0,0,0,0,0,0
2004,50370,1,1,0,0,0,0,0,0,0,0,0,0
2004,50371,1,1,0,0,0,0,0,0,0,0,0,0
2004,50371,2,1,0,0,0,0,0,26,0,0,0,0
2004,50371,3,1,0,0,0,0,0,0,0,0,0,0
2004,50371,4,1,0,0,0,0,0,0,0,0,0,0
2004,50372,1,1,0,0,0,0,0,0,0,0,0,0
2004,50372,2,1,0,0,0,4,2,0,0,0,0,0
2004,50373,1,1,0,0,0,0,0,0,0,0,0,0
2004,50373,2,1,0,0,0,0,0,0,0,0,0,0
2004,50373,3,1,0,0,0,0,0,0,0,0,0,0
2004,50373,4,1,0,0,0,0,0,0,0,0,0,0
2004,50374,1,1,0,0,0,0,0,0,0,0,0,0
2004,50375,1,1,0,0,0,0,0,0,0,0,0,0
2004,50376,1,1,0,5,0,0,0,0,15,0,0,4
2004,50376,2,1,0,0,0,0,0,0,0,0,0,0
2004,50376,3,1,0,0,0,0,0,0,0,0,0,0
2004,50377,1,1,0,0,0,0,0,0,0,0,0,0
2004,50378,1,1,0,0,0,0,0,0,0,0,0,0
2004,50379,1,1,0,0,0,0,0,0,0,0,0,0
2004,50379,2,1,0,0,11,0,0,0,0,0,0,0
2004,50380,1,1,0,0,0,0,0,0,0,0,0,0
2004,50380,2,1,0,0,0,0,0,0,0,0,0,0
2004,50380,3,1,0,0,0,0,0,0,0,0,0,0
2004,50381,1,1,0,0,0,0,0,0,0,0,0,0
2004,50381,2,1,0,0,0,0,0,0,0,0,0,0
2004,50382,1,1,0,0,0,0,0,0,0,0,0,0
2004,50382,2,1,0,0,0,0,12,7,6,30,14,11
2004,50383,1,1,13,0,0,0,0,0,39,0,0,0
2004,50383,2,1,0,0,0,0,0,0,0,0,0,0
2004,50384,1,1,0,0,0,0,0,0,0,18,0,0
2004,50385,1,1,0,0,0,0,0,0,0,0,0,0
2004,50386,1,1,0,0,0,0,0,0,0,0,0,0
2004,50386,2,1,0,0,0,0,0,0,0,0,0,0
2004,50387,1,1,0,24,0,13,0,0,0,0,20,0
2004,50388,1,1,0,0,0,0,0,0,0,0,0,0
2004,50388,2,1,0,0,0,0,0,0,0,0,0,0
2004,50389,1,1,27,27,27,27,27,27,27,27,27,27
2004,50390,1,1,0,0,0,0,0,0,0,0,8,0
2004,50391,1,1,0,0,0,0,0,0,11,0,0,0
2004,50391,2,1,0,0,0,0,0,0,0,0,0,0
2004,50392,1,1,0,0,0,0,0,0,0,0,0,0
2004,50393,1,1,0,0,0,0,0,0,0,0,0,0
2004,50393,2,1,0,0,0,0,0,0,0,0,0,0
2004,50394,1,1,0,0,0,0,0,0,0,0,0,0
2004,50394,2,1,0,0,0,0,0,0,0,0,0,0
2004,50395,1,1,3,11,16,13,21,14,8,14,9,9
2004,50396,1,1,0,35,12,0,0,0,0,0,0,0
2004,50397,1,1,11,11,11,11,11,11,11,11,11,11
2004,50398,1,1,0,0,0,0,0,0,0,0,0,0
2004,50398,2,1,14,14,14,14,14,14,14,14,14,14
2004,50399,1,1,7,7,7,7,7,7,7,7,7,7
2004,50400,1,1,0,0,0,0,0,0,0,0,0,0
2004,50400,2,1,0,0,0,0,0,0,0,0,0,0
2004,50401,0,1,0,0,0,0,0,0,0,0,0,16
2004,50401,1,1,0,0,0,0,0,0,0,0,0,0
2004,50402,1,1,0,0,0,0,0,0,0,0,0,0
2004,50402,2,1,0,0,0,0,0,0,0,0,0,0
2004,50403,1,1,0,0,0,0,0,0,0,0,0,0
2004,50404,1,1,0,0,0,0,0,0,0,0,0,0
2004,50404,2,1,0,0,0,0,0,0,0,0,0,0
2004,50405,1,1,0,0,0,0,0,0,0,0,0,0
2004,50405,2,1,0,0,0,0,0,0,0,0,0,0
2004,50406,1,1,0,0,0,0,0,0,0,0,0,0
2004,50407,1,1,0,0,0,0,0,0,0,0,0,0
2004,50407,2,1,0,0,0,0,0,0,0,0,0,0
2004,50408,1,1,0,0,0,0,0,0,0,0,0,0
2004,50408,2,1,0,0,0,0,0,0,0,0,0,0
2004,50409,1,1,0,0,0,0,0,0,0,0,0,0
2004,50409,2,1,0,0,0,0,0,0,0,0,0,0
2004,50410,1,1,19,19,19,19,19,19,19,19,19,19
2004,50410,2,1,0,0,0,0,0,0,0,0,0,0
2004,50411,1,1,0,0,0,0,0,0,0,0,0,0
2004,50411,2,1,0,0,0,0,0,0,0,0,0,0
2004,50411,3,1,7,7,7,7,7,7,7,7,7,7
2004,50412,1,1,0,0,0,0,18,0,0,0,0,18
2004,50412,2,1,0,0,0,0,16,0,0,0,0,0
2004,50413,1,1,0,0,0,0,0,0,0,0,0,0
2004,50414,1,1,11,11,11,11,11,11,11,11,11,11
2004,50415,1,1,0,8,0,0,0,0,0,0,0,0
2004,50416,1,1,11,11,11,11,11,11,11,11,11,11
2004,50417,1,1,0,0,0,0,0,0,0,0,0,0
2004,50417,2,1,0,0,0,0,0,0,0,0,0,0
2004,50418,1,1,21,21,21,21,21,21,21,21,21,21
2004,50418,2,1,0,0,0,0,0,0,0,0,0,0
2004,50419,0,1,0,0,0,0,8,0,0,0,0,0
2004,50419,1,1,0,0,0,0,0,0,0,0,0,0
2004,50420,1,1,0,0,7,33,10,0,0,10,31,0
2004,50420,2,1,28,0,19,7,12,0,0,5,18,0
2004,50421,1,1,29,29,29,29,29,29,29,29,29,29
2004,50422,0,1,0,0,0,0,0,0,0,0,0,0
2004,50422,0,2,0,12,21,0,0,0,26,20,23,0
2004,50422,1,1,0,0,0,0,0,0,0,0,0,0
2004,50423,1,1,0,0,17,19,0,19,0,13,14,0
2004,50424,1,1,0,0,0,0,0,0,0,0,0,0
2004,50425,1,1,0,0,0,0,0,0,0,0,0,0
2004,50425,2,1,0,0,0,0,0,0,0,0,0,0
2004,50426,1,1,0,0,0,0,0,0,0,0,0,0
2004,50426,2,1,15,15,15,15,15,15,15,15,15,15
2004,50427,1,1,0,0,0,15,0,0,0,0,0,0
2004,50427,2,1,0,0,20,22,0,0,21,0,7,0
2004,50428,1,1,27,27,27,27,27,27,27,27,27,27
2004,50429,1,1,19,19,19,19,19,19,19,19,19,19
2004,50430,1,1,23,23,23,23,23,23,23,23,23,23
2004,50431,1,1,25,0,0,0,0,0,0,0,0,2
2004,50432,1,1,0,0,0,0,0,0,0,0,0,0
2004,50432,2,1,0,0,0,0,0,0,0,0,0,0
2004,50433,1,1,0,0,0,0,0,0,0,0,0,0
2004,50434,1,1,29,8,29,21,7,15,0,11,22,17
2004,50434,2,1,0,0,0,0,0,0,0,0,0,0
2004,50434,3,1,0,0,0,0,0,0,0,0,0,0
2004,50435,1,1,0,0,0,0,0,0,0,0,0,0
2004,50435,2,1,0,0,0,0,0,0,0,0,0,0
2004,50436,1,1,0,0,0,0,0,0,0,0,0,0
2004,50436,2,1,0,0,0,0,0,0,0,0,0,0
2004,50437,1,1,0,23,7,0,6,0,0,0,0,10
2004,50438,1,1,0,0,0,0,0,0,0,0,0,0
2004,50439,1,1,19,19,19,19,19,19,19,19,19,19
2004,50439,2,1,0,0,0,0,0,0,0,0,0,0
2004,50440,1,1,0,0,0,0,0,0,0,0,0,0
2004,50440,2,1,0,0,0,0,0,0,0,0,0,0
2004,50441,1,1,0,0,0,0,0,0,0,0,0,0
2004,50442,1,1,0,0,0,0,0,0,0,0,0,0
2004,50443,1,1,0,0,0,0,0,0,0,0,0,0
2004,50444,1,1,0,0,0,2,0,0,0,0,0,0
2004,50445,0,1,11,11,11,11,11,11,11,11,11,11
2004,50445,1,1,0,0,0,0,0,0,0,0,0,0
2004,50446,1,1,0,0,0,0,0,0,0,0,0,0
2004,50446,2,1,8,32,23,0,0,0,44,0,0,0
2004,50447,0,1,0,0,0,0,0,0,0,0,0,0
2004,50447,1,1,0,0,0,0,0,0,0,0,0,0
2004,50449,1,1,0,0,0,0,0,0,0,0,0,0
2004,50450,1,1,26,26,26,26,26,26,26,26,26,26
2004,50450,2,1,0,0,0,0,0,0,0,0,0,0
2004,50451,1,1,0,0,0,0,0,0,0,0,0,0
2004,50451,2,1,0,0,0,0,0,0,0,0,0,0
2004,50452,1,1,0,0,0,0,0,0,0,0,0,0
2004,50453,1,1,0,0,0,0,0,0,0,0,0,0
2004,50454,1,1,0,0,0,0,0,0,0,0,0,0
2004,50454,2,1,0,0,0,0,0,0,0,0,0,0
2004,50455,1,1,0,0,0,0,0,0,0,0,0,0
2004,50455,2,1,0,0,0,0,0,0,0,0,0,0
2004,50456,0,1,3,3,3,3,3,3,3,3,3,3
2004,50456,1,1,0,0,0,0,0,0,0,0,0,0
2004,50456,2,1,0,0,0,0,0,0,0,0,0,0
2004,50456,3,1,0,0,0,0,0,0,0,0,0,0
2004,50457,1,1,5,23,0,15,2,29,14,0,0,11
2004,50458,1,1,0,0,0,0,0,0,0,0,0,0
2004,50459,1,1,29,29,29,29,29,29,29,29,29,29
2004,50460,1,1,0,14,0,0,0,0,18,0,0,0
2004,50461,1,1,16,16,16,16,16,16,16,16,16,16
2004,50462,1,1,5,5,5,5,5,5,5,5,5,5
2004,50463,1,1,0,0,0,0,0,0,0,0,0,0
2004,50463,2,1,0,0,0,0,0,0,0,0,0,0
2004,50464,1,1,0,0,0,0,24,0,15,0,0,0
2004,50464,2,1,0,0,0,0,0,0,0,0,0,0
2004,50465,0,1,27,27,27,27,27,27,27,27,27,27
2004,50465,1,1,3,3,3,3,3,3,3,3,3,3
2004,50466,1,1,0,0,0,0,0,0,0,0,0,0
2004,50467,1,1,0,0,0,0,0,0,0,0,0,0
2004,50467,2,1,0,0,0,0,31,0,31,5,0,0
2004,50468,1,1,0,0,0,0,0,0,0,0,0,0
2004,50469,1,1,21,21,21,21,21,21,21,21,21,21
2004,50470,1,1,0,0,0,0,0,0,0,0,0,0
2004,50471,1,1,0,0,0,0,0,0,0,0,0,0
2004,50471,2,1,0,0,0,0,0,0,0,0,0,0
2004,50472,1,1,0,8,0,0,0,0,0,13,0,0
2004,50472,2,1,17,17,17,17,17,17,17,17,17,17
2004,50473,1,1,0,12,0,9,0,0,0,0,0,0
2004,50474,1,1,0,0,0,0,0,0,0,0,0,0
2004,50475,1,1,0,0,0,0,0,0,0,0,0,0
2004,50475,2,1,0,0,0,0,0,0,0,0,0,0
2004,50476,1,1,0,0,0,0,0,0,0,0,0,0
2004,50476,2,1,0,0,0,0,0,0,0,0,0,0
2004,50477,1,1,19,19,19,19,19,19,19,19,19,19
2004,50478,1,1,0,0,0,0,0,0,0,0,0,0
2004,50479,1,1,0,0,0,0,0,0,0,0,0,0
2004,50480,1,1,18,18,18,18,18,18,18,18,18,18
2004,50481,1,1,0,0,0,0,0,0,0,0,0,0
2004,50481,2,1,0,0,0,0,0,0,0,0,0,0
2004,50482,1,1,0,0,0,0,0,0,0,0,0,0
2004,50482,2,1,0,0,0,0,0,0,0,0,0,0
2004,50483,1,1,21,21,21,21,21,21,21,21,21,21
2004,50484,1,1,0,0,0,0,0,0,0,0,0,0
2004,50484,2,1,0,0,0,0,0,0,0,0,0,0
2004,50485,1,1,0,0,0,0,14,0,0,0,0,0
2004,50485,2,1,25,25,25,25,25,25,25,25,25,25
2004,50486,1,1,7,7,7,7,7,7,7,7,7,7
2004,50487,1,1,0,0,0,0,0,0,0,0,0,0
2004,50487,2,1,0,0,0,0,0,0,0,0,0,0
2004,50488,1,1,0,0,0,0,0,0,0,0,0,0
2004,50488,2,1,0,0,0,0,0,0,0,0,0,0
2004,50489,1,1,0,0,0,0,0,0,0,0,0,0
2004,50489,2,1,0,0,0,0,0,0,0,0,0,0
2004,50490,1,1,0,0,0,0,0,0,0,0,0,0
2004,50491,1,1,0,0,0,0,0,0,0,0,0,0
2004,50491,2,1,0,0,0,0,0,0,0,0,0,0
2004,50492,1,1,0,0,0,0,0,0,0,0,0,0
2004,50492,2,1,0,0,0,0,0,0,0,0,0,0
2004,50493,1,1,15,15,15,15,15,15,15,15,15,15
2004,50494,1,1,0,0,0,0,0,0,0,0,0,0
2004,50495,1,1,0,0,0,0,0,0,0,0,0,0
2004,50495,2,1,0,0,0,0,0,0,0,0,0,0
2004,50496,1,1,21,21,21,21,21,21,21,21,21,21
2004,50496,2,1,0,0,0,0,0,0,0,0,0,0
2004,50497,1,1,0,0,0,0,0,0,0,0,0,0
2004,50497,2,1,20,20,20,20,20,20,20,20,20,20
2004,50498,1,1,0,0,0,0,0,0,0,0,0,0
2004,50498,2,1,0,0,0,0,0,0,0,0,0,0