YEAR,ST_CASE,veh_no,per_no,P1,P2,P3,P4,P5,P6,P7,P8,P9,P10
2004,50499,1,1,21,21,21,21,21,21,21,21,21,21
2004,50500,1,1,0,0,0,0,0,0,0,0,0,0
2004,50501,1,1,0,0,0,0,0,0,0,0,0,0
2004,50502,1,1,0,0,0,0,0,0,0,0,0,0
2004,50503,1,1,0,0,0,0,0,0,0,0,0,0
2004,50504,1,1,0,0,0,0,0,0,0,0,0,0
2004,50504,2,1,0,0,0,0,0,0,0,0,0,0
2004,50505,0,1,0,0,0,0,11,21,34,41,13,20
2004,50505,0,2,18,10,18,0,11,0,14,23,3,0
2004,50505,1,1,0,0,0,0,0,0,0,0,0,0
2004,50506,1,1,0,0,0,0,0,0,0,0,13,0
2004,50506,2,1,19,19,19,19,19,19,19,19,19,19
2004,50507,1,1,0,0,0,0,0,0,0,0,0,0
2004,50508,1,1,0,0,0,0,0,0,0,0,0,0
2004,50508,2,1,18,18,18,18,18,18,18,18,18,18
2004,50509,1,1,5,24,0,0,0,0,0,0,0,0
2004,50509,2,1,12,0,11,0,15,6,11,12,0,17
2004,50510,1,1,25,25,25,25,25,25,25,25,25,25
2004,50511,1,1,0,0,0,0,0,0,0,0,0,0
2004,50512,1,1,0,0,0,0,0,0,0,0,0,0
2004,50512,2,1,0,0,0,0,0,13,0,0,0,0
2004,50513,1,1,0,0,0,0,0,0,0,0,0,0
2004,50513,2,1,0,0,0,0,0,0,0,0,0,0
2004,50514,1,1,0,0,0,0,0,0,0,0,0,0
2004,50515,1,1,6,7,21,30,17,14,24,16,13,21
2004,50516,1,1,0,0,0,10,0,0,0,0,0,0
2004,50517,1,1,0,22,0,0,10,10,0,4,12,0
2004,50518,1,1,0,0,0,0,0,0,0,0,0,0
2004,50519,1,1,0,0,0,0,0,0,0,0,0,0
2004,50520,1,1,0,0,0,0,0,0,0,0,0,0
2004,50520,2,1,0,0,0,0,0,0,0,0,0,0
2004,50521,1,1,0,0,0,0,0,0,0,0,0,0
2004,50522,1,1,0,0,21,6,19,0,11,0,0,0
2004,50522,2,1,0,0,0,7,0,0,0,0,0,0
2004,50523,1,1,0,0,0,0,0,0,0,0,0,0
2004,50524,1,1,0,0,0,0,0,0,0,0,0,0
2004,50524,2,1,3,3,3,3,3,3,3,3,3,3
2004,50525,1,1,0,0,0,0,0,0,0,0,0,0
2004,50526,1,1,0,0,0,0,0,0,0,0,0,0
2004,50526,2,1,0,0,0,0,0,0,0,0,0,0
2004,50527,1,1,0,0,0,0,0,0,0,0,0,0
2004,50527,2,1,0,0,0,0,0,0,0,0,0,0
2004,50528,1,1,14,14,14,14,14,14,14,14,14,14
2004,50529,1,1,18,18,18,18,18,18,18,18,18,18
2004,50530,1,1,22,22,22,22,22,22,22,22,22,22
2004,50531,1,1,10,10,10,10,10,10,10,10,10,10
2004,50531,2,1,0,0,0,0,0,0,0,0,0,0
2004,50531,3,1,0,0,0,0,0,0,0,0,0,0
2004,50532,1,1,0,0,0,0,0,0,0,0,0,0
2004,50533,1,1,0,0,0,0,0,0,0,0,0,0
2004,50533,2,1,0,0,0,0,0,0,0,0,0,0
2004,50534,1,1,0,0,0,0,0,0,0,0,0,0
2004,50534,2,1,0,0,0,0,0,0,0,0,0,0
2004,50535,1,1,20,20,20,20,20,20,20,20,20,20
2004,50536,1,1,28,0,0,0,28,0,26,0,0,0
2004,50537,1,1,0,0,0,0,0,0,0,0,0,0
2004,50537,2,1,0,0,0,0,0,0,0,0,0,0
2004,50538,1,1,0,0,0,0,0,0,0,0,0,0
2004,50538,2,1,0,0,0,0,0,0,0,0,0,0
2004,50539,1,1,0,0,0,0,0,0,0,0,0,0
2004,50539,2,1,0,0,0,0,0,0,0,0,0,0
2004,50540,1,1,0,0,0,0,0,0,0,0,0,0
2004,50540,2,1,0,0,0,0,0,0,0,0,0,0
2004,50540,3,1,0,0,0,0,0,0,0,0,0,0
2004,50540,4,1,0,0,0,0,0,0,0,0,0,0
2004,50541,1,1,0,0,0,0,0,0,0,0,0,0
2004,50541,2,1,0,0,0,0,0,0,0,0,0,0
2004,50542,0,1,0,0,0,0,16,17,0,11,7,0
2004,50542,1,1,0,0,0,0,0,0,0,0,0,0
2004,50543,1,1,2,2,2,2,2,2,2,2,2,2
2004,50543,2,1,0,0,0,0,0,0,0,0,0,0
2004,50543,3,1,0,0,0,0,0,0,0,0,0,0
2004,50544,1,1,0,0,0,0,0,0,0,0,0,0
2004,50544,2,1,0,0,0,0,0,0,0,12,0,0
2004,50544,3,1,0,0,0,0,0,0,0,0,0,0
2004,50545,1,1,0,0,0,0,11,0,0,0,11,0
2004,50546,0,1,13,13,13,13,13,13,13,13,13,13
2004,50546,1,1,0,0,0,0,0,0,0,0,0,0
2004,50547,1,1,23,23,23,23,23,23,23,23,23,23
2004,50548,1,1,0,0,0,0,0,0,0,0,0,0
2004,50548,2,1,0,0,0,0,0,0,0,0,0,0
2004,50549,1,1,0,0,0,0,0,17,0,0,0,0
2004,50549,2,1,0,0,0,0,0,0,0,8,0,0
2004,50550,1,1,0,0,8,16,0,24,0,0,0,0
2004,50550,2,1,11,11,11,11,11,11,11,11,11,11
2004,50551,1,1,0,0,0,0,0,0,0,0,0,0
2004,50551,2,1,24,24,24,24,24,24,24,24,24,24
2004,50552,1,1,7,7,7,7,7,7,7,7,7,7
2004,50553,1,1,16,16,16,16,16,16,16,16,16,16
2004,50554,1,1,0,0,0,0,0,0,0,0,0,0
2004,50555,1,1,0,0,0,0,0,0,0,0,0,0
2004,50555,2,1,0,0,21,0,0,0,0,0,12,0
2004,50556,1,1,0,0,0,0,0,0,0,0,0,0
2004,50556,2,1,0,0,0,0,0,0,0,0,0,0
2004,50557,1,1,0,0,0,0,0,0,0,0,0,0
2004,50557,2,1,0,0,0,0,0,0,0,0,0,0
2004,50557,3,1,0,0,0,0,0,0,0,0,0,0
2004,50558,1,1,0,0,0,0,0,0,0,0,0,0
2004,50558,2,1,0,0,0,0,0,0,0,0,0,0
2004,50559,1,1,0,0,0,0,0,0,0,0,0,0
2004,50560,1,1,0,23,0,0,0,0,0,0,0,0
2004,50560,2,1,0,0,0,0,0,0,0,0,0,0
2004,50561,1,1,0,0,0,0,0,0,0,0,0,0
2004,50561,2,1,0,0,0,0,0,0,0,0,0,0
2004,50562,1,1,0,0,0,0,0,0,0,0,0,0
2004,50562,2,1,0,0,0,0,0,0,0,0,0,0
2004,50563,1,1,22,22,22,22,22,22,22,22,22,22
2004,50564,1,1,5,0,0,0,14,0,0,11,18,0
2004,50565,1,1,0,0,0,0,0,0,0,0,0,0
2004,50565,2,1,0,0,0,0,0,0,0,0,0,0
2004,50566,1,1,24,24,24,24,24,24,24,24,24,24
2004,50567,1,1,16,16,16,16,16,16,16,16,16,16
2004,50568,1,1,0,0,0,0,0,0,0,0,0,0
2004,50569,1,1,0,0,0,0,0,0,0,0,0,0
2004,50569,2,1,0,0,0,0,0,0,0,0,0,0
2004,50570,1,1,9,17,33,9,11,31,31,22,10,20
2004,50571,1,1,19,19,19,19,19,19,19,19,19,19
2004,50572,1,1,0,0,0,0,0,0,0,0,0,0
2004,50572,2,1,0,0,0,0,0,0,0,0,0,0
2004,50573,1,1,22,16,11,9,21,0,1,0,23,0
2004,50573,2,1,0,0,0,0,0,0,0,0,0,0
2004,50574,1,1,15,15,15,15,15,15,15,15,15,15
2004,50575,1,1,0,0,0,12,0,0,0,7,0,0
2004,50575,2,1,0,0,0,0,0,0,0,0,0,0
2004,50576,1,1,0,0,0,0,0,0,0,0,0,0
2004,50576,2,1,0,0,0,0,0,0,0,0,0,0
2004,50577,1,1,15,15,15,15,15,15,15,15,15,15
2004,50578,1,1,0,0,0,0,0,0,0,0,0,0
2004,50579,1,1,0,0,0,0,0,0,7,0,0,0
2004,50579,2,1,0,0,0,0,0,0,0,13,0,0
2004,50580,1,1,5,5,5,5,5,5,5,5,5,5
2004,50581,1,1,0,0,0,0,0,0,0,0,0,0
2004,50581,2,1,0,0,0,0,0,0,0,0,0,0
2004,50582,1,1,0,0,19,0,0,0,0,26,0,0
2004,50583,1,1,0,0,0,0,0,0,0,0,0,0
2004,50583,2,1,12,12,12,12,12,12,12,12,12,12
2004,50584,1,1,0,0,0,0,0,0,0,0,0,0
2004,50585,1,1,27,27,27,27,27,27,27,27,27,27
2004,50586,1,1,13,28,18,27,24,23,20,24,14,0
2004,50587,1,1,0,0,0,0,0,0,0,0,0,0
2004,50587,2,1,0,0,0,0,0,0,0,0,0,0
2004,50588,1,1,0,0,0,0,0,0,0,0,0,0
2004,50589,1,1,0,0,0,0,0,0,0,0,0,0
2004,50589,2,1,0,0,0,0,0,0,0,0,0,0
2004,50590,1,1,0,0,0,0,0,0,0,0,0,0
2004,50590,2,1,0,0,0,0,0,0,0,0,0,0
2004,50591,1,1,0,0,0,0,0,0,0,0,0,0
2004,50591,2,1,0,0,0,0,0,0,0,0,0,0
2004,50592,1,1,0,0,0,0,0,0,0,0,0,0
2004,50593,1,1,0,0,0,0,0,0,0,0,0,0
2004,50594,1,1,0,0,0,0,0,0,0,0,0,0
2004,50594,2,1,0,0,0,0,0,0,0,0,0,0
2004,50595,0,1,0,0,0,0,0,0,0,15,17,19
2004,50595,1,1,17,17,17,17,17,17,17,17,17,17
2004,50596,0,1,0,0,0,0,0,0,0,0,0,0
2004,50596,0,2,0,0,0,0,0,0,0,0,0,0
2004,50596,0,3,0,8,0,0,0,0,12,0,0,0
2004,50596,1,1,0,0,0,26,0,0,0,0,0,0
2004,50597,1,1,19,19,19,19,19,19,19,19,19,19
2004,50597,2,1,0,0,0,0,0,0,0,0,0,0
2004,50598,1,1,21,0,0,0,0,0,0,0,0,12
2004,50598,2,1,0,0,0,0,0,0,0,0,0,0
2004,50599,1,1,0,0,0,0,0,0,0,0,0,0
2004,50600,1,1,0,0,0,0,0,0,0,0,0,0
2004,50600,2,1,0,0,0,0,0,0,0,0,0,0
2004,50601,1,1,0,0,0,0,0,0,0,0,0,0
2004,50602,1,1,23,23,23,23,23,23,23,23,23,23
2004,50603,1,1,0,0,0,0,0,0,0,0,0,0
2004,50603,2,1,0,0,0,0,0,0,0,0,0,0
2004,50604,1,1,0,0,0,0,0,0,0,0,0,0
2004,50604,2,1,0,0,0,0,0,0,0,0,0,0
2004,50605,0,1,0,0,0,0,0,0,0,0,0,0
2004,50605,1,1,0,0,0,0,0,0,0,0,0,0
2004,50606,0,1,16,16,16,16,16,16,16,16,16,16
2004,50606,1,1,0,0,0,0,0,0,0,0,0,0
2004,80001,1,1,0,0,0,0,0,0,0,0,0,0
2004,80002,1,1,0,0,0,0,0,0,0,0,0,0
2004,80002,2,1,0,0,0,0,0,0,0,0,0,0
2004,80003,1,1,0,2,0,0,0,0,0,0,0,0
2004,80003,2,1,0,0,0,0,0,0,0,0,0,0
2004,80004,1,1,30,30,30,30,30,30,30,30,30,30
2004,80005,1,1,0,12,0,0,0,0,0,0,0,0
2004,80006,1,1,12,11,11,0,0,0,0,0,0,0
2004,80007,1,1,10,10,10,10,10,10,10,10,10,10
2004,80008,1,1,0,0,0,0,0,0,0,0,0,0
2004,80008,2,1,0,0,0,0,0,0,0,0,0,0
2004,80009,1,1,0,0,0,0,0,0,0,0,0,0
2004,80010,1,1,0,0,0,0,0,0,0,0,0,0
2004,80010,2,1,2,0,0,0,0,0,0,0,0,0
2004,80011,1,1,0,18,0,0,0,0,0,0,0,0
2004,80011,2,1,0,0,0,0,0,0,0,0,0,0
2004,80011,3,1,0,0,9,0,0,0,0,0,0,0
2004,80012,1,1,15,15,15,15,15,15,15,15,15,15
2004,80013,1,1,0,0,0,0,0,0,0,0,0,0
2004,80014,1,1,0,0,0,0,0,0,0,0,0,0
2004,80015,1,1,16,16,16,16,16,16,16,16,16,16
2004,80015,2,1,0,0,0,0,0,0,0,0,0,0
2004,80015,3,1,0,0,0,0,0,0,15,0,0,0
2004,80016,1,1,0,8,0,0,0,0,7,0,0,42
2004,80017,0,1,0,0,0,0,0,0,0,0,0,0
2004,80017,1,1,26,0,0,0,0,0,0,0,0,0
2004,80018,1,1,0,0,0,0,0,0,0,0,0,0
2004,80018,2,1,0,0,0,0,0,0,0,0,0,0
2004,80019,1,1,0,0,0,0,0,0,0,0,0,0
2004,80020,0,1,0,0,0,0,0,0,0,0,0,0
2004,80020,1,1,0,0,0,0,0,0,0,0,0,0
2004,80021,1,1,0,0,0,0,0,0,0,0,0,0
2004,80021,2,1,0,0,0,0,0,0,0,0,0,0
2004,80022,1,1,0,0,13,0,0,0,0,13,0,9
2004,80023,1,1,0,0,0,0,21,0,0,0,0,0
2004,80023,2,1,0,0,0,0,0,0,0,0,0,0
2004,80024,1,1,0,0,0,0,0,0,0,0,0,0
2004,80024,2,1,0,0,0,0,0,0,0,0,0,0
2004,80025,0,1,0,0,0,0,0,0,0,0,0,0
2004,80026,1,1,4,4,4,4,4,4,4,4,4,4
2004,80027,0,1,27,27,27,27,27,27,27,27,27,27
2004,80027,1,1,0,0,0,0,0,0,0,0,0,0
2004,80028,1,1,13,13,13,13,13,13,13,13,13,13
2004,80028,2,1,0,0,0,0,0,0,0,0,0,0
2004,80029,1,1,0,0,0,0,0,0,0,0,0,0
2004,80030,0,1,0,0,0,0,0,0,0,0,0,0
2004,80030,1,1,0,0,13,0,0,0,0,0,0,0
2004,80031,0,1,23,23,23,23,23,23,23,23,23,23
2004,80031,1,1,0,0,3,0,0,0,0,0,0,0
2004,80031,2,1,0,0,0,0,0,0,0,0,0,0
2004,80032,1,1,18,18,18,18,18,18,18,18,18,18
2004,80033,1,1,27,0,14,0,0,0,0,11,15,9
2004,80034,1,1,0,0,0,0,0,0,0,0,0,0
2004,80034,2,1,0,0,0,0,0,0,0,0,0,0
2004,80035,1,1,18,16,6,0,19,21,15,8,23,19
2004,80035,2,1,24,24,24,24,24,24,24,24,24,24
2004,80035,3,1,0,0,0,0,4,0,0,0,0,0
2004,80035,4,1,0,0,0,0,0,0,0,15,0,0
2004,80035,5,1,0,0,16,0,0,18,9,0,0,0
2004,80036,1,1,0,0,0,0,0,0,0,0,0,0
2004,80037,1,1,0,0,0,0,0,0,0,0,0,0
2004,80037,2,1,0,0,0,0,0,0,0,0,0,0
2004,80038,1,1,0,0,0,0,0,0,0,0,0,0
2004,80038,2,1,0,0,0,0,0,0,0,0,0,0
2004,80039,1,1,18,25,10,21,9,5,14,9,0,18
2004,80040,1,1,0,0,0,0,0,0,0,0,0,0
2004,80040,2,1,0,0,0,0,0,0,0,0,0,0
2004,80040,3,1,9,9,9,9,9,9,9,9,9,9
2004,80041,1,1,5,3,6,12,0,0,18,0,0,0
2004,80042,1,1,15,15,15,15,15,15,15,15,15,15
2004,80043,1,1,27,27,27,27,27,27,27,27,27,27
2004,80043,2,1,0,0,0,0,0,0,0,0,0,0
2004,80043,3,1,0,0,0,0,0,17,0,0,0,0
2004,80044,1,1,0,0,0,0,0,0,0,0,0,0
2004,80044,2,1,0,0,0,0,0,0,0,0,0,0
2004,80045,1,1,18,18,18,18,18,18,18,18,18,18
2004,80046,1,1,0,0,0,0,0,0,0,0,0,0
2004,80046,2,1,0,0,0,0,0,0,0,0,0,0
2004,80047,1,1,19,19,19,19,19,19,19,19,19,19
2004,80048,1,1,0,0,0,0,0,0,0,0,0,0
2004,80048,2,1,11,0,0,0,0,0,0,0,0,0
2004,80048,3,1,0,0,0,0,0,0,0,0,0,0
2004,80049,1,1,29,29,29,29,29,29,29,29,29,29
2004,80050,0,1,20,20,20,20,20,20,20,20,20,20
2004,80050,1,1,0,0,0,0,7,0,0,0,0,0
2004,80051,1,1,21,21,21,21,21,21,21,21,21,21
2004,80052,1,1,0,0,0,0,0,0,0,0,0,0
2004,80052,2,1,0,0,0,0,0,0,0,0,3,0
2004,80053,1,1,3,3,3,3,3,3,3,3,3,3
2004,80054,1,1,4,4,4,4,4,4,4,4,4,4
2004,80054,2,1,0,0,0,0,0,0,0,0,0,0
2004,80055,1,1,0,0,0,0,0,0,0,0,0,0
2004,80055,2,1,0,0,0,0,0,0,0,0,0,0
2004,80055,3,1,0,0,0,0,0,0,0,0,0,0
2004,80056,0,1,0,0,0,0,0,0,0,0,0,0
2004,80056,1,1,0,0,0,0,0,0,0,0,0,0
2004,80057,1,1,24,24,24,24,24,24,24,24,24,24
2004,80057,2,1,24,24,24,24,24,24,24,24,24,24
2004,80057,3,1,0,0,0,0,0,0,0,0,0,0
2004,80058,1,1,17,4,3,13,19,0,13,13,0,8
2004,80058,2,1,0,0,0,0,0,0,0,0,0,0
2004,80058,3,1,0,0,0,0,0,0,0,0,0,0
2004,80059,1,1,0,0,0,0,0,0,0,15,15,0
2004,80059,2,1,0,0,0,0,0,0,0,0,0,3
2004,80060,0,1,0,0,0,0,0,0,0,0,0,0
2004,80060,0,2,15,24,0,0,21,21,16,14,0,0
2004,80060,1,1,0,0,0,0,0,12,0,0,0,0
2004,80061,1,1,10,10,10,10,10,10,10,10,10,10
2004,80061,2,1,0,0,16,34,0,0,0,0,0,0
2004,80062,1,1,0,0,0,0,0,0,0,0,0,0
2004,80062,2,1,0,0,0,0,0,0,0,0,0,0
2004,80063,1,1,0,0,0,0,0,0,0,16,0,0
2004,80064,1,1,0,0,0,0,0,0,0,0,0,0
2004,80064,2,1,0,0,0,0,0,0,0,0,0,0
2004,80065,1,1,0,0,0,0,0,0,0,0,0,0
2004,80065,2,1,0,0,0,0,0,0,0,0,0,0
2004,80066,1,1,23,23,23,23,23,23,23,23,23,23
2004,80066,2,1,0,0,0,0,0,0,0,0,0,0
2004,80067,1,1,24,24,24,24,24,24,24,24,24,24
2004,80068,0,1,14,14,14,14,14,14,14,14,14,14
2004,80068,1,1,0,0,0,13,9,0,0,0,0,0
2004,80069,1,1,18,18,18,18,18,18,18,18,18,18
2004,80070,1,1,16,0,13,18,4,34,16,23,0,14
2004,80071,1,1,18,18,18,18,18,18,18,18,18,18
2004,80072,1,1,0,0,0,0,0,0,0,0,0,12
2004,80073,1,1,12,12,12,12,12,12,12,12,12,12
2004,80074,1,1,0,0,0,0,0,0,0,0,0,0
2004,80074,2,1,0,0,0,0,0,0,0,20,0,5
2004,80075,0,1,12,12,12,12,12,12,12,12,12,12
2004,80075,1,1,2,0,6,0,14,0,0,17,2,0
2004,80076,1,1,34,34,34,34,34,34,34,34,34,34
2004,80076,2,1,0,0,0,0,0,0,0,0,0,0
2004,80077,1,1,28,28,28,28,28,28,28,28,28,28
2004,80078,1,1,31,17,22,24,22,2,11,21,17,12
2004,80079,1,1,0,10,15,19,0,0,12,0,16,14
2004,80079,2,1,0,0,0,0,0,0,0,0,0,0
2004,80080,1,1,0,0,0,0,0,0,0,0,0,0
2004,80080,2,1,0,0,0,0,0,0,0,0,0,0
2004,80081,1,1,7,7,7,7,7,7,7,7,7,7
2004,80082,1,1,8,14,33,22,20,21,3,25,24,10
2004,80083,1,1,0,0,0,0,0,0,0,0,0,11
2004,80084,1,1,0,0,0,0,0,0,0,0,0,0
2004,80084,2,1,0,0,0,0,0,0,0,0,0,0
2004,80085,0,1,13,13,13,13,13,13,13,13,13,13
2004,80085,1,1,0,5,0,0,0,0,0,0,0,0
2004,80086,1,1,14,14,14,14,14,14,14,14,14,14
2004,80087,1,1,0,0,0,0,0,0,0,0,0,0
2004,80087,2,1,0,0,0,0,0,0,0,0,0,0
2004,80088,1,1,0,0,0,0,0,0,0,0,0,0
2004,80088,2,1,0,0,0,0,0,0,0,0,0,0
2004,80089,1,1,0,0,0,0,0,0,0,0,0,0
2004,80089,2,1,0,0,0,0,0,0,0,0,0,0
2004,80089,3,1,0,0,0,0,0,0,0,0,0,0
2004,80089,4,1,0,0,0,0,0,0,0,0,0,0
2004,80090,1,1,0,0,0,0,0,0,0,0,0,0
2004,80090,2,1,0,0,0,0,0,0,0,0,0,0
2004,80091,1,1,13,13,13,13,13,13,13,13,13,13
2004,80092,1,1,17,17,17,17,17,17,17,17,17,17
2004,80092,2,1,0,0,0,0,0,0,0,0,0,0
2004,80092,3,1,0,0,0,0,0,0,0,0,0,0
2004,80093,1,1,0,0,0,0,0,0,0,0,0,0
2004,80094,1,1,18,0,0,0,16,22,0,0,0,0
2004,80095,1,1,0,0,0,0,0,0,0,0,0,0
2004,80095,2,1,0,0,0,0,0,16,0,0,0,0
2004,80096,1,1,0,0,0,0,0,0,0,0,0,0
2004,80096,2,1,0,0,0,0,0,0,0,0,0,0
2004,80097,1,1,13,19,7,37,17,18,18,13,14,8
2004,80097,2,1,0,0,0,0,0,0,0,0,0,0
2004,80098,0,1,33,33,33,33,33,33,33,33,33,33
2004,80098,1,1,0,0,0,10,0,0,19,0,0,0
2004,80099,1,1,0,0,0,0,0,0,0,0,0,0
2004,80099,2,1,0,0,0,0,0,0,0,0,0,0
2004,80100,1,1,0,0,0,0,0,0,0,0,0,0
2004,80100,2,1,0,0,0,0,0,0,0,0,0,0
2004,80101,1,1,0,0,0,0,0,0,0,0,0,0
2004,80101,2,1,0,0,0,0,0,0,7,0,0,0
2004,80101,3,1,0,0,0,0,0,0,0,0,0,0
2004,80102,0,1,27,27,27,27,27,27,27,27,27,27
2004,80102,1,1,0,0,0,0,0,0,0,0,0,0
2004,80103,1,1,35,35,35,35,35,35,35,35,35,35
2004,80104,1,1,0,0,0,0,0,0,0,0,0,0
2004,80104,2,1,0,0,0,0,0,0,0,0,0,0
2004,80105,1,1,0,0,0,0,0,0,0,0,0,0
2004,80105,2,1,0,0,0,0,0,0,0,0,0,0
2004,80106,1,1,0,0,0,0,0,0,0,0,19,0
2004,80106,2,1,0,0,0,0,0,0,0,0,0,0
2004,80107,1,1,0,0,0,0,0,0,0,0,0,0
2004,80107,2,1,0,0,0,0,0,0,0,0,0,0
2004,80108,1,1,0,0,0,0,0,0,0,0,0,0
2004,80108,2,1,6,6,6,6,6,6,6,6,6,6
2004,80109,1,1,0,0,0,0,0,0,0,0,0,0
2004,80109,2,1,0,0,0,0,0,0,0,0,0,0
2004,80110,1,1,0,0,0,0,0,0,0,0,0,0
2004,80110,2,1,0,0,0,0,0,0,0,0,0,0
2004,80111,1,1,24,21,25,28,16,9,13,9,15,22
2004,80111,2,1,0,0,0,0,0,0,0,0,0,0
2004,80112,1,1,20,20,20,20,20,20,20,20,20,20
2004,80112,2,1,0,0,0,0,0,0,0,0,0,0
2004,80113,1,1,0,0,0,0,0,0,0,0,0,0
2004,80113,2,1,0,0,0,0,0,0,0,0,0,0
2004,80114,1,1,6,0,0,8,0,0,0,0,0,0
2004,80114,2,1,0,0,0,0,0,0,0,0,0,0
2004,80115,1,1,0,0,0,0,0,0,0,0,0,0
2004,80115,2,1,0,0,0,0,0,0,0,0,0,0
2004,80115,3,1,0,0,0,0,0,0,0,0,0,0
2004,80115,4,1,0,0,0,0,0,0,0,0,0,14
2004,80115,5,1,0,0,0,0,0,0,0,15,0,0
2004,80115,6,1,0,0,0,0,0,0,0,0,0,0
2004,80115,7,1,0,0,0,0,0,0,0,0,0,0
2004,80115,8,1,0,0,0,0,0,0,0,0,0,0
2004,80115,9,1,0,0,0,0,0,0,0,0,0,0
2004,80115,10,1,0,0,0,0,0,0,0,0,0,0
2004,80116,1,1,39,39,39,39,39,39,39,39,39,39
2004,80116,2,1,0,0,0,0,0,0,0,0,0,0
2004,80117,1,1,22,22,22,22,22,22,22,22,22,22
2004,80118,1,1,0,13,0,0,5,12,0,0,0,0
2004,80119,0,1,0,0,0,0,0,0,0,0,0,0
2004,80119,1,1,0,18,0,0,0,3,0,0,13,0
2004,80120,0,1,35,35,35,35,35,35,35,35,35,35
2004,80120,1,1,15,11,13,24,9,0,12,12,11,17
2004,80121,1,1,23,23,23,23,23,23,23,23,23,23
2004,80122,0,1,0,0,0,0,0,0,0,0,0,0
2004,80122,1,1,0,0,0,0,0,0,0,0,0,0
2004,80122,2,1,0,0,0,0,0,0,0,0,0,0
2004,80122,3,1,0,0,0,0,0,0,0,0,0,0
2004,80123,0,1,1,1,1,1,1,1,1,1,1,1
2004,80123,1,1,0,0,15,0,0,13,0,0,0,0
2004,80124,1,1,0,0,0,0,0,0,0,0,0,0
2004,80124,2,1,0,0,0,0,0,0,0,9,0,0
2004,80125,1,1,21,21,21,21,21,21,21,21,21,21
2004,80126,0,1,0,32,24,0,12,0,0,0,0,0
2004,80126,0,2,22,20,16,0,13,0,0,0,12,0
2004,80126,1,1,0,0,0,0,0,0,0,0,0,0
2004,80127,1,1,0,0,0,0,0,0,0,0,0,0
2004,80127,2,1,0,0,0,0,0,0,0,0,0,0
2004,80127,3,1,0,0,0,0,0,0,0,0,0,0
2004,80128,1,1,0,0,0,0,0,0,0,0,0,0
2004,80129,1,1,0,25,0,11,14,0,7,10,11,21
2004,80129,2,1,9,0,0,0,13,0,27,0,0,0
2004,80130,1,1,2,17,8,11,14,18,8,11,17,5
2004,80131,1,1,5,0,0,23,15,0,0,0,11,9
2004,80131,2,1,0,11,0,6,5,0,0,0,22,7
2004,80132,1,1,0,0,0,0,0,0,0,0,0,0
2004,80132,2,1,0,0,0,0,0,0,0,0,0,0
2004,80133,1,1,0,0,0,0,0,0,0,0,0,0
2004,80134,1,1,0,13,0,0,0,0,0,0,0,0
2004,80135,1,1,14,14,14,14,14,14,14,14,14,14
2004,80135,2,1,0,0,0,0,0,0,0,0,0,0
2004,80136,1,1,13,13,13,13,13,13,13,13,13,13
2004,80136,2,1,9,9,9,9,9,9,9,9,9,9
2004,80136,3,1,0,0,0,0,0,0,0,0,0,0
2004,80136,4,1,10,10,0,0,16,0,0,9,0,0
2004,80137,1,1,0,0,0,0,0,0,0,0,0,0
2004,80137,2,1,0,0,0,0,0,0,0,0,0,0
2004,80138,0,1,0,0,0,0,0,0,0,0,0,0
2004,80138,1,1,0,0,0,0,0,0,0,0,0,0
2004,80139,1,1,0,0,0,0,0,0,0,0,0,0
2004,80140,0,1,0,0,0,0,0,0,0,0,0,0
2004,80140,1,1,0,0,0,0,0,0,0,0,0,0
2004,80141,1,1,11,11,11,11,11,11,11,11,11,11
2004,80142,1,1,0,0,0,0,0,0,0,0,0,0
2004,80143,1,1,14,14,14,14,14,14,14,14,14,14
2004,80144,1,1,17,17,17,17,17,17,17,17,17,17
2004,80145,1,1,0,0,0,0,0,0,0,0,0,0
2004,80145,2,1,0,0,0,0,0,0,0,0,0,0
2004,80146,1,1,0,0,0,0,0,0,0,0,0,0
2004,80146,2,1,0,0,0,0,0,0,0,0,0,0
2004,80147,1,1,0,0,0,0,0,0,0,0,0,0
2004,80147,2,1,0,0,0,0,0,0,0,0,0,0
2004,80148,1,1,20,20,20,20,20,20,20,20,20,20
2004,80149,1,1,25,25,25,25,25,25,25,25,25,25
2004,80150,1,1,0,0,0,0,0,0,0,0,0,0
2004,80150,2,1,0,0,0,0,0,0,0,0,0,0
2004,80151,1,1,0,0,0,0,0,0,0,0,0,0
2004,80152,1,1,15,17,17,18,4,11,11,8,16,6
2004,80153,1,1,0,0,0,0,0,0,0,0,0,0
2004,80154,1,1,4,4,4,4,4,4,4,4,4,4
2004,80154,2,1,0,0,17,0,0,0,0,10,19,0
2004,80155,1,1,0,0,0,0,0,0,0,0,0,0
2004,80156,1,1,0,0,0,0,0,0,0,0,0,0
2004,80157,1,1,0,0,0,0,0,15,0,0,0,0
2004,80157,2,1,0,0,0,0,0,0,0,0,0,0
2004,80157,3,1,0,0,0,0,0,0,0,0,0,10
2004,80158,1,1,0,0,0,0,0,0,0,27,0,21
2004,80159,1,1,0,0,0,0,0,0,0,0,0,0
2004,80159,2,1,0,0,0,0,0,0,0,0,0,0
2004,80159,3,1,0,0,0,0,0,0,0,0,0,0
2004,80159,4,1,0,0,0,0,0,0,0,0,0,0
2004,80160,1,1,0,0,0,0,0,0,0,0,0,0
2004,80160,2,1,0,0,0,0,0,0,0,0,0,0
2004,80161,1,1,0,0,0,0,0,0,0,0,0,0
2004,80161,2,1,0,0,0,0,0,0,0,0,0,0
2004,80162,1,1,0,0,0,0,0,0,0,0,0,0
2004,80163,0,1,0,0,0,0,0,0,0,0,0,0
2004,80163,1,1,0,0,0,0,0,0,0,0,0,0
2004,80164,1,1,0,0,0,0,0,0,0,0,0,0
2004,80164,2,1,0,0,0,0,0,0,0,0,0,0
2004,80165,1,1,0,0,0,11,0,7,26,18,0,0