YEAR,ST_CASE,veh_no,per_no,P1,P2,P3,P4,P5,P6,P7,P8,P9,P10
2004,80444,2,1,0,0,0,0,0,0,0,0,0,0
2004,80445,1,1,0,0,0,0,0,0,0,0,0,0
2004,80445,2,1,0,0,0,0,0,0,0,0,0,0
2004,80445,3,1,0,0,0,0,0,0,0,0,0,0
2004,80446,0,1,6,6,6,6,6,6,6,6,6,6
2004,80446,1,1,0,0,0,0,0,0,0,0,0,0
2004,80447,1,1,0,0,0,0,0,0,0,0,0,0
2004,80447,2,1,0,0,0,0,0,0,0,0,0,0
2004,80448,0,1,0,9,0,0,0,0,0,0,0,0
2004,80448,1,1,0,0,0,0,0,0,0,0,0,0
2004,80449,1,1,0,0,0,0,0,0,14,19,0,0
2004,80450,0,1,0,0,0,0,0,0,0,0,0,0
2004,80450,1,1,0,0,7,0,0,0,0,0,0,0
2004,80451,1,1,0,0,16,0,0,0,0,0,7,0
2004,80451,2,1,0,0,0,0,0,0,0,0,0,0
2004,80452,1,1,14,14,14,14,14,14,14,14,14,14
2004,80453,1,1,14,11,0,0,0,13,0,21,15,0
2004,80453,2,1,0,0,0,0,0,0,0,0,0,0
2004,80454,1,1,0,0,0,0,0,0,0,0,0,0
2004,80454,2,1,0,0,0,0,0,0,0,0,0,0
2004,80455,0,1,28,28,28,28,28,28,28,28,28,28
2004,80455,1,1,0,28,12,0,0,0,0,0,0,0
2004,80456,1,1,21,21,21,21,21,21,21,21,21,21
2004,80456,2,1,0,0,0,0,0,0,0,0,0,0
2004,80457,1,1,26,26,26,26,26,26,26,26,26,26
2004,80457,2,1,0,0,0,0,0,0,0,0,6,0
2004,80458,1,1,0,0,0,0,0,0,0,0,0,31
2004,80459,1,1,0,0,27,20,29,0,0,4,0,0
2004,80460,1,1,27,27,27,27,27,27,27,27,27,27
2004,80461,1,1,0,0,0,0,0,0,0,0,0,0
2004,80461,2,1,0,0,0,0,0,0,0,0,0,0
2004,80462,1,1,0,0,0,0,0,0,0,0,0,10
2004,80462,2,1,0,0,0,0,0,0,0,0,0,0
2004,80462,3,1,0,0,0,0,0,0,0,0,0,0
2004,80463,1,1,24,24,24,24,24,24,24,24,24,24
2004,80463,2,1,0,0,0,0,0,0,0,0,0,0
2004,80464,1,1,0,0,0,0,0,0,0,0,0,0
2004,80464,2,1,0,0,0,0,0,0,0,0,0,0
2004,80465,1,1,0,0,0,0,0,0,0,0,0,0
2004,80466,1,1,0,0,0,0,0,0,0,0,0,0
2004,80466,2,1,0,0,0,0,0,0,0,0,0,0
2004,80467,1,1,0,0,0,0,0,0,0,0,0,0
2004,80468,1,1,1,1,1,1,1,1,1,1,1,1
2004,80469,1,1,0,0,0,0,0,0,0,0,0,0
2004,80470,1,1,0,0,0,14,0,0,0,0,0,0
2004,80470,2,1,0,0,0,0,0,0,0,0,0,0
2004,80471,0,1,12,12,12,12,12,12,12,12,12,12
2004,80471,1,1,0,0,0,0,0,0,0,0,0,11
2004,80472,1,1,0,0,0,0,0,0,0,0,0,0
2004,80472,2,1,0,0,0,0,0,0,0,0,0,0
2004,80473,1,1,1,1,1,1,1,1,1,1,1,1
2004,80473,2,1,0,0,0,0,0,0,0,0,0,0
2004,80473,3,1,0,0,0,0,0,0,0,0,0,7
2004,80474,1,1,0,0,0,0,0,0,0,0,0,0
2004,80475,1,1,14,14,14,14,14,14,14,14,14,14
2004,80476,1,1,0,0,18,0,20,0,0,0,0,0
2004,80477,1,1,0,0,0,0,0,0,0,0,22,0
2004,80477,2,1,20,0,0,0,0,0,0,8,12,20
2004,80478,1,1,0,0,0,7,0,0,17,0,0,0
2004,80479,1,1,8,0,0,0,0,0,0,8,0,0
2004,80479,2,1,0,0,0,0,0,0,0,0,0,0
2004,80480,1,1,16,15,9,8,0,24,8,0,22,15
2004,80481,1,1,0,0,0,0,0,0,0,0,0,0
2004,80481,2,1,0,0,0,0,0,0,0,0,0,0
2004,80482,1,1,0,0,0,0,0,0,0,0,0,0
2004,80483,1,1,25,25,25,25,25,25,25,25,25,25
2004,80484,1,1,0,0,0,0,0,0,31,0,0,12
2004,80485,1,1,0,0,0,0,0,0,0,0,0,0
2004,80485,2,1,5,0,0,17,0,0,0,0,0,0
2004,80486,1,1,0,0,0,0,0,0,7,0,0,11
2004,80487,1,1,26,26,26,26,26,26,26,26,26,26
2004,80488,1,1,16,16,16,16,16,16,16,16,16,16
2004,80489,0,1,24,24,24,24,24,24,24,24,24,24
2004,80489,1,1,5,0,0,0,19,24,0,0,0,24
2004,80490,1,1,29,29,29,29,29,29,29,29,29,29
2004,80491,1,1,0,0,0,0,0,0,0,0,0,0
2004,80491,2,1,0,0,0,0,0,0,0,0,0,0
2004,80491,3,1,0,0,0,0,0,0,0,0,0,0
2004,80492,1,1,5,13,18,5,8,9,23,0,7,4
2004,80492,2,1,0,21,0,20,0,0,0,0,0,0
2004,80492,3,1,0,0,0,0,0,0,0,0,0,0
2004,80492,4,1,0,0,0,0,0,0,10,0,9,0
2004,80493,1,1,15,15,15,15,15,15,15,15,15,15
2004,80493,2,1,0,0,0,0,0,0,0,0,0,0
2004,80493,3,1,0,0,0,0,17,0,0,0,0,16
2004,80493,4,1,11,0,0,0,0,0,0,0,0,0
2004,80494,1,1,0,0,0,25,0,0,0,0,20,0
2004,80495,1,1,0,0,0,0,0,0,0,0,0,0
2004,80495,2,1,0,0,0,0,0,0,0,0,0,0
2004,80496,1,1,14,0,0,0,25,0,0,0,0,0
2004,80497,1,1,20,30,15,18,42,8,11,10,7,11
2004,80498,1,1,0,0,0,0,0,0,0,0,0,0
2004,80498,2,1,0,0,0,0,0,0,0,0,12,0
2004,80499,1,1,15,15,15,15,15,15,15,15,15,15
2004,80500,1,1,0,0,0,0,0,0,0,0,0,0
2004,80500,2,1,0,0,0,0,0,0,0,0,12,0
2004,80500,3,1,0,0,0,0,0,0,0,0,0,0
2004,80500,4,1,0,0,23,0,0,0,0,0,0,0
2004,80501,1,1,23,23,12,12,10,24,20,16,8,16
2004,80501,2,1,17,17,17,17,17,17,17,17,17,17
2004,80502,1,1,0,0,0,0,0,0,0,0,0,0
2004,80502,2,1,0,0,0,0,0,0,0,0,0,0
2004,80503,1,1,0,0,0,0,0,0,0,0,0,0
2004,80504,0,1,0,0,0,0,13,0,14,0,0,0
2004,80504,1,1,0,0,0,0,0,0,0,0,0,0
2004,80505,1,1,14,32,0,8,7,16,11,10,30,0
2004,80506,1,1,0,0,0,0,0,0,0,10,0,0
2004,80506,2,1,0,0,0,0,0,0,0,0,0,0
2004,80507,1,1,0,0,0,0,0,0,11,0,0,0
2004,80507,2,1,0,0,0,0,0,0,0,0,0,0
2004,80508,1,1,5,0,0,0,0,17,0,0,0,19
2004,80509,1,1,0,0,0,0,0,0,0,0,0,0
2004,80509,2,1,0,0,0,0,0,0,0,0,0,0
2004,80510,0,1,0,0,0,0,0,0,0,0,0,0
2004,80510,1,1,0,0,0,0,0,0,0,0,0,0
2004,80511,1,1,0,0,0,0,0,0,0,0,0,0
2004,80511,2,1,0,0,0,0,0,0,0,0,0,0
2004,80512,1,1,23,23,23,23,23,23,23,23,23,23
2004,80513,1,1,0,0,0,0,0,0,0,0,0,0
2004,80513,2,1,0,0,0,0,0,0,0,0,0,0
2004,80513,3,1,0,0,0,0,0,0,0,0,0,0
2004,80514,0,1,22,22,22,22,22,22,22,22,22,22
2004,80514,1,1,0,0,0,0,0,0,0,0,0,0
2004,80515,0,1,21,21,21,21,21,21,21,21,21,21
2004,80515,1,1,5,0,6,0,0,0,0,0,0,0
2004,80516,1,1,9,22,15,19,21,17,25,25,20,40
2004,80517,1,1,0,0,0,0,0,0,0,0,0,0
2004,80517,2,1,0,0,0,0,0,0,0,0,0,0
2004,80518,1,1,23,20,25,23,13,23,9,17,22,9
2004,80519,1,1,6,20,18,23,12,15,17,25,14,9
2004,80520,0,1,0,0,0,0,0,0,0,0,0,0
2004,80520,1,1,0,0,0,0,0,0,0,0,0,0
2004,80520,2,1,0,0,0,0,0,0,0,0,0,0
2004,80521,1,1,24,24,24,24,24,24,24,24,24,24
2004,80522,1,1,0,0,0,0,0,0,0,0,0,0
2004,80522,2,1,0,0,0,0,0,0,0,0,0,0
2004,80523,1,1,0,0,0,0,0,0,0,0,0,0
2004,80523,2,1,0,0,0,10,0,0,0,0,0,0
2004,80524,1,1,0,0,0,0,0,0,0,0,0,0
2004,80524,2,1,0,0,0,0,0,0,0,0,0,0
2004,80525,1,1,13,22,16,17,5,9,21,0,5,12
2004,80526,1,1,9,0,0,0,12,0,25,0,0,10
2004,80527,1,1,0,0,0,0,0,0,0,0,0,0
2004,80527,2,1,0,0,0,0,0,0,0,0,0,0
2004,80527,3,1,0,0,0,0,0,0,0,0,0,0
2004,80527,4,1,0,22,9,0,0,0,0,0,2,0
2004,80528,1,1,0,13,0,0,0,0,26,0,6,0
2004,80529,0,1,0,34,0,0,0,0,0,18,0,0
2004,80529,0,2,0,0,0,0,0,0,0,0,0,0
2004,80529,0,3,0,0,0,0,0,0,0,0,0,0
2004,80529,0,4,15,0,0,16,0,0,17,0,23,0
2004,80529,3,1,14,0,0,16,0,0,0,0,0,0
2004,80529,4,1,0,0,0,0,0,0,20,0,0,32
2004,80530,1,1,22,0,0,0,0,0,13,0,0,0
2004,80530,2,1,0,0,0,0,0,28,0,0,0,0
2004,80531,1,1,0,0,0,0,0,0,0,0,0,0
2004,80531,2,1,0,0,0,0,0,0,0,0,0,0
2004,80532,1,1,0,0,0,0,0,0,0,0,0,8
2004,80533,1,1,0,0,0,0,0,0,0,0,0,0
2004,80533,2,1,0,0,0,0,0,0,0,0,0,0
2004,80533,3,1,0,0,0,0,0,0,0,0,0,0
2004,80534,1,1,0,0,0,0,0,0,0,0,0,0
2004,80535,1,1,0,0,0,0,0,0,0,0,0,0
2004,80536,1,1,0,0,0,0,0,0,0,0,0,11
2004,80536,2,1,0,0,0,0,17,14,0,0,17,0
2004,80537,1,1,0,0,0,0,0,15,0,0,0,0
2004,80537,2,1,0,0,0,0,0,0,0,0,0,0
2004,80538,1,1,0,0,0,0,0,0,0,26,0,0
2004,80538,2,1,0,0,0,0,0,0,0,0,0,0
2004,80539,1,1,0,0,0,0,0,0,0,0,0,0
2004,80540,0,1,0,0,0,0,0,0,0,0,0,0
2004,80540,1,1,0,0,0,0,0,0,0,0,0,0
2004,80541,1,1,14,14,14,14,14,14,14,14,14,14
2004,80542,0,1,0,0,0,0,0,0,0,0,0,0
2004,80542,1,1,0,0,0,0,0,0,0,0,0,0
2004,80543,0,1,28,28,28,28,28,28,28,28,28,28
2004,80543,1,1,8,19,13,7,17,33,9,0,4,29
2004,80544,1,1,23,23,23,23,23,23,23,23,23,23
2004,80545,1,1,0,0,19,12,0,0,0,0,0,13
2004,80545,2,1,0,0,0,0,0,0,0,0,0,0
2004,80546,1,1,17,17,17,17,17,17,17,17,17,17
2004,80546,2,1,0,0,0,0,0,0,0,0,0,0
2004,80547,1,1,28,28,28,28,28,28,28,28,28,28
2004,80548,1,1,0,0,0,0,0,0,0,0,0,0
2004,80549,1,1,0,0,0,0,0,0,0,0,0,0
2004,80550,1,1,0,0,0,0,0,0,0,0,0,0
2004,80551,1,1,23,23,23,23,23,23,23,23,23,23
2004,80552,1,1,8,8,8,8,8,8,8,8,8,8
2004,80552,2,1,0,0,0,0,0,0,0,0,0,0
2004,80553,1,1,0,0,0,0,0,0,0,0,0,0
2004,80554,1,1,0,0,0,0,0,0,0,0,0,0
2004,80554,2,1,0,0,0,0,0,0,0,0,0,0
2004,80555,1,1,0,0,0,11,0,0,0,0,0,0
2004,80556,1,1,0,0,0,0,0,0,0,0,0,7
2004,80556,2,1,0,0,0,0,0,0,0,0,0,0
2004,80557,1,1,0,0,0,0,0,0,0,0,0,0
2004,80558,1,1,0,0,0,0,0,0,0,0,0,0
2004,80558,2,1,0,0,0,0,0,0,0,0,0,0
2004,80558,3,1,0,0,0,0,0,0,22,0,0,6
2004,80559,0,1,0,0,0,0,0,0,0,0,0,0
2004,80559,1,1,0,0,0,0,0,0,0,0,0,0
2004,80560,1,1,0,0,0,0,0,0,0,0,0,0
2004,80560,2,1,0,0,0,0,0,21,0,0,0,0
2004,80561,1,1,13,11,11,9,10,8,16,12,0,10
2004,80561,2,1,0,0,0,0,0,0,0,0,0,0
2004,80562,1,1,0,0,0,0,0,0,0,0,0,0
2004,80562,2,1,0,0,0,0,0,0,0,0,0,0
2004,80562,3,1,0,0,0,0,0,0,0,0,7,10
2004,80563,1,1,0,0,0,0,0,0,0,0,0,0
2004,80564,1,1,26,26,26,26,26,26,26,26,26,26
2004,80565,1,1,0,0,0,0,0,0,0,0,0,0
2004,80565,2,1,0,15,0,0,0,0,0,0,0,0
2004,80566,1,1,0,0,0,0,0,0,0,0,0,0
2004,80566,2,1,0,0,0,0,0,0,0,0,0,0
2004,80567,0,1,0,0,0,0,0,0,0,0,0,0
2004,80567,1,1,0,0,8,7,0,0,0,14,0,8
2004,80568,1,1,29,29,29,29,29,29,29,29,29,29
2004,80569,1,1,0,0,0,0,0,0,0,0,0,0
2004,80569,2,1,0,0,0,0,0,0,0,0,0,0
2004,80570,1,1,10,0,18,18,0,0,0,0,0,12
2004,80571,1,1,0,0,0,0,0,10,0,0,0,0
2004,80571,2,1,0,0,0,0,0,0,0,18,0,0
2004,80572,1,1,0,33,0,0,0,0,0,0,0,0
2004,80572,2,1,0,0,0,0,0,0,0,0,0,0
2004,80573,1,1,0,0,0,0,0,0,0,0,0,0
2004,80573,2,1,0,0,0,0,0,0,0,0,0,0
2004,80574,1,1,14,14,14,14,14,14,14,14,14,14
2004,80575,1,1,0,0,0,0,0,0,0,0,0,0
2004,80575,2,1,0,0,0,0,0,0,0,0,0,0
2004,80576,0,1,0,0,0,0,0,0,0,0,0,0
2004,80576,1,1,0,0,0,0,0,0,17,0,0,0
2004,80577,1,1,0,0,0,0,0,0,0,0,0,0
2004,80577,2,1,0,0,0,0,0,0,0,0,0,0
2004,80578,1,1,16,0,17,17,20,18,10,11,11,7
2004,80578,2,1,0,0,0,0,0,0,0,0,0,0
2004,80578,3,1,0,0,0,0,0,0,0,0,10,0
2004,80579,1,1,17,12,11,16,13,22,13,24,26,23
2004,80580,1,1,18,18,18,18,18,18,18,18,18,18
2004,80581,1,1,0,0,0,0,0,0,0,0,0,0
2004,80581,2,1,0,0,0,0,0,0,0,0,0,0
2004,80582,1,1,0,0,0,0,0,0,0,0,0,0
2004,80582,2,1,0,0,0,0,0,18,0,0,0,0
2004,80583,1,1,0,0,0,0,16,0,0,0,0,0
2004,80583,2,1,0,0,0,0,0,4,10,0,0,0
2004,80584,1,1,3,3,3,3,3,3,3,3,3,3
2004,80584,2,1,13,13,13,13,13,13,13,13,13,13
2004,80585,1,1,0,0,0,0,0,0,0,0,0,0
2004,80586,1,1,0,0,0,0,0,0,0,0,0,0
2004,80586,2,1,1,1,1,1,1,1,1,1,1,1
2004,80587,1,1,0,0,0,0,32,0,0,18,0,0
2004,80588,1,1,21,21,21,21,21,21,21,21,21,21
2004,80589,1,1,0,0,0,0,0,0,0,0,0,0
2004,80589,2,1,0,0,0,0,0,0,0,0,0,0
2004,80590,1,1,27,27,27,27,27,27,27,27,27,27
2004,80591,0,1,0,0,0,0,0,0,7,0,0,0
2004,80591,1,1,0,0,0,0,0,0,0,0,0,0
2004,80592,1,1,0,0,0,0,0,0,0,0,0,0
2004,80592,2,1,0,0,0,0,0,0,0,0,0,0
2004,80593,0,1,21,21,21,21,21,21,21,21,21,21
2004,80593,1,1,15,8,13,9,15,8,6,11,14,25
2004,80594,0,1,33,33,33,33,33,33,33,33,33,33
2004,80594,1,1,10,0,14,17,21,15,11,18,13,15
2004,80595,1,1,0,0,0,0,0,0,0,0,0,0
2004,80596,0,1,0,0,0,0,0,0,0,0,0,0
2004,80596,1,1,0,0,0,0,0,0,0,0,0,0
2004,80597,1,1,0,0,0,0,0,0,0,14,0,0
2004,80597,2,1,0,0,0,0,0,0,0,0,0,0
2004,80597,3,1,0,14,0,0,0,0,0,0,0,11
2004,90001,1,1,0,0,0,0,0,0,0,0,0,0
2004,90002,1,1,0,0,0,0,0,0,0,0,0,0
2004,90003,1,1,0,0,0,0,0,0,0,0,0,0
2004,90004,1,1,19,19,19,19,19,19,19,19,19,19
2004,90005,2,1,0,0,0,0,0,0,0,0,0,0
2004,90006,1,1,29,29,29,29,29,29,29,29,29,29
2004,90007,1,1,0,0,0,0,0,0,0,0,0,0
2004,90007,2,1,0,0,0,0,0,0,0,0,0,0
2004,90008,1,1,25,25,25,25,25,25,25,25,25,25
2004,90009,1,1,20,20,20,20,20,20,20,20,20,20
2004,90010,1,1,0,0,0,0,0,0,0,0,0,0
2004,90010,2,1,0,0,0,0,0,0,0,0,0,0
2004,90011,1,1,0,0,0,0,0,0,0,0,0,0
2004,90011,2,1,0,0,0,0,0,0,0,0,0,0
2004,90012,1,1,0,0,0,0,0,0,0,0,0,0
2004,90012,2,1,0,0,0,0,0,0,0,0,0,0
2004,90012,3,1,0,0,0,0,0,0,0,0,0,0
2004,90013,1,1,0,0,0,0,0,0,0,0,0,0
2004,90013,2,1,0,0,0,0,0,0,0,0,0,0
2004,90014,1,1,0,0,0,0,0,0,0,0,18,0
2004,90015,1,1,0,0,0,0,0,0,0,0,0,0
2004,90016,1,1,27,9,15,22,19,16,22,21,29,37
2004,90017,1,1,0,0,0,0,0,0,0,0,4,0
2004,90018,1,1,0,0,0,0,0,0,0,0,0,0
2004,90019,1,1,13,0,0,0,0,0,0,0,0,0
2004,90019,2,1,0,0,0,0,0,0,0,0,0,0
2004,90020,1,1,20,20,20,20,20,20,20,20,20,20
2004,90021,1,1,19,19,19,19,19,19,19,19,19,19
2004,90022,1,1,0,0,0,0,0,0,0,0,0,0
2004,90022,2,1,0,0,0,0,0,0,0,0,0,0
2004,90023,1,1,14,14,14,14,14,14,14,14,14,14
2004,90024,0,1,0,0,0,0,0,0,0,0,0,0
2004,90024,1,1,0,0,0,0,0,0,0,0,0,0
2004,90025,1,1,0,0,14,12,20,9,22,0,15,0
2004,90026,1,1,0,0,0,0,0,0,0,0,0,0
2004,90026,2,1,0,0,0,0,0,0,0,0,0,0
2004,90027,1,1,23,23,23,23,23,23,23,23,23,23
2004,90028,1,1,7,7,7,7,7,7,7,7,7,7
2004,90029,1,1,36,36,36,36,36,36,36,36,36,36
2004,90030,1,1,0,0,0,0,0,0,0,0,0,0
2004,90030,2,1,0,0,0,0,0,7,0,0,0,15
2004,90031,1,1,0,0,0,0,0,0,0,0,0,0
2004,90031,2,1,0,0,0,0,0,0,0,0,0,0
2004,90032,1,1,15,15,15,15,15,15,15,15,15,15
2004,90033,1,1,0,0,0,0,0,0,0,0,0,0
2004,90034,1,1,0,0,0,0,0,0,0,0,0,0
2004,90034,2,1,0,0,0,0,0,0,0,0,0,0
2004,90035,1,1,0,0,0,0,0,0,0,0,0,0
2004,90036,1,1,0,0,0,0,0,0,0,0,0,0
2004,90037,0,1,0,0,0,0,0,0,0,0,0,0
2004,90037,1,1,0,0,0,0,0,0,0,0,0,0
2004,90038,0,1,20,6,0,0,0,8,26,0,9,0
2004,90038,1,1,0,0,0,0,0,0,0,0,0,0
2004,90039,1,1,0,0,0,0,0,0,0,0,0,0
2004,90040,1,1,21,21,21,21,21,21,21,21,21,21
2004,90041,1,1,8,8,8,8,8,8,8,8,8,8
2004,90041,2,1,0,0,0,0,0,0,0,0,0,0
2004,90041,3,1,0,0,0,0,0,0,0,0,0,0
2004,90041,4,1,0,0,0,0,0,0,0,0,0,0
2004,90042,1,1,0,0,0,0,0,0,0,0,0,0
2004,90043,1,1,0,15,0,0,0,0,0,0,0,8
2004,90043,2,1,2,2,2,2,2,2,2,2,2,2
2004,90044,1,1,3,3,3,3,3,3,3,3,3,3
2004,90044,2,1,0,0,0,6,0,0,0,10,16,0
2004,90045,1,1,15,15,15,15,15,15,15,15,15,15
2004,90046,1,1,9,9,9,9,9,9,9,9,9,9
2004,90047,0,1,29,29,29,29,29,29,29,29,29,29
2004,90047,1,1,5,35,0,9,34,12,6,0,20,4
2004,90048,1,1,12,0,11,0,19,0,33,0,5,0
2004,90048,2,1,0,0,0,0,25,0,0,33,0,0
2004,90049,0,1,0,0,0,0,0,0,0,0,0,0
2004,90050,1,1,16,12,17,0,0,24,15,0,0,0
2004,90050,2,1,17,17,17,17,17,17,17,17,17,17
2004,90051,1,1,0,0,0,0,0,0,0,0,0,0
2004,90051,2,1,0,11,0,0,0,0,0,0,0,0
2004,90052,1,1,0,0,0,0,0,0,0,0,0,0
2004,90052,2,1,0,0,0,13,19,13,0,0,10,0
2004,90053,1,1,11,11,11,11,11,11,11,11,11,11
2004,90054,1,1,16,16,16,16,16,16,16,16,16,16
2004,90054,2,1,0,0,0,0,0,0,0,0,0,0
2004,90055,1,1,0,0,0,0,0,0,0,0,0,0
2004,90055,2,1,0,0,0,0,0,0,0,0,0,0
2004,90056,1,1,0,0,0,0,0,0,0,0,0,0
2004,90056,2,1,0,0,0,0,0,0,0,0,0,0
2004,90057,1,1,0,0,0,0,0,0,0,0,0,0
2004,90057,2,1,0,0,0,0,0,0,0,0,0,0
2004,90058,1,1,0,0,0,0,0,0,0,0,0,0
2004,90059,1,1,0,0,0,0,0,0,0,0,0,0
2004,90059,2,1,0,0,0,0,0,0,0,0,0,0
2004,90060,1,1,0,0,0,0,0,0,0,0,0,0
2004,90061,1,1,25,15,0,14,5,7,19,0,18,0
2004,90061,2,1,36,7,21,14,9,23,32,0,21,24
2004,90062,1,1,10,6,27,25,25,0,17,23,11,17
2004,90063,1,1,0,0,0,0,0,0,0,0,0,0
2004,90063,2,1,0,0,0,0,0,0,0,0,0,0
2004,90063,3,1,0,0,0,7,0,0,0,0,0,0
2004,90063,4,1,0,0,0,0,0,0,0,0,0,0
2004,90064,0,1,21,18,0,0,0,0,0,0,0,0
2004,90064,1,1,0,0,0,0,0,0,0,0,0,0
2004,90065,1,1,5,0,0,0,0,0,0,0,0,0
2004,90065,2,1,17,0,12,12,0,0,15,0,20,0
2004,90066,1,1,33,33,33,33,33,33,33,33,33,33
2004,90067,1,1,35,35,35,35,35,35,35,35,35,35
2004,90068,1,1,0,0,15,0,0,0,0,0,12,20
2004,90069,1,1,0,0,0,0,0,0,0,0,25,0
2004,90070,1,1,0,0,0,0,0,0,0,0,0,0
2004,90070,2,1,0,6,17,0,0,15,0,0,14,18
2004,90071,1,1,0,2,0,0,0,0,0,0,13,0
2004,90072,1,1,0,0,0,0,0,0,0,0,0,0
2004,90072,2,1,0,0,0,0,0,0,0,0,0,0
2004,90072,3,1,0,0,0,0,0,0,0,0,0,0
2004,90073,1,1,0,0,0,0,0,0,0,0,0,0
2004,90073,2,1,0,0,0,6,12,0,0,0,0,6
2004,90074,1,1,0,0,0,0,0,0,0,0,0,0
2004,90074,2,1,0,0,0,0,0,0,0,0,0,0
2004,90074,3,1,0,0,0,0,0,0,0,0,0,0
2004,90075,1,1,0,0,0,8,12,37,0,0,12,0
2004,90076,0,1,0,0,0,0,0,0,0,0,0,0
2004,90076,1,1,0,9,10,17,5,11,23,17,18,12
2004,90076,2,1,0,0,0,0,0,0,0,0,0,0
2004,90076,3,1,0,0,0,0,0,0,0,0,0,0
2004,90077,1,1,18,18,18,18,18,18,18,18,18,18
2004,90078,1,1,0,0,0,0,0,0,0,0,0,0
2004,90079,1,1,0,0,0,0,0,0,0,0,0,0
2004,90079,2,1,0,0,0,0,0,16,0,0,16,0
2004,90079,3,1,0,0,0,0,0,0,0,0,0,0
2004,90079,4,1,0,0,0,0,0,0,0,0,0,0
2004,90080,1,1,3,3,3,3,3,3,3,3,3,3
2004,90081,0,1,0,0,0,0,0,0,0,0,0,0
2004,90081,1,1,0,0,0,0,0,0,0,0,0,0
2004,90082,1,1,0,0,0,0,0,0,0,0,0,0
2004,90082,2,1,0,0,0,0,0,0,0,0,0,0
2004,90082,3,1,0,0,0,0,0,0,0,0,0,0
2004,90082,4,1,0,0,0,0,0,0,0,0,0,0
2004,90083,1,1,0,0,0,0,0,0,0,0,0,0
2004,90083,2,1,0,0,0,0,0,0,0,0,0,0
2004,90084,1,1,24,24,24,24,24,24,24,24,24,24
2004,90085,1,1,8,8,8,8,8,8,8,8,8,8
2004,90085,2,1,13,13,13,13,13,13,13,13,13,13
2004,90086,1,1,35,35,35,35,35,35,35,35,35,35
2004,90086,2,1,0,0,0,0,0,0,0,0,0,0
2004,90087,1,1,0,0,0,0,0,0,0,0,0,0
2004,90088,1,1,0,0,0,0,0,0,0,0,0,0
2004,90089,1,1,0,0,0,0,0,0,0,0,0,0
2004,90090,0,1,0,0,0,0,0,0,0,0,0,0
2004,90090,1,1,0,0,16,0,0,0,0,0,0,0
2004,90090,2,1,15,0,0,0,0,0,0,0,0,0
2004,90091,1,1,8,8,8,8,8,8,8,8,8,8
2004,90092,1,1,23,23,23,23,23,23,23,23,23,23
2004,90093,1,1,34,34,34,34,34,34,34,34,34,34
2004,90093,2,1,0,0,0,0,0,0,0,0,0,0
2004,90094,1,1,27,27,27,27,27,27,27,27,27,27
2004,90095,1,1,0,5,0,10,0,12,0,0,0,0
2004,90095,2,1,0,0,0,0,0,0,0,0,0,0
2004,90096,1,1,0,0,12,0,17,26,13,0,32,0
2004,90097,1,1,0,0,0,0,0,0,0,0,0,0
2004,90098,1,1,0,0,23,0,0,0,0,0,0,0
2004,90098,2,1,0,0,0,0,0,0,0,0,0,0
2004,90099,0,1,0,0,9,0,0,11,34,0,0,0
2004,90099,2,1,0,0,0,11,0,0,0,19,0,0
2004,90100,1,1,0,31,18,13,28,8,7,13,16,16
2004,90101,1,1,38,38,38,38,38,38,38,38,38,38
2004,90102,1,1,0,0,0,0,0,0,0,0,0,0
2004,90103,1,1,14,14,14,14,14,14,14,14,14,14
2004,90104,1,1,53,53,53,53,53,53,53,53,53,53
2004,90105,0,1,0,0,0,0,0,0,0,0,0,0
2004,90105,1,1,0,0,0,0,0,0,0,0,0,0
2004,90106,1,1,11,11,11,11,11,11,11,11,11,11
2004,90107,1,1,0,0,0,0,0,0,0,0,0,0
2004,90108,0,1,0,0,0,0,0,0,0,0,0,0
2004,90108,1,1,0,0,0,0,0,0,0,0,0,0
2004,90109,1,1,0,0,10,0,0,0,10,13,0,0
2004,90110,1,1,0,0,0,0,0,0,0,0,0,0
2004,90111,1,1,0,0,21,0,0,0,0,0,0,0
2004,90111,2,1,24,24,24,24,24,24,24,24,24,24
2004,90112,1,1,13,13,13,13,13,13,13,13,13,13
2004,90113,1,1,0,0,0,36,0,19,0,0,0,0
2004,90113,2,1,0,0,0,0,14,0,0,0,0,14
2004,90113,3,1,0,0,35,0,24,15,24,0,18,29
2004,90114,1,1,0,13,19,5,0,7,24,22,26,17
2004,90115,1,1,19,13,8,23,11,12,0,4,24,0
2004,90115,2,1,0,0,0,0,0,0,0,0,0,0
2004,90116,1,1,0,0,0,0,0,0,0,0,0,0
2004,90117,1,1,0,0,0,0,0,0,0,0,0,0
2004,90117,2,1,0,0,0,0,0,0,0,10,0,0
2004,90118,0,1,15,15,15,15,15,15,15,15,15,15
2004,90118,1,1,0,0,4,0,0,0,0,0,0,0
2004,90119,1,1,0,0,0,21,0,0,0,0,0,0
2004,90119,2,1,0,0,0,0,0,0,0,0,0,4
2004,90120,1,1,0,19,27,16,16,2,13,0,21,0
2004,90121,1,1,2,2,2,2,2,2,2,2,2,2
2004,90122,1,1,14,14,14,14,14,14,14,14,14,14
2004,90123,1,1,0,0,0,0,0,0,0,0,0,0
2004,90123,2,1,0,0,0,0,0,0,0,0,0,0
2004,90124,1,1,0,15,0,0,0,0,0,0,0,0
2004,90124,2,1,0,0,0,0,0,0,0,0,0,0
2004,90125,1,1,0,0,0,0,0,20,0,25,0,0
2004,90125,2,1,0,0,0,0,0,0,0,0,0,12
2004,90126,1,1,9,9,9,9,9,9,9,9,9,9
2004,90127,1,1,0,0,0,0,0,0,0,0,0,0
2004,90128,1,1,12,12,12,12,12,12,12,12,12,12
2004,90128,2,1,0,0,0,0,0,0,0,0,0,0
2004,90129,1,1,22,31,0,5,15,10,0,18,0,12