YEAR,ST_CASE,veh_no,per_no,P1,P2,P3,P4,P5,P6,P7,P8,P9,P10
2004,90130,1,1,28,28,28,28,28,28,28,28,28,28
2004,90131,1,1,0,0,0,0,0,0,0,0,0,0
2004,90131,2,1,0,0,0,0,0,0,0,0,0,0
2004,90131,3,1,0,0,0,0,0,0,0,0,0,0
2004,90132,1,1,0,0,0,0,0,0,0,0,0,0
2004,90132,2,1,0,0,0,0,0,0,0,0,0,0
2004,90133,1,1,20,20,20,20,20,20,20,20,20,20
2004,90134,1,1,12,12,12,12,12,12,12,12,12,12
2004,90135,0,1,0,0,0,0,0,0,0,0,0,0
2004,90135,1,1,0,0,0,0,0,0,0,33,0,0
2004,90136,0,1,0,0,0,0,0,0,0,0,0,0
2004,90136,1,1,0,0,0,0,0,0,0,0,0,0
2004,90137,0,1,0,0,0,0,0,0,0,0,0,0
2004,90137,1,1,0,15,0,0,0,11,0,0,0,0
2004,90138,1,1,0,0,0,0,0,0,0,9,0,0
2004,90138,2,1,0,0,0,0,0,0,0,0,0,0
2004,90139,1,1,0,0,0,0,0,0,0,0,0,0
2004,90139,2,1,0,0,0,0,0,0,0,0,0,0
2004,90140,1,1,11,0,17,0,0,10,0,0,0,14
2004,90141,1,1,0,0,0,0,0,0,0,0,0,0
2004,90141,2,1,0,0,0,5,0,0,0,5,0,0
2004,90141,3,1,0,0,0,0,0,9,10,0,0,0
2004,90142,1,1,0,0,0,0,0,0,0,0,0,0
2004,90142,2,1,0,0,0,0,0,0,0,0,0,6
2004,90142,3,1,0,0,0,0,0,0,0,0,0,0
2004,90142,4,1,0,0,15,0,0,0,0,0,0,0
2004,90143,1,1,0,0,0,0,0,0,0,0,0,0
2004,90143,2,1,0,0,0,0,0,0,0,0,0,0
2004,90144,0,1,17,17,17,17,17,17,17,17,17,17
2004,90144,1,1,0,0,8,0,0,15,19,0,0,0
2004,90145,1,1,13,13,13,13,13,13,13,13,13,13
2004,90146,1,1,20,20,20,20,20,20,20,20,20,20
2004,90147,1,1,13,13,13,13,13,13,13,13,13,13
2004,90148,1,1,23,23,23,23,23,23,23,23,23,23
2004,90149,1,1,20,20,20,20,20,20,20,20,20,20
2004,90150,0,1,0,0,0,0,0,0,0,0,0,0
2004,90150,0,2,0,0,0,0,0,0,0,0,0,0
2004,90150,1,1,0,0,0,0,0,0,0,0,0,0
2004,90151,1,1,0,0,0,0,0,0,0,0,0,0
2004,90151,2,1,0,0,0,0,0,0,0,0,0,0
2004,90152,1,1,0,7,16,18,24,0,17,18,9,14
2004,90153,1,1,0,0,0,0,0,0,0,0,0,0
2004,90153,2,1,0,0,0,0,0,0,0,0,0,0
2004,90154,1,1,20,20,20,20,20,20,20,20,20,20
2004,90155,1,1,12,12,12,12,12,12,12,12,12,12
2004,90156,1,1,21,21,21,21,21,21,21,21,21,21
2004,90157,1,1,0,0,0,0,0,0,0,0,0,0
2004,90158,1,1,15,15,15,15,15,15,15,15,15,15
2004,90159,1,1,0,0,0,0,0,0,0,0,0,0
2004,90160,1,1,22,22,22,22,22,22,22,22,22,22
2004,90161,1,1,22,22,22,22,22,22,22,22,22,22
2004,90162,0,1,0,0,0,0,0,0,0,0,0,0
2004,90162,1,1,0,0,0,0,0,0,0,0,0,0
2004,90163,1,1,0,0,0,0,0,0,0,0,0,0
2004,90163,2,1,0,0,0,0,0,0,0,0,0,0
2004,90164,1,1,0,0,0,0,0,0,0,0,8,14
2004,90165,1,1,0,0,0,0,0,0,0,0,0,0
2004,90166,1,1,0,0,0,0,0,0,0,0,0,0
2004,90167,1,1,0,0,0,0,0,0,0,0,0,0
2004,90167,2,1,0,0,0,17,0,0,0,0,0,0
2004,90168,0,1,0,0,0,0,0,0,0,0,0,0
2004,90168,2,1,0,0,0,0,0,0,0,0,0,0
2004,90169,1,1,0,0,15,0,0,0,0,0,10,0
2004,90169,2,1,0,0,16,0,0,24,0,12,0,3
2004,90169,3,1,8,8,8,8,8,8,8,8,8,8
2004,90170,1,1,0,0,0,0,0,0,0,0,0,0
2004,90170,2,1,0,0,0,0,0,0,0,0,0,0
2004,90171,1,1,0,0,0,0,0,0,0,11,0,0
2004,90171,2,1,0,0,0,8,0,0,0,0,0,0
2004,90172,0,1,31,27,8,0,0,9,31,0,0,0
2004,90172,1,1,0,5,4,9,0,0,0,15,0,11
2004,90173,1,1,21,21,21,21,21,21,21,21,21,21
2004,90174,1,1,0,0,0,15,0,0,8,0,0,0
2004,90174,2,1,0,9,10,16,0,0,0,0,0,0
2004,90175,1,1,0,0,0,0,0,0,0,0,0,0
2004,90175,2,1,0,0,0,0,0,0,0,0,0,0
2004,90176,1,1,13,27,18,12,10,20,11,15,4,19
2004,90177,1,1,0,0,0,0,0,0,0,0,0,0
2004,90177,2,1,0,0,0,0,0,0,0,0,0,0
2004,90178,1,1,0,0,0,0,0,0,0,0,0,0
2004,90178,2,1,0,0,0,0,0,0,0,0,0,0
2004,90179,1,1,0,0,0,0,0,0,0,0,0,0
2004,90179,2,1,0,0,0,0,0,0,0,0,0,0
2004,90180,1,1,0,0,29,0,4,0,0,0,16,22
2004,90181,1,1,16,0,0,0,0,0,6,0,0,0
2004,90182,0,1,0,23,0,0,0,0,0,0,5,0
2004,90182,1,1,0,0,22,21,26,0,32,0,14,12
2004,90183,1,1,0,0,0,0,17,0,0,0,5,0
2004,90183,2,1,19,0,14,0,0,20,0,27,0,0
2004,90184,1,1,0,28,15,27,14,0,0,8,11,0
2004,90185,1,1,0,0,0,0,0,0,0,0,0,14
2004,90185,2,1,38,0,0,0,15,14,18,21,3,0
2004,90186,1,1,0,0,0,0,0,0,0,0,0,16
2004,90187,0,1,0,0,0,0,0,0,0,0,10,0
2004,90187,1,1,0,0,0,0,0,0,0,0,0,0
2004,90188,1,1,0,0,0,0,0,0,0,0,0,0
2004,90188,2,1,0,0,0,0,0,0,0,0,0,0
2004,90189,1,1,0,0,0,0,0,24,0,0,0,0
2004,90190,1,1,12,17,29,28,0,15,10,0,0,18
2004,90191,1,1,0,0,0,4,0,0,0,0,0,0
2004,90192,1,1,12,12,12,12,12,12,12,12,12,12
2004,90193,1,1,0,0,0,19,0,0,0,0,0,0
2004,90193,2,1,0,0,0,0,14,0,28,0,0,0
2004,90194,1,1,0,0,0,0,0,0,0,0,0,0
2004,90194,2,1,0,0,0,0,0,0,0,0,0,0
2004,90195,1,1,16,16,16,16,16,16,16,16,16,16
2004,90196,1,1,0,0,0,0,0,0,0,0,0,0
2004,90196,2,1,0,0,0,0,0,0,0,0,0,0
2004,90197,1,1,18,18,18,18,18,18,18,18,18,18
2004,90198,1,1,0,0,0,0,0,0,0,0,0,0
2004,90198,2,1,13,0,0,21,0,9,0,0,0,0
2004,90199,1,1,0,18,0,8,0,0,0,11,19,11
2004,90199,2,1,16,0,0,0,0,17,10,0,0,0
2004,90199,3,1,4,4,4,4,4,4,4,4,4,4
2004,90200,1,1,10,10,10,10,10,10,10,10,10,10
2004,90201,1,1,0,0,10,0,0,0,0,0,0,12
2004,90202,1,1,16,35,20,18,0,0,19,5,24,23
2004,90203,1,1,19,19,19,19,19,19,19,19,19,19
2004,90204,0,1,32,16,21,19,25,29,16,22,23,22
2004,90204,1,1,0,0,0,0,0,0,0,0,0,0
2004,90205,1,1,0,0,0,0,0,0,0,0,0,0
2004,90206,1,1,0,0,0,0,0,0,0,0,0,0
2004,90207,1,1,0,0,0,0,0,0,0,0,0,0
2004,90207,2,1,0,0,0,5,0,0,0,23,13,0
2004,90208,1,1,0,0,0,0,0,0,0,0,0,0
2004,90209,1,1,0,0,0,0,0,0,0,19,0,0
2004,90209,2,1,0,0,0,0,0,0,0,0,0,0
2004,90210,1,1,0,0,12,21,0,0,0,0,0,0
2004,90211,1,1,4,4,4,4,4,4,4,4,4,4
2004,90212,1,1,17,17,17,17,17,17,17,17,17,17
2004,90213,1,1,16,0,17,9,5,19,0,10,11,0
2004,90214,1,1,8,0,13,21,0,0,2,0,0,0
2004,90215,0,1,0,0,0,0,0,0,0,0,0,0
2004,90215,1,1,0,0,0,0,0,0,0,0,0,0
2004,90216,0,1,42,13,0,37,0,35,0,36,0,13
2004,90216,1,1,0,0,0,0,0,0,0,0,0,0
2004,90217,1,1,0,0,19,0,0,0,0,0,13,31
2004,90218,1,1,0,0,0,0,0,0,0,2,0,0
2004,90219,1,1,0,0,6,0,0,0,0,0,0,0
2004,90219,2,1,0,0,0,20,0,0,0,0,0,0
2004,90220,1,1,0,0,0,0,0,0,0,0,0,0
2004,90220,2,1,0,0,0,0,0,0,0,0,0,0
2004,90221,0,1,0,0,0,0,0,0,0,0,0,0
2004,90221,1,1,0,0,22,0,0,0,22,0,0,0
2004,90222,1,1,0,0,0,0,0,0,0,0,0,0
2004,90222,2,1,0,0,0,0,0,0,0,0,0,0
2004,90223,1,1,0,0,0,0,0,0,0,0,0,0
2004,90223,2,1,11,11,11,11,11,11,11,11,11,11
2004,90224,1,1,20,12,24,7,19,0,9,15,11,15
2004,90225,1,1,15,15,15,15,15,15,15,15,15,15
2004,90226,0,1,0,0,6,0,14,0,0,0,32,25
2004,90226,1,1,0,0,0,0,0,0,0,0,9,0
2004,90227,0,1,13,31,0,0,13,0,19,0,40,23
2004,90227,1,1,0,0,0,0,0,0,0,0,0,0
2004,90227,2,1,15,0,21,0,31,16,4,0,0,0
2004,90228,1,1,0,0,0,0,0,0,0,0,0,0
2004,90229,1,1,18,14,20,14,13,6,12,34,12,8
2004,90230,1,1,0,0,0,0,0,0,0,0,0,0
2004,90231,1,1,0,0,0,0,0,0,0,0,0,0
2004,90231,2,1,0,0,0,0,0,0,0,0,0,0
2004,90232,1,1,12,12,12,12,12,12,12,12,12,12
2004,90232,2,1,0,0,0,0,0,0,0,0,0,8
2004,90233,1,1,7,7,7,7,7,7,7,7,7,7
2004,90234,1,1,0,0,0,0,0,0,0,0,0,0
2004,90234,2,1,0,0,0,0,0,0,0,0,0,0
2004,90234,3,1,0,0,0,0,0,0,0,0,0,0
2004,90234,4,1,16,16,16,16,16,16,16,16,16,16
2004,90235,1,1,0,0,8,21,27,22,7,0,28,12
2004,90236,1,1,14,14,14,14,14,14,14,14,14,14
2004,90236,2,1,9,9,9,9,9,9,9,9,9,9
2004,90236,3,1,13,0,15,27,15,0,25,23,0,0
2004,90237,0,1,0,0,0,0,0,0,0,0,0,0
2004,90237,1,1,14,14,14,14,14,14,14,14,14,14
2004,90238,1,1,0,0,0,0,0,0,0,0,0,0
2004,90238,2,1,0,0,0,0,0,0,0,0,0,0
2004,90239,1,1,0,0,0,0,0,0,0,0,12,0
2004,90239,2,1,0,0,0,0,0,0,0,0,15,0
2004,90240,1,1,15,17,0,4,0,0,26,0,0,0
2004,90240,2,1,0,0,0,0,0,0,0,0,0,0
2004,90240,3,1,0,0,0,0,0,0,0,0,0,0
2004,90240,4,1,0,0,0,0,0,0,12,0,0,0
2004,90241,1,1,14,0,7,0,18,0,21,0,0,0
2004,90242,1,1,0,0,0,0,0,0,0,0,0,0
2004,90243,1,1,19,12,18,12,20,18,0,34,17,12
2004,90244,1,1,0,0,0,0,0,0,0,0,0,0
2004,90244,2,1,0,0,0,0,0,0,0,0,0,0
2004,90245,1,1,0,0,11,31,0,0,0,0,0,0
2004,90246,1,1,20,20,20,20,20,20,20,20,20,20
2004,90247,1,1,8,7,21,12,17,12,17,8,12,18
2004,90248,0,1,0,0,7,0,0,0,0,40,0,0
2004,90248,1,1,13,0,0,0,0,0,0,0,0,0
2004,90249,1,1,14,20,15,26,16,11,10,16,13,13
2004,90250,1,1,13,13,13,13,13,13,13,13,13,13
2004,90251,1,1,0,0,0,0,0,0,0,0,0,0
2004,90251,2,1,0,0,0,0,0,0,0,18,0,0
2004,90252,1,1,0,0,0,0,0,0,0,0,0,0
2004,90252,2,1,0,0,0,0,0,0,0,0,0,0
2004,90253,1,1,0,0,0,0,0,0,0,0,0,0
2004,90253,2,1,22,0,20,0,0,0,13,0,0,0
2004,90254,1,1,16,0,0,5,0,11,7,0,0,0
2004,90254,2,1,0,0,0,0,0,0,0,0,22,0
2004,90255,1,1,0,0,0,0,0,0,0,0,0,0
2004,90256,1,1,6,0,0,16,0,0,0,0,0,0
2004,90256,2,1,0,0,0,0,0,21,0,0,0,0
2004,90257,1,1,14,18,17,38,11,13,11,20,28,16
2004,90258,1,1,0,0,0,0,0,12,0,0,0,0
2004,90259,1,1,0,0,0,0,0,0,0,0,0,15
2004,90260,1,1,0,26,15,0,0,0,0,0,0,0
2004,90260,2,1,0,0,0,0,0,0,12,0,0,0
2004,90261,1,1,0,0,0,5,0,0,0,30,0,0
2004,90262,1,1,0,0,0,0,0,0,0,0,0,0
2004,90263,1,1,0,0,0,0,0,0,0,0,0,0
2004,90263,2,1,0,0,0,0,0,0,0,0,0,0
2004,90264,1,1,16,14,5,13,15,15,18,5,6,11
2004,90265,1,1,16,16,19,0,12,0,0,0,0,0
2004,90266,1,1,0,0,0,0,0,0,0,0,0,0
2004,90267,1,1,0,0,0,0,0,0,0,0,0,9
2004,90267,2,1,0,0,0,0,0,0,5,0,0,0
2004,90268,1,1,0,0,0,16,15,0,26,0,0,8
2004,90269,1,1,0,17,0,0,0,0,0,0,0,16
2004,90269,2,1,0,0,0,0,0,0,0,0,0,0
2004,90269,3,1,17,0,14,0,17,0,0,10,0,0
2004,90270,1,1,19,0,0,0,0,0,0,13,0,0
2004,90270,2,1,0,0,0,0,0,0,0,0,0,22
2004,90270,3,1,0,0,10,0,0,0,6,0,0,0
2004,90270,4,1,19,15,0,0,14,0,6,8,11,0
2004,90270,5,1,0,0,0,0,0,0,0,0,0,0
2004,90271,1,1,0,0,0,0,0,0,0,0,0,0
2004,90272,1,1,5,0,0,6,11,14,15,13,13,0
2004,90273,1,1,0,26,20,0,0,6,9,0,0,17
2004,90274,1,1,0,18,0,16,28,0,18,0,14,0
2004,90275,1,1,0,0,0,0,0,0,0,0,0,0
2004,90275,2,1,0,0,0,0,0,0,0,0,0,0
2004,90276,1,1,0,0,0,0,0,0,0,0,0,0
2004,90276,2,1,0,0,0,0,0,0,0,12,0,0
2004,90276,3,1,0,0,0,0,22,0,9,0,0,0
2004,90277,0,1,0,14,0,49,0,0,0,0,0,0
2004,90278,1,1,0,0,0,15,11,0,0,0,8,35
2004,90279,1,1,0,16,8,8,5,0,0,16,2,10
2004,90279,2,1,0,0,0,0,28,0,0,0,0,0
2004,90279,3,1,0,0,0,9,0,0,0,0,0,0
2004,90280,1,1,0,0,0,0,0,0,0,0,0,0
2004,90280,2,1,0,0,0,0,0,0,0,0,0,0
2004,100001,1,1,0,0,0,0,0,0,0,0,0,0
2004,100001,2,1,0,0,0,0,0,8,0,0,0,0
2004,100002,1,1,0,0,0,0,0,0,0,0,0,0
2004,100002,2,1,0,0,0,0,0,0,0,0,0,0
2004,100003,0,1,18,18,18,18,18,18,18,18,18,18
2004,100003,1,1,0,0,0,15,0,0,15,0,0,0
2004,100004,1,1,0,0,0,0,0,0,0,0,0,0
2004,100005,1,1,25,25,25,25,25,25,25,25,25,25
2004,100006,1,1,15,15,15,15,15,15,15,15,15,15
2004,100007,1,1,15,15,15,15,15,15,15,15,15,15
2004,100008,1,1,0,0,0,0,0,0,0,0,0,0
2004,100008,2,1,0,0,0,0,0,0,0,0,0,0
2004,100009,1,1,0,0,0,0,0,0,0,0,0,0
2004,100009,2,1,0,0,0,0,0,0,0,0,0,0
2004,100010,1,1,0,0,0,0,0,0,0,0,0,0
2004,100010,2,1,0,0,0,0,0,0,0,0,0,0
2004,100011,1,1,0,0,0,0,0,0,0,0,0,0
2004,100011,2,1,0,0,0,0,0,0,0,0,0,0
2004,100012,0,1,22,22,22,22,22,22,22,22,22,22
2004,100012,1,1,0,0,0,0,0,0,0,0,0,0
2004,100013,1,1,0,0,0,0,0,0,0,0,0,0
2004,100013,2,1,0,0,0,0,0,0,0,0,0,0
2004,100013,3,1,0,0,0,0,0,0,0,0,0,0
2004,100014,1,1,0,0,0,0,0,0,0,0,0,0
2004,100014,2,1,0,0,0,0,0,0,0,0,0,0
2004,100015,1,1,0,0,0,0,0,0,0,0,0,0
2004,100015,2,1,0,0,0,0,0,0,0,0,3,0
2004,100015,3,1,0,0,0,0,0,0,0,0,0,0
2004,100016,1,1,19,19,19,19,19,19,19,19,19,19
2004,100017,1,1,0,0,0,0,0,0,0,0,0,0
2004,100017,2,1,0,0,0,0,0,0,0,0,0,0
2004,100018,1,1,0,0,0,0,0,0,0,0,0,0
2004,100019,1,1,24,24,24,24,24,24,24,24,24,24
2004,100019,2,1,0,0,0,0,0,0,0,0,0,0
2004,100019,3,1,0,0,0,0,0,0,0,0,0,0
2004,100020,1,1,5,5,5,5,5,5,5,5,5,5
2004,100021,0,1,0,0,0,0,0,0,0,0,0,0
2004,100021,1,1,0,0,0,0,0,0,0,0,0,0
2004,100022,1,1,0,0,0,0,0,0,0,0,0,0
2004,100022,2,1,0,0,0,0,0,0,0,0,0,0
2004,100023,1,1,0,29,0,0,12,21,0,0,0,0
2004,100024,1,1,25,25,25,25,25,25,25,25,25,25
2004,100025,1,1,0,0,0,0,0,0,0,0,0,0
2004,100025,2,1,0,0,0,0,0,0,0,0,0,0
2004,100026,1,1,0,0,0,0,0,0,0,0,0,0
2004,100027,1,1,0,0,0,0,13,0,0,0,0,0
2004,100028,1,1,0,0,0,0,0,0,0,0,0,0
2004,100028,2,1,0,0,0,0,0,0,0,0,0,0
2004,100028,3,1,0,0,0,0,0,0,0,0,13,18
2004,100028,4,1,0,0,0,0,0,0,0,0,0,0
2004,100029,1,1,10,10,10,10,10,10,10,10,10,10
2004,100030,1,1,22,22,22,22,22,22,22,22,22,22
2004,100031,1,1,0,0,0,0,0,0,0,0,0,0
2004,100031,2,1,0,0,0,0,0,0,0,0,0,0
2004,100032,1,1,19,14,20,21,15,39,13,14,22,0
2004,100033,0,1,0,0,0,0,0,0,0,0,0,0
2004,100033,1,1,0,0,0,0,0,0,0,0,0,0
2004,100034,0,1,0,0,0,0,0,0,0,0,0,0
2004,100034,1,1,0,0,0,0,0,0,23,0,0,0
2004,100035,1,1,0,0,0,0,0,0,0,0,0,0
2004,100036,1,1,0,0,0,0,0,0,0,0,0,0
2004,100036,2,1,0,0,0,0,0,0,0,0,0,0
2004,100037,1,1,0,0,0,0,0,0,0,0,0,0
2004,100037,2,1,0,0,0,0,0,0,0,0,0,0
2004,100038,1,1,0,0,0,0,0,0,0,0,0,0
2004,100038,2,1,14,14,14,14,14,14,14,14,14,14
2004,100039,1,1,2,2,2,2,2,2,2,2,2,2
2004,100039,2,1,2,2,2,2,2,2,2,2,2,2
2004,100040,1,1,0,0,0,0,0,0,0,0,0,0
2004,100040,2,1,0,0,0,0,0,0,0,0,0,0
2004,100041,0,1,0,0,0,0,0,0,0,0,0,0
2004,100041,1,1,0,0,0,0,0,0,0,11,0,0
2004,100042,1,1,17,17,17,17,17,17,17,17,17,17
2004,100043,0,1,32,32,32,32,32,32,32,32,32,32
2004,100043,1,1,32,0,0,0,0,0,0,0,0,0
2004,100043,2,1,0,0,0,0,0,14,12,0,0,0
2004,100044,1,1,27,27,27,27,27,27,27,27,27,27
2004,100045,0,1,0,0,0,0,0,0,0,0,0,0
2004,100045,1,1,10,0,0,0,0,0,0,0,0,0
2004,100046,1,1,0,0,0,0,0,0,0,0,0,0
2004,100046,2,1,0,0,0,0,0,0,0,0,0,0
2004,100047,1,1,0,0,0,0,0,0,0,0,0,0
2004,100047,2,1,0,0,0,0,0,0,0,0,0,0
2004,100047,3,1,0,0,0,0,0,0,0,0,0,0
2004,100048,1,1,11,11,11,11,11,11,11,11,11,11
2004,100049,1,1,18,18,18,18,18,18,18,18,18,18
2004,100050,1,1,0,0,0,0,0,0,0,0,0,0
2004,100050,2,1,0,0,0,0,0,0,0,0,0,0
2004,100051,1,1,0,0,0,0,0,0,0,0,0,0
2004,100052,1,1,0,0,0,0,0,0,0,0,0,0
2004,100052,2,1,0,0,0,0,0,0,0,0,0,0
2004,100053,1,1,0,0,0,0,0,0,0,0,0,0
2004,100054,1,1,0,0,0,0,0,0,0,0,0,0
2004,100055,1,1,0,0,0,0,0,0,0,0,0,0
2004,100055,2,1,0,0,0,0,0,0,0,0,0,0
2004,100056,1,1,8,8,8,8,8,8,8,8,8,8
2004,100056,2,1,0,0,0,0,0,0,0,0,0,0
2004,100057,1,1,0,0,0,0,0,0,0,0,0,0
2004,100057,2,1,0,0,0,0,0,0,0,0,0,0
2004,100058,1,1,0,0,0,0,0,0,0,0,0,0
2004,100059,1,1,33,33,33,33,33,33,33,33,33,33
2004,100059,2,1,0,0,0,0,0,0,0,0,0,0
2004,100060,1,1,0,0,0,0,0,0,0,0,0,0
2004,100061,1,1,0,0,0,0,0,0,0,0,0,0
2004,100061,2,1,0,0,0,0,0,0,0,0,0,0
2004,100062,0,1,0,0,0,0,0,0,0,0,0,0
2004,100062,1,1,0,8,0,0,0,0,9,0,16,0
2004,100063,1,1,0,0,0,0,0,0,0,0,0,0
2004,100064,1,1,8,8,8,8,8,8,8,8,8,8
2004,100065,0,1,22,22,22,22,22,22,22,22,22,22
2004,100065,1,1,0,0,0,0,0,0,0,0,0,0
2004,100066,0,1,26,26,26,26,26,26,26,26,26,26
2004,100066,1,1,0,0,0,0,0,0,0,0,0,0
2004,100067,1,1,0,0,0,0,0,0,0,0,0,0
2004,100067,2,1,0,0,0,0,0,0,0,0,0,0
2004,100068,1,1,0,0,0,0,0,0,0,0,0,0
2004,100068,2,1,0,0,0,0,0,0,0,0,0,0
2004,100069,1,1,26,26,26,26,26,26,26,26,26,26
2004,100070,1,1,20,0,0,0,0,0,0,0,0,0
2004,100070,2,1,0,0,0,0,0,0,0,0,0,0
2004,100071,1,1,0,0,0,0,0,0,0,0,0,0
2004,100071,2,1,0,0,0,0,0,0,0,0,0,0
2004,100072,1,1,14,14,14,14,14,14,14,14,14,14
2004,100073,0,1,0,0,0,0,0,0,0,0,0,0
2004,100073,1,1,0,0,0,0,0,0,0,0,0,0
2004,100074,1,1,0,0,0,0,0,0,0,0,0,0
2004,100074,2,1,0,0,0,0,0,0,0,0,0,0
2004,100075,1,1,17,17,17,17,17,17,17,17,17,17
2004,100075,2,1,0,0,0,0,0,0,0,0,0,0
2004,100075,3,1,0,0,0,0,0,0,0,0,0,0
2004,100075,4,1,0,0,0,0,0,0,0,0,0,0
2004,100076,0,1,0,0,0,0,0,0,0,0,0,0
2004,100076,1,1,0,0,0,0,0,0,0,0,12,0
2004,100077,1,1,0,0,0,0,0,0,2,0,0,0
2004,100077,2,1,0,0,0,0,0,0,0,0,0,0
2004,100078,1,1,0,0,0,0,0,0,0,0,0,0
2004,100078,2,1,0,0,0,0,0,0,0,0,0,0
2004,100079,1,1,0,0,0,0,0,0,0,0,0,0
2004,100079,2,1,0,0,0,0,0,0,0,0,0,0
2004,100080,1,1,0,0,0,0,0,0,0,0,0,0
2004,100080,2,1,0,0,0,0,0,0,0,0,0,0
2004,100081,1,1,17,20,14,12,16,16,9,23,20,31
2004,100082,1,1,0,0,0,0,0,0,0,0,0,0
2004,100082,2,1,0,0,0,0,0,0,0,0,0,0
2004,100083,1,1,0,0,0,0,0,0,0,0,0,0
2004,100083,2,1,0,0,0,0,0,0,0,0,0,0
2004,100084,1,1,0,0,0,0,0,0,0,0,0,0
2004,100084,2,1,0,0,0,0,0,0,0,0,0,0
2004,100085,0,1,8,8,8,11,31,14,33,33,27,24
2004,100085,1,1,18,0,0,21,0,0,0,0,0,0
2004,100086,1,1,0,0,0,0,0,0,0,0,0,0
2004,100086,2,1,0,0,0,0,6,0,0,0,0,0
2004,100087,1,1,9,9,9,9,9,9,9,9,9,9
2004,100088,1,1,27,27,27,27,27,27,27,27,27,27
2004,100089,1,1,32,22,33,8,22,11,43,11,2,0
2004,100089,2,1,0,0,0,0,0,0,0,0,0,0
2004,100090,0,1,20,20,20,20,20,20,20,20,20,20
2004,100090,1,1,0,0,0,0,0,0,0,0,0,0
2004,100091,1,1,0,0,0,0,0,0,0,0,0,0
2004,100092,1,1,27,27,27,27,27,27,27,27,27,27
2004,100093,1,1,0,0,0,0,0,0,0,0,0,0
2004,100093,2,1,0,0,0,0,0,0,0,0,0,0
2004,100094,1,1,0,0,0,0,0,0,0,0,0,0
2004,100094,2,1,0,0,0,0,0,0,0,0,0,0
2004,100095,1,1,14,14,14,14,14,14,14,14,14,14
2004,100096,1,1,0,0,0,0,0,0,0,0,0,0
2004,100096,2,1,0,0,0,0,0,0,0,0,0,0
2004,100097,1,1,0,0,0,0,0,0,0,0,0,0
2004,100097,2,1,0,0,0,0,0,0,0,0,0,0
2004,100098,1,1,0,0,0,0,0,0,0,0,0,0
2004,100098,2,1,0,5,0,0,12,0,0,11,0,0
2004,100099,1,1,5,5,5,5,5,5,5,5,5,5
2004,100100,1,1,0,0,0,0,5,12,0,18,0,0
2004,100101,1,1,0,11,14,13,11,12,19,0,14,8
2004,100101,2,1,0,0,0,0,0,0,0,0,0,0
2004,100102,1,1,0,0,0,0,0,0,0,0,0,0
2004,100103,1,1,9,9,9,9,9,9,9,9,9,9
2004,100103,2,1,0,0,0,0,0,0,0,0,0,0
2004,100104,1,1,0,0,0,0,0,0,0,0,0,0
2004,100105,1,1,0,0,0,0,0,0,0,0,0,0
2004,100105,2,1,0,0,0,0,0,0,0,23,0,0
2004,100106,0,1,25,25,25,25,25,25,25,25,25,25
2004,100106,1,1,0,0,0,0,14,0,19,0,10,0
2004,100107,1,1,23,19,11,5,0,0,14,8,8,12
2004,100108,1,1,0,0,0,0,0,25,0,19,0,0
2004,100109,1,1,0,0,0,0,0,0,0,0,0,0
2004,100110,1,1,0,0,0,0,0,0,0,0,0,0
2004,100111,1,1,0,0,0,0,0,0,0,0,0,0
2004,100111,2,1,0,0,0,0,0,0,0,0,0,0
2004,100112,0,1,11,11,11,11,11,11,11,11,11,11
2004,100112,1,1,0,0,0,0,0,0,0,0,0,9
2004,100113,1,1,0,0,0,0,0,0,0,0,0,0
2004,100113,2,1,0,0,0,0,22,16,0,0,0,0
2004,100114,1,1,0,0,0,0,0,0,0,0,0,0
2004,100114,2,1,0,0,0,0,0,0,0,0,0,0
2004,100115,1,1,0,0,0,0,0,0,0,0,0,0
2004,100116,0,1,0,0,0,0,0,0,0,0,0,0
2004,100116,1,1,0,0,0,0,0,0,0,0,0,0
2004,100117,1,1,25,25,25,25,25,25,25,25,25,25
2004,100118,1,1,0,0,0,0,0,12,12,9,0,0
2004,100118,2,1,0,0,0,0,0,0,0,0,0,0
2004,100119,1,1,26,26,26,26,26,26,26,26,26,26
2004,100119,2,1,0,0,0,0,0,0,0,0,0,0
2004,100120,1,1,15,15,15,15,15,15,15,15,15,15
2004,100121,0,1,0,0,0,0,0,0,0,0,0,0
2004,100121,1,1,0,0,0,0,0,0,0,0,0,0
2004,100122,1,1,0,0,0,0,0,0,0,0,0,0
2004,100122,2,1,0,0,0,0,0,0,0,0,0,0
2004,100123,1,1,0,0,0,0,0,0,0,0,0,4
2004,100123,2,1,0,0,0,0,0,0,11,0,0,0
2004,100124,1,1,0,0,0,0,0,0,0,0,0,0
2004,100125,1,1,0,0,0,0,0,0,0,0,0,0
2004,110001,1,1,0,0,0,0,0,0,0,0,0,0
2004,110002,1,1,13,13,13,13,13,13,13,13,13,13
2004,110002,2,1,0,0,18,0,0,0,0,0,0,0
2004,110003,0,1,0,0,0,0,0,0,0,0,0,0
2004,110003,0,2,0,0,0,0,0,0,0,0,0,0
2004,110003,1,1,0,0,0,0,13,0,0,0,0,0
2004,110004,1,1,15,20,8,20,0,0,8,0,13,21
2004,110004,2,1,0,0,5,3,12,0,11,10,0,0
2004,110005,1,1,0,0,0,0,0,0,0,0,0,0
2004,110005,2,1,3,3,3,3,3,3,3,3,3,3
2004,110006,1,1,14,14,14,14,14,14,14,14,14,14