YEAR,ST_CASE,veh_no,per_no,P1,P2,P3,P4,P5,P6,P7,P8,P9,P10
2004,110007,1,1,0,0,0,0,0,0,0,0,0,0
2004,110007,2,1,0,0,0,0,0,0,0,0,0,0
2004,110008,1,1,0,0,19,20,14,4,25,0,16,18
2004,110009,1,1,0,25,0,0,7,0,23,0,10,25
2004,110010,1,1,23,23,23,23,23,23,23,23,23,23
2004,110011,0,1,0,0,0,0,21,0,0,0,0,0
2004,110011,1,1,0,0,0,0,0,0,0,0,0,0
2004,110012,1,1,0,0,0,0,0,0,0,0,0,0
2004,110012,2,1,0,0,0,0,0,0,0,0,0,0
2004,110013,1,1,0,0,0,0,0,0,0,0,0,0
2004,110013,2,1,0,0,0,0,0,0,0,0,0,0
2004,110013,3,1,0,16,0,0,0,0,0,0,0,0
2004,110013,4,1,0,0,0,13,0,0,0,0,0,0
2004,110014,1,1,0,0,0,0,0,0,0,0,0,0
2004,110014,2,1,0,0,0,14,24,0,0,0,0,0
2004,110015,1,1,3,3,3,3,3,3,3,3,3,3
2004,110015,2,1,0,0,0,11,0,0,0,0,33,0
2004,110016,1,1,37,37,37,37,37,37,37,37,37,37
2004,110017,0,1,30,4,22,17,25,24,24,43,20,0
2004,110017,1,1,7,7,7,7,7,7,7,7,7,7
2004,110018,1,1,0,0,0,0,0,0,0,0,10,0
2004,110019,1,1,0,0,0,0,0,0,0,0,0,0
2004,110019,2,1,15,15,15,15,15,15,15,15,15,15
2004,110019,3,1,0,8,0,0,5,0,14,0,5,0
2004,110019,4,1,0,0,11,0,0,29,0,0,0,0
2004,110020,1,1,0,0,0,0,0,0,0,0,0,0
2004,110020,2,1,0,0,7,12,0,7,0,0,0,0
2004,110021,1,1,0,0,0,0,0,0,0,0,0,0
2004,110021,2,1,0,0,0,0,0,0,0,0,0,0
2004,110022,0,1,21,0,0,26,0,0,0,11,0,0
2004,110022,1,1,0,0,0,0,0,0,0,0,0,0
2004,110023,1,1,20,20,20,20,20,20,20,20,20,20
2004,110023,2,1,0,0,0,0,0,0,0,0,0,0
2004,110024,1,1,0,0,16,0,0,0,0,0,0,0
2004,110024,2,1,0,0,0,0,0,0,0,0,0,0
2004,110024,3,1,0,0,0,0,0,0,0,0,0,0
2004,110025,1,1,0,0,0,0,0,0,0,0,0,0
2004,110025,2,1,0,0,12,0,11,0,0,0,0,0
2004,110026,1,1,0,0,0,7,0,0,0,0,0,0
2004,110026,2,1,6,6,6,6,6,6,6,6,6,6
2004,110027,0,1,0,0,0,0,0,0,0,0,0,0
2004,110027,1,1,0,0,0,0,0,0,0,0,0,0
2004,110028,1,1,19,0,0,22,18,0,0,15,17,0
2004,110028,2,1,0,0,0,0,0,0,0,0,0,0
2004,110029,0,1,0,0,0,0,0,0,0,0,0,0
2004,110029,2,1,0,0,0,0,0,0,0,0,0,0
2004,110030,0,1,0,0,0,0,0,0,0,0,0,0
2004,110030,1,1,0,0,0,0,0,0,0,0,0,0
2004,110031,0,1,0,0,0,0,0,0,0,0,0,0
2004,110031,1,1,0,0,0,0,0,0,0,0,0,0
2004,110032,0,1,0,13,35,0,9,0,0,0,15,12
2004,110032,1,1,0,0,0,0,0,0,0,0,0,0
2004,110033,0,1,0,0,0,16,28,6,0,0,4,19
2004,110033,1,1,21,0,13,17,0,0,0,8,11,8
2004,110034,0,1,0,0,0,0,0,0,0,0,0,0
2004,110034,0,2,0,0,0,0,0,0,0,0,0,0
2004,110034,1,1,0,0,0,0,0,0,0,0,0,0
2004,110034,2,1,0,0,0,0,0,0,0,0,0,0
2004,110035,1,1,0,0,0,0,0,0,0,0,0,0
2004,110035,2,1,0,0,0,0,0,0,0,0,0,0
2004,110036,1,1,0,0,0,0,0,0,0,0,0,0
2004,110036,2,1,10,12,0,0,15,9,15,19,0,22
2004,110037,1,1,24,0,0,25,7,0,10,0,24,0
2004,110037,2,1,0,0,0,0,0,0,0,0,0,0
2004,110038,1,1,11,21,23,20,16,11,34,5,15,0
2004,110038,2,1,0,0,0,0,0,0,0,0,0,0
2004,110039,1,1,18,0,15,0,9,16,6,8,19,8
2004,110040,1,1,0,0,0,0,0,0,0,0,0,0
2004,110040,2,1,0,0,0,0,0,0,0,0,0,0
2004,110041,1,1,13,0,0,0,0,0,0,0,0,5
2004,110041,2,1,0,0,0,0,0,0,0,0,0,0
2004,120001,1,1,27,27,27,27,27,27,27,27,27,27
2004,120002,1,1,0,0,9,0,21,0,19,10,0,0
2004,120003,1,1,20,0,0,0,0,0,0,24,0,16
2004,120003,2,1,17,17,17,17,17,17,17,17,17,17
2004,120004,1,1,35,0,0,0,0,0,0,28,0,0
2004,120004,2,1,14,14,14,14,14,14,14,14,14,14
2004,120005,0,1,10,0,7,0,14,0,25,0,17,14
2004,120005,1,1,0,0,0,0,0,0,13,0,0,15
2004,120006,1,1,14,14,14,14,14,14,14,14,14,14
2004,120007,1,1,0,0,0,0,0,0,0,0,0,0
2004,120008,0,1,22,22,22,22,22,22,22,22,22,22
2004,120008,1,1,0,0,0,0,0,0,0,0,0,0
2004,120009,1,1,0,0,0,0,0,0,0,0,0,0
2004,120009,2,1,0,0,0,0,0,0,0,0,0,0
2004,120010,1,1,0,20,0,0,0,20,6,0,0,24
2004,120010,2,1,0,0,0,0,0,0,0,0,0,0
2004,120010,3,1,0,0,0,5,0,25,19,0,0,0
2004,120011,1,1,0,0,0,0,0,0,0,0,0,0
2004,120011,2,1,0,0,0,0,4,0,0,0,0,0
2004,120011,3,1,0,0,0,0,0,0,0,0,0,0
2004,120011,4,1,0,0,0,0,0,0,0,0,0,0
2004,120012,1,1,0,0,0,0,0,0,0,0,0,0
2004,120012,2,1,0,0,0,0,0,0,0,0,0,0
2004,120013,1,1,0,0,0,0,0,0,0,0,0,0
2004,120014,1,1,35,35,35,35,35,35,35,35,35,35
2004,120015,1,1,0,0,0,0,0,0,0,0,0,0
2004,120015,2,1,0,0,0,0,0,0,0,0,0,0
2004,120016,0,1,10,10,10,10,10,10,10,10,10,10
2004,120016,1,1,0,15,0,0,0,11,0,0,0,0
2004,120017,1,1,12,12,12,12,12,12,12,12,12,12
2004,120017,2,1,11,11,11,11,11,11,11,11,11,11
2004,120018,1,1,17,17,17,17,17,17,17,17,17,17
2004,120019,1,1,0,0,0,0,0,0,0,0,0,0
2004,120019,2,1,0,0,0,0,0,0,0,0,0,0
2004,120020,0,1,0,0,0,0,0,0,0,0,0,0
2004,120020,1,1,0,0,0,0,0,0,0,0,0,0
2004,120021,1,1,17,0,0,11,0,0,0,0,0,0
2004,120022,1,1,11,11,11,11,11,11,11,11,11,11
2004,120023,0,1,0,0,0,0,0,0,0,0,0,0
2004,120023,1,1,0,0,0,0,0,0,0,0,0,0
2004,120024,0,1,0,0,0,0,0,0,0,0,0,0
2004,120024,1,1,0,0,0,0,0,0,0,0,0,0
2004,120025,1,1,16,16,16,16,16,16,16,16,16,16
2004,120026,1,1,26,26,26,26,26,26,26,26,26,26
2004,120027,1,1,0,0,0,0,0,0,0,0,0,0
2004,120028,1,1,0,0,0,0,0,0,0,0,0,0
2004,120028,2,1,0,0,0,0,0,0,0,0,13,0
2004,120029,1,1,0,0,0,0,0,0,0,0,0,0
2004,120030,1,1,0,0,6,0,0,0,0,26,0,0
2004,120031,1,1,0,0,0,0,0,0,0,0,0,0
2004,120031,2,1,0,0,0,0,0,0,0,0,0,0
2004,120031,3,1,0,0,4,0,0,0,8,0,0,0
2004,120031,4,1,0,0,0,0,0,0,0,0,0,0
2004,120032,1,1,0,0,0,0,0,0,0,0,0,0
2004,120032,2,1,0,0,0,0,0,0,0,0,0,0
2004,120032,3,1,0,0,0,0,0,0,0,0,0,0
2004,120032,4,1,0,0,0,0,0,0,0,0,0,0
2004,120033,1,1,18,18,18,18,18,18,18,18,18,18
2004,120033,2,1,2,2,2,2,2,2,2,2,2,2
2004,120034,0,1,0,0,0,0,0,0,0,0,0,0
2004,120034,1,1,0,0,0,13,0,0,0,0,5,0
2004,120035,0,1,0,33,0,28,0,15,3,0,0,0
2004,120035,0,2,0,0,0,0,0,0,0,0,0,0
2004,120035,1,1,0,0,0,0,0,0,0,0,0,0
2004,120036,1,1,12,12,12,12,12,12,12,12,12,12
2004,120037,0,1,0,0,0,0,0,0,0,0,0,0
2004,120037,1,1,0,0,0,0,0,0,0,10,0,11
2004,120038,1,1,0,0,0,0,0,0,0,0,0,0
2004,120039,1,1,0,0,0,0,0,0,0,0,0,0
2004,120040,1,1,0,0,0,0,0,0,0,0,0,0
2004,120040,2,1,0,0,0,0,0,0,0,0,0,0
2004,120041,1,1,0,0,0,0,0,0,0,0,0,0
2004,120041,2,1,0,0,0,0,0,0,0,0,0,0
2004,120042,1,1,0,0,0,0,0,0,0,0,0,0
2004,120043,1,1,0,0,0,0,0,0,0,0,0,0
2004,120044,1,1,0,0,0,0,0,0,0,0,0,0
2004,120044,2,1,0,0,0,0,0,0,0,0,0,0
2004,120045,0,1,0,2,0,13,0,0,32,0,0,0
2004,120045,1,1,0,0,0,0,0,0,0,0,0,0
2004,120046,1,1,0,0,0,0,0,0,0,0,0,0
2004,120046,2,1,0,0,0,0,0,0,10,0,0,0
2004,120046,3,1,0,0,0,0,0,0,0,0,0,0
2004,120047,0,1,0,0,0,0,0,0,0,0,0,0
2004,120047,1,1,0,0,0,0,0,0,0,0,0,0
2004,120048,1,1,33,33,33,33,33,33,33,33,33,33
2004,120049,1,1,18,18,18,18,18,18,18,18,18,18
2004,120050,1,1,13,13,13,13,13,13,13,13,13,13
2004,120050,2,1,0,0,0,0,0,0,0,0,0,0
2004,120051,1,1,0,0,0,0,0,0,0,0,0,0
2004,120051,2,1,0,0,0,0,0,0,0,0,0,0
2004,120052,1,1,16,16,16,16,16,16,16,16,16,16
2004,120053,1,1,0,0,33,0,0,22,0,0,0,0
2004,120053,2,1,0,0,0,0,0,4,0,14,0,0
2004,120054,1,1,11,11,11,11,11,11,11,11,11,11
2004,120055,1,1,0,0,0,0,0,0,0,0,0,0
2004,120056,1,1,0,0,0,0,0,0,0,0,0,0
2004,120056,2,1,0,0,0,0,0,0,0,0,0,0
2004,120057,1,1,22,22,22,22,22,22,22,22,22,22
2004,120057,2,1,29,0,0,0,0,0,0,0,0,0
2004,120058,1,1,12,12,12,12,12,12,12,12,12,12
2004,120059,1,1,0,0,0,0,0,0,0,11,0,0
2004,120060,1,1,0,9,0,0,0,0,12,0,0,0
2004,120061,1,1,21,0,7,11,26,5,0,0,15,6
2004,120062,1,1,0,0,0,0,0,0,0,2,0,0
2004,120062,2,1,0,28,0,6,0,0,22,0,0,0
2004,120063,1,1,10,0,0,0,0,0,0,0,0,0
2004,120063,2,1,0,0,0,0,0,0,0,0,0,12
2004,120064,1,1,0,0,0,0,0,0,0,0,0,0
2004,120065,0,1,0,0,0,0,0,0,0,0,0,0
2004,120065,1,1,0,14,0,0,0,0,0,0,0,0
2004,120066,1,1,0,0,0,0,0,0,0,0,0,0
2004,120067,1,1,0,0,0,0,0,0,0,0,0,0
2004,120067,2,1,0,0,0,0,0,0,0,0,0,0
2004,120068,1,1,0,0,0,0,0,0,0,0,0,0
2004,120068,2,1,0,0,0,0,0,21,0,0,0,0
2004,120068,3,1,0,0,0,0,0,0,0,0,0,0
2004,120069,1,1,23,23,23,23,23,23,23,23,23,23
2004,120070,1,1,0,0,0,0,0,0,0,0,0,0
2004,120070,2,1,0,0,0,0,0,0,0,0,0,0
2004,120071,1,1,0,0,0,0,0,0,0,0,0,0
2004,120072,1,1,0,0,0,0,0,0,0,0,0,0
2004,120072,2,1,0,0,0,0,0,0,0,0,0,0
2004,120073,1,1,0,0,0,0,0,0,0,0,0,0
2004,120073,2,1,0,0,0,23,0,0,0,0,0,0
2004,120074,1,1,0,0,8,0,0,0,0,0,0,0
2004,120074,2,1,0,0,0,0,0,0,0,0,0,0
2004,120074,3,1,0,0,0,0,0,0,0,0,0,0
2004,120075,1,1,17,17,17,17,17,17,17,17,17,17
2004,120075,2,1,0,0,0,0,0,0,0,0,0,0
2004,120076,1,1,16,0,16,0,0,21,0,0,12,0
2004,120076,2,1,0,0,0,0,0,0,0,0,0,0
2004,120077,1,1,0,0,0,0,0,0,0,0,0,0
2004,120077,2,1,0,0,0,0,0,0,0,0,0,0
2004,120078,1,1,17,17,17,17,17,17,17,17,17,17
2004,120079,1,1,0,0,0,0,0,0,0,0,0,0
2004,120079,2,1,0,0,0,0,0,0,0,0,0,0
2004,120079,3,1,0,0,0,0,0,0,0,0,0,0
2004,120080,1,1,15,15,15,15,15,15,15,15,15,15
2004,120081,1,1,0,0,0,0,0,0,0,0,0,0
2004,120082,1,1,0,0,0,0,0,0,0,0,0,0
2004,120082,2,1,0,0,0,0,0,0,0,0,0,0
2004,120083,0,1,0,0,0,0,0,0,0,0,0,0
2004,120083,1,1,0,0,0,0,0,0,0,0,0,0
2004,120084,1,1,0,0,0,0,0,0,0,0,0,0
2004,120084,2,1,36,0,0,0,0,0,0,0,0,0
2004,120085,1,1,0,0,0,0,0,0,0,0,0,0
2004,120085,2,1,0,0,0,0,0,0,0,0,0,0
2004,120086,1,1,0,0,0,0,0,0,0,0,0,0
2004,120087,1,1,0,0,0,0,0,0,0,0,0,0
2004,120087,2,1,0,0,0,0,0,0,0,0,0,0
2004,120088,0,1,0,0,0,0,0,0,0,0,0,0
2004,120088,1,1,0,0,0,0,0,0,0,0,14,0
2004,120089,1,1,0,0,0,0,0,0,0,0,0,11
2004,120089,2,1,0,0,4,0,16,0,0,9,24,0
2004,120090,1,1,0,0,0,0,0,0,0,0,0,0
2004,120091,0,1,7,7,7,7,7,7,7,7,7,7
2004,120091,1,1,7,7,7,7,7,7,7,7,7,7
2004,120092,0,1,31,31,31,31,31,31,31,31,31,31
2004,120092,1,1,0,0,0,0,0,0,0,0,0,0
2004,120093,1,1,0,0,0,0,0,0,0,0,0,0
2004,120094,1,1,0,0,0,0,0,8,0,0,0,0
2004,120094,2,1,0,0,0,0,0,0,0,0,0,0
2004,120095,0,1,0,0,0,37,11,0,0,0,0,0
2004,120095,1,1,20,20,20,20,20,20,20,20,20,20
2004,120096,0,1,9,9,9,9,9,9,9,9,9,9
2004,120096,1,1,0,0,0,0,0,0,0,0,0,0
2004,120097,1,1,0,0,18,0,0,0,0,0,0,0
2004,120097,2,1,0,0,0,0,0,0,0,4,0,0
2004,120098,1,1,0,0,0,0,0,0,0,0,0,0
2004,120098,2,1,0,0,0,0,0,0,0,0,0,0
2004,120099,1,1,0,0,0,0,0,0,0,0,0,0
2004,120099,2,1,0,0,0,0,0,0,0,0,0,0
2004,120100,1,1,21,21,21,21,21,21,21,21,21,21
2004,120101,1,1,14,14,14,14,14,14,14,14,14,14
2004,120102,1,1,16,16,16,16,16,16,16,16,16,16
2004,120103,0,1,0,0,0,0,0,0,0,0,0,0
2004,120103,1,1,0,0,0,0,0,0,0,0,0,0
2004,120104,1,1,31,31,31,31,31,31,31,31,31,31
2004,120105,1,1,12,12,12,12,12,12,12,12,12,12
2004,120105,2,1,7,7,7,7,7,7,7,7,7,7
2004,120106,1,1,6,0,0,0,20,0,0,0,12,0
2004,120107,0,1,10,10,10,10,10,10,10,10,10,10
2004,120107,1,1,13,13,13,13,13,13,13,13,13,13
2004,120108,1,1,10,10,10,10,10,10,10,10,10,10
2004,120109,1,1,0,0,0,0,0,0,0,0,0,0
2004,120109,2,1,0,0,0,0,0,0,0,0,0,0
2004,120110,1,1,0,0,0,0,0,0,0,0,0,0
2004,120110,2,1,0,0,0,0,0,0,0,0,0,0
2004,120111,0,1,0,0,0,0,0,0,0,0,0,0
2004,120111,0,2,0,0,0,0,0,0,0,0,0,0
2004,120111,1,1,0,0,0,0,0,0,0,0,0,0
2004,120112,0,1,12,12,12,12,12,12,12,12,12,12
2004,120112,1,1,17,17,17,17,17,17,17,17,17,17
2004,120113,1,1,0,0,11,24,4,0,0,0,20,22
2004,120113,2,1,18,18,18,18,18,18,18,18,18,18
2004,120114,1,1,0,0,0,0,0,0,11,0,0,0
2004,120115,1,1,0,0,0,0,0,0,0,0,0,0
2004,120115,2,1,0,0,0,0,0,0,0,0,0,0
2004,120116,1,1,20,20,20,20,20,20,20,20,20,20
2004,120117,1,1,0,0,0,0,0,0,0,0,0,0
2004,120117,2,1,13,13,13,13,13,13,13,13,13,13
2004,120118,1,1,0,0,0,0,0,0,0,0,0,0
2004,120118,2,1,0,0,0,0,0,0,0,0,0,0
2004,120119,0,1,14,14,14,14,14,14,14,14,14,14
2004,120119,1,1,0,0,0,0,0,0,0,0,0,16
2004,120120,1,1,9,9,9,9,9,9,9,9,9,9
2004,120121,1,1,5,5,5,5,5,5,5,5,5,5
2004,120122,0,1,0,0,0,0,0,0,0,0,0,0
2004,120122,1,1,0,0,0,0,0,0,0,6,0,0
2004,120123,1,1,0,0,0,0,0,0,0,0,0,0
2004,120123,2,1,0,0,0,0,0,0,0,0,0,0
2004,120124,1,1,0,0,0,0,0,0,0,0,0,0
2004,120125,1,1,0,0,0,0,0,0,0,0,0,0
2004,120125,2,1,0,0,0,0,0,0,0,0,0,0
2004,120126,1,1,0,0,0,0,0,0,0,0,0,0
2004,120126,2,1,0,0,0,0,0,0,0,0,0,0
2004,120127,0,1,0,0,0,24,8,25,0,6,0,0
2004,120127,1,1,0,0,0,0,0,0,0,0,0,0
2004,120128,1,1,0,0,0,0,0,0,0,0,0,0
2004,120128,2,1,0,0,0,0,0,0,0,0,0,0
2004,120129,1,1,8,8,8,8,8,8,8,8,8,8
2004,120130,1,1,0,0,0,0,0,0,0,0,0,0
2004,120130,2,1,0,0,0,0,0,0,0,0,0,0
2004,120131,1,1,23,23,23,23,23,23,23,23,23,23
2004,120132,1,1,0,0,0,0,0,0,0,0,0,0
2004,120132,2,1,0,0,0,0,0,0,0,0,0,0
2004,120133,0,1,0,0,0,0,0,0,0,0,0,0
2004,120133,1,1,0,0,0,0,0,0,0,0,0,0
2004,120134,1,1,0,0,0,0,0,0,0,0,0,0
2004,120134,2,1,0,0,0,0,0,0,0,6,0,0
2004,120135,1,1,16,16,16,16,16,16,16,16,16,16
2004,120135,2,1,0,0,0,0,9,0,0,0,0,0
2004,120135,3,1,0,0,0,0,0,0,0,0,0,0
2004,120136,1,1,0,0,0,0,0,0,0,0,0,5
2004,120137,1,1,0,0,0,0,0,0,0,0,0,0
2004,120137,2,1,0,0,0,0,0,0,0,0,0,0
2004,120138,1,1,29,29,29,29,29,29,29,29,29,29
2004,120139,1,1,0,0,0,0,0,0,0,0,0,0
2004,120140,1,1,0,0,0,0,0,0,0,0,0,0
2004,120140,2,1,0,0,0,0,0,0,0,0,0,0
2004,120141,1,1,0,0,8,0,33,0,0,0,0,0
2004,120142,1,1,21,21,21,21,21,21,21,21,21,21
2004,120142,2,1,0,0,0,0,0,8,0,0,0,0
2004,120143,1,1,0,0,0,0,38,0,0,0,0,0
2004,120144,1,1,0,0,0,0,0,0,0,0,0,0
2004,120144,2,1,0,0,0,0,0,0,0,0,0,0
2004,120144,3,1,0,0,0,0,0,0,21,0,0,0
2004,120145,1,1,4,4,4,4,4,4,4,4,4,4
2004,120146,1,1,0,0,0,0,0,0,0,0,0,0
2004,120147,1,1,28,28,28,28,28,28,28,28,28,28
2004,120147,2,1,0,0,0,0,0,0,0,0,0,0
2004,120148,1,1,0,0,0,0,0,0,0,0,0,0
2004,120148,2,1,0,0,0,0,0,0,0,0,0,0
2004,120149,1,1,0,0,0,0,0,0,0,0,0,0
2004,120149,2,1,0,0,0,0,0,0,0,0,0,0
2004,120150,1,1,11,11,11,11,11,11,11,11,11,11
2004,120150,2,1,0,0,0,0,0,0,0,0,0,0
2004,120150,3,1,0,0,0,0,0,0,0,0,0,0
2004,120151,1,1,0,0,0,0,0,0,0,0,0,0
2004,120152,1,1,19,19,19,19,19,19,19,19,19,19
2004,120153,1,1,18,18,18,18,18,18,18,18,18,18
2004,120154,1,1,12,12,12,12,12,12,12,12,12,12
2004,120155,1,1,0,0,0,0,0,0,0,0,0,0
2004,120155,2,1,0,0,0,0,0,0,0,0,0,0
2004,120156,1,1,0,0,0,0,0,0,0,0,0,0
2004,120156,2,1,0,0,0,0,0,0,0,0,0,0
2004,120157,1,1,0,0,0,0,0,0,0,0,0,0
2004,120158,0,1,21,0,0,19,23,19,0,23,21,22
2004,120158,1,1,0,0,0,0,0,0,0,0,0,0
2004,120159,1,1,0,7,22,6,0,0,0,0,17,0
2004,120160,1,1,0,0,0,0,0,0,0,0,0,0
2004,120160,2,1,0,0,0,0,0,0,0,0,0,0
2004,120161,1,1,0,0,0,0,0,0,0,0,0,0
2004,120161,2,1,0,0,0,0,0,0,0,0,0,0
2004,120162,0,1,0,0,0,0,0,0,0,0,0,0
2004,120162,0,2,0,0,0,0,0,0,0,0,0,0
2004,120162,1,1,0,0,0,0,0,0,0,0,0,0
2004,120163,1,1,15,15,15,15,15,15,15,15,15,15
2004,120164,1,1,0,0,0,0,0,0,0,0,0,0
2004,120164,2,1,0,0,0,0,0,0,0,0,0,0
2004,120165,1,1,0,0,0,0,0,0,0,0,4,0
2004,120166,0,1,0,0,0,0,0,0,0,0,0,0
2004,120166,1,1,0,0,0,0,0,0,0,0,0,0
2004,120167,1,1,20,0,5,25,0,17,13,15,0,16
2004,120168,1,1,0,0,0,0,0,0,0,0,0,0
2004,120168,2,1,0,0,0,0,0,11,0,0,0,0
2004,120169,1,1,15,15,15,15,15,15,15,15,15,15
2004,120169,2,1,15,15,15,15,15,15,15,15,15,15
2004,120170,1,1,23,23,23,23,23,23,23,23,23,23
2004,120171,1,1,0,0,0,0,0,0,0,0,0,0
2004,120172,1,1,0,0,0,0,0,0,0,0,0,0
2004,120173,0,1,0,0,0,0,0,0,0,0,0,0
2004,120173,1,1,0,0,0,0,0,0,0,0,0,0
2004,120174,1,1,0,0,0,0,0,0,0,0,0,0
2004,120174,2,1,0,0,0,0,0,0,0,0,0,0
2004,120174,3,1,0,0,0,0,0,0,0,0,0,0
2004,120174,4,1,0,0,0,0,3,0,0,0,0,0
2004,120174,5,1,0,0,0,0,0,0,0,0,0,0
2004,120175,0,1,0,0,0,0,0,0,0,0,0,0
2004,120175,1,1,0,0,0,0,0,0,0,0,0,0
2004,120176,1,1,0,0,0,0,0,0,0,0,0,0
2004,120176,2,1,0,0,0,0,0,0,0,0,0,0
2004,120177,1,1,0,0,0,0,0,0,0,0,0,0
2004,120177,2,1,0,0,0,0,0,0,0,0,0,0
2004,120178,1,1,0,0,0,0,0,0,0,17,0,0
2004,120178,2,1,0,0,0,0,0,0,0,0,0,0
2004,120178,3,1,0,0,0,0,0,0,0,0,8,0
2004,120179,1,1,27,27,27,27,27,27,27,27,27,27
2004,120179,2,1,0,0,0,0,0,0,0,0,0,0
2004,120180,1,1,0,0,0,0,0,0,0,0,0,0
2004,120181,1,1,0,0,0,0,0,0,0,0,0,0
2004,120181,2,1,0,0,0,0,0,0,0,11,0,0
2004,120182,1,1,11,11,11,11,11,11,11,11,11,11
2004,120182,2,1,0,0,0,0,0,0,0,0,0,0
2004,120183,1,1,0,0,0,0,0,0,0,0,0,0
2004,120183,2,1,0,20,0,0,0,0,0,0,0,0
2004,120184,0,1,30,34,23,0,0,7,21,45,42,0
2004,120184,1,1,0,0,0,0,8,0,0,0,0,0
2004,120185,1,1,0,0,0,0,0,0,0,0,0,0
2004,120186,1,1,10,10,10,10,10,10,10,10,10,10
2004,120187,1,1,0,0,0,0,0,0,0,19,0,0
2004,120187,2,1,0,0,0,0,0,0,0,0,0,0
2004,120187,3,1,0,0,0,0,0,0,0,0,0,0
2004,120188,1,1,0,0,0,0,0,0,0,0,0,0
2004,120188,2,1,0,0,0,0,0,0,0,0,0,0
2004,120189,0,1,0,0,0,0,0,0,0,0,0,0
2004,120189,1,1,0,0,0,0,0,15,0,9,0,0
2004,120190,1,1,0,0,0,0,0,0,0,0,0,0
2004,120190,2,1,0,0,0,0,0,0,0,0,0,0
2004,120190,3,1,0,0,0,0,0,0,0,0,0,0
2004,120191,1,1,0,0,0,0,0,0,0,0,0,0
2004,120192,0,1,0,0,0,0,0,0,0,0,0,0
2004,120192,0,2,0,0,0,0,0,0,0,0,0,0
2004,120192,1,1,0,0,0,0,10,0,0,0,12,0
2004,120193,0,1,13,13,13,13,13,13,13,13,13,13
2004,120193,1,1,0,12,0,0,6,0,0,0,0,0
2004,120194,0,1,0,0,0,0,0,0,0,0,0,0
2004,120194,1,1,17,0,0,0,0,0,0,0,0,0
2004,120195,1,1,0,0,0,0,0,0,0,0,0,0
2004,120195,2,1,0,0,0,0,0,0,0,0,0,0
2004,120195,3,1,0,0,0,0,26,0,0,0,0,0
2004,120196,1,1,0,0,0,0,0,0,0,0,0,0
2004,120196,2,1,0,0,0,0,0,0,0,0,0,0
2004,120197,1,1,16,16,16,16,16,16,16,16,16,16
2004,120197,2,1,0,0,0,0,0,0,0,0,0,0
2004,120198,1,1,21,21,21,21,21,21,21,21,21,21
2004,120198,2,1,0,0,0,0,0,0,0,0,0,0
2004,120199,0,1,26,26,26,26,26,26,26,26,26,26
2004,120199,1,1,15,0,14,0,0,0,0,0,0,0
2004,120200,1,1,0,0,0,0,0,0,0,0,0,0
2004,120201,0,1,10,10,10,10,10,10,10,10,10,10
2004,120201,1,1,18,18,18,18,18,18,18,18,18,18
2004,120202,0,1,18,18,18,18,18,18,18,18,18,18
2004,120202,1,1,0,0,0,0,0,0,0,0,0,0
2004,120203,1,1,0,0,0,0,0,0,0,0,0,0
2004,120203,2,1,7,0,0,22,0,0,0,0,0,0
2004,120204,0,1,0,0,0,0,0,0,0,0,0,0
2004,120204,1,1,11,0,0,0,0,22,26,0,0,0
2004,120205,1,1,0,0,0,0,0,0,0,0,0,0
2004,120206,0,1,0,0,0,0,0,0,0,0,0,0
2004,120206,1,1,19,6,0,26,7,0,0,21,0,19
2004,120207,0,1,26,26,26,26,26,26,26,26,26,26
2004,120207,1,1,0,25,0,11,0,5,2,0,0,11
2004,120207,2,1,0,0,0,0,0,0,0,0,21,13
2004,120208,1,1,0,0,0,0,0,0,0,0,0,0
2004,120209,1,1,0,0,0,0,0,0,0,0,0,0
2004,120210,1,1,24,24,24,24,24,24,24,24,24,24
2004,120211,1,1,24,24,24,24,24,24,24,24,24,24
2004,120211,2,1,0,0,0,0,0,0,0,0,0,0
2004,120212,1,1,0,0,0,0,0,0,0,0,0,0
2004,120212,2,1,0,0,0,0,0,0,0,0,0,0
2004,120212,3,1,0,0,0,0,0,0,0,0,0,0
2004,120212,4,1,0,0,0,0,0,0,0,0,0,10
2004,120212,5,1,0,0,0,0,0,0,8,0,0,0
2004,120213,1,1,0,0,0,0,0,0,0,0,0,0
2004,120213,2,1,0,0,0,0,0,0,0,0,0,0
2004,120214,1,1,29,29,29,29,29,29,29,29,29,29
2004,120215,1,1,9,9,9,9,9,9,9,9,9,9
2004,120216,0,1,0,0,0,0,0,0,0,0,0,0
2004,120216,1,1,0,0,0,0,0,0,0,0,0,0
2004,120217,1,1,13,13,13,13,13,13,13,13,13,13
2004,120217,2,1,19,19,19,19,19,19,19,19,19,19
2004,120218,0,1,0,6,0,0,0,0,0,0,0,0
2004,120218,1,1,0,0,0,0,0,0,0,0,0,0
2004,120219,1,1,0,0,0,0,0,0,0,0,0,0
2004,120220,1,1,36,36,36,36,36,36,36,36,36,36
2004,120220,2,1,16,16,16,16,16,16,16,16,16,16
2004,120221,0,1,0,0,0,0,0,0,0,0,0,0
2004,120221,1,1,0,10,0,13,0,0,15,0,24,19