YEAR,ST_CASE,veh_no,per_no,P1,P2,P3,P4,P5,P6,P7,P8,P9,P10
2004,120222,1,1,0,0,0,0,0,0,0,0,0,0
2004,120223,1,1,0,0,0,0,0,0,0,0,25,0
2004,120223,2,1,0,0,0,0,0,0,0,0,0,0
2004,120224,1,1,20,20,20,20,20,20,20,20,20,20
2004,120224,2,1,0,0,0,0,10,0,0,0,0,0
2004,120225,1,1,0,0,0,0,0,0,0,0,0,0
2004,120225,2,1,0,0,0,0,0,0,0,0,0,0
2004,120226,1,1,0,0,0,0,0,0,0,0,0,0
2004,120226,2,1,18,18,18,18,18,18,18,18,18,18
2004,120226,3,1,0,0,0,0,0,0,0,0,0,0
2004,120227,1,1,0,0,0,0,0,16,0,0,0,0
2004,120227,2,1,0,0,0,8,0,2,0,9,0,0
2004,120228,1,1,14,14,14,14,14,14,14,14,14,14
2004,120229,1,1,0,0,0,0,0,0,0,0,0,0
2004,120229,2,1,0,0,0,0,0,0,0,0,0,0
2004,120230,0,1,0,0,0,0,0,0,0,0,0,0
2004,120230,1,1,0,0,0,0,0,0,0,0,0,0
2004,120231,0,1,0,0,0,0,0,0,0,0,0,0
2004,120231,1,1,0,0,0,0,0,0,0,0,0,0
2004,120232,0,1,0,0,0,0,0,0,0,0,0,0
2004,120232,1,1,33,0,0,0,0,5,0,0,0,0
2004,120233,1,1,0,0,0,0,0,0,0,0,0,0
2004,120234,1,1,0,0,0,0,0,0,0,0,0,0
2004,120234,2,1,0,0,0,0,0,0,0,0,0,0
2004,120234,3,1,0,0,0,0,0,0,0,0,0,0
2004,120235,1,1,0,0,0,0,0,0,0,0,0,0
2004,120235,2,1,0,0,0,0,0,0,0,0,0,0
2004,120235,3,1,0,0,0,0,0,0,0,0,0,0
2004,120236,1,1,0,0,0,0,0,0,0,0,0,0
2004,120236,2,1,0,0,0,0,0,0,0,0,0,0
2004,120237,1,1,0,0,0,10,0,18,23,3,2,0
2004,120237,2,1,0,0,9,0,0,0,0,0,0,0
2004,120238,1,1,0,0,0,25,0,9,22,0,0,0
2004,120239,1,1,17,17,17,17,17,17,17,17,17,17
2004,120240,1,1,11,11,11,11,11,11,11,11,11,11
2004,120241,1,1,9,9,9,9,9,9,9,9,9,9
2004,120241,2,1,0,0,0,0,0,0,0,0,17,0
2004,120242,1,1,0,0,0,0,0,0,0,0,0,0
2004,120243,1,1,0,0,0,0,0,0,0,0,0,0
2004,120244,0,1,0,0,0,0,0,0,0,0,0,0
2004,120244,1,1,0,0,0,0,0,0,0,0,0,0
2004,120245,1,1,0,0,0,0,0,0,0,0,0,0
2004,120245,2,1,0,0,0,0,0,0,13,0,11,0
2004,120246,0,1,0,0,0,12,0,0,0,0,0,0
2004,120246,1,1,0,0,0,0,0,0,0,0,0,0
2004,120247,1,1,0,0,0,0,0,0,0,0,0,0
2004,120247,2,1,0,0,21,0,0,0,0,0,0,0
2004,120248,1,1,0,0,0,0,0,0,0,0,0,0
2004,120248,2,1,14,14,14,14,14,14,14,14,14,14
2004,120249,1,1,0,0,0,0,0,0,0,0,0,0
2004,120249,2,1,0,0,0,0,0,0,0,0,0,0
2004,120250,1,1,0,0,0,0,0,0,0,0,0,0
2004,120250,2,1,0,0,0,0,0,0,0,0,0,0
2004,120251,1,1,0,0,0,0,0,0,0,0,0,0
2004,120251,2,1,0,0,0,0,0,0,0,0,0,0
2004,120252,1,1,6,6,6,6,6,6,6,6,6,6
2004,120252,2,1,0,0,0,0,0,0,0,0,0,0
2004,120253,0,1,0,0,0,0,0,0,0,0,0,0
2004,120253,1,1,0,0,0,0,0,0,0,0,0,0
2004,120254,1,1,13,13,13,13,13,13,13,13,13,13
2004,120254,2,1,0,0,0,0,0,0,0,0,0,0
2004,120255,1,1,0,31,23,36,6,0,21,0,21,5
2004,120256,0,1,33,33,33,33,33,33,33,33,33,33
2004,120256,1,1,0,0,0,0,0,0,0,0,0,0
2004,120257,1,1,25,25,25,25,25,25,25,25,25,25
2004,120257,2,1,8,8,8,8,8,8,8,8,8,8
2004,120258,1,1,16,16,16,16,16,16,16,16,16,16
2004,120258,2,1,7,7,7,7,7,7,7,7,7,7
2004,120259,1,1,0,0,0,0,0,0,0,0,0,0
2004,120259,2,1,0,0,0,0,0,0,0,0,0,0
2004,120260,1,1,0,0,0,0,0,0,0,0,0,0
2004,120260,2,1,0,0,0,0,0,0,0,0,0,0
2004,120260,3,1,0,0,0,0,0,0,0,17,0,0
2004,120261,1,1,18,18,18,18,18,18,18,18,18,18
2004,120261,2,1,0,0,0,0,0,0,0,0,0,0
2004,120261,3,1,0,0,0,0,0,0,0,0,0,0
2004,120262,1,1,0,0,0,0,0,0,0,0,0,0
2004,120262,2,1,0,0,0,0,0,0,0,0,0,0
2004,120263,1,1,0,0,0,0,0,0,0,0,0,0
2004,120263,2,1,0,0,0,0,0,0,0,0,0,0
2004,120264,1,1,0,0,0,0,0,0,0,0,0,0
2004,120264,2,1,0,0,0,0,0,0,0,0,0,0
2004,120265,1,1,0,0,0,0,0,0,0,0,0,0
2004,120265,2,1,0,0,0,0,0,0,0,0,0,0
2004,120266,1,1,0,0,0,0,0,0,0,0,0,0
2004,120266,2,1,0,0,0,0,0,0,0,0,0,0
2004,120267,0,1,0,0,0,0,0,15,0,0,0,0
2004,120267,0,2,0,0,0,0,0,0,0,2,0,0
2004,120267,1,1,0,0,0,0,0,0,0,0,0,0
2004,120268,1,1,0,0,0,0,0,12,0,0,0,0
2004,120268,2,1,9,9,9,9,9,9,9,9,9,9
2004,120269,1,1,0,0,0,0,0,0,0,0,0,0
2004,120269,2,1,0,0,0,0,0,0,0,0,0,0
2004,120270,1,1,0,0,0,0,0,0,0,0,0,0
2004,120271,1,1,0,0,0,0,0,0,0,0,0,0
2004,120271,2,1,0,0,0,0,0,0,0,0,0,0
2004,120273,0,1,0,0,0,0,0,0,0,0,0,0
2004,120273,0,2,0,18,0,0,0,0,0,0,0,0
2004,120273,1,1,0,0,0,0,0,0,0,0,0,0
2004,120274,0,1,36,36,36,36,36,36,36,36,36,36
2004,120274,1,1,0,0,0,0,0,0,0,0,0,0
2004,120275,1,1,0,0,0,0,0,0,0,0,11,0
2004,120275,2,1,0,0,0,0,0,0,0,0,0,0
2004,120276,1,1,28,28,28,28,28,28,28,28,28,28
2004,120277,1,1,14,14,14,14,14,14,14,14,14,14
2004,120277,2,1,0,0,0,0,3,0,0,0,0,0
2004,120278,1,1,0,0,0,0,0,6,0,0,5,0
2004,120278,2,1,0,0,0,0,0,0,0,0,0,0
2004,120279,1,1,18,18,18,18,18,18,18,18,18,18
2004,120280,1,1,0,0,16,25,28,10,12,0,0,11
2004,120281,1,1,0,0,0,0,0,0,0,0,0,0
2004,120282,1,1,0,0,0,0,0,0,0,0,0,0
2004,120282,2,1,0,0,0,0,0,0,0,0,0,0
2004,120282,3,1,0,0,0,0,0,0,0,0,0,0
2004,120282,4,1,0,0,8,0,0,0,0,0,0,0
2004,120283,1,1,0,0,0,0,0,0,0,0,0,0
2004,120284,1,1,18,0,0,0,0,0,0,0,0,0
2004,120284,2,1,0,0,0,0,0,0,0,0,0,0
2004,120285,1,1,0,0,0,0,0,0,0,0,0,0
2004,120286,1,1,0,0,0,0,0,0,0,0,0,0
2004,120286,2,1,0,0,0,0,0,0,0,0,0,0
2004,120286,3,1,8,0,0,0,0,0,0,0,0,0
2004,120287,1,1,0,7,16,0,0,7,0,27,0,6
2004,120287,2,1,0,8,5,0,0,0,0,7,0,0
2004,120288,1,1,0,0,0,0,0,0,0,0,0,0
2004,120289,1,1,0,0,0,0,0,0,0,0,0,0
2004,120289,2,1,0,0,0,0,0,0,0,0,0,0
2004,120290,1,1,15,15,15,15,15,15,15,15,15,15
2004,120291,1,1,28,28,28,28,28,28,28,28,28,28
2004,120291,2,1,0,0,0,0,0,0,0,0,0,0
2004,120291,3,1,0,0,0,0,0,0,0,0,0,0
2004,120291,4,1,0,0,0,0,0,0,0,0,0,0
2004,120292,0,1,0,0,0,0,0,0,0,0,0,0
2004,120292,1,1,0,0,0,0,0,0,0,0,0,0
2004,120293,1,1,0,0,0,0,0,0,0,0,0,0
2004,120294,1,1,21,21,21,21,21,21,21,21,21,21
2004,120295,0,1,11,11,11,11,11,11,11,11,11,11
2004,120295,1,1,0,0,0,0,0,0,0,0,0,0
2004,120296,1,1,35,35,35,35,35,35,35,35,35,35
2004,120296,2,1,0,0,0,0,0,0,0,0,0,0
2004,120297,1,1,0,0,0,0,0,0,0,0,0,0
2004,120298,1,1,16,16,16,16,16,16,16,16,16,16
2004,120299,0,1,15,15,15,15,15,15,15,15,15,15
2004,120299,1,1,17,17,17,17,17,17,17,17,17,17
2004,120300,1,1,33,33,33,33,33,33,33,33,33,33
2004,120301,1,1,0,0,0,0,0,0,0,0,0,0
2004,120301,2,1,0,0,0,0,0,0,0,0,0,0
2004,120302,0,1,0,0,0,0,0,0,0,0,0,0
2004,120302,1,1,3,0,0,0,0,0,0,0,0,0
2004,120303,1,1,0,0,0,0,0,0,0,0,0,0
2004,120303,2,1,0,0,0,0,0,0,0,0,0,0
2004,120304,0,1,0,0,0,0,0,0,28,0,17,16
2004,120304,1,1,0,0,0,0,0,0,0,0,0,0
2004,120304,2,1,0,0,0,0,0,0,0,0,0,0
2004,120305,1,1,5,5,5,5,5,5,5,5,5,5
2004,120305,2,1,0,0,0,0,0,0,0,0,0,0
2004,120306,0,1,0,0,0,0,0,0,0,0,0,0
2004,120306,1,1,0,0,0,0,0,0,0,0,0,0
2004,120306,2,1,0,0,0,0,0,0,0,0,0,0
2004,120307,1,1,0,0,0,0,0,0,0,0,0,0
2004,120307,2,1,0,0,0,0,0,0,0,0,0,0
2004,120308,1,1,0,17,7,15,12,0,0,0,0,0
2004,120309,1,1,26,26,26,26,26,26,26,26,26,26
2004,120309,2,1,0,0,0,0,0,0,0,0,0,0
2004,120310,0,1,23,23,23,23,23,23,23,23,23,23
2004,120310,1,1,0,0,0,0,0,0,0,0,0,0
2004,120311,1,1,0,0,0,0,0,0,0,0,0,0
2004,120311,2,1,0,7,27,0,0,0,0,13,0,13
2004,120312,0,1,0,0,0,0,0,0,0,34,0,11
2004,120312,1,1,0,0,0,0,0,0,0,22,0,0
2004,120313,0,1,0,0,0,0,0,0,0,0,0,0
2004,120313,1,1,0,0,0,0,0,0,0,0,0,0
2004,120314,1,1,0,0,0,0,0,0,0,0,0,0
2004,120314,2,1,0,0,0,0,0,0,0,0,0,0
2004,120315,0,1,0,0,26,8,33,10,11,18,10,0
2004,120315,1,1,0,0,0,0,0,0,0,0,0,0
2004,120316,1,1,0,0,11,0,0,0,0,0,0,0
2004,120316,2,1,0,0,0,0,0,0,0,0,0,0
2004,120317,0,1,0,0,0,0,0,0,0,0,0,0
2004,120317,1,1,15,23,0,0,0,0,0,0,0,0
2004,120318,1,1,28,28,28,28,28,28,28,28,28,28
2004,120318,2,1,0,0,0,0,0,0,0,0,0,0
2004,120319,1,1,28,28,28,28,28,28,28,28,28,28
2004,120319,2,1,0,0,0,0,0,0,0,0,0,0
2004,120320,1,1,0,0,0,0,0,0,0,0,0,0
2004,120320,2,1,0,0,0,0,0,0,0,0,0,0
2004,120321,0,1,15,15,15,15,15,15,15,15,15,15
2004,120321,1,1,0,0,0,0,0,0,0,0,0,0
2004,120322,1,1,0,14,0,0,0,0,0,0,21,0
2004,120322,2,1,0,0,0,0,0,0,0,0,0,0
2004,120322,3,1,0,0,0,0,0,0,0,0,0,0
2004,120323,1,1,0,0,0,2,0,0,0,0,0,0
2004,120323,2,1,0,0,0,0,0,0,0,0,0,0
2004,120324,1,1,21,21,21,21,21,21,21,21,21,21
2004,120324,2,1,0,0,0,0,0,0,0,0,0,0
2004,120325,0,1,0,0,0,0,0,0,0,0,0,0
2004,120325,1,1,24,11,11,0,0,22,17,25,9,0
2004,120326,1,1,0,0,0,0,0,0,0,0,0,0
2004,120327,1,1,1,1,1,1,1,1,1,1,1,1
2004,120327,2,1,26,26,26,26,26,26,26,26,26,26
2004,120328,1,1,0,9,0,0,0,10,0,0,0,0
2004,120328,2,1,0,0,0,0,0,0,0,0,0,0
2004,120329,1,1,12,12,12,12,12,12,12,12,12,12
2004,120330,1,1,0,0,0,0,0,0,0,0,0,0
2004,120331,0,1,21,21,21,21,21,21,21,21,21,21
2004,120331,1,1,0,5,0,0,0,0,0,0,0,0
2004,120332,0,1,0,0,0,0,0,0,0,0,0,0
2004,120332,1,1,0,7,0,0,0,0,0,0,0,0
2004,120333,1,1,19,19,19,19,19,19,19,19,19,19
2004,120334,0,1,0,0,0,17,0,0,33,0,0,0
2004,120334,1,1,0,0,0,0,0,22,0,11,0,0
2004,120335,1,1,0,0,0,0,0,0,0,0,0,0
2004,120335,2,1,0,0,0,0,0,0,0,0,0,0
2004,120335,3,1,0,0,0,0,0,0,0,0,0,0
2004,120336,0,1,0,0,0,0,0,0,0,0,0,0
2004,120336,1,1,0,0,0,0,0,0,0,0,0,0
2004,120337,0,1,0,0,0,0,0,0,0,0,0,0
2004,120337,1,1,0,0,0,0,0,0,0,0,12,0
2004,120338,0,1,0,0,0,0,0,0,0,0,0,0
2004,120338,1,1,0,0,0,0,0,0,0,18,0,0
2004,120339,1,1,0,0,0,0,0,0,0,0,0,0
2004,120339,2,1,0,0,0,0,0,0,0,0,0,0
2004,120340,0,1,11,11,11,11,11,11,11,11,11,11
2004,120340,1,1,0,0,27,0,0,0,0,11,0,0
2004,120341,1,1,0,0,0,0,0,0,0,0,0,0
2004,120341,2,1,0,0,0,0,0,0,0,0,0,0
2004,120342,1,1,0,0,0,0,0,0,0,0,0,0
2004,120343,1,1,19,19,19,19,19,19,19,19,19,19
2004,120344,1,1,0,0,0,0,0,0,0,0,0,0
2004,120344,2,1,0,0,0,0,0,0,0,0,0,0
2004,120345,1,1,0,0,18,15,19,18,0,33,0,0
2004,120346,1,1,0,0,7,0,0,0,0,0,0,0
2004,120347,1,1,0,0,0,0,0,0,0,0,0,0
2004,120347,2,1,0,0,0,0,0,0,0,0,0,0
2004,120348,1,1,28,28,28,28,28,28,28,28,28,28
2004,120348,2,1,23,24,10,0,0,0,0,0,0,17
2004,120349,1,1,11,11,11,11,11,11,11,11,11,11
2004,120350,0,1,16,16,16,16,16,16,16,16,16,16
2004,120350,1,1,0,0,0,0,0,0,0,0,0,0
2004,120351,1,1,19,0,0,0,0,0,0,0,28,9
2004,120352,0,1,16,16,16,16,16,16,16,16,16,16
2004,120352,1,1,7,7,7,7,7,7,7,7,7,7
2004,120353,1,1,0,0,0,0,0,0,0,0,0,0
2004,120353,2,1,0,0,0,0,10,0,0,0,0,0
2004,120354,1,1,0,0,0,0,0,0,0,0,0,0
2004,120355,1,1,0,0,0,0,0,0,0,0,0,0
2004,120356,1,1,0,0,0,0,0,0,0,0,0,0
2004,120356,2,1,38,38,38,38,38,38,38,38,38,38
2004,120356,3,1,0,0,0,0,0,0,0,0,0,0
2004,120357,1,1,0,0,0,0,0,17,0,0,0,0
2004,120357,2,1,0,0,0,0,0,0,0,0,0,0
2004,120358,1,1,0,0,0,0,0,0,0,0,0,0
2004,120359,0,1,26,26,26,26,26,26,26,26,26,26
2004,120359,1,1,0,9,0,0,0,0,0,0,0,11
2004,120360,1,1,0,0,9,19,0,27,18,23,17,0
2004,120361,1,1,0,0,0,0,24,12,0,0,0,8
2004,120362,1,1,0,0,0,0,0,0,0,0,0,0
2004,120362,2,1,0,0,0,0,0,0,0,0,0,0
2004,120363,1,1,23,23,23,23,23,23,23,23,23,23
2004,120364,1,1,0,0,0,0,0,0,0,0,0,0
2004,120365,1,1,23,23,23,23,23,23,23,23,23,23
2004,120365,2,1,0,0,8,0,0,10,0,0,4,0
2004,120365,3,1,21,0,0,0,0,0,0,0,0,11
2004,120366,1,1,0,0,0,0,0,0,0,0,0,0
2004,120366,2,1,0,0,0,0,0,0,0,0,0,0
2004,120367,0,1,0,0,0,0,0,0,0,0,0,0
2004,120367,1,1,0,0,0,0,2,0,0,0,0,0
2004,120368,1,1,7,7,7,7,7,7,7,7,7,7
2004,120369,1,1,0,0,0,0,0,0,0,0,0,0
2004,120369,2,1,0,0,0,0,0,0,0,0,0,0
2004,120370,0,1,28,28,28,28,28,28,28,28,28,28
2004,120370,1,1,12,0,40,16,17,25,31,41,0,17
2004,120370,2,1,0,0,0,13,0,0,0,25,0,0
2004,120371,1,1,0,0,0,0,0,0,0,0,0,0
2004,120371,2,1,0,0,0,0,0,0,0,0,0,0
2004,120372,1,1,18,18,18,18,18,18,18,18,18,18
2004,120372,2,1,0,0,0,0,0,0,0,0,0,0
2004,120373,1,1,0,0,0,0,0,0,0,0,0,0
2004,120373,2,1,0,0,0,5,0,20,22,0,0,0
2004,120373,3,1,0,0,0,0,0,0,0,0,0,0
2004,120374,1,1,19,19,19,19,19,19,19,19,19,19
2004,120374,2,1,0,0,0,0,0,0,0,0,0,0
2004,120375,0,1,0,32,0,0,12,0,0,13,0,0
2004,120375,1,1,0,0,0,0,0,0,0,0,0,0
2004,120376,0,1,0,14,0,0,0,0,0,0,0,0
2004,120376,0,2,0,0,15,0,0,0,0,0,0,0
2004,120376,1,1,0,0,0,0,0,30,0,0,0,0
2004,120377,1,1,13,13,13,13,13,13,13,13,13,13
2004,120378,0,1,0,0,0,0,0,0,0,0,0,0
2004,120378,1,1,0,0,0,0,0,0,0,0,0,0
2004,120379,1,1,0,0,0,0,0,0,0,0,0,0
2004,120379,2,1,0,0,0,0,0,0,0,0,0,0
2004,120380,1,1,0,0,0,0,0,0,0,0,0,0
2004,120380,2,1,0,0,0,0,0,0,23,0,0,0
2004,120381,0,1,0,0,0,20,24,30,17,0,0,0
2004,120381,1,1,0,0,0,0,0,0,0,0,0,0
2004,120382,1,1,0,0,0,0,0,0,0,0,0,0
2004,120382,2,1,0,0,0,0,0,0,0,0,0,0
2004,120382,3,1,0,0,0,0,0,0,0,0,0,0
2004,120383,1,1,0,0,0,0,7,0,0,19,0,0
2004,120383,2,1,0,0,0,0,0,0,0,0,0,0
2004,120384,1,1,29,29,29,29,29,29,29,29,29,29
2004,120385,1,1,0,0,0,0,0,0,0,0,0,0
2004,120385,2,1,0,0,0,0,0,0,0,0,0,0
2004,120386,1,1,0,35,0,0,0,0,0,0,0,0
2004,120387,0,1,0,0,0,0,0,0,0,0,0,0
2004,120387,1,1,5,0,13,0,0,0,7,0,0,5
2004,120388,1,1,0,0,0,0,0,0,0,0,0,0
2004,120389,1,1,22,22,22,22,22,22,22,22,22,22
2004,120389,2,1,0,0,0,0,0,0,11,15,0,0
2004,120390,1,1,14,14,14,14,14,14,14,14,14,14
2004,120390,2,1,3,0,12,2,0,0,0,0,0,0
2004,120391,1,1,20,20,20,20,20,20,20,20,20,20
2004,120392,1,1,0,0,0,0,0,0,0,0,0,0
2004,120392,2,1,0,0,0,0,0,0,0,0,0,0
2004,120392,3,1,0,0,0,0,0,0,0,0,0,0
2004,120392,4,1,0,0,0,0,0,0,0,0,0,0
2004,120392,5,1,0,0,0,0,0,0,0,0,0,0
2004,120393,0,1,13,13,13,13,13,13,13,13,13,13
2004,120393,1,1,16,16,16,16,16,16,16,16,16,16
2004,120394,0,1,12,12,12,12,12,12,12,12,12,12
2004,120394,1,1,0,0,0,0,0,19,0,0,0,0
2004,120395,1,1,14,0,0,13,0,22,0,12,30,21
2004,120396,1,1,0,0,0,0,0,0,0,0,0,0
2004,120396,2,1,0,0,0,0,0,0,0,0,0,0
2004,120397,0,1,0,17,0,16,23,0,0,0,0,0
2004,120397,1,1,0,0,0,0,8,0,0,9,0,0
2004,120398,0,1,0,0,14,0,0,30,0,0,0,27
2004,120398,1,1,0,9,0,0,0,0,0,0,0,0
2004,120399,1,1,0,0,0,0,0,12,0,0,0,0
2004,120400,1,1,0,0,0,0,0,0,0,0,0,0
2004,120400,2,1,0,0,0,0,0,0,0,0,0,0
2004,120401,1,1,0,14,0,9,0,16,0,26,38,0
2004,120402,0,1,0,0,0,0,0,0,0,0,0,0
2004,120402,1,1,0,0,0,0,0,0,0,0,0,0
2004,120403,0,1,22,22,22,22,22,22,22,22,22,22
2004,120403,1,1,7,7,7,7,7,7,7,7,7,7
2004,120404,1,1,0,0,0,0,0,10,0,0,0,0
2004,120404,2,1,0,0,0,8,0,0,0,0,0,0
2004,120405,1,1,0,0,0,0,0,0,0,0,0,0
2004,120405,2,1,0,0,0,0,0,0,0,0,0,0
2004,120406,0,1,0,0,0,0,0,0,0,0,0,0
2004,120406,1,1,0,0,0,0,0,0,0,0,0,0
2004,120407,1,1,0,0,13,0,0,0,0,0,0,7
2004,120407,2,1,0,0,0,0,0,0,0,0,0,0
2004,120408,1,1,0,7,0,0,0,0,0,0,0,0
2004,120408,2,1,0,0,0,0,0,0,0,0,0,0
2004,120409,1,1,20,20,20,20,20,20,20,20,20,20
2004,120410,1,1,15,15,15,15,15,15,15,15,15,15
2004,120411,1,1,0,0,0,0,0,0,24,2,0,0
2004,120412,1,1,0,0,0,0,0,0,0,0,0,0
2004,120413,1,1,0,0,0,0,0,41,0,0,15,6
2004,120414,1,1,31,0,18,0,30,25,28,0,0,0
2004,120415,1,1,0,0,0,0,0,0,0,0,0,0
2004,120416,0,1,0,0,0,0,0,5,0,0,0,0
2004,120416,1,1,0,0,0,0,0,0,0,0,0,0
2004,120417,1,1,9,0,0,13,17,0,0,11,0,0
2004,120418,1,1,0,0,0,0,0,0,0,0,0,0
2004,120418,2,1,0,0,0,0,0,0,0,0,0,0
2004,120419,0,1,0,0,0,0,0,0,0,0,0,0
2004,120419,1,1,0,25,0,0,0,0,0,0,0,0
2004,120420,1,1,0,0,0,0,0,0,0,0,0,0
2004,120420,2,1,8,8,8,8,8,8,8,8,8,8
2004,120421,0,1,0,0,15,0,0,29,14,12,11,0
2004,120421,1,1,15,0,0,0,12,0,17,0,0,0
2004,120422,1,1,0,0,28,0,0,0,0,0,0,0
2004,120422,2,1,0,0,0,0,0,0,0,0,0,0
2004,120423,0,1,12,12,12,12,12,12,12,12,12,12
2004,120423,1,1,0,12,33,0,0,10,12,0,0,22
2004,120424,0,1,18,18,18,18,18,18,18,18,18,18
2004,120424,1,1,0,0,0,0,0,0,0,0,0,0
2004,120425,1,1,0,0,0,0,0,0,0,0,0,0
2004,120425,2,1,1,1,1,1,1,1,1,1,1,1
2004,120425,3,1,0,0,0,0,0,0,0,0,0,0
2004,120426,0,1,0,0,22,0,0,0,0,0,0,0
2004,120426,1,1,8,8,8,8,8,8,8,8,8,8
2004,120427,2,1,0,0,0,6,0,0,0,0,0,0
2004,120428,1,1,0,0,0,0,0,0,0,0,0,0
2004,120428,2,1,0,0,0,0,0,0,0,0,11,0
2004,120429,1,1,1,1,1,1,1,1,1,1,1,1
2004,120430,1,1,0,0,0,0,0,0,0,0,0,0
2004,120431,1,1,0,0,0,0,0,0,0,0,0,0
2004,120432,1,1,9,9,9,9,9,9,9,9,9,9
2004,120432,2,1,0,0,0,0,0,0,0,0,0,0
2004,120433,1,1,0,0,0,0,0,0,0,0,0,0
2004,120433,2,1,0,0,0,0,0,0,0,0,0,0
2004,120433,3,1,0,0,11,0,0,0,0,0,0,0
2004,120434,1,1,0,0,0,0,0,0,0,0,0,0
2004,120434,2,1,0,0,0,0,0,0,0,0,0,0
2004,120435,1,1,28,28,28,28,28,28,28,28,28,28
2004,120435,2,1,0,0,0,0,0,0,0,0,0,0
2004,120436,1,1,0,0,0,0,0,0,0,0,0,0
2004,120437,0,1,29,29,29,29,29,29,29,29,29,29
2004,120437,1,1,0,0,0,0,0,0,0,0,0,0
2004,120438,1,1,31,31,31,31,31,31,31,31,31,31
2004,120439,0,1,24,24,24,24,24,24,24,24,24,24
2004,120439,1,1,0,0,0,0,0,0,0,0,0,0
2004,120440,1,1,39,39,39,39,39,39,39,39,39,39
2004,120440,2,1,0,0,0,0,0,0,0,0,0,0
2004,120441,1,1,0,0,0,0,0,0,0,0,0,0
2004,120441,2,1,0,0,0,0,0,0,18,0,0,0
2004,120441,3,1,0,0,0,0,0,0,0,0,0,0
2004,120442,1,1,0,0,0,0,0,0,0,0,0,0
2004,120442,2,1,0,0,0,0,0,0,0,0,0,0
2004,120443,1,1,21,21,21,21,21,21,21,21,21,21
2004,120444,1,1,20,20,20,20,20,20,20,20,20,20
2004,120445,1,1,5,5,5,5,5,5,5,5,5,5
2004,120446,1,1,0,0,0,0,0,0,0,0,0,0
2004,120446,2,1,0,0,0,0,0,0,0,0,0,0
2004,120447,0,1,0,12,0,0,18,9,26,14,0,13
2004,120447,1,1,11,11,11,11,11,11,11,11,11,11
2004,120448,1,1,0,0,0,0,0,0,0,0,0,16
2004,120449,1,1,0,0,0,0,0,0,0,0,0,0
2004,120449,2,1,0,0,0,0,0,0,0,0,0,0
2004,120450,1,1,0,11,0,0,0,0,0,0,0,0
2004,120451,1,1,0,0,0,0,0,10,0,0,0,0
2004,120452,0,1,10,10,10,10,10,10,10,10,10,10
2004,120452,1,1,0,0,0,0,0,0,0,0,0,0
2004,120453,1,1,0,0,0,0,0,0,0,0,0,0
2004,120453,2,1,0,0,0,0,0,0,0,0,0,0
2004,120454,0,1,0,0,0,0,0,0,0,0,0,0
2004,120454,1,1,0,0,0,0,0,0,0,0,0,0
2004,120455,1,1,6,6,0,0,0,0,0,0,0,16
2004,120455,2,1,0,0,0,0,0,0,0,0,0,0
2004,120456,1,1,19,19,19,19,19,19,19,19,19,19
2004,120456,2,1,0,11,0,0,0,0,0,0,0,0
2004,120457,1,1,0,0,0,0,0,0,0,0,0,0
2004,120457,2,1,0,0,0,0,0,2,0,0,0,0
2004,120458,0,1,10,10,10,10,10,10,10,10,10,10
2004,120458,1,1,0,0,0,0,0,0,0,0,0,0
2004,120459,1,1,0,0,0,0,0,0,0,0,0,0
2004,120459,2,1,0,6,6,0,0,0,5,16,0,22
2004,120460,1,1,0,0,0,0,0,0,0,0,0,0
2004,120460,2,1,0,0,0,0,0,0,0,0,0,0
2004,120461,1,1,26,26,26,26,26,26,26,26,26,26
2004,120462,0,1,0,0,0,0,0,0,0,0,0,0
2004,120462,1,1,0,0,0,0,0,0,0,0,0,0
2004,120463,1,1,0,0,0,0,0,0,0,0,0,0
2004,120463,2,1,0,0,0,0,0,0,0,0,0,0
2004,120464,1,1,0,0,0,0,0,0,0,0,0,0
2004,120464,2,1,21,9,0,0,0,17,12,0,7,0
2004,120465,1,1,0,0,0,0,0,0,0,0,0,0
2004,120465,2,1,0,0,0,0,0,0,0,0,0,0
2004,120466,1,1,0,0,0,0,0,0,0,6,0,0
2004,120466,2,1,0,0,0,0,0,0,0,0,0,0
2004,120467,0,1,0,14,15,20,0,0,0,32,0,5
2004,120467,1,1,0,2,0,0,0,12,0,0,0,0
2004,120468,1,1,0,0,0,0,0,0,0,0,0,0
2004,120468,2,1,0,0,0,0,0,0,0,0,0,0
2004,120469,1,1,0,0,0,0,0,0,0,0,0,0
2004,120470,1,1,0,0,0,0,0,0,0,0,0,0
2004,120470,2,1,0,0,0,0,0,0,18,0,0,0
2004,120470,3,1,0,0,0,0,0,0,0,0,0,0
2004,120471,1,1,0,0,0,0,0,0,0,0,0,0
2004,120472,1,1,0,0,0,0,0,0,0,0,0,0
2004,120472,2,1,0,0,0,0,0,0,0,0,0,0
2004,120473,1,1,0,0,0,0,0,0,0,0,0,0
2004,120473,2,1,0,0,0,0,0,0,0,0,0,0
2004,120474,1,1,0,0,0,0,0,0,0,0,0,0
2004,120474,2,1,0,0,0,0,0,0,0,0,0,0
2004,120474,3,1,7,0,0,0,0,0,0,0,0,0
2004,120475,0,1,25,18,34,25,8,0,0,0,12,0