YEAR,ST_CASE,veh_no,per_no,P1,P2,P3,P4,P5,P6,P7,P8,P9,P10
2004,120475,1,1,0,0,0,0,0,0,0,0,0,9
2004,120476,1,1,17,17,17,17,17,17,17,17,17,17
2004,120476,2,1,2,2,2,2,2,2,2,2,2,2
2004,120477,1,1,0,0,0,0,0,0,0,0,0,0
2004,120478,1,1,0,0,0,0,0,0,0,0,0,0
2004,120478,2,1,0,0,0,0,0,0,0,0,0,0
2004,120478,3,1,0,0,0,0,0,0,0,0,0,0
2004,120479,1,1,21,21,21,21,21,21,21,21,21,21
2004,120480,1,1,0,0,0,0,0,0,0,0,0,0
2004,120480,2,1,0,0,0,0,15,0,0,0,0,0
2004,120480,3,1,0,0,0,0,0,0,0,0,0,0
2004,120481,1,1,0,0,0,0,0,0,0,29,19,22
2004,120481,2,1,0,0,0,0,0,0,0,0,0,0
2004,120482,1,1,26,26,26,26,26,26,26,26,26,26
2004,120482,2,1,5,27,0,22,9,10,7,0,16,19
2004,120483,1,1,0,0,0,0,0,0,0,0,0,0
2004,120484,1,1,24,24,24,24,24,24,24,24,24,24
2004,120484,2,1,1,1,1,1,1,1,1,1,1,1
2004,120484,3,1,0,0,0,0,0,0,0,0,0,0
2004,120485,1,1,21,6,0,23,0,5,0,0,0,0
2004,120485,2,1,0,0,0,0,0,0,0,0,0,0
2004,120486,1,1,0,0,0,0,0,0,0,0,0,0
2004,120486,2,1,8,8,8,8,8,8,8,8,8,8
2004,120487,1,1,13,28,7,0,0,0,12,18,0,14
2004,120488,1,1,17,17,17,17,17,17,17,17,17,17
2004,120489,1,1,11,11,11,11,11,11,11,11,11,11
2004,120490,0,1,0,0,0,0,0,0,0,0,0,0
2004,120490,1,1,0,0,0,8,0,0,0,0,0,0
2004,120491,1,1,20,20,20,20,20,20,20,20,20,20
2004,120492,0,1,24,24,24,24,24,24,24,24,24,24
2004,120492,1,1,0,0,0,0,0,0,0,0,0,0
2004,120493,1,1,31,31,31,31,31,31,31,31,31,31
2004,120494,1,1,0,0,0,0,0,0,0,0,0,0
2004,120494,2,1,0,0,0,0,0,0,0,0,0,0
2004,120495,0,1,0,0,0,13,0,0,0,28,0,0
2004,120495,1,1,29,29,29,29,29,29,29,29,29,29
2004,120496,1,1,10,10,10,10,10,10,10,10,10,10
2004,120497,1,1,5,5,5,5,5,5,5,5,5,5
2004,120498,1,1,0,0,0,21,0,0,0,0,0,0
2004,120499,1,1,7,7,7,7,7,7,7,7,7,7
2004,120500,1,1,0,0,0,0,0,0,0,0,0,0
2004,120500,2,1,0,0,0,0,0,0,0,0,0,0
2004,120501,1,1,0,0,0,0,0,0,0,0,0,0
2004,120501,2,1,0,5,0,0,0,0,0,0,0,0
2004,120502,1,1,39,39,39,39,39,39,39,39,39,39
2004,120503,0,1,0,0,0,0,0,0,0,0,0,0
2004,120503,1,1,0,17,0,0,0,0,0,0,0,0
2004,120504,1,1,0,0,0,0,0,0,0,0,0,0
2004,120504,2,1,0,0,0,0,0,0,0,0,0,0
2004,120504,3,1,0,0,0,0,0,0,0,0,0,0
2004,120505,1,1,0,0,0,0,0,0,0,0,0,0
2004,120505,2,1,0,0,0,0,0,0,0,0,0,0
2004,120506,1,1,0,0,0,12,0,23,0,0,35,0
2004,120506,2,1,0,0,0,12,0,0,0,0,0,0
2004,120507,0,1,0,0,0,0,0,0,0,0,0,0
2004,120507,1,1,0,0,0,0,0,0,0,0,0,0
2004,120508,1,1,0,0,0,0,0,0,0,0,0,0
2004,120508,2,1,0,0,0,0,0,0,0,0,0,0
2004,120509,0,1,19,19,19,19,19,19,19,19,19,19
2004,120509,1,1,0,0,0,0,0,0,0,0,0,0
2004,120510,1,1,0,0,0,0,0,0,0,0,0,0
2004,120510,2,1,0,0,0,0,0,0,0,0,0,0
2004,120511,0,1,51,51,51,51,51,51,51,51,51,51
2004,120511,1,1,0,0,0,0,0,0,0,0,0,0
2004,120512,1,1,0,0,0,0,0,0,0,0,0,0
2004,120512,2,1,0,0,0,0,0,0,0,0,0,0
2004,120513,1,1,0,0,0,0,0,0,12,0,0,0
2004,120513,2,1,0,0,0,0,0,0,0,0,0,0
2004,120514,1,1,0,0,0,0,0,0,0,0,0,0
2004,120514,2,1,0,0,0,0,0,0,0,0,0,0
2004,120515,1,1,0,0,0,0,0,0,28,0,0,0
2004,120516,0,1,2,2,2,2,2,2,2,2,2,2
2004,120516,1,1,0,0,0,0,0,0,0,0,0,0
2004,120517,0,1,21,21,21,21,21,21,21,21,21,21
2004,120517,1,1,35,0,0,0,0,0,0,0,0,0
2004,120518,1,1,0,0,0,0,0,0,0,0,0,0
2004,120518,2,1,0,0,0,0,0,0,0,0,0,0
2004,120519,1,1,0,0,0,0,0,0,0,0,0,0
2004,120519,2,1,0,0,0,0,0,0,0,0,0,0
2004,120520,1,1,5,5,5,5,5,5,5,5,5,5
2004,120521,1,1,23,23,23,23,23,23,23,23,23,23
2004,120521,2,1,0,0,0,0,0,0,0,0,0,0
2004,120522,1,1,0,0,0,0,0,0,0,0,0,0
2004,120522,2,1,25,19,10,28,0,0,10,21,0,0
2004,120523,0,1,0,0,0,0,3,0,0,0,0,0
2004,120523,0,2,0,0,0,0,0,0,0,8,7,0
2004,120523,1,1,0,0,0,0,0,0,0,0,0,0
2004,120524,1,1,18,18,18,18,18,18,18,18,18,18
2004,120525,1,1,8,8,8,8,8,8,8,8,8,8
2004,120525,2,1,0,16,0,0,0,0,0,0,0,0
2004,120526,1,1,18,19,0,26,0,0,23,0,10,15
2004,120527,1,1,9,9,9,9,9,9,9,9,9,9
2004,120527,2,1,0,0,0,0,0,0,0,0,0,0
2004,120527,3,1,0,0,0,0,0,0,0,18,0,0
2004,120528,1,1,7,7,7,7,7,7,7,7,7,7
2004,120528,2,1,5,5,5,5,5,5,5,5,5,5
2004,120529,0,1,21,21,21,21,21,21,21,21,21,21
2004,120529,1,1,0,0,0,9,0,0,0,0,5,0
2004,120529,2,1,0,0,0,0,0,0,0,0,0,0
2004,120529,3,1,0,0,0,0,0,0,0,0,0,0
2004,120529,4,1,0,0,0,0,0,0,0,0,0,0
2004,120530,1,1,0,0,0,0,0,0,0,0,0,0
2004,120530,2,1,0,0,0,0,0,0,0,0,0,0
2004,120531,1,1,0,0,0,0,0,0,0,0,0,0
2004,120531,2,1,6,6,6,6,6,6,6,6,6,6
2004,120532,1,1,5,5,5,5,5,5,5,5,5,5
2004,120532,2,1,0,5,0,0,0,0,0,0,0,0
2004,120533,1,1,0,0,0,0,0,0,0,0,0,0
2004,120533,2,1,0,0,0,0,0,0,0,0,0,0
2004,120534,1,1,3,3,3,3,3,3,3,3,3,3
2004,120534,2,1,0,0,0,0,14,0,0,0,9,0
2004,120535,0,1,0,0,0,0,0,0,0,0,0,0
2004,120535,1,1,0,0,0,0,0,0,0,0,0,0
2004,120536,0,1,19,19,19,19,19,19,19,19,19,19
2004,120536,1,1,8,8,8,8,8,8,8,8,8,8
2004,120537,1,1,28,28,28,28,28,28,28,28,28,28
2004,120538,1,1,0,0,0,0,0,0,0,0,0,0
2004,120538,2,1,0,0,0,0,0,0,0,0,0,0
2004,120538,3,1,0,0,0,0,0,0,0,0,0,0
2004,120539,1,1,0,0,0,0,0,0,0,0,0,0
2004,120539,2,1,0,0,0,0,0,0,0,0,0,0
2004,120540,1,1,0,0,0,0,0,0,0,0,0,0
2004,120541,1,1,4,0,0,0,0,0,0,0,0,0
2004,120541,2,1,0,0,0,0,0,0,0,0,0,0
2004,120541,3,1,0,0,0,0,0,0,0,0,0,0
2004,120542,1,1,13,13,13,13,13,13,13,13,13,13
2004,120542,2,1,0,0,0,0,0,0,0,0,0,0
2004,120543,1,1,17,17,17,17,17,17,17,17,17,17
2004,120544,1,1,0,0,0,0,0,0,0,0,0,0
2004,120545,1,1,13,13,13,13,13,13,13,13,13,13
2004,120546,1,1,0,0,0,0,0,0,0,0,0,0
2004,120547,1,1,0,0,0,0,0,0,0,0,0,0
2004,120547,2,1,0,0,0,0,0,0,0,0,0,0
2004,120548,1,1,14,14,14,14,14,14,14,14,14,14
2004,120548,2,1,0,0,0,0,7,0,0,0,18,10
2004,120549,1,1,0,0,0,0,0,0,0,0,0,0
2004,120550,1,1,0,0,0,0,0,0,0,0,0,0
2004,120550,2,1,0,0,0,2,0,0,0,0,0,0
2004,120551,1,1,0,0,0,0,0,0,0,0,0,0
2004,120551,2,1,0,0,0,0,0,0,0,0,0,0
2004,120552,1,1,20,20,20,20,20,20,20,20,20,20
2004,120553,1,1,0,0,0,0,0,8,0,8,0,0
2004,120553,2,1,0,0,0,0,0,21,0,0,0,0
2004,120554,0,1,0,0,0,0,0,0,0,0,0,0
2004,120554,1,1,0,0,0,0,0,0,0,0,0,0
2004,120556,1,1,0,0,0,0,0,0,0,0,0,0
2004,120556,2,1,0,0,0,0,0,0,0,0,0,0
2004,120557,1,1,20,20,20,20,20,20,20,20,20,20
2004,120557,2,1,0,0,0,0,0,0,0,0,0,0
2004,120558,1,1,1,1,1,1,1,1,1,1,1,1
2004,120559,1,1,0,0,0,0,0,0,0,0,0,0
2004,120559,2,1,8,0,0,0,0,0,0,0,0,0
2004,120560,1,1,0,0,0,0,0,9,0,0,0,0
2004,120561,1,1,26,26,26,26,26,26,26,26,26,26
2004,120561,2,1,0,0,0,0,0,0,0,0,20,0
2004,120562,1,1,0,0,18,0,15,32,0,0,0,0
2004,120563,1,1,0,0,0,0,0,0,0,0,0,0
2004,120563,2,1,0,0,0,0,0,0,0,0,0,0
2004,120564,1,1,0,0,0,29,0,0,0,0,0,0
2004,120564,2,1,0,0,0,0,0,0,0,0,0,0
2004,120565,1,1,2,2,2,2,2,2,2,2,2,2
2004,120566,0,1,25,25,25,25,25,25,25,25,25,25
2004,120566,1,1,33,33,33,33,33,33,33,33,33,33
2004,120567,1,1,0,0,0,0,0,0,0,0,0,0
2004,120568,0,1,0,0,0,0,0,0,0,0,0,0
2004,120568,1,1,11,11,11,11,11,11,11,11,11,11
2004,120569,1,1,0,0,0,0,0,0,0,0,0,0
2004,120570,1,1,0,0,0,0,0,0,0,23,0,0
2004,120571,1,1,0,11,29,19,17,12,7,0,7,0
2004,120571,2,1,8,8,8,8,8,8,8,8,8,8
2004,120572,1,1,18,18,18,18,18,18,18,18,18,18
2004,120573,1,1,0,0,0,0,0,0,0,0,0,0
2004,120574,1,1,0,0,0,0,0,0,0,0,0,0
2004,120575,1,1,0,0,0,0,0,0,0,0,0,0
2004,120575,2,1,0,0,0,0,0,0,0,20,0,0
2004,120576,1,1,0,0,0,0,0,0,0,0,0,0
2004,120576,2,1,0,0,0,0,0,0,0,0,0,0
2004,120577,1,1,0,0,0,0,0,0,0,0,0,0
2004,120578,0,1,0,0,0,0,15,0,20,0,0,26
2004,120578,1,1,0,0,0,0,0,0,0,0,0,0
2004,120579,1,1,0,0,0,0,0,0,0,0,0,0
2004,120579,2,1,0,0,0,0,0,0,0,25,0,0
2004,120580,0,1,0,0,0,0,20,23,0,0,0,18
2004,120580,1,1,0,0,0,0,0,0,0,0,0,0
2004,120581,1,1,0,0,0,0,0,0,0,0,12,0
2004,120581,2,1,0,0,0,0,0,0,0,0,0,0
2004,120581,3,1,0,0,0,0,0,0,0,0,0,0
2004,120582,1,1,24,24,24,24,24,24,24,24,24,24
2004,120582,2,1,0,0,0,0,0,0,0,0,0,0
2004,120583,0,1,0,0,0,0,0,0,0,0,6,0
2004,120583,0,2,0,0,0,0,0,0,0,20,0,0
2004,120583,0,3,0,0,25,26,0,21,0,16,0,0
2004,120583,1,1,16,16,16,16,16,16,16,16,16,16
2004,120584,1,1,30,30,30,30,30,30,30,30,30,30
2004,120584,2,1,0,0,0,0,0,0,0,0,0,0
2004,120584,3,1,0,0,0,0,0,0,0,0,0,0
2004,120585,1,1,0,0,15,4,0,0,0,19,0,9
2004,120586,1,1,0,0,0,0,0,0,0,0,0,0
2004,120586,2,1,0,0,0,0,0,0,0,0,0,6
2004,120587,1,1,19,19,19,19,19,19,19,19,19,19
2004,120587,2,1,0,0,0,0,0,0,0,0,0,0
2004,120588,1,1,1,1,1,1,1,1,1,1,1,1
2004,120589,1,1,0,0,0,0,0,0,0,0,0,0
2004,120590,1,1,0,0,0,0,0,0,0,0,0,0
2004,120590,2,1,0,0,0,0,0,0,0,0,0,0
2004,120590,3,1,0,0,0,0,0,0,0,0,0,0
2004,120590,4,1,0,0,0,0,0,0,0,0,0,0
2004,120591,1,1,0,18,0,0,0,0,15,14,0,0
2004,120591,2,1,0,0,0,0,0,0,13,0,0,0
2004,120592,1,1,0,0,0,0,0,0,0,0,0,0
2004,120592,2,1,0,0,0,0,0,0,0,0,0,0
2004,120593,1,1,16,16,16,16,16,16,16,16,16,16
2004,120593,2,1,0,0,0,0,0,0,0,0,0,0
2004,120594,1,1,31,31,31,31,31,31,31,31,31,31
2004,120595,1,1,0,0,0,0,0,0,0,0,0,25
2004,120595,2,1,0,0,0,0,0,0,0,0,0,0
2004,120596,0,1,15,15,15,15,15,15,15,15,15,15
2004,120596,1,1,17,17,17,17,17,17,17,17,17,17
2004,120597,1,1,0,0,0,0,0,0,0,0,0,0
2004,120597,2,1,0,0,0,0,0,0,0,0,0,0
2004,120598,1,1,27,27,27,27,27,27,27,27,27,27
2004,120599,1,1,0,0,0,0,0,0,0,0,0,0
2004,120599,2,1,11,11,11,11,11,11,11,11,11,11
2004,120600,1,1,0,0,0,0,0,0,0,0,0,0
2004,120601,0,1,17,4,0,0,16,0,17,0,0,18
2004,120601,1,1,0,0,0,0,0,0,0,0,0,0
2004,120602,1,1,13,19,19,9,8,13,36,5,20,21
2004,120603,1,1,20,20,20,20,20,20,20,20,20,20
2004,120604,0,1,0,0,0,0,0,0,0,0,0,0
2004,120604,1,1,0,0,0,0,0,0,0,0,11,0
2004,120605,1,1,11,11,11,11,11,11,11,11,11,11
2004,120605,2,1,18,0,0,4,8,0,0,0,0,18
2004,120605,3,1,17,30,0,17,12,0,0,0,3,0
2004,120606,1,1,0,0,0,0,0,0,0,0,0,0
2004,120606,2,1,0,0,0,0,0,0,0,0,0,0
2004,120607,1,1,0,0,0,0,0,0,0,0,0,0
2004,120608,1,1,10,5,8,0,0,0,15,0,0,19
2004,120609,1,1,0,0,0,0,0,0,0,0,0,0
2004,120609,2,1,0,0,0,0,0,0,0,0,7,0
2004,120610,1,1,22,22,22,22,22,22,22,22,22,22
2004,120611,1,1,0,0,0,0,0,0,0,0,0,0
2004,120611,2,1,0,0,0,0,0,0,0,0,0,0
2004,120612,1,1,0,0,0,0,0,0,0,0,0,0
2004,120613,1,1,0,0,0,0,0,0,0,0,0,0
2004,120613,2,1,0,0,0,0,0,0,0,0,0,0
2004,120613,3,1,0,0,0,0,0,0,0,0,0,0
2004,120614,0,1,0,0,0,0,0,0,0,0,0,0
2004,120614,1,1,0,0,0,6,0,0,0,0,7,16
2004,120615,1,1,0,0,0,0,0,0,0,0,0,0
2004,120615,2,1,0,0,0,0,0,0,0,0,0,0
2004,120616,1,1,29,29,29,29,29,29,29,29,29,29
2004,120617,1,1,0,17,0,0,23,0,0,14,0,0
2004,120618,1,1,0,10,0,0,0,0,0,0,0,0
2004,120618,2,1,1,1,1,1,1,1,1,1,1,1
2004,120619,0,1,0,0,0,0,0,0,0,0,0,0
2004,120619,1,1,0,4,0,0,0,0,0,0,0,0
2004,120620,0,1,0,0,0,0,0,0,0,0,0,0
2004,120620,1,1,0,0,0,0,0,0,0,0,0,0
2004,120621,1,1,0,0,0,0,0,0,0,0,0,0
2004,120621,2,1,0,0,0,0,0,0,0,0,0,0
2004,120622,1,1,0,0,0,0,0,0,0,0,0,0
2004,120622,2,1,0,0,0,0,0,0,0,0,0,0
2004,120623,1,1,0,0,0,0,0,0,0,0,0,0
2004,120623,2,1,23,23,23,23,23,23,23,23,23,23
2004,120624,1,1,19,19,19,19,19,19,19,19,19,19
2004,120625,1,1,0,0,0,0,0,0,0,0,0,0
2004,120625,2,1,0,0,0,0,0,0,0,0,0,0
2004,120626,1,1,0,0,0,0,0,0,0,0,0,0
2004,120627,1,1,0,0,0,0,0,0,0,0,0,0
2004,120628,1,1,0,0,0,0,0,0,0,0,0,0
2004,120629,1,1,0,0,0,0,0,0,0,0,0,0
2004,120629,2,1,0,0,0,0,0,0,0,0,0,0
2004,120630,1,1,0,0,0,0,0,0,0,0,0,0
2004,120630,2,1,0,0,0,0,0,0,0,0,0,0
2004,120630,3,1,0,0,0,0,0,0,0,0,0,0
2004,120631,1,1,0,0,0,21,0,0,0,0,0,0
2004,120631,2,1,0,0,0,0,23,0,0,0,15,0
2004,120632,1,1,0,0,0,0,0,0,0,0,0,0
2004,120632,2,1,17,17,17,17,17,17,17,17,17,17
2004,120633,1,1,0,0,0,0,0,0,0,0,0,0
2004,120633,2,1,0,0,0,0,0,0,0,0,0,0
2004,120633,3,1,0,0,0,0,0,0,0,0,0,0
2004,120633,4,1,0,0,0,0,0,0,0,0,0,0
2004,120633,5,1,0,0,0,0,0,0,0,0,0,0
2004,120634,1,1,0,15,0,0,0,0,0,0,0,0
2004,120634,2,1,0,0,0,0,0,0,0,0,0,15
2004,120635,1,1,0,0,0,0,0,0,0,0,0,0
2004,120635,2,1,0,0,0,0,0,0,0,0,0,0
2004,120636,1,1,0,10,0,0,0,0,0,0,0,0
2004,120637,1,1,0,0,0,0,0,0,0,0,15,0
2004,120638,1,1,0,0,0,0,0,0,0,0,0,0
2004,120638,2,1,8,8,8,8,8,8,8,8,8,8
2004,120639,1,1,11,11,11,11,11,11,11,11,11,11
2004,120640,1,1,0,0,0,0,0,0,0,0,0,0
2004,120640,2,1,0,0,0,0,0,0,9,0,0,0
2004,120641,1,1,0,0,0,0,0,0,0,0,0,0
2004,120642,1,1,0,0,0,0,0,0,0,0,0,0
2004,120643,1,1,0,0,0,0,0,0,0,0,0,0
2004,120643,2,1,8,8,8,8,8,8,8,8,8,8
2004,120644,0,1,0,0,0,23,0,0,0,0,0,0
2004,120644,1,1,0,0,0,0,0,0,0,0,0,0
2004,120645,1,1,12,12,12,12,12,12,12,12,12,12
2004,120646,1,1,30,30,30,30,30,30,30,30,30,30
2004,120646,2,1,0,0,0,0,0,0,0,0,0,0
2004,120646,3,1,0,4,0,0,0,0,0,0,0,0
2004,120647,0,1,16,16,16,16,16,16,16,16,16,16
2004,120647,1,1,0,0,0,0,0,0,0,0,0,0
2004,120648,1,1,0,0,0,0,0,0,0,0,0,0
2004,120648,2,1,0,19,0,0,0,0,0,0,0,0
2004,120649,1,1,0,0,0,0,0,0,0,0,0,0
2004,120649,2,1,0,0,0,0,0,0,0,0,0,0
2004,120650,0,1,0,9,0,0,14,32,0,9,0,0
2004,120650,1,1,0,0,0,0,0,0,28,0,0,0
2004,120651,0,1,0,0,0,0,0,0,0,0,0,0
2004,120651,1,1,0,0,0,0,0,0,0,0,0,0
2004,120652,1,1,0,0,0,0,0,0,0,0,0,6
2004,120653,1,1,0,0,0,18,0,0,9,0,11,0
2004,120653,2,1,0,0,0,0,0,0,0,0,0,0
2004,120654,1,1,14,14,14,14,14,14,14,14,14,14
2004,120655,1,1,18,18,18,18,18,18,18,18,18,18
2004,120655,2,1,0,0,0,0,0,0,0,0,0,0
2004,120655,3,1,0,0,15,0,0,0,0,0,0,0
2004,120656,0,1,16,16,16,16,16,16,16,16,16,16
2004,120656,1,1,0,0,0,0,0,0,0,14,0,0
2004,120657,1,1,0,0,0,0,0,0,0,0,0,0
2004,120657,2,1,0,0,0,0,0,0,0,0,0,0
2004,120658,1,1,11,15,31,10,19,19,14,14,13,8
2004,120658,2,1,15,15,15,15,15,15,15,15,15,15
2004,120659,1,1,0,0,0,0,0,0,0,0,0,0
2004,120660,1,1,7,7,7,7,7,7,7,7,7,7
2004,120661,0,1,26,26,26,26,26,26,26,26,26,26
2004,120661,1,1,0,0,0,0,0,6,0,0,0,0
2004,120662,1,1,0,0,24,0,0,0,3,0,0,0
2004,120663,1,1,15,15,15,15,15,15,15,15,15,15
2004,120663,2,1,0,0,0,0,0,0,0,0,0,0
2004,120664,1,1,17,17,17,17,17,17,17,17,17,17
2004,120665,0,1,28,28,28,28,28,28,28,28,28,28
2004,120665,0,2,0,0,0,0,0,0,0,0,0,0
2004,120665,1,1,0,0,0,0,0,0,0,0,0,0
2004,120666,1,1,0,0,0,0,0,0,0,0,0,0
2004,120667,0,1,0,20,0,0,0,23,0,0,15,0
2004,120667,1,1,0,0,0,0,0,0,0,0,0,0
2004,120668,1,1,0,23,0,0,0,11,0,0,8,0
2004,120668,2,1,0,0,0,0,0,0,0,0,0,0
2004,120668,3,1,0,0,0,0,0,0,0,0,0,0
2004,120669,1,1,0,0,0,0,0,0,0,0,0,0
2004,120669,2,1,0,0,0,0,0,0,0,0,0,0
2004,120670,1,1,0,0,0,0,0,0,0,0,0,0
2004,120670,2,1,0,0,0,0,0,0,0,0,0,0
2004,120670,3,1,0,0,0,0,0,0,0,0,0,0
2004,120671,1,1,0,0,0,0,0,0,0,0,0,0
2004,120671,2,1,0,0,0,0,0,0,0,0,0,0
2004,120672,1,1,0,0,0,0,0,0,0,0,0,0
2004,120672,2,1,0,0,0,0,0,0,0,0,0,0
2004,120673,1,1,0,0,0,0,0,8,0,15,0,0
2004,120673,2,1,0,0,0,6,0,0,0,0,0,0
2004,120674,0,1,0,17,28,6,0,0,23,0,0,0
2004,120674,1,1,0,0,0,0,0,0,0,0,0,0
2004,120675,1,1,18,18,18,18,18,18,18,18,18,18
2004,120676,1,1,0,0,0,0,0,0,0,0,0,0
2004,120677,1,1,0,0,0,0,0,0,0,0,0,0
2004,120678,1,1,0,0,0,0,0,0,0,0,0,0
2004,120678,2,1,0,0,0,0,0,23,0,0,0,0
2004,120679,1,1,34,0,0,26,21,13,32,0,41,14
2004,120680,1,1,0,0,0,0,0,0,13,0,11,0
2004,120680,2,1,0,0,0,0,0,0,0,0,0,0
2004,120681,0,1,0,0,0,0,0,0,0,0,0,0
2004,120681,0,2,0,0,0,0,0,0,0,0,0,0
2004,120681,0,3,0,0,0,0,0,0,0,0,0,0
2004,120681,0,4,0,0,0,0,0,0,0,0,0,0
2004,120681,1,1,0,0,0,0,0,0,0,0,0,0
2004,120681,2,1,0,0,0,0,0,16,0,0,0,16
2004,120682,1,1,0,0,0,23,0,0,0,0,0,0
2004,120683,1,1,0,0,0,0,0,0,0,0,0,0
2004,120683,2,1,4,0,0,0,0,0,0,0,0,0
2004,120684,1,1,0,0,32,0,0,10,0,14,0,16
2004,120685,1,1,20,20,20,20,20,20,20,20,20,20
2004,120685,2,1,0,0,0,0,0,0,0,0,0,0
2004,120686,1,1,0,0,0,0,0,0,0,0,0,0
2004,120686,2,1,0,0,0,0,0,0,0,0,0,0
2004,120687,0,1,27,27,27,27,27,27,27,27,27,27
2004,120687,1,1,0,0,0,0,0,17,0,0,0,0
2004,120688,1,1,0,0,0,0,0,0,0,0,0,0
2004,120689,1,1,0,0,0,0,0,0,0,0,0,0
2004,120689,2,1,0,0,0,0,0,0,0,0,8,0
2004,120690,1,1,0,0,0,0,0,0,0,0,0,0
2004,120690,2,1,0,0,0,0,0,0,0,0,0,0
2004,120690,3,1,0,0,0,0,0,0,0,0,0,0
2004,120691,1,1,0,0,24,0,22,0,0,0,0,0
2004,120691,2,1,0,0,0,0,0,0,0,0,0,0
2004,120692,1,1,0,0,0,0,0,0,0,0,0,0
2004,120692,2,1,0,0,0,0,0,0,0,0,0,0
2004,120693,1,1,0,0,0,0,0,0,0,0,0,0
2004,120693,2,1,0,0,0,0,0,0,0,0,0,0
2004,120694,1,1,0,0,0,0,0,0,0,0,0,0
2004,120694,2,1,2,2,2,2,2,2,2,2,2,2
2004,120695,1,1,0,0,0,0,0,0,0,0,0,0
2004,120695,2,1,0,0,0,0,0,0,0,0,0,0
2004,120695,3,1,0,0,0,0,0,0,0,0,0,0
2004,120696,0,1,0,0,0,0,11,0,0,0,0,0
2004,120696,1,1,0,0,0,0,0,0,0,0,0,0
2004,120696,2,1,0,0,0,0,11,15,0,0,0,0
2004,120697,0,1,7,7,7,7,7,7,7,7,7,7
2004,120697,1,1,0,0,0,0,0,0,0,0,0,0
2004,120698,1,1,0,0,15,0,0,0,0,0,0,0
2004,120699,1,1,0,0,0,0,0,0,0,0,0,0
2004,120699,2,1,0,0,0,0,0,0,0,0,0,0
2004,120699,3,1,0,0,0,0,0,0,0,0,0,0
2004,120700,1,1,0,0,0,0,0,0,0,0,0,0
2004,120700,2,1,0,0,0,0,0,0,0,0,0,0
2004,120700,3,1,0,0,0,0,0,0,0,0,0,0
2004,120701,1,1,0,0,0,0,0,0,0,0,0,0
2004,120702,1,1,0,0,0,0,0,0,0,0,0,0
2004,120703,1,1,0,0,0,0,0,0,0,0,0,0
2004,120704,1,1,0,0,0,0,0,0,0,0,0,0
2004,120705,1,1,0,0,0,0,0,0,0,0,0,0
2004,120706,0,1,0,0,0,0,0,0,0,0,0,0
2004,120706,1,1,0,0,0,0,0,0,0,0,0,0
2004,120707,1,1,3,3,3,3,3,3,3,3,3,3
2004,120708,1,1,0,0,0,0,0,0,0,0,0,0
2004,120708,2,1,0,0,0,0,0,0,0,0,0,0
2004,120709,1,1,0,0,0,0,0,0,0,0,0,0
2004,120709,2,1,0,0,0,0,0,0,0,0,0,0
2004,120710,0,1,11,0,0,0,0,0,0,0,0,0
2004,120710,1,1,0,0,0,0,0,0,0,0,0,0
2004,120711,1,1,0,0,0,0,0,0,0,0,0,0
2004,120711,2,1,0,0,0,0,0,0,0,0,0,0
2004,120712,1,1,0,0,0,0,0,0,0,0,0,0
2004,120712,2,1,0,0,0,0,0,0,0,0,0,16
2004,120713,1,1,0,0,0,0,0,0,0,0,0,0
2004,120713,2,1,0,0,0,0,0,0,0,0,0,0
2004,120714,1,1,0,0,0,0,0,0,0,0,0,0
2004,120715,1,1,0,9,0,0,0,0,0,0,0,0
2004,120716,1,1,15,15,15,15,15,15,15,15,15,15
2004,120717,1,1,0,0,0,0,0,0,14,0,0,0
2004,120718,1,1,0,0,0,0,0,0,0,0,0,0
2004,120719,1,1,0,0,0,0,0,0,0,0,0,0
2004,120719,2,1,0,0,0,0,0,0,0,0,0,0
2004,120720,1,1,0,0,24,7,0,0,0,18,0,0
2004,120721,1,1,0,0,0,0,0,0,0,0,0,0
2004,120721,2,1,0,0,0,0,0,0,0,0,0,0
2004,120722,1,1,40,40,40,40,40,40,40,40,40,40
2004,120723,1,1,0,0,0,0,0,0,0,0,0,0
2004,120723,2,1,0,0,0,0,0,0,12,0,0,0
2004,120724,1,1,0,0,0,0,0,0,0,0,0,0
2004,120725,1,1,0,0,0,0,0,0,0,0,0,0
2004,120726,1,1,0,0,0,0,0,0,0,0,0,0
2004,120727,1,1,0,0,0,0,0,0,2,0,0,0
2004,120728,1,1,18,18,18,18,18,18,18,18,18,18
2004,120729,1,1,4,4,4,4,4,4,4,4,4,4
2004,120729,2,1,0,0,0,0,0,0,0,0,0,0
2004,120730,1,1,4,4,4,4,4,4,4,4,4,4
2004,120731,1,1,0,0,0,14,0,8,0,0,0,0
2004,120731,2,1,0,0,0,0,0,0,0,0,0,0
2004,120732,1,1,0,0,0,0,0,0,0,0,0,0
2004,120732,2,1,0,0,0,0,0,0,0,0,0,0
2004,120733,1,1,0,0,0,0,0,0,0,0,0,0
2004,120734,1,1,0,0,0,0,0,0,0,0,0,0
2004,120734,2,1,18,18,18,18,18,18,18,18,18,18
2004,120735,1,1,0,7,0,31,0,15,17,9,0,31
2004,120736,1,1,0,0,0,0,0,0,0,0,0,0
2004,120737,1,1,0,0,22,0,0,0,0,0,12,0
2004,120738,1,1,0,0,0,0,0,0,0,0,0,0
2004,120738,2,1,0,0,0,0,0,0,3,0,0,0