YEAR,ST_CASE,veh_no,per_no,P1,P2,P3,P4,P5,P6,P7,P8,P9,P10
2004,120738,3,1,0,0,0,0,0,0,0,11,0,0
2004,120739,1,1,21,21,21,21,21,21,21,21,21,21
2004,120740,1,1,0,0,0,0,0,0,0,0,0,0
2004,120740,2,1,0,0,0,0,0,0,0,0,0,0
2004,120741,1,1,0,0,0,0,0,0,0,0,0,14
2004,120742,1,1,0,0,0,0,0,0,0,0,0,0
2004,120742,2,1,0,0,0,0,0,0,0,0,0,0
2004,120743,1,1,0,0,0,0,0,0,0,0,0,0
2004,120743,2,1,0,0,0,0,0,0,0,0,0,0
2004,120743,3,1,0,0,0,0,0,0,0,0,0,0
2004,120744,1,1,5,5,5,5,5,5,5,5,5,5
2004,120744,2,1,0,0,0,0,14,0,12,0,0,15
2004,120745,0,1,26,26,26,26,26,26,26,26,26,26
2004,120745,1,1,11,11,11,11,11,11,11,11,11,11
2004,120746,1,1,0,0,0,0,0,0,0,0,0,0
2004,120746,2,1,0,0,0,0,0,0,0,0,0,0
2004,120747,0,1,5,5,5,5,5,5,5,5,5,5
2004,120747,1,1,0,0,0,0,0,0,0,0,0,0
2004,120748,1,1,12,12,12,12,12,12,12,12,12,12
2004,120749,0,1,37,37,37,37,37,37,37,37,37,37
2004,120749,1,1,0,0,0,0,0,0,0,0,0,0
2004,120750,1,1,20,20,20,20,20,20,20,20,20,20
2004,120750,2,1,1,1,1,1,1,1,1,1,1,1
2004,120751,1,1,6,6,6,6,6,6,6,6,6,6
2004,120752,0,1,32,32,32,32,32,32,32,32,32,32
2004,120752,1,1,16,16,16,16,16,16,16,16,16,16
2004,120753,1,1,22,22,22,22,22,22,22,22,22,22
2004,120753,2,1,0,0,0,0,0,0,0,0,0,0
2004,120754,1,1,0,0,0,0,0,0,0,0,0,0
2004,120754,2,1,0,0,0,0,0,0,0,0,0,0
2004,120755,1,1,23,23,23,23,23,23,23,23,23,23
2004,120755,2,1,0,0,0,0,0,0,0,0,0,0
2004,120756,1,1,4,4,4,4,4,4,4,4,4,4
2004,120756,2,1,14,14,14,14,14,14,14,14,14,14
2004,120757,1,1,19,19,19,19,19,19,19,19,19,19
2004,120758,0,1,0,0,0,0,0,0,0,0,0,0
2004,120758,1,1,0,0,0,0,0,0,0,0,0,0
2004,120759,1,1,0,0,0,0,0,0,0,0,0,0
2004,120759,2,1,11,0,0,0,0,0,0,0,0,0
2004,120760,1,1,0,0,0,0,0,0,0,0,0,0
2004,120761,1,1,0,18,0,0,0,0,0,0,0,0
2004,120761,2,1,0,0,0,7,0,0,0,6,0,24
2004,120762,1,1,6,6,6,6,6,6,6,6,6,6
2004,120762,2,1,0,0,0,0,0,0,0,0,0,0
2004,120763,1,1,0,0,0,0,0,0,0,0,0,0
2004,120764,1,1,0,0,0,0,0,0,0,23,0,14
2004,120764,2,1,24,6,2,22,15,22,24,10,15,9
2004,120765,1,1,10,10,10,10,10,10,10,10,10,10
2004,120766,1,1,0,0,0,0,0,0,0,0,0,0
2004,120766,2,1,0,0,0,0,0,0,0,0,0,0
2004,120767,1,1,0,0,0,0,0,0,0,0,0,0
2004,120768,0,1,0,0,0,0,0,0,0,0,0,0
2004,120768,1,1,0,0,0,0,0,13,6,0,0,0
2004,120769,1,1,19,19,19,19,19,19,19,19,19,19
2004,120770,1,1,0,0,0,0,0,0,0,0,0,0
2004,120771,1,1,0,0,0,0,0,0,0,0,0,0
2004,120771,2,1,7,0,0,0,0,0,0,8,0,0
2004,120772,1,1,0,0,0,0,0,0,0,0,0,0
2004,120772,2,1,11,0,0,0,21,0,0,18,0,0
2004,120773,1,1,17,17,17,17,17,17,17,17,17,17
2004,120773,2,1,0,0,0,0,0,0,0,0,22,0
2004,120773,3,1,0,0,0,0,0,0,0,0,0,0
2004,120773,4,1,0,0,0,0,0,0,0,0,0,0
2004,120774,0,1,0,0,0,0,0,0,0,0,0,0
2004,120774,1,1,0,0,0,0,0,0,0,0,0,12
2004,120775,1,1,7,5,8,20,6,0,9,20,0,18
2004,120776,0,1,19,19,19,19,19,19,19,19,19,19
2004,120776,1,1,24,0,0,0,0,0,0,0,0,0
2004,120777,1,1,0,0,0,0,0,0,0,0,0,0
2004,120777,2,1,0,0,0,0,0,0,0,0,0,0
2004,120778,1,1,0,0,0,0,0,0,0,0,0,0
2004,120778,2,1,0,0,0,0,0,0,0,0,0,0
2004,120778,3,1,0,0,0,0,0,0,0,0,0,0
2004,120779,1,1,16,16,16,16,16,16,16,16,16,16
2004,120780,1,1,0,0,0,0,0,0,0,0,0,0
2004,120781,1,1,30,30,30,30,30,30,30,30,30,30
2004,120782,1,1,0,0,0,0,0,0,0,0,0,0
2004,120783,1,1,0,0,0,0,0,0,0,0,0,0
2004,120783,2,1,0,5,0,0,0,0,0,0,0,0
2004,120783,3,1,0,0,0,0,0,0,0,0,0,0
2004,120784,0,1,0,0,0,0,0,0,0,0,0,0
2004,120784,1,1,0,0,0,0,0,0,0,0,0,0
2004,120785,1,1,0,0,0,0,0,0,0,0,0,0
2004,120785,2,1,0,0,0,0,0,0,0,0,0,0
2004,120785,3,1,0,0,0,17,0,0,0,0,0,0
2004,120786,1,1,18,18,18,18,18,18,18,18,18,18
2004,120787,1,1,0,0,0,0,0,0,0,0,0,0
2004,120787,2,1,0,0,0,0,0,0,0,0,0,0
2004,120788,1,1,0,0,0,0,11,21,0,0,17,12
2004,120789,1,1,8,0,0,0,0,0,0,0,0,0
2004,120789,2,1,0,0,0,0,0,0,0,0,0,0
2004,120790,0,1,34,34,34,34,34,34,34,34,34,34
2004,120790,1,1,16,16,16,16,16,16,16,16,16,16
2004,120791,1,1,11,11,11,11,11,11,11,11,11,11
2004,120791,2,1,0,0,0,0,0,12,0,0,0,0
2004,120792,1,1,0,0,0,0,0,0,0,0,0,0
2004,120792,2,1,0,0,0,0,0,0,0,0,0,0
2004,120792,3,1,0,0,0,0,0,0,0,0,0,0
2004,120793,1,1,0,0,0,0,0,0,0,18,0,0
2004,120793,2,1,0,0,0,0,0,0,0,0,0,0
2004,120794,1,1,0,0,0,0,0,0,0,0,0,0
2004,120794,2,1,12,0,0,0,0,0,0,0,0,0
2004,120795,0,1,0,0,0,0,0,0,0,0,0,0
2004,120795,1,1,0,0,0,0,0,0,0,0,0,0
2004,120796,1,1,0,0,0,0,0,18,0,0,0,3
2004,120796,2,1,0,0,0,0,0,0,0,0,0,0
2004,120796,3,1,0,0,0,0,0,0,0,7,0,0
2004,120797,1,1,14,14,14,14,14,14,14,14,14,14
2004,120798,1,1,0,0,0,0,0,0,0,0,0,0
2004,120798,2,1,0,0,0,0,0,0,0,0,0,0
2004,120798,3,1,0,0,0,0,0,0,0,0,0,0
2004,120799,0,1,11,0,0,12,0,0,0,0,0,0
2004,120799,1,1,0,0,0,0,0,0,0,0,0,0
2004,120801,1,1,0,0,0,0,0,0,0,0,0,0
2004,120801,2,1,0,0,0,0,0,0,0,0,0,0
2004,120802,1,1,0,0,0,0,0,0,0,0,0,0
2004,120802,2,1,0,0,0,0,0,0,0,0,0,0
2004,120802,3,1,0,0,0,0,0,0,0,0,0,0
2004,120803,1,1,28,28,28,28,28,28,28,28,28,28
2004,120803,2,1,0,0,0,0,0,0,0,0,0,0
2004,120804,1,1,16,16,16,16,16,16,16,16,16,16
2004,120804,2,1,0,0,0,0,0,0,0,12,0,0
2004,120805,1,1,8,8,8,8,8,8,8,8,8,8
2004,120805,2,1,0,0,0,0,0,0,0,0,0,0
2004,120806,1,1,0,0,0,0,0,0,0,0,0,0
2004,120807,1,1,13,13,13,13,13,13,13,13,13,13
2004,120808,1,1,15,15,15,15,15,15,15,15,15,15
2004,120809,1,1,0,0,0,0,0,0,0,0,0,0
2004,120809,2,1,0,0,0,0,0,0,0,0,0,0
2004,120810,1,1,0,0,0,0,0,0,0,0,0,0
2004,120810,2,1,0,0,0,0,0,0,0,0,0,0
2004,120811,1,1,0,0,0,0,0,0,0,0,0,0
2004,120811,2,1,0,0,0,0,0,0,0,0,0,0
2004,120812,1,1,23,23,23,23,23,23,23,23,23,23
2004,120812,2,1,0,0,0,0,0,0,0,0,0,0
2004,120813,1,1,3,3,3,3,3,3,3,3,3,3
2004,120813,2,1,0,0,0,0,0,0,0,0,0,0
2004,120814,0,1,0,0,0,0,0,0,0,0,0,0
2004,120814,1,1,0,0,0,0,0,0,0,0,0,0
2004,120815,1,1,18,18,18,18,18,18,18,18,18,18
2004,120816,1,1,0,0,0,0,0,0,0,0,0,0
2004,120816,2,1,0,0,0,0,0,0,12,0,0,0
2004,120817,1,1,0,0,0,0,0,0,0,0,0,0
2004,120817,2,1,0,0,0,0,0,0,0,0,0,0
2004,120818,1,1,0,0,0,0,0,0,0,0,0,11
2004,120818,2,1,0,0,0,0,0,0,0,0,0,0
2004,120819,1,1,0,0,0,0,0,0,0,0,0,0
2004,120820,1,1,14,14,14,14,14,14,14,14,14,14
2004,120821,0,1,35,35,35,35,35,35,35,35,35,35
2004,120821,0,2,40,40,40,40,40,40,40,40,40,40
2004,120821,1,1,0,0,0,0,0,0,0,0,0,0
2004,120822,1,1,0,0,0,32,0,0,0,0,10,0
2004,120822,2,1,0,0,0,0,0,0,10,0,0,0
2004,120822,3,1,0,0,0,0,0,0,0,0,0,0
2004,120823,1,1,0,0,0,0,0,0,4,0,0,0
2004,120823,2,1,0,0,0,0,0,0,0,0,0,0
2004,120824,1,1,0,0,0,0,0,0,0,0,0,0
2004,120824,2,1,0,0,0,0,0,0,0,0,0,0
2004,120824,3,1,0,0,0,0,0,0,0,0,0,0
2004,120825,1,1,12,12,12,12,12,12,12,12,12,12
2004,120826,1,1,0,0,0,0,0,0,0,0,22,18
2004,120826,2,1,0,0,0,0,0,0,0,0,0,0
2004,120827,1,1,0,0,0,0,0,0,0,0,0,0
2004,120827,2,1,0,0,0,0,0,0,0,0,0,0
2004,120827,3,1,0,0,0,0,0,0,0,0,0,0
2004,120828,1,1,0,0,0,0,0,0,0,0,0,0
2004,120828,2,1,0,0,0,0,0,0,0,0,0,0
2004,120829,0,1,19,19,19,19,19,19,19,19,19,19
2004,120829,1,1,0,0,0,0,0,0,0,0,0,0
2004,120830,0,1,0,0,0,0,0,0,0,0,0,0
2004,120830,0,2,0,0,0,0,0,0,0,0,0,0
2004,120830,1,1,0,0,0,0,0,0,0,0,0,0
2004,120831,1,1,9,9,9,9,9,9,9,9,9,9
2004,120832,1,1,30,30,30,30,30,30,30,30,30,30
2004,120833,1,1,0,0,0,0,0,0,0,11,17,17
2004,120834,1,1,0,0,0,0,0,0,0,0,0,0
2004,120834,2,1,0,0,0,0,0,0,0,0,0,0
2004,120835,0,1,0,0,0,0,0,0,0,0,0,0
2004,120835,1,1,0,0,0,0,0,0,0,0,0,0
2004,120836,1,1,0,0,0,0,0,0,15,0,0,0
2004,120836,2,1,0,0,0,0,0,0,0,0,0,0
2004,120837,0,1,7,7,7,7,7,7,7,7,7,7
2004,120837,0,2,0,8,18,6,0,17,10,6,0,23
2004,120837,1,1,0,0,0,0,0,0,0,0,0,0
2004,120838,1,1,35,35,35,35,35,35,35,35,35,35
2004,120839,1,1,18,18,18,18,18,18,18,18,18,18
2004,120840,1,1,28,28,28,28,28,28,28,28,28,28
2004,120840,2,1,0,0,0,0,0,0,0,0,0,0
2004,120841,1,1,0,0,0,0,0,0,0,0,0,0
2004,120841,2,1,0,0,0,0,0,0,0,0,0,0
2004,120841,3,1,0,0,0,0,0,0,0,0,0,0
2004,120842,0,1,28,28,28,28,28,28,28,28,28,28
2004,120842,1,1,0,0,0,8,0,0,9,16,0,0
2004,120842,2,1,0,11,27,12,0,0,0,0,12,6
2004,120843,1,1,13,13,13,13,13,13,13,13,13,13
2004,120844,0,1,0,0,0,0,0,0,0,0,0,0
2004,120844,1,1,0,36,6,0,8,0,9,0,0,11
2004,120845,1,1,0,0,0,0,0,0,0,0,0,0
2004,120845,2,1,0,0,0,0,0,0,0,0,0,0
2004,120845,3,1,0,0,0,0,0,0,0,0,0,0
2004,120845,4,1,0,0,0,0,0,0,0,0,0,0
2004,120846,1,1,0,0,0,0,0,0,0,0,0,0
2004,120846,2,1,0,0,0,0,0,0,0,0,0,0
2004,120847,0,1,11,11,11,11,11,11,11,11,11,11
2004,120847,1,1,0,0,0,0,0,0,0,0,0,0
2004,120848,0,1,10,10,10,10,10,10,10,10,10,10
2004,120848,1,1,14,0,0,0,0,0,0,0,0,0
2004,120849,1,1,0,0,0,0,0,0,16,0,0,0
2004,120849,2,1,0,0,0,0,0,0,0,0,0,0
2004,120850,1,1,22,22,22,22,22,22,22,22,22,22
2004,120851,1,1,0,0,0,0,0,0,0,0,0,0
2004,120852,1,1,0,0,0,0,0,0,0,0,0,0
2004,120852,2,1,0,0,0,0,0,0,0,0,0,0
2004,120853,1,1,24,24,24,24,24,24,24,24,24,24
2004,120853,2,1,0,0,0,0,0,0,0,0,0,0
2004,120854,1,1,0,0,0,0,0,0,0,0,0,0
2004,120854,2,1,0,0,0,0,13,18,0,24,0,24
2004,120855,0,1,1,1,1,1,1,1,1,1,1,1
2004,120855,1,1,0,0,0,0,0,0,0,0,0,0
2004,120856,0,1,0,0,0,0,0,0,0,0,0,0
2004,120856,1,1,0,0,0,0,0,0,0,0,0,0
2004,120857,1,1,0,0,0,0,0,0,0,0,0,0
2004,120858,1,1,18,18,18,18,18,18,18,18,18,18
2004,120858,2,1,0,0,0,0,18,18,0,0,0,0
2004,120859,0,1,29,29,29,29,29,29,29,29,29,29
2004,120859,1,1,0,0,0,0,0,0,0,0,0,0
2004,120860,1,1,0,0,0,0,0,0,0,0,0,0
2004,120860,2,1,0,0,0,0,0,0,0,0,0,0
2004,120861,1,1,0,0,13,0,10,0,0,19,0,0
2004,120861,2,1,0,0,20,0,0,0,0,0,0,0
2004,120862,0,1,0,0,0,0,0,0,0,0,0,0
2004,120862,1,1,0,0,0,0,0,0,0,0,0,0
2004,120863,1,1,0,0,0,23,0,0,0,0,0,0
2004,120863,2,1,0,0,0,0,0,0,0,0,0,0
2004,120864,1,1,0,0,0,0,0,0,0,0,0,0
2004,120864,2,1,0,0,0,0,0,0,0,0,0,0
2004,120865,1,1,0,0,0,0,0,0,0,0,0,15
2004,120865,2,1,0,0,0,0,0,0,0,0,0,0
2004,120866,0,1,0,0,0,0,0,0,0,0,0,0
2004,120866,1,1,0,0,0,0,0,0,0,0,0,0
2004,120867,0,1,0,0,0,0,0,0,0,0,0,0
2004,120867,1,1,0,0,0,0,0,0,0,0,0,0
2004,120868,1,1,0,0,0,0,0,0,0,0,0,0
2004,120868,2,1,0,0,0,0,0,0,0,0,0,0
2004,120868,3,1,0,0,0,0,0,14,0,0,0,0
2004,120869,1,1,0,0,0,0,13,0,0,0,0,0
2004,120869,2,1,0,0,0,0,0,0,0,0,6,0
2004,120870,1,1,0,0,0,0,0,0,0,0,0,0
2004,120870,2,1,0,0,0,0,0,0,0,0,0,0
2004,120871,0,1,0,0,0,0,0,7,0,0,0,0
2004,120871,1,1,0,0,0,0,0,21,0,0,0,0
2004,120872,1,1,0,0,0,0,0,0,0,0,0,0
2004,120872,2,1,23,23,23,23,23,23,23,23,23,23
2004,120872,3,1,0,0,0,0,0,0,0,0,0,0
2004,120872,4,1,0,0,0,0,0,0,0,0,0,0
2004,120873,1,1,0,0,0,0,0,0,0,0,0,0
2004,120874,1,1,0,0,0,0,0,0,0,0,0,0
2004,120875,1,1,23,23,23,23,23,23,23,23,23,23
2004,120875,2,1,0,0,0,0,0,0,0,0,0,0
2004,120876,1,1,20,20,20,20,20,20,20,20,20,20
2004,120877,0,1,34,34,34,34,34,34,34,34,34,34
2004,120877,1,1,0,0,0,0,0,0,0,0,0,0
2004,120878,1,1,28,28,28,28,28,28,28,28,28,28
2004,120878,2,1,0,0,0,0,0,0,0,0,0,0
2004,120878,3,1,0,0,0,0,0,0,18,0,0,0
2004,120879,1,1,0,0,0,0,0,0,0,0,0,0
2004,120879,2,1,0,0,0,0,0,0,0,0,0,0
2004,120880,1,1,23,23,23,23,23,23,23,23,23,23
2004,120881,1,1,0,0,0,0,0,0,0,0,0,0
2004,120881,2,1,0,0,0,0,3,0,0,0,10,0
2004,120882,1,1,0,0,0,20,0,28,11,35,12,0
2004,120882,2,1,0,0,0,0,0,0,0,0,0,0
2004,120883,1,1,21,21,21,21,21,21,21,21,21,21
2004,120884,1,1,0,0,0,0,12,16,25,18,27,20
2004,120885,1,1,0,0,0,0,0,0,0,0,0,0
2004,120886,1,1,0,0,0,0,0,0,0,0,0,0
2004,120886,2,1,0,0,0,0,0,0,0,0,0,0
2004,120887,1,1,0,0,0,0,0,0,0,0,0,0
2004,120887,2,1,0,0,0,0,0,0,0,0,0,0
2004,120888,1,1,19,0,0,14,10,36,0,0,0,0
2004,120888,2,1,0,0,0,0,0,0,0,0,0,0
2004,120889,1,1,19,19,19,19,19,19,19,19,19,19
2004,120890,0,1,0,0,0,0,0,0,0,0,0,0
2004,120890,1,1,0,0,0,0,0,0,0,0,0,0
2004,120891,1,1,0,0,0,17,0,9,0,27,9,0
2004,120891,2,1,0,0,0,0,0,0,0,0,0,0
2004,120892,1,1,0,0,0,0,0,0,0,0,0,0
2004,120892,2,1,0,0,0,0,0,0,0,0,0,0
2004,120893,1,1,18,18,18,18,18,18,18,18,18,18
2004,120894,1,1,0,0,0,0,0,0,0,0,0,0
2004,120894,2,1,0,0,0,0,0,0,0,0,0,0
2004,120895,1,1,1,1,1,1,1,1,1,1,1,1
2004,120896,1,1,0,0,0,0,0,0,0,0,9,0
2004,120897,1,1,0,0,0,0,0,0,0,0,16,0
2004,120897,2,1,0,0,0,0,0,0,0,0,0,0
2004,120898,1,1,16,16,16,16,16,16,16,16,16,16
2004,120899,1,1,2,2,2,2,2,2,2,2,2,2
2004,120900,0,1,0,0,0,0,0,0,0,0,0,0
2004,120900,1,1,0,0,0,0,0,0,0,0,0,0
2004,120901,1,1,0,0,0,0,0,0,0,0,0,0
2004,120902,1,1,0,0,0,0,0,0,0,0,0,0
2004,120902,2,1,0,0,0,0,0,0,0,0,0,0
2004,120903,1,1,0,0,0,0,0,0,0,0,0,0
2004,120904,0,1,0,0,0,0,0,0,0,0,0,0
2004,120904,1,1,0,0,0,0,0,0,0,0,0,0
2004,120905,1,1,0,0,0,0,0,0,0,0,0,0
2004,120906,1,1,0,12,0,0,0,0,0,0,0,0
2004,120907,1,1,0,0,0,0,0,0,0,0,0,0
2004,120907,2,1,0,0,0,0,0,0,0,0,0,0
2004,120908,0,1,0,0,0,0,0,0,0,0,0,0
2004,120908,1,1,0,0,0,0,0,0,0,0,0,0
2004,120909,0,1,0,0,0,0,0,0,0,0,0,0
2004,120909,1,1,17,17,17,17,17,17,17,17,17,17
2004,120910,1,1,0,0,0,0,0,0,0,0,0,0
2004,120910,2,1,0,0,0,0,0,0,0,0,0,0
2004,120911,0,1,0,0,0,0,0,0,0,0,0,0
2004,120911,2,1,0,0,0,0,0,0,0,0,0,0
2004,120912,1,1,0,0,0,0,0,0,0,0,0,8
2004,120913,1,1,0,0,0,0,0,0,0,0,0,0
2004,120914,1,1,0,25,0,0,0,0,0,0,11,0
2004,120914,2,1,0,0,0,0,0,0,0,0,0,0
2004,120914,3,1,0,0,0,0,0,0,0,0,0,23
2004,120914,4,1,0,0,0,0,0,18,0,0,7,0
2004,120915,1,1,0,0,0,0,0,0,0,0,0,0
2004,120916,1,1,4,4,4,4,4,4,4,4,4,4
2004,120916,2,1,0,0,0,0,0,0,0,0,0,0
2004,120917,1,1,0,0,0,0,0,0,0,0,0,0
2004,120917,2,1,0,0,0,0,0,0,0,0,0,0
2004,120918,1,1,0,0,0,0,0,0,0,0,0,0
2004,120918,2,1,0,0,0,0,38,0,0,0,0,0
2004,120918,3,1,0,0,0,0,0,0,0,0,0,0
2004,120919,1,1,0,0,14,0,0,14,0,0,0,10
2004,120920,1,1,0,0,0,0,0,0,0,0,0,0
2004,120920,2,1,0,0,0,0,0,0,0,0,0,0
2004,120920,3,1,0,0,0,0,0,0,0,0,0,0
2004,120921,1,1,0,0,0,0,0,0,0,0,0,0
2004,120921,2,1,0,0,0,0,0,0,0,0,0,0
2004,120922,1,1,0,0,0,0,0,0,0,0,0,0
2004,120923,1,1,15,15,15,15,15,15,15,15,15,15
2004,120924,1,1,0,0,0,0,0,0,0,0,0,0
2004,120925,1,1,0,0,20,8,0,0,0,0,0,20
2004,120925,2,1,0,0,0,0,0,0,0,0,0,0
2004,120926,1,1,0,0,0,0,0,0,0,0,0,0
2004,120927,1,1,0,0,0,0,0,0,0,0,0,0
2004,120928,1,1,0,34,0,2,0,0,13,0,0,0
2004,120928,2,1,0,0,0,0,0,0,0,0,0,0
2004,120929,1,1,0,0,0,0,0,0,0,0,0,0
2004,120929,2,1,0,0,0,0,0,0,0,0,0,0
2004,120930,0,1,25,25,25,25,25,25,25,25,25,25
2004,120930,1,1,0,16,0,0,0,0,0,0,0,0
2004,120931,1,1,0,0,0,0,0,0,0,0,0,0
2004,120931,2,1,0,0,0,0,0,0,0,0,0,0
2004,120932,1,1,0,0,0,0,0,9,0,0,0,0
2004,120933,1,1,0,0,0,0,0,0,0,0,0,0
2004,120933,2,1,14,14,14,14,14,14,14,14,14,14
2004,120934,1,1,5,5,5,5,5,5,5,5,5,5
2004,120935,0,1,0,0,0,0,0,0,0,0,8,21
2004,120935,0,2,47,17,24,0,6,21,28,20,16,22
2004,120935,1,1,0,0,0,0,0,0,0,0,0,0
2004,120935,2,1,23,23,23,23,23,23,23,23,23,23
2004,120936,1,1,0,0,0,0,0,0,0,0,0,0
2004,120936,2,1,0,0,0,0,0,0,0,0,0,0
2004,120937,0,1,0,0,0,0,5,0,0,0,0,0
2004,120937,1,1,0,0,0,0,0,0,0,0,0,0
2004,120938,1,1,0,0,12,7,0,0,0,0,13,0
2004,120939,1,1,0,0,0,0,0,0,0,0,0,0
2004,120939,2,1,0,0,0,0,0,0,0,0,0,0
2004,120939,3,1,0,0,0,0,0,0,0,0,0,0
2004,120940,1,1,0,0,0,0,0,10,0,0,0,0
2004,120940,2,1,0,0,0,0,0,0,0,0,0,0
2004,120941,1,1,16,16,16,16,16,16,16,16,16,16
2004,120941,2,1,0,0,25,0,8,0,0,0,0,0
2004,120942,1,1,19,19,19,19,19,19,19,19,19,19
2004,120942,2,1,0,23,0,0,15,0,26,24,0,0
2004,120943,1,1,23,0,23,15,11,20,0,0,0,0
2004,120944,1,1,20,20,20,20,20,20,20,20,20,20
2004,120944,2,1,0,0,0,0,0,0,0,23,0,21
2004,120945,1,1,8,8,8,8,8,8,8,8,8,8
2004,120946,1,1,0,0,0,0,0,0,0,0,0,0
2004,120946,2,1,7,0,0,0,0,0,0,0,0,0
2004,120947,1,1,0,0,0,0,0,0,0,0,0,0
2004,120948,1,1,0,0,0,0,0,0,0,0,0,0
2004,120949,0,1,0,6,0,0,18,24,0,0,0,0
2004,120949,1,1,0,0,0,0,0,0,0,0,0,0
2004,120950,0,1,0,0,0,0,0,0,0,0,0,18
2004,120950,1,1,0,0,0,0,0,0,0,0,0,0
2004,120951,1,1,22,22,22,22,22,22,22,22,22,22
2004,120952,1,1,0,0,0,0,0,0,0,0,0,0
2004,120953,1,1,0,0,0,0,0,0,0,0,0,0
2004,120953,2,1,0,0,0,0,0,0,0,0,0,0
2004,120954,0,1,10,31,0,0,0,0,0,0,0,0
2004,120954,1,1,0,0,0,0,0,0,0,0,0,0
2004,120955,1,1,0,0,0,0,0,16,0,12,0,0
2004,120955,2,1,0,0,0,0,0,0,0,0,0,0
2004,120956,1,1,27,27,27,27,27,27,27,27,27,27
2004,120957,1,1,0,0,0,0,0,0,0,0,0,0
2004,120957,2,1,0,0,0,0,0,0,0,0,0,0
2004,120957,3,1,0,0,0,0,0,0,0,0,0,0
2004,120958,1,1,9,9,9,9,9,9,9,9,9,9
2004,120959,1,1,20,20,20,20,20,20,20,20,20,20
2004,120960,1,1,0,0,0,0,0,0,20,12,0,0
2004,120961,1,1,0,0,0,0,0,10,0,0,0,0
2004,120961,2,1,0,0,0,0,14,0,0,0,0,0
2004,120963,0,1,0,0,0,0,0,0,0,0,0,0
2004,120963,1,1,0,0,0,0,0,0,0,0,0,0
2004,120964,0,1,38,38,38,38,38,38,38,38,38,38
2004,120964,1,1,0,0,0,0,0,0,0,0,0,0
2004,120964,2,1,14,0,0,0,0,0,0,0,0,0
2004,120965,0,1,17,17,17,17,17,17,17,17,17,17
2004,120965,1,1,0,0,0,0,0,0,0,0,4,0
2004,120966,1,1,0,0,0,0,0,0,0,0,0,0
2004,120966,2,1,0,0,0,0,0,0,0,0,0,0
2004,120967,1,1,0,0,0,0,0,0,0,0,0,0
2004,120968,1,1,0,0,0,0,0,0,0,0,0,0
2004,120968,2,1,0,0,0,0,0,0,0,0,0,0
2004,120969,1,1,0,0,0,0,8,0,0,0,0,0
2004,120969,2,1,0,0,0,0,0,0,0,0,0,0
2004,120970,0,1,49,49,49,49,49,49,49,49,49,49
2004,120970,1,1,0,0,0,12,0,0,0,0,0,0
2004,120971,0,1,0,0,0,0,0,47,0,0,0,22
2004,120971,1,1,0,0,0,0,0,0,0,0,0,0
2004,120972,1,1,16,16,16,16,16,16,16,16,16,16
2004,120972,2,1,14,0,0,0,8,0,0,0,0,0
2004,120973,1,1,13,13,13,13,13,13,13,13,13,13
2004,120973,2,1,8,8,8,8,8,8,8,8,8,8
2004,120974,1,1,9,9,9,9,9,9,9,9,9,9
2004,120975,1,1,5,5,5,5,5,5,5,5,5,5
2004,120975,2,1,0,0,0,0,0,0,0,0,0,0
2004,120976,1,1,0,0,0,0,0,0,0,0,0,0
2004,120977,1,1,0,0,0,0,0,0,0,0,0,0
2004,120977,2,1,0,0,0,0,0,0,0,0,0,0
2004,120978,0,1,16,16,16,16,16,16,16,16,16,16
2004,120978,1,1,11,11,11,11,11,11,11,11,11,11
2004,120979,0,1,0,0,0,19,0,0,0,20,0,0
2004,120979,1,1,0,0,0,7,0,0,0,0,15,0
2004,120980,1,1,0,0,0,0,0,0,0,0,0,0
2004,120980,2,1,0,0,0,0,0,0,0,0,0,0
2004,120981,0,1,0,0,0,0,0,0,0,0,0,0
2004,120981,1,1,0,0,0,0,0,0,0,0,0,0
2004,120982,1,1,0,0,0,0,0,0,0,0,0,0
2004,120983,1,1,0,0,0,0,0,0,0,0,0,0
2004,120984,1,1,22,22,22,22,22,22,22,22,22,22
2004,120985,1,1,16,16,16,16,16,16,16,16,16,16
2004,120985,2,1,1,1,1,1,1,1,1,1,1,1
2004,120986,1,1,18,18,18,18,18,18,18,18,18,18
2004,120987,1,1,9,9,9,9,9,9,9,9,9,9
2004,120987,2,1,0,0,0,0,0,0,0,0,0,0
2004,120988,1,1,0,0,0,9,0,0,0,0,0,0
2004,120989,1,1,20,20,20,20,20,20,20,20,20,20
2004,120990,0,1,13,13,13,13,13,13,13,13,13,13
2004,120990,1,1,0,0,0,0,0,0,0,0,0,0
2004,120991,1,1,13,13,13,13,13,13,13,13,13,13
2004,120992,0,1,0,0,0,0,19,0,0,0,0,0
2004,120992,1,1,0,0,0,0,0,0,0,9,0,0
2004,120993,1,1,0,0,0,0,0,0,0,0,0,0
2004,120993,2,1,0,0,0,0,0,0,0,0,0,0
2004,120994,1,1,0,0,0,0,0,0,5,0,0,0
2004,120994,2,1,0,0,0,0,0,0,0,0,0,0
2004,120994,3,1,0,0,0,0,0,0,0,0,0,0
2004,120995,1,1,0,0,0,0,0,0,0,0,0,0
2004,120996,1,1,0,0,0,0,0,0,0,0,0,0