YEAR,ST_CASE,veh_no,per_no,P1,P2,P3,P4,P5,P6,P7,P8,P9,P10
2004,120996,2,1,0,0,0,0,0,0,0,0,0,0
2004,120997,1,1,14,0,0,0,7,0,19,0,11,0
2004,120997,2,1,0,17,0,0,0,0,0,0,0,0
2004,120998,1,1,0,0,0,0,0,0,0,0,0,0
2004,120998,2,1,0,0,0,0,0,0,0,0,0,0
2004,120998,3,1,0,0,0,0,0,0,0,0,0,0
2004,120999,1,1,0,0,0,0,0,0,0,0,0,0
2004,121000,1,1,0,0,0,0,0,0,0,0,0,0
2004,121000,2,1,0,0,0,0,0,0,0,0,0,0
2004,121001,1,1,0,0,0,0,0,0,0,0,0,0
2004,121002,1,1,0,0,0,0,0,0,0,0,0,0
2004,121003,1,1,13,13,13,13,13,13,13,13,13,13
2004,121004,1,1,0,0,0,0,0,0,0,0,0,0
2004,121005,0,1,0,0,0,0,0,0,0,0,0,0
2004,121005,1,1,0,0,0,0,0,0,0,0,0,0
2004,121006,1,1,17,17,17,17,17,17,17,17,17,17
2004,121007,0,1,0,0,0,0,11,16,0,28,23,33
2004,121007,1,1,28,28,28,28,28,28,28,28,28,28
2004,121008,1,1,0,0,0,0,0,0,0,0,0,0
2004,121008,2,1,9,0,0,0,0,0,0,12,0,0
2004,121009,0,1,0,0,0,0,0,0,0,0,0,0
2004,121009,1,1,0,0,0,0,0,0,0,0,0,0
2004,121010,1,1,0,0,0,0,0,0,0,0,0,0
2004,121011,1,1,0,0,0,0,0,0,0,0,0,0
2004,121012,1,1,0,0,0,0,0,0,0,0,0,0
2004,121012,2,1,0,0,0,0,0,0,0,0,0,0
2004,121013,1,1,0,0,0,0,0,0,0,0,0,0
2004,121013,2,1,0,0,0,0,0,0,0,0,0,0
2004,121013,3,1,0,0,0,0,0,0,0,0,0,0
2004,121014,1,1,0,0,0,0,0,0,0,0,0,0
2004,121014,2,1,0,0,0,0,0,8,0,0,0,0
2004,121015,1,1,0,0,0,0,0,0,0,0,0,0
2004,121016,1,1,0,0,0,0,0,0,0,0,0,0
2004,121016,2,1,0,0,11,0,0,0,0,0,0,0
2004,121017,1,1,0,0,0,0,0,0,0,0,0,0
2004,121018,0,1,0,0,0,0,0,0,0,0,0,0
2004,121018,1,1,0,0,0,0,0,0,0,0,0,0
2004,121019,1,1,0,0,0,0,0,0,0,0,0,0
2004,121019,2,1,0,0,0,0,0,0,0,0,0,0
2004,121020,1,1,30,30,30,30,30,30,30,30,30,30
2004,121021,1,1,18,18,18,18,18,18,18,18,18,18
2004,121022,1,1,0,0,0,0,0,0,0,0,0,0
2004,121022,2,1,0,0,0,0,0,0,0,0,0,0
2004,121023,1,1,19,19,19,19,19,19,19,19,19,19
2004,121024,0,1,0,0,0,0,0,0,0,0,0,0
2004,121024,1,1,0,22,0,0,0,0,0,0,0,0
2004,121024,2,1,0,0,0,0,0,9,0,0,0,0
2004,121025,1,1,0,0,0,0,0,0,0,0,0,0
2004,121025,2,1,0,0,0,0,12,0,0,0,0,0
2004,121026,1,1,0,19,0,13,0,0,0,0,0,0
2004,121026,2,1,0,0,0,0,0,0,0,0,0,0
2004,121027,0,1,40,40,40,40,40,40,40,40,40,40
2004,121027,1,1,0,0,0,0,0,0,0,0,0,0
2004,121028,1,1,0,0,0,0,0,0,0,0,0,0
2004,121028,2,1,0,0,0,0,0,0,0,0,0,0
2004,121029,1,1,11,11,11,11,11,11,11,11,11,11
2004,121030,1,1,0,0,0,0,0,0,0,0,0,0
2004,121030,2,1,0,0,0,0,0,0,0,0,0,0
2004,121031,1,1,0,0,0,0,0,0,0,0,0,0
2004,121031,2,1,0,0,0,0,0,0,0,0,0,0
2004,121031,3,1,0,4,0,0,0,0,0,0,0,0
2004,121032,1,1,16,16,16,16,16,16,16,16,16,16
2004,121033,1,1,0,0,0,0,0,0,0,0,0,0
2004,121033,2,1,0,0,0,0,0,0,0,0,0,0
2004,121033,3,1,0,0,0,0,0,0,0,0,0,0
2004,121034,1,1,13,13,13,13,13,13,13,13,13,13
2004,121034,2,1,0,0,0,0,0,0,0,0,0,0
2004,121035,1,1,0,0,0,0,0,0,0,0,0,0
2004,121035,2,1,0,0,0,0,0,0,0,0,0,0
2004,121036,1,1,0,0,0,0,0,0,0,0,0,0
2004,121036,2,1,0,0,0,0,0,0,0,0,0,0
2004,121036,3,1,0,0,0,0,0,0,0,0,0,0
2004,121037,1,1,16,16,16,16,16,16,16,16,16,16
2004,121038,0,1,0,0,30,0,0,0,0,0,0,0
2004,121038,1,1,0,0,0,0,0,0,0,0,16,0
2004,121039,0,1,0,53,24,11,27,21,0,0,14,16
2004,121039,1,1,0,17,0,0,0,0,0,0,0,21
2004,121040,1,1,0,0,0,0,0,0,0,0,0,0
2004,121040,2,1,0,0,0,0,0,0,0,0,0,19
2004,121041,1,1,0,0,0,0,0,0,0,0,0,6
2004,121041,2,1,0,0,0,0,0,0,0,0,0,0
2004,121042,1,1,0,0,0,0,0,0,0,0,0,0
2004,121042,2,1,0,0,0,0,0,0,0,0,0,0
2004,121042,3,1,0,0,0,0,0,0,0,0,0,0
2004,121043,1,1,0,0,0,0,0,0,0,0,0,14
2004,121044,1,1,19,19,19,19,19,19,19,19,19,19
2004,121044,2,1,0,0,0,0,0,0,0,0,0,0
2004,121045,0,1,0,19,27,0,0,0,17,0,17,0
2004,121045,1,1,9,0,0,11,0,9,0,0,15,0
2004,121046,1,1,0,0,0,0,0,0,0,0,0,0
2004,121047,1,1,0,0,0,0,0,0,0,0,0,0
2004,121047,2,1,0,0,0,0,0,0,0,0,0,0
2004,121048,1,1,20,20,20,20,20,20,20,20,20,20
2004,121049,1,1,0,0,8,0,0,21,5,0,0,0
2004,121049,2,1,0,0,0,0,0,0,0,0,0,0
2004,121050,1,1,0,0,0,0,0,0,0,0,0,0
2004,121050,2,1,0,0,0,0,0,0,0,0,0,0
2004,121051,1,1,0,0,11,0,0,0,0,0,15,0
2004,121052,1,1,23,23,23,23,23,23,23,23,23,23
2004,121053,1,1,0,0,0,0,0,0,0,0,0,0
2004,121053,2,1,0,0,0,0,0,0,0,0,0,0
2004,121054,0,1,0,0,0,0,0,0,0,0,0,0
2004,121054,1,1,0,0,0,0,0,0,0,0,0,0
2004,121055,1,1,0,0,0,0,0,0,0,0,0,0
2004,121055,2,1,0,0,0,0,0,0,0,0,0,0
2004,121056,1,1,0,0,0,0,0,0,0,0,0,0
2004,121057,1,1,0,0,0,0,0,0,0,0,3,0
2004,121057,2,1,0,0,0,0,0,0,0,0,0,16
2004,121058,0,1,0,0,0,0,0,0,0,0,0,0
2004,121058,1,1,0,0,0,0,0,0,0,0,0,0
2004,121059,1,1,0,0,0,0,4,11,0,0,11,0
2004,121060,1,1,0,0,0,0,0,0,0,0,0,0
2004,121060,2,1,0,5,0,0,0,0,0,0,0,0
2004,121061,0,1,0,0,0,15,0,0,20,0,0,7
2004,121061,1,1,20,0,0,0,8,0,7,0,0,4
2004,121062,1,1,0,0,0,0,0,0,0,0,0,0
2004,121062,2,1,0,0,23,0,0,0,0,0,9,0
2004,121063,1,1,0,0,0,0,0,0,0,0,0,0
2004,121063,2,1,0,0,0,0,0,0,0,0,0,0
2004,121064,1,1,0,0,0,0,0,0,0,0,0,0
2004,121064,2,1,0,0,0,0,0,0,0,0,0,0
2004,121065,1,1,0,0,0,0,0,0,0,0,0,0
2004,121065,2,1,0,7,0,25,0,0,0,0,0,0
2004,121065,3,1,0,0,0,0,0,0,0,0,0,0
2004,121066,1,1,23,27,0,13,18,0,36,10,0,0
2004,121067,1,1,0,0,0,0,0,0,0,0,0,0
2004,121067,2,1,0,0,0,0,0,0,0,0,0,0
2004,121067,3,1,0,0,0,0,0,0,0,0,0,0
2004,121068,1,1,0,0,0,0,0,0,0,0,0,0
2004,121068,2,1,0,0,0,0,0,0,0,11,0,0
2004,121069,0,1,23,23,23,23,23,23,23,23,23,23
2004,121069,1,1,0,0,0,0,0,0,0,0,0,0
2004,121069,2,1,0,0,0,0,0,0,0,0,0,0
2004,121070,1,1,0,0,0,0,0,0,0,0,0,0
2004,121070,2,1,0,0,0,0,0,0,0,0,0,0
2004,121071,1,1,0,0,0,0,0,0,0,0,0,0
2004,121072,1,1,0,0,0,0,0,0,0,0,0,0
2004,121072,2,1,0,0,0,0,0,0,0,0,0,0
2004,121073,0,1,0,0,13,0,0,0,0,0,24,0
2004,121073,1,1,0,0,0,0,0,0,0,0,0,0
2004,121074,1,1,0,0,0,0,0,0,0,0,0,0
2004,121074,2,1,0,0,0,0,0,0,0,0,0,0
2004,121075,1,1,0,0,0,0,0,0,0,0,0,0
2004,121075,2,1,0,0,0,0,0,0,0,0,0,0
2004,121075,3,1,0,0,0,0,0,0,0,0,0,0
2004,121076,1,1,1,1,1,1,1,1,1,1,1,1
2004,121076,2,1,0,0,0,0,0,0,0,0,4,0
2004,121077,1,1,0,0,0,0,0,0,0,0,0,0
2004,121077,2,1,0,0,0,0,0,0,0,0,0,0
2004,121077,3,1,0,0,0,0,0,0,8,0,0,0
2004,121078,1,1,0,0,0,0,0,0,0,0,0,0
2004,121078,2,1,15,0,7,0,0,11,0,40,0,0
2004,121078,3,1,8,14,0,0,10,0,0,0,0,0
2004,121079,1,1,12,12,12,12,12,12,12,12,12,12
2004,121079,2,1,5,0,0,0,0,0,0,0,0,0
2004,121080,0,1,0,0,0,0,0,0,0,0,0,0
2004,121080,1,1,0,0,0,26,0,0,0,0,0,0
2004,121081,1,1,0,0,0,0,0,0,0,0,0,0
2004,121081,2,1,0,0,0,0,0,0,0,0,0,0
2004,121081,3,1,0,0,0,0,0,0,0,0,0,0
2004,121082,1,1,0,7,0,0,0,0,0,0,0,0
2004,121082,2,1,20,20,20,20,20,20,20,20,20,20
2004,121082,3,1,0,0,0,0,0,0,0,0,0,0
2004,121083,1,1,0,0,0,0,0,0,0,0,0,0
2004,121083,2,1,0,0,0,0,0,0,0,0,0,0
2004,121084,1,1,0,0,0,0,0,0,0,0,0,0
2004,121085,1,1,0,0,0,0,0,0,0,0,0,0
2004,121085,2,1,19,19,19,19,19,19,19,19,19,19
2004,121086,0,1,20,20,20,20,20,20,20,20,20,20
2004,121086,1,1,0,25,0,8,13,9,12,0,21,25
2004,121087,1,1,0,0,0,0,0,0,0,0,0,0
2004,121087,2,1,0,13,14,0,9,0,0,0,0,0
2004,121088,0,1,34,34,34,34,34,34,34,34,34,34
2004,121088,1,1,0,0,0,0,0,0,0,0,0,0
2004,121089,1,1,0,0,0,0,0,0,0,0,0,0
2004,121089,2,1,0,0,0,0,0,0,0,0,0,0
2004,121090,1,1,0,0,0,0,0,0,0,0,0,0
2004,121091,1,1,0,0,0,0,0,0,0,0,0,11
2004,121092,1,1,0,11,0,0,0,0,11,0,0,0
2004,121093,1,1,0,0,0,0,0,0,0,0,0,0
2004,121094,1,1,0,0,0,0,0,0,0,0,0,0
2004,121094,2,1,0,8,0,0,0,0,0,0,0,0
2004,121095,1,1,0,0,0,0,0,0,0,0,7,0
2004,121096,1,1,3,3,3,3,3,3,3,3,3,3
2004,121096,2,1,1,1,1,1,1,1,1,1,1,1
2004,121097,1,1,0,0,0,0,0,0,0,0,0,0
2004,121098,1,1,15,15,15,15,15,15,15,15,15,15
2004,121098,2,1,0,0,0,0,0,0,0,0,0,0
2004,121099,0,1,0,0,0,0,0,0,0,0,0,0
2004,121099,1,1,0,0,0,0,0,0,0,0,0,0
2004,121100,1,1,0,0,0,0,0,0,0,0,0,0
2004,121101,1,1,0,0,0,0,0,0,0,0,0,0
2004,121102,1,1,0,0,13,0,0,0,0,0,21,0
2004,121102,2,1,2,2,2,2,2,2,2,2,2,2
2004,121103,1,1,42,42,42,42,42,42,42,42,42,42
2004,121104,1,1,0,0,0,0,7,0,0,0,0,0
2004,121104,2,1,0,0,0,0,0,0,6,16,0,24
2004,121106,1,1,0,0,0,0,0,7,0,0,0,0
2004,121107,1,1,19,15,0,0,0,0,0,0,0,0
2004,121107,2,1,0,0,0,0,0,0,0,0,0,0
2004,121108,1,1,23,23,23,23,23,23,23,23,23,23
2004,121109,0,1,0,0,0,0,0,0,0,0,0,0
2004,121109,1,1,0,0,0,0,0,0,0,0,0,0
2004,121110,1,1,0,0,0,0,0,0,0,0,0,0
2004,121111,1,1,0,0,0,0,0,0,0,0,0,0
2004,121111,2,1,0,0,0,0,0,0,0,0,0,0
2004,121112,1,1,0,0,0,0,0,0,0,0,0,0
2004,121112,2,1,0,0,0,0,2,0,0,0,13,0
2004,121113,0,1,0,0,0,0,0,6,0,0,0,0
2004,121113,1,1,0,0,0,0,0,9,0,19,0,0
2004,121114,1,1,0,0,0,0,0,0,0,0,0,0
2004,121115,1,1,0,0,0,0,0,0,0,0,0,0
2004,121116,1,1,29,29,29,29,29,29,29,29,29,29
2004,121117,0,1,0,0,0,0,0,0,0,0,0,0
2004,121117,1,1,0,0,0,0,0,0,0,0,0,4
2004,121118,1,1,0,0,0,23,0,0,11,0,15,10
2004,121118,2,1,0,0,0,0,0,0,0,0,0,0
2004,121119,1,1,0,0,0,0,0,0,0,0,0,0
2004,121119,2,1,0,0,0,0,0,0,0,0,9,0
2004,121120,1,1,0,0,0,0,0,0,0,0,0,0
2004,121121,0,1,0,0,0,0,0,0,0,0,0,0
2004,121121,1,1,0,0,0,0,13,0,0,0,0,0
2004,121122,1,1,14,14,14,14,14,14,14,14,14,14
2004,121123,1,1,0,0,0,0,0,0,0,0,0,0
2004,121124,1,1,0,0,0,0,0,0,0,0,0,0
2004,121125,0,1,3,3,3,3,3,3,3,3,3,3
2004,121125,1,1,0,26,0,0,0,0,0,0,0,16
2004,121126,1,1,0,0,0,0,0,0,0,0,0,0
2004,121126,2,1,0,0,18,0,0,0,0,15,17,0
2004,121127,1,1,0,0,0,0,0,0,0,0,0,0
2004,121128,0,1,28,28,28,28,28,28,28,28,28,28
2004,121128,1,1,16,10,17,8,0,16,44,0,10,10
2004,121129,0,1,25,25,25,25,25,25,25,25,25,25
2004,121129,1,1,25,25,25,25,25,25,25,25,25,25
2004,121130,1,1,0,0,0,0,0,0,0,0,0,0
2004,121130,2,1,0,0,0,0,0,0,0,0,0,0
2004,121131,1,1,8,8,8,8,8,8,8,8,8,8
2004,121131,2,1,7,0,0,0,0,0,0,0,0,0
2004,121132,1,1,28,28,28,28,28,28,28,28,28,28
2004,121133,1,1,24,24,24,24,24,24,24,24,24,24
2004,121134,1,1,14,0,15,0,0,0,0,0,0,34
2004,121135,1,1,24,24,24,24,24,24,24,24,24,24
2004,121135,2,1,23,23,23,23,23,23,23,23,23,23
2004,121136,1,1,0,0,0,0,0,0,0,0,0,0
2004,121136,2,1,0,0,0,0,0,0,0,0,0,0
2004,121136,3,1,0,0,0,0,0,0,0,0,0,0
2004,121137,1,1,0,0,0,0,0,0,0,0,0,0
2004,121137,2,1,0,0,0,0,0,16,22,0,0,0
2004,121138,1,1,0,0,0,0,0,0,0,0,0,0
2004,121139,1,1,0,0,0,0,0,0,0,0,0,0
2004,121139,2,1,0,0,0,0,0,0,0,0,0,0
2004,121140,1,1,0,0,0,0,0,0,0,0,0,0
2004,121141,1,1,0,0,0,0,0,0,0,0,0,0
2004,121141,2,1,0,0,0,0,0,0,0,0,0,0
2004,121142,0,1,32,32,32,32,32,32,32,32,32,32
2004,121142,1,1,0,0,0,0,0,0,0,0,0,0
2004,121143,1,1,0,0,0,0,0,0,0,0,0,0
2004,121143,2,1,0,0,0,0,0,0,0,0,0,0
2004,121144,1,1,0,0,7,0,0,0,0,0,0,0
2004,121145,1,1,0,0,0,0,0,0,0,0,0,0
2004,121146,0,1,0,0,0,0,0,0,0,0,0,0
2004,121146,1,1,0,0,0,0,0,0,0,0,0,0
2004,121147,0,1,0,0,0,0,0,0,0,0,0,0
2004,121147,1,1,0,0,0,6,0,0,0,0,0,0
2004,121148,1,1,0,0,0,0,0,0,0,0,0,0
2004,121148,2,1,0,0,0,0,0,0,0,0,0,0
2004,121149,1,1,0,0,0,0,0,0,0,0,0,0
2004,121150,1,1,8,8,8,8,8,8,8,8,8,8
2004,121151,1,1,0,0,0,0,0,0,0,0,0,0
2004,121151,2,1,0,0,0,0,0,0,17,0,0,0
2004,121151,3,1,0,0,0,0,0,0,0,0,0,0
2004,121152,1,1,0,0,0,0,0,0,0,0,0,0
2004,121152,2,1,0,0,0,0,0,0,0,0,0,0
2004,121153,1,1,18,18,18,18,18,18,18,18,18,18
2004,121153,2,1,0,0,0,0,0,0,0,0,0,0
2004,121154,0,1,0,0,0,0,0,0,0,0,0,0
2004,121154,1,1,0,0,0,0,0,0,0,0,0,0
2004,121155,1,1,0,0,0,0,0,0,0,0,0,0
2004,121155,2,1,19,19,19,19,19,19,19,19,19,19
2004,121156,1,1,0,0,0,0,8,0,0,0,0,0
2004,121157,0,1,28,28,28,28,28,28,28,28,28,28
2004,121157,1,1,0,0,0,0,0,0,25,14,0,0
2004,121158,1,1,0,0,0,0,0,0,0,0,0,0
2004,121159,1,1,24,24,24,24,24,24,24,24,24,24
2004,121160,1,1,18,0,0,0,0,12,16,0,22,0
2004,121161,1,1,0,0,0,12,0,0,7,0,0,0
2004,121162,1,1,25,0,0,0,0,0,0,0,0,0
2004,121163,1,1,0,30,0,28,0,0,0,14,20,19
2004,121163,2,1,11,11,11,11,11,11,11,11,11,11
2004,121164,1,1,11,11,11,11,11,11,11,11,11,11
2004,121165,1,1,14,14,14,14,14,14,14,14,14,14
2004,121166,1,1,0,0,0,0,0,0,0,0,0,0
2004,121166,2,1,0,0,0,0,0,0,0,0,0,0
2004,121166,3,1,0,0,0,0,0,0,0,0,0,0
2004,121167,0,1,17,17,17,17,17,17,17,17,17,17
2004,121167,1,1,0,0,0,0,0,0,0,0,0,0
2004,121168,0,1,0,0,0,0,0,0,0,0,0,0
2004,121168,1,1,0,0,0,0,0,0,0,0,0,0
2004,121169,1,1,3,0,0,0,0,0,0,0,13,25
2004,121169,2,1,0,5,11,0,0,0,0,0,0,15
2004,121170,1,1,21,21,21,21,21,21,21,21,21,21
2004,121171,1,1,11,0,0,0,16,0,5,0,0,8
2004,121172,1,1,2,2,2,2,2,2,2,2,2,2
2004,121172,2,1,0,0,0,0,0,0,0,0,12,0
2004,121173,1,1,0,0,0,0,0,0,0,0,0,0
2004,121173,2,1,0,0,0,0,0,0,0,0,0,0
2004,121174,0,1,0,0,0,0,19,0,0,0,13,0
2004,121174,1,1,0,0,0,0,0,15,0,13,0,0
2004,121175,0,1,0,25,0,23,0,0,0,0,0,0
2004,121175,1,1,0,0,0,13,0,0,0,0,0,0
2004,121176,1,1,0,0,0,0,0,0,0,0,0,0
2004,121177,1,1,0,0,0,0,0,0,0,0,0,0
2004,121178,1,1,1,1,1,1,1,1,1,1,1,1
2004,121178,2,1,0,0,0,0,0,0,0,0,0,0
2004,121179,0,1,46,46,46,46,46,46,46,46,46,46
2004,121179,1,1,0,0,0,0,0,0,0,0,0,0
2004,121180,1,1,0,0,0,0,0,0,0,0,0,0
2004,121181,1,1,0,0,0,0,0,0,0,0,0,0
2004,121181,2,1,0,0,0,3,0,0,0,0,0,0
2004,121181,3,1,0,0,0,0,0,0,0,0,0,0
2004,121182,1,1,5,5,5,5,5,5,5,5,5,5
2004,121183,1,1,0,0,0,0,0,0,0,0,0,0
2004,121183,2,1,0,0,0,4,0,0,0,13,0,0
2004,121184,1,1,2,2,2,2,2,2,2,2,2,2
2004,121185,0,1,0,0,0,0,0,0,0,0,0,0
2004,121185,1,1,0,0,0,0,0,0,0,0,0,0
2004,121186,1,1,7,0,0,0,0,0,0,0,0,30
2004,121187,1,1,0,0,11,0,0,0,0,0,0,0
2004,121188,1,1,0,0,0,0,0,0,0,0,0,0
2004,121189,0,1,22,22,22,22,22,22,22,22,22,22
2004,121189,1,1,3,3,3,3,3,3,3,3,3,3
2004,121190,1,1,0,0,0,17,15,0,0,8,0,15
2004,121191,1,1,18,18,18,18,18,18,18,18,18,18
2004,121192,1,1,0,0,0,0,0,0,0,0,0,0
2004,121192,2,1,0,0,0,0,0,0,0,0,0,0
2004,121193,1,1,0,0,0,0,0,0,0,0,0,0
2004,121194,1,1,0,0,0,0,0,0,0,0,0,0
2004,121195,0,1,0,0,28,0,0,10,0,50,0,0
2004,121195,1,1,0,0,0,0,0,0,0,0,0,0
2004,121196,1,1,19,19,19,19,19,19,19,19,19,19
2004,121197,1,1,0,0,0,0,0,0,0,0,0,0
2004,121197,2,1,0,0,0,0,0,0,0,0,0,0
2004,121198,0,1,0,0,0,0,0,0,0,0,0,0
2004,121198,1,1,0,0,0,0,0,0,0,0,0,0
2004,121199,1,1,0,0,0,0,0,0,0,0,0,0
2004,121199,2,1,0,0,0,0,0,0,0,0,0,0
2004,121200,1,1,11,11,11,11,11,11,11,11,11,11
2004,121200,2,1,0,0,0,0,0,0,0,0,20,0
2004,121201,1,1,12,12,12,12,12,12,12,12,12,12
2004,121202,1,1,0,0,0,0,0,0,0,0,0,0
2004,121202,2,1,1,1,1,1,1,1,1,1,1,1
2004,121203,1,1,0,0,0,0,0,0,0,0,0,0
2004,121204,1,1,0,0,0,0,0,0,0,0,0,0
2004,121205,1,1,23,23,23,23,23,23,23,23,23,23
2004,121206,1,1,0,0,0,0,0,0,0,0,0,0
2004,121206,2,1,0,0,0,0,0,0,0,0,0,0
2004,121206,3,1,0,0,0,0,0,0,0,0,0,0
2004,121207,0,1,0,0,0,0,0,0,0,0,0,0
2004,121207,1,1,0,0,0,0,0,0,0,0,0,0
2004,121208,1,1,0,0,0,0,0,0,0,0,0,0
2004,121208,2,1,0,0,0,0,0,0,0,0,0,0
2004,121209,1,1,0,0,0,0,0,0,0,0,0,0
2004,121209,2,1,0,0,0,0,0,0,0,0,0,0
2004,121210,1,1,0,0,5,0,0,0,0,0,0,0
2004,121211,1,1,6,13,9,0,0,0,0,0,0,0
2004,121211,2,1,0,0,0,0,0,0,0,0,0,0
2004,121212,0,1,35,0,31,0,27,29,12,0,16,28
2004,121212,1,1,28,28,28,28,28,28,28,28,28,28
2004,121213,0,1,0,0,0,0,0,0,0,0,0,0
2004,121213,1,1,0,0,0,0,0,0,0,0,0,0
2004,121214,1,1,0,0,0,19,0,0,0,0,0,0
2004,121214,2,1,0,0,0,0,0,0,0,4,0,0
2004,121215,1,1,9,9,9,9,9,9,9,9,9,9
2004,121215,2,1,0,0,0,0,0,0,0,0,0,0
2004,121216,1,1,0,0,6,7,11,0,0,10,0,0
2004,121217,1,1,27,0,11,0,0,0,0,0,0,22
2004,121217,2,1,0,0,0,0,0,0,0,0,0,0
2004,121218,1,1,13,13,13,13,13,13,13,13,13,13
2004,121218,2,1,0,0,0,0,0,0,19,0,0,0
2004,121218,3,1,0,0,0,0,0,0,0,0,0,0
2004,121218,4,1,0,0,0,0,0,0,0,0,0,0
2004,121218,5,1,0,0,0,0,0,0,0,0,0,0
2004,121218,6,1,0,0,0,0,0,0,0,6,0,6
2004,121219,1,1,0,0,0,14,0,0,0,17,0,0
2004,121220,1,1,11,11,11,11,11,11,11,11,11,11
2004,121221,1,1,0,0,0,0,0,0,0,0,0,0
2004,121221,2,1,0,0,0,0,0,14,0,0,0,0
2004,121222,1,1,0,0,0,0,0,0,16,0,0,4
2004,121222,2,1,0,0,0,0,0,0,0,0,0,0
2004,121223,0,1,32,32,32,32,32,32,32,32,32,32
2004,121223,1,1,0,0,11,0,0,0,0,0,0,18
2004,121224,1,1,0,0,0,0,0,0,0,0,0,0
2004,121225,1,1,3,3,3,3,3,3,3,3,3,3
2004,121226,1,1,2,2,2,2,2,2,2,2,2,2
2004,121226,2,1,0,0,0,0,0,0,0,0,0,0
2004,121227,1,1,22,22,22,22,22,22,22,22,22,22
2004,121228,0,1,23,23,23,23,23,23,23,23,23,23
2004,121228,1,1,0,0,0,0,0,0,0,0,9,0
2004,121229,0,1,30,30,30,30,30,30,30,30,30,30
2004,121229,1,1,7,7,7,7,7,7,7,7,7,7
2004,121230,1,1,0,0,0,0,0,0,0,0,0,0
2004,121231,0,1,0,0,0,0,0,0,0,0,0,0
2004,121231,1,1,29,29,29,29,29,29,29,29,29,29
2004,121232,1,1,0,0,0,0,0,0,0,0,0,0
2004,121232,2,1,0,0,0,0,0,0,0,0,0,0
2004,121233,1,1,0,0,0,0,0,0,0,0,0,0
2004,121234,1,1,0,0,0,0,0,0,0,0,0,0
2004,121234,2,1,0,0,0,0,0,0,0,0,0,0
2004,121235,1,1,25,25,25,25,25,25,25,25,25,25
2004,121235,2,1,0,0,0,0,0,0,0,0,0,0
2004,121235,3,1,0,0,0,0,0,0,0,0,0,0
2004,121236,1,1,16,16,16,16,16,16,16,16,16,16
2004,121237,1,1,0,0,0,0,0,0,0,0,0,0
2004,121237,2,1,0,0,0,0,0,0,0,0,0,0
2004,121238,1,1,0,0,0,0,0,0,0,0,0,0
2004,121239,1,1,11,0,0,0,0,18,0,0,0,0
2004,121240,1,1,22,22,22,22,22,22,22,22,22,22
2004,121241,0,1,29,29,29,29,29,29,29,29,29,29
2004,121241,1,1,0,2,0,0,0,0,14,0,0,0
2004,121242,0,1,10,0,0,0,0,0,0,0,12,0
2004,121242,1,1,0,0,0,8,0,12,0,0,13,0
2004,121242,2,1,0,0,0,0,0,0,0,0,0,0
2004,121243,0,1,9,9,9,9,9,9,9,9,9,9
2004,121243,1,1,0,0,0,0,0,0,0,0,0,0
2004,121244,1,1,12,12,12,12,12,12,12,12,12,12
2004,121245,1,1,15,15,15,15,15,15,15,15,15,15
2004,121245,2,1,0,0,0,0,0,0,0,0,0,0
2004,121245,3,1,0,0,0,0,0,0,0,0,0,0
2004,121246,1,1,0,0,0,0,0,0,0,0,0,0
2004,121246,2,1,0,0,0,0,0,0,0,0,0,0
2004,121247,1,1,0,0,0,0,0,0,0,0,0,0
2004,121248,1,1,0,0,0,0,0,0,0,0,0,0
2004,121249,1,1,0,0,0,0,0,0,0,0,0,0
2004,121250,0,1,0,0,0,0,0,0,0,0,19,0
2004,121250,1,1,0,0,0,0,0,0,0,0,0,0
2004,121250,2,1,0,0,0,0,0,0,0,0,0,0
2004,121251,0,1,19,0,6,22,0,0,28,19,0,12
2004,121251,1,1,0,0,0,0,0,0,0,0,0,0
2004,121252,1,1,0,0,0,0,0,0,0,0,0,0
2004,121252,2,1,0,0,0,0,0,0,0,0,0,0
2004,121253,1,1,19,19,19,19,19,19,19,19,19,19
2004,121254,0,1,0,0,0,0,0,0,0,0,0,0
2004,121254,1,1,14,14,14,14,14,14,14,14,14,14
2004,121255,1,1,0,0,0,0,0,0,0,0,0,0
2004,121256,1,1,18,18,18,18,18,18,18,18,18,18
2004,121256,2,1,0,0,0,0,0,0,0,0,0,0
2004,121257,1,1,0,0,0,0,0,0,0,0,0,0
2004,121258,1,1,0,0,19,0,0,0,0,0,0,0
2004,121259,1,1,38,0,0,13,0,0,0,18,6,0
2004,121260,0,1,24,24,24,24,24,24,24,24,24,24
2004,121260,1,1,0,0,18,0,0,0,4,5,0,0
2004,121261,0,1,27,27,27,27,27,27,27,27,27,27
2004,121261,1,1,0,0,0,0,0,0,0,0,0,0
2004,121262,1,1,26,26,26,26,26,26,26,26,26,26
2004,121263,1,1,21,21,21,21,21,21,21,21,21,21
2004,121263,2,1,0,0,0,0,0,0,0,0,0,0
2004,121264,1,1,0,0,0,0,0,0,0,0,0,0
2004,121265,1,1,0,0,0,0,0,0,0,0,0,7
2004,121265,2,1,0,0,0,0,0,0,0,7,0,0
2004,121266,1,1,0,0,0,0,0,0,0,0,0,0
2004,121266,2,1,9,0,0,0,0,0,0,8,0,13
2004,121267,0,1,7,7,7,7,7,7,7,7,7,7
2004,121267,1,1,0,0,0,0,0,0,0,0,0,0