YEAR,ST_CASE,veh_no,per_no,P1,P2,P3,P4,P5,P6,P7,P8,P9,P10
2004,121268,1,1,0,0,0,0,0,0,0,0,0,0
2004,121268,2,1,0,0,0,0,0,0,0,0,0,0
2004,121269,1,1,7,0,0,0,0,0,5,0,19,0
2004,121270,1,1,0,0,0,4,10,22,9,0,0,8
2004,121271,1,1,34,34,34,34,34,34,34,34,34,34
2004,121272,1,1,0,0,0,0,0,0,0,0,0,0
2004,121272,2,1,0,0,0,0,0,0,0,0,0,0
2004,121273,1,1,27,27,27,27,27,27,27,27,27,27
2004,121273,2,1,0,0,0,0,0,0,0,0,0,0
2004,121274,1,1,13,13,13,13,13,13,13,13,13,13
2004,121275,1,1,0,0,0,0,0,0,0,0,0,0
2004,121275,2,1,0,0,0,0,0,0,0,0,0,0
2004,121275,3,1,0,0,0,0,0,0,0,0,0,0
2004,121276,1,1,0,0,0,0,0,0,9,0,0,39
2004,121277,1,1,0,0,0,0,0,0,0,0,0,0
2004,121278,1,1,0,0,0,0,0,0,0,0,0,0
2004,121279,0,1,0,0,0,0,0,0,0,0,0,0
2004,121279,1,1,0,0,0,0,0,0,0,0,0,0
2004,121280,1,1,0,0,0,0,0,0,0,0,0,0
2004,121280,2,1,0,0,0,0,0,0,0,0,0,0
2004,121281,1,1,11,11,11,11,11,11,11,11,11,11
2004,121281,2,1,0,0,0,0,0,0,0,0,0,0
2004,121282,1,1,0,0,0,0,0,0,0,0,0,0
2004,121282,2,1,0,0,0,0,0,0,0,0,0,0
2004,121283,1,1,0,0,0,0,0,0,0,0,0,0
2004,121284,0,1,0,0,0,0,0,0,0,0,0,0
2004,121284,1,1,12,12,12,12,12,12,12,12,12,12
2004,121285,1,1,0,0,0,0,0,0,0,0,0,15
2004,121285,2,1,0,0,0,0,0,0,0,0,0,0
2004,121286,1,1,0,0,0,0,0,0,0,0,0,0
2004,121286,2,1,10,0,0,14,0,0,21,0,13,0
2004,121287,1,1,0,0,0,0,0,0,0,0,0,0
2004,121288,1,1,0,0,0,0,0,0,0,0,0,0
2004,121288,2,1,0,0,0,0,0,0,0,22,0,0
2004,121289,1,1,0,0,0,0,0,0,0,0,0,0
2004,121289,2,1,0,0,0,0,0,0,0,0,0,0
2004,121290,1,1,0,0,0,0,0,0,0,0,0,0
2004,121291,1,1,0,0,0,0,0,0,0,0,0,0
2004,121292,1,1,0,0,23,0,0,0,0,0,0,0
2004,121292,2,1,0,0,0,0,0,0,0,0,0,0
2004,121293,1,1,7,7,7,7,7,7,7,7,7,7
2004,121293,2,1,0,0,0,0,0,0,0,0,0,0
2004,121294,1,1,0,0,0,0,0,0,0,0,0,0
2004,121294,2,1,0,0,0,0,0,0,0,0,0,0
2004,121295,1,1,0,15,0,0,0,22,0,2,0,4
2004,121296,1,1,20,0,0,0,0,0,0,20,0,0
2004,121296,2,1,0,0,0,0,0,0,0,0,23,0
2004,121296,3,1,11,0,0,0,17,0,0,0,0,0
2004,121297,1,1,0,0,0,0,0,0,0,0,0,0
2004,121297,2,1,0,0,0,0,0,0,0,0,0,16
2004,121297,3,1,0,0,0,0,0,19,0,0,0,0
2004,121298,0,1,0,0,0,0,0,0,11,0,0,0
2004,121298,1,1,0,0,0,28,0,0,0,0,0,0
2004,121298,2,1,23,0,16,0,0,0,0,0,0,0
2004,121299,0,1,0,0,0,0,0,0,0,0,0,0
2004,121299,1,1,0,0,0,0,0,0,0,0,0,0
2004,121300,1,1,11,0,0,0,0,0,0,0,0,0
2004,121301,0,1,0,0,0,0,0,0,5,0,0,0
2004,121301,1,1,8,8,8,8,8,8,8,8,8,8
2004,121302,1,1,0,27,22,0,0,0,0,0,0,0
2004,121303,1,1,0,0,0,0,22,0,0,0,0,0
2004,121303,2,1,0,0,0,0,0,0,0,0,0,0
2004,121304,1,1,12,12,12,12,12,12,12,12,12,12
2004,121305,1,1,17,17,17,17,17,17,17,17,17,17
2004,121306,1,1,25,25,25,25,25,25,25,25,25,25
2004,121306,2,1,0,0,0,0,0,0,0,0,0,0
2004,121307,1,1,21,21,21,21,21,21,21,21,21,21
2004,121308,1,1,0,0,0,0,0,0,0,0,0,0
2004,121308,2,1,0,0,0,0,0,0,0,0,0,0
2004,121309,0,1,4,4,4,4,4,4,4,4,4,4
2004,121309,1,1,8,0,0,0,0,0,0,0,0,0
2004,121310,1,1,0,0,0,0,0,0,0,0,0,0
2004,121310,2,1,0,0,0,0,0,0,0,0,0,0
2004,121311,1,1,0,0,0,0,2,0,0,0,0,0
2004,121312,1,1,0,0,0,0,0,15,0,0,0,16
2004,121313,1,1,14,14,14,14,14,14,14,14,14,14
2004,121313,2,1,0,18,0,0,10,0,0,0,0,0
2004,121314,1,1,0,0,0,5,0,0,0,0,0,0
2004,121314,2,1,18,18,0,0,0,0,0,0,0,0
2004,121315,1,1,16,16,16,16,16,16,16,16,16,16
2004,121316,1,1,0,0,0,0,0,0,0,0,0,0
2004,121316,2,1,24,0,0,0,0,0,0,0,13,0
2004,121317,1,1,25,25,25,25,25,25,25,25,25,25
2004,121318,1,1,0,0,0,0,0,0,0,0,0,0
2004,121318,2,1,0,0,0,0,0,0,0,0,0,0
2004,121319,1,1,0,0,0,0,0,0,0,0,0,0
2004,121320,1,1,0,0,0,0,15,0,0,0,0,0
2004,121320,2,1,0,0,0,0,0,0,0,0,0,0
2004,121321,1,1,0,0,0,0,0,0,0,0,0,0
2004,121322,1,1,0,0,0,0,0,0,0,0,0,0
2004,121323,1,1,19,19,19,19,19,19,19,19,19,19
2004,121323,2,1,1,1,1,1,1,1,1,1,1,1
2004,121324,1,1,0,0,0,0,0,0,0,0,0,0
2004,121325,1,1,25,25,25,25,25,25,25,25,25,25
2004,121326,1,1,0,0,0,0,0,0,0,0,0,0
2004,121327,1,1,0,0,0,0,0,0,23,0,0,0
2004,121327,2,1,0,0,0,0,0,0,0,0,0,0
2004,121327,3,1,0,0,0,0,0,0,0,0,0,0
2004,121328,1,1,16,16,16,16,16,16,16,16,16,16
2004,121329,1,1,0,0,0,0,0,0,0,0,0,0
2004,121329,2,1,0,0,0,0,0,0,0,0,0,0
2004,121330,1,1,0,0,0,0,0,0,0,0,0,0
2004,121331,1,1,0,0,0,0,0,0,0,0,0,0
2004,121332,1,1,0,0,0,0,0,0,0,0,0,0
2004,121333,1,1,0,0,0,0,0,0,0,0,0,0
2004,121333,2,1,0,0,0,0,0,0,0,0,0,0
2004,121334,1,1,0,0,0,0,0,0,0,0,0,0
2004,121334,2,1,0,0,0,0,0,0,0,0,0,0
2004,121335,1,1,0,0,0,0,0,0,0,0,0,0
2004,121335,2,1,0,0,0,0,0,0,0,0,0,0
2004,121336,1,1,12,12,12,12,12,12,12,12,12,12
2004,121336,2,1,0,0,0,0,0,0,0,0,0,0
2004,121337,1,1,0,0,0,0,0,0,0,0,0,0
2004,121337,2,1,0,0,0,0,0,0,0,0,0,0
2004,121338,1,1,0,0,0,0,0,0,0,0,0,0
2004,121339,1,1,14,14,14,14,14,14,14,14,14,14
2004,121340,1,1,0,0,0,0,0,0,0,0,0,0
2004,121340,2,1,0,0,0,0,0,0,0,0,0,0
2004,121341,1,1,0,0,0,0,0,0,0,0,0,0
2004,121342,1,1,10,10,10,10,10,10,10,10,10,10
2004,121342,2,1,12,12,12,12,12,12,12,12,12,12
2004,121343,1,1,10,0,0,0,0,0,9,0,0,0
2004,121343,2,1,5,5,5,5,5,5,5,5,5,5
2004,121344,1,1,0,0,0,0,0,0,0,0,0,0
2004,121345,0,1,0,0,0,0,0,0,0,0,0,0
2004,121345,1,1,0,0,0,0,0,30,0,0,0,0
2004,121346,1,1,0,0,0,0,0,0,0,0,0,0
2004,121347,1,1,17,17,17,17,17,17,17,17,17,17
2004,121347,2,1,10,10,10,10,10,10,10,10,10,10
2004,121348,1,1,42,0,0,0,25,0,0,18,0,24
2004,121349,0,1,12,12,12,12,12,12,12,12,12,12
2004,121349,1,1,0,0,0,0,0,22,0,0,14,0
2004,121350,1,1,0,0,0,0,0,0,0,0,0,0
2004,121350,2,1,0,0,0,0,0,0,0,0,0,0
2004,121351,1,1,0,0,0,0,0,0,0,0,0,0
2004,121351,2,1,0,0,0,0,0,0,0,0,0,0
2004,121351,3,1,0,0,0,0,0,0,0,0,0,0
2004,121352,1,1,17,17,17,17,17,17,17,17,17,17
2004,121353,1,1,0,0,0,0,0,0,0,0,0,0
2004,121353,2,1,0,0,0,0,0,0,0,0,0,0
2004,121354,1,1,11,11,11,11,11,11,11,11,11,11
2004,121355,1,1,0,0,0,0,0,0,0,0,0,0
2004,121355,2,1,0,0,0,0,0,0,0,0,0,0
2004,121356,1,1,0,0,0,0,0,0,0,0,0,0
2004,121356,2,1,0,0,0,0,0,5,0,0,0,0
2004,121357,1,1,0,28,0,16,9,12,15,26,28,15
2004,121358,1,1,0,0,0,0,0,0,0,0,0,0
2004,121358,2,1,0,0,0,0,0,0,0,0,0,0
2004,121359,1,1,23,23,23,23,23,23,23,23,23,23
2004,121359,2,1,0,13,0,0,0,0,0,11,0,0
2004,121360,0,1,1,1,1,1,1,1,1,1,1,1
2004,121360,1,1,0,0,0,10,0,0,7,0,0,7
2004,121361,1,1,31,31,31,31,31,31,31,31,31,31
2004,121361,2,1,0,0,0,0,0,0,0,0,0,0
2004,121361,3,1,7,11,0,20,0,0,0,0,0,0
2004,121362,0,1,26,26,26,26,26,26,26,26,26,26
2004,121362,1,1,0,0,0,0,0,0,0,0,0,0
2004,121363,1,1,0,0,9,19,0,0,10,0,33,0
2004,121363,2,1,0,23,11,25,0,0,0,7,0,15
2004,121364,1,1,8,0,0,0,0,0,0,0,0,0
2004,121365,0,1,0,0,0,0,0,0,0,0,0,0
2004,121365,0,2,22,0,24,3,0,0,0,0,28,16
2004,121365,1,1,0,8,0,16,0,0,0,0,0,0
2004,121366,1,1,0,0,0,0,0,0,0,0,0,0
2004,121366,2,1,0,0,0,0,0,0,0,0,0,0
2004,121367,1,1,0,0,0,0,0,0,0,0,0,0
2004,121368,1,1,0,0,0,0,0,0,0,0,0,0
2004,121368,2,1,0,0,0,0,0,0,0,0,0,0
2004,121369,1,1,24,24,24,24,24,24,24,24,24,24
2004,121369,2,1,0,0,0,0,0,0,0,0,0,0
2004,121370,1,1,0,0,0,0,0,0,0,0,0,0
2004,121370,2,1,0,0,0,0,0,0,0,0,0,0
2004,121370,3,1,0,0,0,0,0,0,0,0,0,0
2004,121371,1,1,0,0,0,0,0,0,0,0,0,0
2004,121372,1,1,0,0,0,0,0,0,0,0,0,0
2004,121372,2,1,0,0,0,0,0,0,0,0,0,18
2004,121372,3,1,0,0,0,0,0,0,0,0,0,0
2004,121373,1,1,0,0,0,0,0,0,0,0,0,11
2004,121373,2,1,0,0,0,0,0,0,0,0,0,0
2004,121374,1,1,0,0,0,0,0,0,0,0,0,0
2004,121374,2,1,0,0,0,0,0,0,0,0,0,0
2004,121375,1,1,0,0,0,0,0,0,0,0,0,0
2004,121375,2,1,0,0,0,0,0,0,0,0,0,0
2004,121375,3,1,0,0,0,0,0,0,0,0,0,0
2004,121376,1,1,0,0,19,0,13,0,0,18,42,0
2004,121376,2,1,8,0,0,0,0,0,22,0,0,0
2004,121377,1,1,8,8,8,8,8,8,8,8,8,8
2004,121378,0,1,0,0,0,0,0,0,0,0,0,0
2004,121378,1,1,0,0,0,0,0,0,0,0,0,0
2004,121379,1,1,0,0,0,0,0,0,0,0,0,0
2004,121380,1,1,22,22,22,22,22,22,22,22,22,22
2004,121380,2,1,0,0,0,0,0,0,0,0,0,0
2004,121381,1,1,23,23,23,23,23,23,23,23,23,23
2004,121382,1,1,0,0,0,0,0,0,0,0,0,0
2004,121382,2,1,0,0,0,0,0,0,0,0,0,0
2004,121383,1,1,0,0,0,0,0,0,0,0,0,0
2004,121383,2,1,0,0,0,0,0,0,0,0,0,0
2004,121384,1,1,0,0,0,0,0,0,0,0,0,0
2004,121384,2,1,8,8,8,8,8,8,8,8,8,8
2004,121384,3,1,2,2,2,2,2,2,2,2,2,2
2004,121385,1,1,0,0,0,0,0,0,0,0,0,0
2004,121385,2,1,0,0,0,0,0,0,0,0,0,0
2004,121385,3,1,0,0,0,0,0,0,0,0,0,11
2004,121386,1,1,0,0,0,0,0,0,0,0,0,0
2004,121386,2,1,0,0,0,0,0,27,0,0,0,40
2004,121387,1,1,32,32,32,32,32,32,32,32,32,32
2004,121388,1,1,0,0,0,0,0,0,0,0,0,0
2004,121389,1,1,0,0,0,0,0,0,0,0,0,0
2004,121389,2,1,20,20,20,20,20,20,20,20,20,20
2004,121390,1,1,0,0,0,0,0,0,0,0,0,0
2004,121390,2,1,0,0,0,0,0,0,0,0,0,0
2004,121391,1,1,0,0,0,0,0,0,0,0,0,0
2004,121391,2,1,7,7,7,7,7,7,7,7,7,7
2004,121392,1,1,0,0,0,0,0,0,0,0,0,0
2004,121393,1,1,0,0,0,0,0,0,0,0,0,0
2004,121393,2,1,0,0,0,0,0,0,0,0,0,0
2004,121394,1,1,0,0,0,0,0,0,0,0,0,0
2004,121394,2,1,0,0,0,0,0,0,0,0,0,0
2004,121395,1,1,20,20,20,20,20,20,20,20,20,20
2004,121396,1,1,0,0,0,0,0,11,0,0,0,0
2004,121396,2,1,18,18,18,18,18,18,18,18,18,18
2004,121397,1,1,25,25,25,25,25,25,25,25,25,25
2004,121397,2,1,0,0,0,0,0,0,0,0,0,0
2004,121398,0,1,0,0,0,0,0,0,0,0,0,0
2004,121398,1,1,26,26,26,26,26,26,26,26,26,26
2004,121398,2,1,0,0,0,0,0,0,0,0,0,0
2004,121399,1,1,0,0,0,0,5,0,7,0,0,0
2004,121399,2,1,0,0,0,0,0,0,0,0,0,0
2004,121400,1,1,0,0,0,0,0,0,0,0,0,0
2004,121400,2,1,0,0,0,0,0,0,0,0,0,0
2004,121401,1,1,0,0,0,0,0,0,0,0,0,0
2004,121401,2,1,0,0,0,0,0,0,0,0,0,0
2004,121402,1,1,0,0,0,0,0,0,0,0,0,0
2004,121402,2,1,0,0,0,0,0,0,0,0,0,0
2004,121403,1,1,0,0,0,3,0,4,0,0,0,0
2004,121403,2,1,0,0,0,0,0,0,0,0,0,0
2004,121404,1,1,17,17,17,17,17,17,17,17,17,17
2004,121404,2,1,0,13,22,0,0,0,0,0,28,0
2004,121404,3,1,0,0,17,0,0,0,0,0,5,0
2004,121405,1,1,0,0,0,0,0,0,0,0,0,0
2004,121405,2,1,0,0,0,0,0,0,16,0,0,0
2004,121406,1,1,0,0,0,0,0,0,0,0,0,0
2004,121407,1,1,9,9,9,9,9,9,9,9,9,9
2004,121408,1,1,4,0,0,0,0,0,0,0,0,27
2004,121409,1,1,13,13,13,13,13,13,13,13,13,13
2004,121409,2,1,0,0,0,0,25,0,0,0,0,0
2004,121410,1,1,19,19,19,19,19,19,19,19,19,19
2004,121411,1,1,0,0,0,0,0,0,10,0,0,0
2004,121412,0,1,9,0,12,0,0,0,15,0,7,17
2004,121412,1,1,0,0,0,0,0,0,0,0,0,0
2004,121412,2,1,24,10,9,11,0,0,0,6,0,0
2004,121413,1,1,0,0,0,0,0,0,0,0,0,0
2004,121413,2,1,8,8,8,8,8,8,8,8,8,8
2004,121413,3,1,0,0,0,19,12,0,0,15,0,0
2004,121414,1,1,0,0,0,0,0,0,0,0,0,0
2004,121414,2,1,0,0,0,0,0,0,0,0,0,0
2004,121415,0,1,0,0,0,0,0,0,0,0,0,0
2004,121415,1,1,0,0,0,0,0,0,0,0,0,0
2004,121416,1,1,0,0,0,0,0,0,0,0,0,0
2004,121417,1,1,32,32,32,32,32,32,32,32,32,32
2004,121417,2,1,0,0,0,0,0,0,0,0,0,0
2004,121418,0,1,11,11,11,11,11,11,11,11,11,11
2004,121418,1,1,0,0,0,0,9,0,25,0,0,0
2004,121419,0,1,0,0,0,0,0,0,0,0,0,0
2004,121419,1,1,0,0,0,0,0,0,0,0,0,0
2004,121420,1,1,0,0,0,0,0,0,0,0,0,0
2004,121420,2,1,0,7,0,17,0,0,12,9,0,0
2004,121421,0,1,0,0,0,0,0,0,0,0,0,0
2004,121421,1,1,32,0,0,0,0,0,0,0,0,0
2004,121422,1,1,29,29,29,29,29,29,29,29,29,29
2004,121422,2,1,0,0,0,0,0,0,0,0,0,0
2004,121423,1,1,0,0,0,0,0,0,0,0,0,0
2004,121423,2,1,0,0,0,6,0,0,0,0,0,0
2004,121424,0,1,26,0,16,32,33,0,18,26,0,12
2004,121424,1,1,0,0,0,0,0,0,0,0,0,0
2004,121425,0,1,0,0,0,0,0,0,0,0,0,0
2004,121425,1,1,0,0,0,0,0,0,0,0,0,0
2004,121425,2,1,0,0,0,0,0,0,0,0,0,0
2004,121426,1,1,3,3,3,3,3,3,3,3,3,3
2004,121427,1,1,0,0,0,0,0,0,0,0,0,0
2004,121428,1,1,20,20,20,20,20,20,20,20,20,20
2004,121429,0,1,1,1,1,1,1,1,1,1,1,1
2004,121429,1,1,0,0,0,0,0,0,0,0,0,0
2004,121430,1,1,0,0,0,0,0,0,0,0,0,0
2004,121430,2,1,0,0,0,0,0,0,0,0,0,0
2004,121431,0,1,0,0,0,0,0,0,0,0,0,0
2004,121431,1,1,0,0,0,0,0,12,0,0,0,0
2004,121432,1,1,23,23,23,23,23,23,23,23,23,23
2004,121432,2,1,0,0,0,0,0,0,18,0,10,0
2004,121433,1,1,0,0,9,0,0,0,17,0,0,0
2004,121434,1,1,17,17,17,17,17,17,17,17,17,17
2004,121434,2,1,0,0,0,0,0,0,0,0,0,0
2004,121435,1,1,10,10,10,10,10,10,10,10,10,10
2004,121435,2,1,0,0,11,0,0,0,0,0,0,0
2004,121436,0,1,0,19,0,19,0,0,10,0,0,0
2004,121436,1,1,0,0,0,35,0,0,0,0,0,0
2004,121437,1,1,0,0,0,0,0,0,0,0,0,0
2004,121437,2,1,0,0,0,0,0,0,0,0,0,0
2004,121438,1,1,28,28,28,28,28,28,28,28,28,28
2004,121439,1,1,0,8,0,0,0,10,0,0,15,0
2004,121440,1,1,0,0,0,0,0,0,0,0,0,0
2004,121441,0,1,0,0,0,0,0,0,0,0,0,0
2004,121441,1,1,0,0,0,0,0,0,0,0,0,0
2004,121442,1,1,14,7,35,18,0,32,34,23,18,14
2004,121443,1,1,0,0,0,0,0,0,0,0,0,0
2004,121443,2,1,0,0,0,0,0,0,0,0,0,0
2004,121444,1,1,19,19,19,19,19,19,19,19,19,19
2004,121445,1,1,8,8,8,8,8,8,8,8,8,8
2004,121445,2,1,0,0,14,0,0,0,0,0,0,0
2004,121446,1,1,0,0,0,0,0,0,0,0,0,0
2004,121447,1,1,0,0,0,0,0,0,0,0,24,0
2004,121448,1,1,0,0,0,0,0,0,0,0,0,0
2004,121449,1,1,22,22,22,22,22,22,22,22,22,22
2004,121449,2,1,0,0,0,0,0,0,0,0,0,0
2004,121450,0,1,0,0,22,0,0,14,0,0,0,0
2004,121450,1,1,0,0,0,0,0,0,0,0,0,0
2004,121451,1,1,0,0,0,0,0,0,0,0,0,0
2004,121452,1,1,0,0,0,0,0,0,0,0,0,0
2004,121452,2,1,4,4,4,4,4,4,4,4,4,4
2004,121453,0,1,0,0,0,0,0,0,0,0,0,0
2004,121453,0,2,0,0,0,0,0,0,0,0,0,0
2004,121453,1,1,14,14,14,14,14,14,14,14,14,14
2004,121454,1,1,0,0,0,0,0,0,0,0,0,0
2004,121455,1,1,0,0,0,0,0,0,0,0,0,0
2004,121455,2,1,0,0,0,0,0,0,0,0,0,0
2004,121456,1,1,0,0,0,0,0,0,0,0,0,0
2004,121456,2,1,0,0,18,0,0,18,0,0,0,0
2004,121457,1,1,0,0,0,0,0,0,0,0,0,0
2004,121457,2,1,0,0,0,0,0,0,0,0,0,0
2004,121458,1,1,21,21,21,21,21,21,21,21,21,21
2004,121459,1,1,0,0,0,0,0,0,0,0,0,0
2004,121460,1,1,0,0,0,0,5,0,0,0,0,0
2004,121460,2,1,13,13,13,13,13,13,13,13,13,13
2004,121461,1,1,0,0,0,0,0,0,0,0,0,0
2004,121462,1,1,0,0,0,0,0,0,0,0,0,0
2004,121462,2,1,0,0,12,0,0,0,0,0,0,0
2004,121463,1,1,13,13,13,13,13,13,13,13,13,13
2004,121464,0,1,0,0,0,0,0,0,0,0,0,0
2004,121464,1,1,0,0,0,0,0,0,0,0,0,0
2004,121465,1,1,0,0,0,0,0,2,2,0,0,0
2004,121465,2,1,0,0,0,0,0,0,0,0,0,0
2004,121466,0,1,21,21,21,21,21,21,21,21,21,21
2004,121466,1,1,0,0,0,0,0,0,0,14,0,0
2004,121467,1,1,20,20,20,20,20,20,20,20,20,20
2004,121468,1,1,0,0,0,0,0,0,0,0,0,0
2004,121468,2,1,0,0,0,0,0,0,0,0,0,0
2004,121469,1,1,0,0,0,0,0,0,0,0,0,0
2004,121470,1,1,0,0,0,0,0,0,0,0,0,0
2004,121470,2,1,0,0,0,0,0,0,0,0,0,0
2004,121471,1,1,21,21,21,21,21,21,21,21,21,21
2004,121472,1,1,19,19,19,19,19,19,19,19,19,19
2004,121473,1,1,18,18,18,18,18,18,18,18,18,18
2004,121474,1,1,0,0,0,0,0,0,0,0,0,0
2004,121474,2,1,0,0,0,0,0,0,0,0,0,0
2004,121474,3,1,0,0,15,11,13,0,0,0,0,0
2004,121474,4,1,0,0,0,0,0,0,0,0,0,0
2004,121475,1,1,35,35,35,35,35,35,35,35,35,35
2004,121476,1,1,0,0,0,0,0,0,0,0,0,0
2004,121476,2,1,0,0,19,0,0,0,12,0,0,0
2004,121477,1,1,19,19,19,19,19,19,19,19,19,19
2004,121477,2,1,0,0,0,0,0,0,0,0,0,0
2004,121478,0,1,0,0,0,0,0,0,16,0,0,0
2004,121478,1,1,0,0,0,0,0,0,0,0,0,0
2004,121479,1,1,0,0,0,0,0,0,0,0,0,0
2004,121479,2,1,0,0,0,0,0,0,0,0,0,0
2004,121480,1,1,0,0,0,16,0,0,0,0,0,0
2004,121481,1,1,0,0,0,0,0,0,0,0,0,0
2004,121481,2,1,0,0,0,0,0,0,0,0,0,0
2004,121481,3,1,0,0,0,0,0,0,0,0,0,0
2004,121482,0,1,0,0,0,0,0,0,0,0,0,0
2004,121482,1,1,0,0,0,0,0,0,0,0,0,0
2004,121483,1,1,0,0,0,0,0,0,0,0,0,0
2004,121484,1,1,0,0,0,0,0,0,0,0,0,0
2004,121485,0,1,23,23,23,23,23,23,23,23,23,23
2004,121485,1,1,23,23,23,23,23,23,23,23,23,23
2004,121486,1,1,0,0,0,0,0,0,0,0,0,0
2004,121486,2,1,0,0,0,0,0,0,0,0,0,0
2004,121487,1,1,10,23,0,0,0,0,0,0,0,0
2004,121488,1,1,0,0,0,0,0,0,0,0,0,0
2004,121488,2,1,0,0,0,0,0,0,0,0,0,0
2004,121489,1,1,0,0,0,0,0,0,0,0,0,0
2004,121490,0,1,0,0,0,0,0,0,0,0,0,0
2004,121490,1,1,7,7,7,7,7,7,7,7,7,7
2004,121491,1,1,0,0,0,0,0,0,0,0,0,0
2004,121492,1,1,0,0,0,0,0,0,0,0,0,0
2004,121492,2,1,0,0,0,0,0,0,0,0,0,0
2004,121493,1,1,11,11,11,11,11,11,11,11,11,11
2004,121493,2,1,0,0,4,0,0,0,0,0,0,0
2004,121494,1,1,0,0,0,0,0,8,0,0,0,0
2004,121494,2,1,0,0,0,0,0,14,0,0,0,0
2004,121495,1,1,0,0,0,0,0,0,0,0,0,0
2004,121496,1,1,0,0,0,0,0,0,0,0,0,0
2004,121496,2,1,0,0,0,0,0,0,0,0,0,14
2004,121497,1,1,0,0,0,0,0,0,0,20,0,0
2004,121497,2,1,0,0,0,0,0,0,0,0,0,0
2004,121498,0,1,10,0,0,0,0,0,0,0,0,20
2004,121498,1,1,0,0,0,0,0,0,0,0,0,0
2004,121499,1,1,0,0,0,0,0,0,0,0,0,0
2004,121499,2,1,0,0,0,0,0,0,0,0,0,0
2004,121500,0,1,0,0,30,0,13,0,0,0,15,21
2004,121500,1,1,0,0,0,0,0,0,0,0,0,0
2004,121502,1,1,0,0,0,0,0,0,0,0,0,0
2004,121502,2,1,0,0,0,0,0,0,0,0,0,0
2004,121502,3,1,0,0,0,0,0,0,0,0,0,0
2004,121503,1,1,0,0,0,0,16,0,0,0,0,0
2004,121504,1,1,0,0,0,0,0,0,0,0,0,0
2004,121504,2,1,0,0,0,0,0,0,0,0,0,0
2004,121505,1,1,0,0,0,0,0,0,0,0,0,0
2004,121506,1,1,0,0,0,0,0,0,0,0,22,0
2004,121507,0,1,0,0,0,0,0,0,0,0,0,0
2004,121507,1,1,0,0,0,0,0,0,0,0,0,0
2004,121508,0,1,28,28,28,28,28,28,28,28,28,28
2004,121508,1,1,0,0,0,4,18,16,0,0,0,0
2004,121509,1,1,0,0,0,16,0,0,0,0,0,0
2004,121510,0,1,12,12,12,12,12,12,12,12,12,12
2004,121510,1,1,19,19,19,19,19,19,19,19,19,19
2004,121511,1,1,0,0,0,0,0,0,0,0,0,0
2004,121511,2,1,13,13,13,13,13,13,13,13,13,13
2004,121512,1,1,0,0,0,0,0,0,0,0,0,0
2004,121512,2,1,0,0,0,0,0,0,0,0,0,0
2004,121513,1,1,0,0,0,17,0,7,0,0,0,0
2004,121513,2,1,0,0,0,0,0,20,0,14,0,18
2004,121514,1,1,0,0,0,0,0,0,0,0,0,0
2004,121515,1,1,16,16,16,16,16,16,16,16,16,16
2004,121515,2,1,0,0,6,0,12,0,0,0,0,0
2004,121515,3,1,0,0,0,4,8,0,0,14,0,0
2004,121515,4,1,0,0,6,0,16,0,8,0,0,0
2004,121516,1,1,24,24,24,24,24,24,24,24,24,24
2004,121516,2,1,0,0,0,0,0,0,0,0,0,0
2004,121516,3,1,0,0,0,0,0,0,0,0,0,0
2004,121517,1,1,22,22,22,22,22,22,22,22,22,22
2004,121518,0,1,0,0,0,0,0,0,0,0,0,0
2004,121518,0,2,0,0,0,7,0,0,20,0,0,0
2004,121518,1,1,1,1,1,1,1,1,1,1,1,1
2004,121519,1,1,0,0,0,0,0,0,0,0,0,0
2004,121519,2,1,0,0,0,0,0,0,0,0,0,0
2004,121519,3,1,0,0,0,0,0,0,0,0,0,0
2004,121520,1,1,0,0,20,0,0,0,0,0,0,21
2004,121521,1,1,0,0,0,0,0,0,0,0,0,0
2004,121521,2,1,0,0,0,0,0,0,0,0,0,0
2004,121521,3,1,0,0,0,0,0,0,0,0,0,0
2004,121522,1,1,0,0,0,0,0,0,0,0,0,0
2004,121523,0,1,16,16,16,16,16,16,16,16,16,16
2004,121523,1,1,0,0,0,0,0,0,0,0,0,0
2004,121524,1,1,6,6,6,6,6,6,6,6,6,6
2004,121525,1,1,0,0,0,0,0,0,0,0,0,0
2004,121526,1,1,15,0,0,0,0,0,0,0,0,0
2004,121526,2,1,0,0,0,0,0,0,0,0,0,0
2004,121526,3,1,0,0,0,0,0,0,0,0,0,0
2004,121526,4,1,0,0,0,0,0,0,0,0,0,0
2004,121527,1,1,0,0,0,0,0,0,0,0,0,0
2004,121527,2,1,0,0,0,0,0,0,0,0,0,0
2004,121528,1,1,0,0,0,0,0,0,0,0,0,0
2004,121528,2,1,0,0,0,0,0,0,0,0,0,18
2004,121529,1,1,24,24,24,24,24,24,24,24,24,24
2004,121530,1,1,0,0,0,0,0,0,0,0,0,0
2004,121531,1,1,2,2,2,2,2,2,2,2,2,2
2004,121532,1,1,18,18,18,18,18,18,18,18,18,18
2004,121532,2,1,0,0,0,0,0,0,0,0,0,0
2004,121533,1,1,35,35,35,35,35,35,35,35,35,35
2004,121534,1,1,21,21,21,21,21,21,21,21,21,21
2004,121535,1,1,25,25,25,25,25,25,25,25,25,25