YEAR,ST_CASE,veh_no,per_no,P1,P2,P3,P4,P5,P6,P7,P8,P9,P10
2004,121536,1,1,0,0,0,0,0,0,0,0,0,0
2004,121536,2,1,0,0,0,0,0,0,0,0,24,0
2004,121537,1,1,0,0,0,0,0,0,0,0,0,0
2004,121537,2,1,0,0,0,0,0,0,0,0,0,0
2004,121538,1,1,0,0,0,0,0,10,0,0,0,0
2004,121538,2,1,0,0,0,0,0,0,0,0,0,0
2004,121539,1,1,39,39,39,39,39,39,39,39,39,39
2004,121540,1,1,0,0,0,21,0,0,0,0,3,0
2004,121540,2,1,0,0,0,0,0,0,0,0,0,0
2004,121541,0,1,0,0,0,0,0,0,0,0,0,0
2004,121541,0,2,0,20,0,0,20,0,0,0,0,0
2004,121541,1,1,0,0,0,0,0,0,0,0,0,0
2004,121542,1,1,0,0,0,0,0,0,0,0,0,0
2004,121543,1,1,0,0,0,0,0,5,0,0,0,0
2004,121544,0,1,9,9,9,9,9,9,9,9,9,9
2004,121544,1,1,0,0,0,0,0,15,0,0,0,0
2004,121545,1,1,0,0,0,0,0,0,0,0,0,0
2004,121546,1,1,0,0,0,0,0,0,0,0,0,0
2004,121546,2,1,0,0,0,0,0,0,0,0,0,0
2004,121547,1,1,0,0,0,0,0,11,11,0,0,0
2004,121548,0,1,0,0,0,0,0,0,0,0,0,0
2004,121548,1,1,0,0,0,0,0,0,0,0,0,0
2004,121548,3,1,0,16,21,0,0,0,0,28,0,0
2004,121548,4,1,0,0,0,0,0,0,0,0,0,0
2004,121548,5,1,0,0,0,0,0,0,0,0,0,0
2004,121549,1,1,0,0,0,0,0,7,6,0,0,0
2004,121549,2,1,0,0,0,0,0,0,0,0,0,0
2004,121550,1,1,0,0,13,0,0,0,0,0,0,0
2004,121550,2,1,0,0,0,0,0,0,0,0,0,0
2004,121551,1,1,0,0,0,0,0,0,0,0,0,0
2004,121552,1,1,0,0,0,0,0,0,0,0,0,0
2004,121553,1,1,0,0,0,0,15,0,0,0,26,0
2004,121554,0,1,0,0,0,0,0,0,0,0,0,0
2004,121554,1,1,22,22,22,22,22,22,22,22,22,22
2004,121555,1,1,0,0,0,0,0,0,0,0,0,0
2004,121556,1,1,0,0,0,0,0,0,0,0,0,0
2004,121556,2,1,0,0,0,0,0,0,0,0,0,0
2004,121557,0,1,0,0,0,0,0,0,0,0,0,0
2004,121557,1,1,0,0,0,0,0,0,0,0,0,0
2004,121558,1,1,4,4,4,4,4,4,4,4,4,4
2004,121559,1,1,0,0,0,0,0,0,0,0,0,0
2004,121559,2,1,0,0,0,0,0,0,0,0,0,0
2004,121560,1,1,0,0,0,0,0,0,0,0,0,0
2004,121561,1,1,0,0,0,0,0,0,0,0,0,0
2004,121561,2,1,8,0,0,0,0,0,0,0,0,0
2004,121562,1,1,30,30,30,30,30,30,30,30,30,30
2004,121563,1,1,0,0,0,0,0,0,0,0,0,0
2004,121564,0,1,5,5,5,5,5,5,5,5,5,5
2004,121564,1,1,0,0,0,0,0,0,0,0,0,0
2004,121565,1,1,4,4,4,4,4,4,4,4,4,4
2004,121565,2,1,16,15,5,29,14,23,0,38,0,8
2004,121566,1,1,9,9,9,9,9,9,9,9,9,9
2004,121566,2,1,0,0,0,0,0,0,0,0,0,0
2004,121567,1,1,0,0,0,0,0,0,0,0,0,0
2004,121567,2,1,0,0,0,0,11,0,0,0,24,18
2004,121567,3,1,0,0,0,0,0,0,0,0,0,0
2004,121567,4,1,0,0,0,0,0,0,0,0,0,0
2004,121568,1,1,0,0,0,0,0,0,0,0,0,0
2004,121568,2,1,0,0,0,0,0,0,0,0,0,0
2004,121568,3,1,0,0,0,0,0,0,0,0,0,0
2004,121569,0,1,0,0,0,0,0,0,0,0,0,0
2004,121569,1,1,3,3,3,3,3,3,3,3,3,3
2004,121570,1,1,12,12,12,12,12,12,12,12,12,12
2004,121571,0,1,0,0,0,0,0,0,0,0,0,0
2004,121571,1,1,0,14,0,0,0,0,0,0,0,0
2004,121572,1,1,0,0,21,0,18,25,0,0,19,0
2004,121572,2,1,0,0,0,0,0,0,0,0,0,0
2004,121573,1,1,0,0,0,0,0,0,0,0,0,0
2004,121573,2,1,0,0,0,0,0,0,0,0,0,0
2004,121574,1,1,19,19,19,19,19,19,19,19,19,19
2004,121575,1,1,0,0,0,0,0,0,0,0,0,0
2004,121575,2,1,0,0,0,0,0,0,0,0,0,0
2004,121575,3,1,0,0,0,0,0,0,0,7,0,0
2004,121576,1,1,26,26,26,26,26,26,26,26,26,26
2004,121577,0,1,0,0,0,0,0,0,0,0,0,0
2004,121577,1,1,0,0,0,0,0,0,0,0,0,0
2004,121578,1,1,0,0,0,0,0,0,0,0,0,0
2004,121579,1,1,0,0,0,0,0,0,0,0,0,0
2004,121579,2,1,0,0,0,0,0,0,0,0,0,0
2004,121580,1,1,0,0,0,0,0,0,0,0,0,0
2004,121580,2,1,0,0,0,0,0,0,0,0,0,0
2004,121581,1,1,0,0,0,0,0,0,0,0,0,0
2004,121581,2,1,0,0,0,0,15,0,0,0,0,0
2004,121582,1,1,18,18,18,18,18,18,18,18,18,18
2004,121583,1,1,0,0,9,0,0,0,0,0,0,0
2004,121583,2,1,0,0,0,0,0,0,0,0,0,0
2004,121583,3,1,0,0,0,0,0,0,0,11,29,0
2004,121583,4,1,0,0,0,0,0,0,0,0,0,0
2004,121584,0,1,15,0,0,0,0,0,13,0,0,0
2004,121584,1,1,0,0,0,9,0,0,0,0,0,0
2004,121585,0,1,0,0,0,0,0,0,0,0,0,0
2004,121585,1,1,0,0,0,0,0,0,0,0,0,0
2004,121586,1,1,26,0,17,0,0,0,20,0,13,0
2004,121587,1,1,0,0,0,0,0,0,0,0,0,0
2004,121588,1,1,0,0,0,0,0,0,0,0,0,0
2004,121588,2,1,0,0,0,0,0,0,0,0,0,0
2004,121588,3,1,0,0,0,0,0,0,0,0,0,0
2004,121589,1,1,8,8,8,8,8,8,8,8,8,8
2004,121589,2,1,0,0,0,0,0,0,0,0,0,0
2004,121590,0,1,9,9,9,9,9,9,9,9,9,9
2004,121590,1,1,0,0,0,0,0,0,0,0,0,0
2004,121591,1,1,19,0,23,0,24,0,0,0,0,0
2004,121592,0,1,0,32,0,10,0,0,0,0,0,0
2004,121592,1,1,0,0,0,0,0,0,0,0,0,0
2004,121593,1,1,0,0,0,0,0,0,0,0,0,0
2004,121593,2,1,0,0,0,0,0,0,0,0,0,0
2004,121594,1,1,0,0,0,0,0,0,0,0,0,0
2004,121594,2,1,0,17,0,0,0,0,0,0,9,0
2004,121595,1,1,0,0,0,0,0,0,0,0,0,0
2004,121595,2,1,0,0,0,0,0,0,0,0,0,0
2004,121596,0,1,0,0,0,0,0,0,0,0,0,0
2004,121596,1,1,0,0,0,0,0,0,0,0,0,0
2004,121597,1,1,17,17,17,17,17,17,17,17,17,17
2004,121598,1,1,22,22,22,22,22,22,22,22,22,22
2004,121599,1,1,0,0,0,0,0,0,0,0,0,0
2004,121599,2,1,0,0,0,0,0,0,0,0,0,11
2004,121599,3,1,0,0,0,0,0,0,0,0,0,0
2004,121599,4,1,0,0,0,0,0,0,0,0,0,0
2004,121600,1,1,12,12,12,12,12,12,12,12,12,12
2004,121600,2,1,0,0,0,0,0,0,0,0,0,0
2004,121600,3,1,0,0,0,0,0,0,10,12,0,0
2004,121601,0,1,0,0,0,0,0,0,0,0,0,0
2004,121601,1,1,0,0,0,0,0,0,0,0,0,0
2004,121602,0,1,25,25,25,25,25,25,25,25,25,25
2004,121602,1,1,0,0,0,0,0,0,0,0,0,0
2004,121602,2,1,0,0,0,0,0,0,0,0,0,0
2004,121603,1,1,0,0,0,0,0,0,0,0,0,0
2004,121603,2,1,0,0,0,0,0,0,0,0,0,0
2004,121604,0,1,12,12,12,12,12,12,12,12,12,12
2004,121604,1,1,0,0,0,0,0,0,0,0,0,0
2004,121605,1,1,0,0,0,0,0,0,0,0,0,0
2004,121605,2,1,0,0,0,0,0,0,0,0,0,0
2004,121606,1,1,0,0,0,0,0,0,0,0,0,0
2004,121606,2,1,0,0,0,0,0,0,0,0,0,0
2004,121607,1,1,10,10,10,10,10,10,10,10,10,10
2004,121608,1,1,23,23,23,23,23,23,23,23,23,23
2004,121608,2,1,0,0,0,0,0,0,0,0,0,0
2004,121609,1,1,0,0,0,0,0,0,0,0,0,0
2004,121609,2,1,0,0,0,16,0,0,0,0,0,0
2004,121610,1,1,6,6,6,6,6,6,6,6,6,6
2004,121610,2,1,6,6,6,6,6,6,6,6,6,6
2004,121611,0,1,22,22,22,22,22,22,22,22,22,22
2004,121611,1,1,0,0,0,0,0,0,0,0,0,0
2004,121612,0,1,18,0,0,21,0,0,0,0,11,0
2004,121612,1,1,0,0,0,0,0,0,0,0,0,0
2004,121612,2,1,0,0,0,0,0,0,0,0,0,0
2004,121613,1,1,0,0,0,0,0,0,0,0,0,0
2004,121613,2,1,0,0,0,0,0,0,0,0,0,0
2004,121614,0,1,0,0,0,0,0,0,0,0,0,0
2004,121614,1,1,0,0,0,0,0,0,0,0,0,0
2004,121615,1,1,21,21,21,21,21,21,21,21,21,21
2004,121616,1,1,0,0,0,0,0,0,0,0,0,0
2004,121616,2,1,0,0,0,0,0,0,0,0,0,0
2004,121617,0,1,0,0,0,0,0,0,0,0,0,0
2004,121617,1,1,0,0,0,0,0,0,0,0,0,0
2004,121618,1,1,0,0,0,0,0,0,0,0,0,0
2004,121618,2,1,0,0,0,0,0,0,0,0,0,0
2004,121618,3,1,0,0,0,0,0,0,0,0,0,0
2004,121619,1,1,0,0,0,0,0,0,19,0,0,0
2004,121619,2,1,0,0,0,0,0,0,0,0,0,0
2004,121620,1,1,0,0,0,0,0,0,0,0,0,0
2004,121621,0,1,0,0,0,0,0,32,0,0,0,0
2004,121621,1,1,0,0,0,0,13,0,0,0,0,0
2004,121622,1,1,22,22,22,22,22,22,22,22,22,22
2004,121623,1,1,10,0,0,0,0,0,0,0,0,0
2004,121624,1,1,21,21,21,21,21,21,21,21,21,21
2004,121625,0,1,0,0,0,0,0,0,0,0,0,0
2004,121625,1,1,15,0,0,0,25,0,0,0,0,0
2004,121626,1,1,25,0,0,24,0,0,0,0,0,24
2004,121627,1,1,0,0,0,0,0,0,0,5,24,0
2004,121628,1,1,0,0,0,0,0,0,0,0,0,0
2004,121628,2,1,0,17,0,0,0,0,0,0,0,0
2004,121628,3,1,0,0,0,0,0,0,0,0,0,0
2004,121628,4,1,0,0,0,0,0,0,0,0,0,0
2004,121628,5,1,0,0,0,0,0,0,0,0,0,0
2004,121628,6,1,0,7,0,0,0,0,0,0,0,0
2004,121628,7,1,0,0,0,0,0,0,0,0,7,0
2004,121629,1,1,16,16,16,16,16,16,16,16,16,16
2004,121629,2,1,0,0,0,0,0,0,0,0,0,0
2004,121630,1,1,17,17,17,17,17,17,17,17,17,17
2004,121631,1,1,17,17,17,17,17,17,17,17,17,17
2004,121632,1,1,21,21,21,21,21,21,21,21,21,21
2004,121633,1,1,0,0,0,0,0,0,0,0,0,0
2004,121634,1,1,0,0,0,0,0,0,0,0,0,0
2004,121634,2,1,0,0,0,0,0,0,0,0,0,0
2004,121635,1,1,0,0,0,0,0,0,0,0,0,0
2004,121636,1,1,0,0,0,0,0,0,0,0,0,0
2004,121637,0,1,0,0,0,0,0,0,0,0,0,0
2004,121637,1,1,2,2,2,2,2,2,2,2,2,2
2004,121638,0,1,0,0,0,0,0,0,23,0,0,0
2004,121638,1,1,0,0,0,0,0,0,0,0,0,0
2004,121639,1,1,0,0,0,0,0,0,0,0,0,0
2004,121640,1,1,12,12,12,12,12,12,12,12,12,12
2004,121640,2,1,0,0,0,0,0,0,0,0,0,0
2004,121641,0,1,0,0,0,0,0,0,0,0,0,0
2004,121641,1,1,0,0,0,0,0,0,0,0,0,0
2004,121642,1,1,15,15,15,15,15,15,15,15,15,15
2004,121643,1,1,10,10,10,10,10,10,10,10,10,10
2004,121644,1,1,0,0,0,0,0,3,0,0,0,0
2004,121644,2,1,0,0,0,0,0,0,0,0,0,0
2004,121645,1,1,15,15,15,15,15,15,15,15,15,15
2004,121646,0,1,0,17,24,26,0,0,12,32,0,18
2004,121646,1,1,0,0,0,0,0,0,0,0,0,0
2004,121647,1,1,0,0,0,0,0,0,0,0,0,0
2004,121647,2,1,0,0,0,0,0,0,0,0,0,0
2004,121648,1,1,0,0,0,0,0,0,0,0,0,0
2004,121649,0,1,24,0,0,0,0,0,0,0,13,0
2004,121649,1,1,18,18,18,18,18,18,18,18,18,18
2004,121650,1,1,0,0,0,0,0,0,0,0,0,0
2004,121651,1,1,0,0,0,0,0,0,0,0,0,0
2004,121652,0,1,0,0,0,0,0,0,0,0,0,0
2004,121652,1,1,0,0,0,0,0,9,0,0,0,0
2004,121653,1,1,0,0,0,0,0,7,0,0,0,0
2004,121653,2,1,0,0,0,0,0,0,0,0,0,0
2004,121654,1,1,3,3,3,3,3,3,3,3,3,3
2004,121655,1,1,0,0,0,0,0,0,0,0,0,0
2004,121655,2,1,1,1,1,1,1,1,1,1,1,1
2004,121656,1,1,18,18,18,18,18,18,18,18,18,18
2004,121657,0,1,0,0,0,0,0,0,0,0,0,0
2004,121657,1,1,0,0,0,0,0,0,0,0,0,9
2004,121658,1,1,0,0,0,0,0,0,0,0,0,0
2004,121659,1,1,0,0,0,12,0,0,0,0,0,18
2004,121660,1,1,0,0,0,0,0,0,0,0,0,0
2004,121661,1,1,7,7,7,7,7,7,7,7,7,7
2004,121661,2,1,0,0,0,0,0,0,0,0,0,0
2004,121662,1,1,0,0,0,0,0,0,0,0,0,0
2004,121662,2,1,0,0,0,0,0,0,0,0,0,0
2004,121663,1,1,0,0,0,0,0,0,0,0,0,0
2004,121663,2,1,0,0,0,0,0,0,0,0,0,0
2004,121664,1,1,0,0,0,0,0,0,0,0,10,0
2004,121664,2,1,12,12,12,12,12,12,12,12,12,12
2004,121665,1,1,11,11,11,11,11,11,11,11,11,11
2004,121666,1,1,11,11,11,11,11,11,11,11,11,11
2004,121666,2,1,0,26,0,0,13,0,8,0,0,0
2004,121667,1,1,3,3,3,3,3,3,3,3,3,3
2004,121667,2,1,0,0,0,0,0,0,0,0,0,0
2004,121667,3,1,0,0,0,0,0,0,0,0,0,0
2004,121667,4,1,0,0,0,0,0,0,0,0,0,0
2004,121667,5,1,0,0,0,0,0,0,0,0,0,0
2004,121667,6,1,0,0,0,0,0,0,0,0,0,0
2004,121668,1,1,0,0,0,0,0,0,0,0,0,0
2004,121668,2,1,0,0,0,0,0,0,0,0,0,0
2004,121668,3,1,0,0,0,0,0,0,0,0,0,0
2004,121669,0,1,0,22,0,25,2,0,0,0,23,0
2004,121669,1,1,0,0,0,22,0,0,0,0,0,0
2004,121670,1,1,24,24,24,24,24,24,24,24,24,24
2004,121671,1,1,0,0,0,0,0,0,0,0,0,0
2004,121671,2,1,4,4,4,4,4,4,4,4,4,4
2004,121672,1,1,0,0,0,0,0,0,0,0,0,0
2004,121672,2,1,0,0,0,0,0,0,0,0,0,0
2004,121673,1,1,0,0,0,0,0,0,0,0,0,0
2004,121673,2,1,0,0,0,0,0,0,0,0,0,0
2004,121674,1,1,12,12,12,12,12,12,12,12,12,12
2004,121674,2,1,8,8,8,8,8,8,8,8,8,8
2004,121675,1,1,16,16,16,16,16,16,16,16,16,16
2004,121675,2,1,11,11,11,11,11,11,11,11,11,11
2004,121676,1,1,21,21,21,21,21,21,21,21,21,21
2004,121677,0,1,0,0,0,0,0,0,0,0,0,0
2004,121677,1,1,0,0,0,0,7,0,0,0,0,0
2004,121678,1,1,3,3,3,3,3,3,3,3,3,3
2004,121678,2,1,0,0,0,0,0,0,0,12,0,0
2004,121679,1,1,0,0,0,0,0,0,0,0,0,0
2004,121679,2,1,0,0,0,0,7,0,0,0,0,7
2004,121679,3,1,0,0,0,9,0,0,0,0,0,0
2004,121679,4,1,0,0,0,0,0,0,0,0,0,5
2004,121680,1,1,0,0,0,0,0,0,0,0,0,0
2004,121681,1,1,17,17,17,17,17,17,17,17,17,17
2004,121682,0,1,26,26,26,26,26,26,26,26,26,26
2004,121682,1,1,14,0,0,0,0,0,0,0,0,0
2004,121683,1,1,0,0,0,0,0,0,0,0,6,0
2004,121684,1,1,18,18,18,18,18,18,18,18,18,18
2004,121685,1,1,0,0,0,0,0,0,0,0,0,0
2004,121685,2,1,0,0,0,0,0,0,0,0,0,12
2004,121686,1,1,0,0,0,0,0,0,0,0,0,0
2004,121687,1,1,0,0,0,0,0,0,0,0,0,0
2004,121687,2,1,0,0,0,0,0,0,0,0,0,0
2004,121688,1,1,0,0,0,0,0,0,0,0,0,0
2004,121688,2,1,0,2,0,0,0,0,0,0,4,0
2004,121689,1,1,7,7,7,7,7,7,7,7,7,7
2004,121690,0,1,25,25,25,25,25,25,25,25,25,25
2004,121690,1,1,0,10,12,0,0,0,0,0,0,0
2004,121691,1,1,0,0,0,0,0,0,0,0,0,0
2004,121692,0,1,13,13,13,13,13,13,13,13,13,13
2004,121692,1,1,0,0,0,0,0,0,0,8,0,0
2004,121693,0,1,0,0,0,0,0,0,0,0,0,0
2004,121693,1,1,0,0,10,20,0,0,0,0,0,0
2004,121694,1,1,13,13,13,13,13,13,13,13,13,13
2004,121695,1,1,0,0,0,0,0,0,0,0,0,0
2004,121695,2,1,0,0,0,0,0,0,0,0,0,0
2004,121696,1,1,0,0,0,0,0,0,0,0,0,0
2004,121696,2,1,0,0,0,0,0,0,0,0,0,0
2004,121697,1,1,0,0,0,0,0,0,0,0,0,0
2004,121697,2,1,2,2,2,2,2,2,2,2,2,2
2004,121698,1,1,0,0,23,0,0,0,5,3,0,0
2004,121698,2,1,0,0,0,0,0,0,0,0,0,0
2004,121699,0,1,0,0,0,0,0,0,0,0,0,0
2004,121699,1,1,2,2,2,2,2,2,2,2,2,2
2004,121699,2,1,0,0,0,0,0,0,0,0,0,0
2004,121699,3,1,0,0,0,0,0,0,0,0,0,0
2004,121700,1,1,0,0,0,0,0,0,0,0,8,0
2004,121701,0,1,14,14,14,14,14,14,14,14,14,14
2004,121701,1,1,0,0,0,0,0,0,12,0,0,17
2004,121701,2,1,0,0,0,0,0,0,0,0,12,0
2004,121702,0,1,9,9,9,9,9,9,9,9,9,9
2004,121702,1,1,0,0,0,0,0,0,0,0,0,0
2004,121703,1,1,0,0,0,0,0,0,0,0,0,0
2004,121703,2,1,4,4,4,4,4,4,4,4,4,4
2004,121704,1,1,0,0,26,11,0,0,0,0,0,0
2004,121705,1,1,0,25,16,32,28,6,19,13,14,0
2004,121706,1,1,0,0,15,0,0,0,13,0,0,0
2004,121706,2,1,0,0,0,0,0,0,0,0,0,0
2004,121706,3,1,0,0,0,0,0,0,0,0,0,0
2004,121707,1,1,0,0,0,0,0,0,18,0,0,0
2004,121707,2,1,0,0,0,0,0,0,0,0,0,0
2004,121708,1,1,8,8,8,8,8,8,8,8,8,8
2004,121708,2,1,0,0,0,0,0,0,0,0,0,8
2004,121709,1,1,0,0,0,0,0,0,0,0,0,0
2004,121709,2,1,0,0,0,0,0,0,0,0,0,0
2004,121710,0,1,0,0,41,11,0,0,0,25,0,0
2004,121710,0,2,0,0,0,0,0,0,0,0,0,0
2004,121710,0,3,0,0,20,0,0,0,0,0,0,0
2004,121710,0,4,0,0,19,0,0,0,0,0,0,0
2004,121710,1,1,0,0,0,0,0,0,0,0,0,0
2004,121711,1,1,0,0,0,0,0,0,0,0,0,0
2004,121711,2,1,0,0,0,0,0,0,0,0,0,0
2004,121711,3,1,0,0,0,0,0,0,0,0,0,0
2004,121712,0,1,18,18,18,18,18,18,18,18,18,18
2004,121712,1,1,20,20,20,20,20,20,20,20,20,20
2004,121713,1,1,29,29,29,29,29,29,29,29,29,29
2004,121714,1,1,10,10,10,10,10,10,10,10,10,10
2004,121714,2,1,0,0,0,0,0,0,0,0,0,35
2004,121715,1,1,0,0,0,0,0,0,0,0,0,0
2004,121716,1,1,12,12,12,12,12,12,12,12,12,12
2004,121717,1,1,28,28,28,28,28,28,28,28,28,28
2004,121717,2,1,0,0,0,0,0,0,0,0,0,0
2004,121718,1,1,0,0,0,0,0,0,0,0,0,0
2004,121718,2,1,0,0,0,0,0,0,0,9,0,0
2004,121718,3,1,0,0,0,14,0,0,0,0,0,0
2004,121719,1,1,0,0,0,0,0,0,0,0,0,0
2004,121719,2,1,0,0,0,0,0,0,0,0,0,0
2004,121720,1,1,0,0,0,0,0,0,0,0,0,0
2004,121720,2,1,0,0,0,0,0,0,0,0,0,0
2004,121720,3,1,0,0,0,0,0,0,0,0,0,0
2004,121721,1,1,0,0,0,0,0,0,0,0,0,0
2004,121721,2,1,0,0,0,0,0,0,0,0,0,0
2004,121722,1,1,19,19,19,19,19,19,19,19,19,19
2004,121723,1,1,0,0,0,0,0,0,0,0,0,0
2004,121723,2,1,0,0,0,0,0,0,0,0,0,0
2004,121724,1,1,0,0,0,0,0,0,0,0,0,0
2004,121724,2,1,0,0,0,0,0,0,0,0,0,0
2004,121725,0,1,0,0,0,0,0,0,0,0,0,0
2004,121725,1,1,0,0,0,0,0,0,0,0,0,0
2004,121726,1,1,12,12,12,12,12,12,12,12,12,12
2004,121726,2,1,0,0,12,0,0,0,0,0,0,0
2004,121727,1,1,0,0,0,0,10,0,0,0,0,0
2004,121728,1,1,0,0,0,0,0,19,0,0,0,0
2004,121729,0,1,0,0,0,0,27,19,0,0,8,0
2004,121729,1,1,0,17,6,0,0,23,0,15,0,10
2004,121730,1,1,6,0,19,0,12,22,8,0,0,0
2004,121731,1,1,6,20,19,22,15,21,44,17,21,12
2004,121732,0,1,0,0,0,0,0,0,0,0,0,6
2004,121732,1,1,0,0,0,0,0,0,0,0,0,0
2004,121733,0,1,31,28,0,0,0,16,0,0,0,0
2004,121733,1,1,0,0,0,0,8,0,0,0,0,0
2004,121734,0,1,0,0,0,0,0,0,0,0,0,0
2004,121734,1,1,0,0,0,0,0,0,0,0,0,22
2004,121735,1,1,9,22,11,11,18,17,22,21,9,15
2004,121736,1,1,0,0,0,0,0,0,0,0,11,0
2004,121737,1,1,0,0,0,0,0,0,0,0,0,0
2004,121737,2,1,0,0,0,0,0,24,0,0,0,0
2004,121738,0,1,0,0,0,0,0,0,0,0,28,0
2004,121738,1,1,7,7,7,7,7,7,7,7,7,7
2004,121739,1,1,0,0,0,0,0,0,0,0,0,0
2004,121739,2,1,0,0,0,0,0,0,0,0,0,0
2004,121740,1,1,0,0,0,0,0,0,0,0,0,0
2004,121741,1,1,0,0,0,0,0,0,0,0,0,0
2004,121741,2,1,28,0,0,0,14,0,0,17,0,16
2004,121742,1,1,0,0,0,0,0,0,0,0,0,0
2004,121742,2,1,0,0,0,0,0,0,0,0,0,0
2004,121743,1,1,0,0,0,0,0,0,0,0,0,0
2004,121743,2,1,0,0,0,0,0,0,0,0,0,0
2004,121744,1,1,0,0,0,0,0,0,0,0,0,0
2004,121744,2,1,0,0,0,0,0,0,0,0,15,0
2004,121745,0,1,0,0,0,0,0,0,7,0,0,0
2004,121745,1,1,0,0,0,0,0,0,0,0,0,0
2004,121746,1,1,0,0,0,0,0,0,0,0,0,0
2004,121746,2,1,0,0,0,0,0,0,0,0,0,0
2004,121746,3,1,13,0,0,0,0,0,0,0,0,0
2004,121747,1,1,19,19,19,19,19,19,19,19,19,19
2004,121747,2,1,0,0,0,0,13,0,0,0,0,0
2004,121748,0,1,0,0,0,0,0,0,0,0,0,0
2004,121748,1,1,0,0,0,0,0,0,0,0,0,0
2004,121749,0,1,0,0,0,0,0,0,0,0,0,0
2004,121749,1,1,0,0,0,0,0,0,0,0,0,0
2004,121750,1,1,19,19,19,19,19,19,19,19,19,19
2004,121751,1,1,0,0,0,0,0,0,0,0,0,0
2004,121752,1,1,0,0,0,0,0,0,0,0,0,0
2004,121752,2,1,0,0,0,0,0,0,0,0,0,0
2004,121753,1,1,0,0,0,0,0,0,0,0,0,0
2004,121754,0,1,0,0,0,0,0,0,0,0,0,0
2004,121754,1,1,0,0,0,0,0,0,0,0,0,0
2004,121755,1,1,0,10,8,0,0,34,20,0,0,0
2004,121755,2,1,0,0,0,0,0,0,0,0,0,0
2004,121756,1,1,18,18,18,18,18,18,18,18,18,18
2004,121757,1,1,0,0,0,0,0,0,0,0,0,0
2004,121757,2,1,0,0,0,0,0,0,0,0,0,0
2004,121758,1,1,17,17,17,17,17,17,17,17,17,17
2004,121759,1,1,0,0,0,0,0,0,0,0,0,0
2004,121760,1,1,18,18,18,18,18,18,18,18,18,18
2004,121761,1,1,8,8,8,8,8,8,8,8,8,8
2004,121762,1,1,0,0,0,0,0,0,10,0,0,0
2004,121762,2,1,0,0,0,0,0,0,0,0,0,0
2004,121763,1,1,0,0,0,0,0,0,0,0,0,0
2004,121764,1,1,0,0,0,0,0,0,0,0,0,0
2004,121765,1,1,0,0,0,0,0,0,0,0,0,0
2004,121765,2,1,0,0,0,0,0,0,0,0,0,0
2004,121765,3,1,0,0,0,0,0,0,0,0,0,0
2004,121766,1,1,19,19,19,19,19,19,19,19,19,19
2004,121767,1,1,0,0,0,0,0,0,0,0,0,0
2004,121767,2,1,21,0,0,0,0,0,0,0,0,0
2004,121768,1,1,0,0,0,0,0,0,0,0,0,0
2004,121768,2,1,0,13,0,0,0,0,0,0,0,0
2004,121769,1,1,0,0,16,20,8,19,0,16,13,10
2004,121769,2,1,0,0,0,0,0,11,0,0,0,0
2004,121769,3,1,0,5,0,0,0,0,0,0,0,0
2004,121770,0,1,0,0,10,0,0,0,0,22,23,9
2004,121770,1,1,12,12,12,12,12,12,12,12,12,12
2004,121771,1,1,5,5,5,5,5,5,5,5,5,5
2004,121771,2,1,0,0,0,0,0,0,0,0,9,0
2004,121772,1,1,3,3,3,3,3,3,3,3,3,3
2004,121773,1,1,0,16,0,0,0,0,0,0,14,15
2004,121773,2,1,0,14,0,0,0,0,0,0,12,0
2004,121774,1,1,0,0,0,0,0,0,0,0,0,0
2004,121774,2,1,0,0,0,0,0,9,0,0,0,0
2004,121775,1,1,4,4,4,4,4,4,4,4,4,4
2004,121776,1,1,12,12,12,12,12,12,12,12,12,12
2004,121777,1,1,0,0,24,31,0,0,16,0,0,23
2004,121778,0,1,0,9,0,18,0,0,0,18,19,0
2004,121778,1,1,0,0,13,0,0,0,0,0,0,0
2004,121779,1,1,0,0,0,0,0,0,0,0,0,0
2004,121779,2,1,0,0,0,0,0,0,0,0,0,0
2004,121780,0,1,10,0,31,19,22,0,4,0,0,0
2004,121780,1,1,0,0,0,0,0,0,0,0,0,3
2004,121781,1,1,0,0,0,0,0,0,0,0,0,0
2004,121781,2,1,0,5,0,0,0,0,0,0,0,0
2004,121781,3,1,0,0,0,0,0,0,0,0,0,0
2004,121782,1,1,0,0,0,0,0,0,0,0,0,0
2004,121782,2,1,0,0,0,0,0,0,0,0,0,0
2004,121783,1,1,0,0,0,0,0,0,0,0,0,0
2004,121783,2,1,10,0,0,0,0,0,0,0,0,0
2004,121784,1,1,0,0,0,0,0,0,0,0,0,12
2004,121785,1,1,0,0,0,0,20,0,0,0,0,0
2004,121785,2,1,0,0,0,0,0,0,0,0,0,0
2004,121786,0,1,10,14,0,25,0,0,0,19,21,19
2004,121786,1,1,0,0,0,0,0,0,0,0,0,0
2004,121787,1,1,0,10,0,0,19,0,0,0,0,0
2004,121788,1,1,10,0,0,0,0,0,0,0,0,0
2004,121788,2,1,0,0,0,0,0,0,0,0,0,0
2004,121789,1,1,0,0,0,0,0,0,0,0,0,0
2004,121789,2,1,1,1,1,1,1,1,1,1,1,1
2004,121790,1,1,0,0,0,0,0,0,0,0,0,0
2004,121791,1,1,0,0,0,0,0,0,0,0,0,27
2004,121791,2,1,0,6,0,0,0,0,11,10,0,0
2004,121792,1,1,0,0,0,0,0,13,0,0,0,0
2004,121792,2,1,0,0,0,0,0,0,0,0,0,0