YEAR,ST_CASE,veh_no,per_no,P1,P2,P3,P4,P5,P6,P7,P8,P9,P10
2004,122051,3,1,0,0,0,0,18,0,0,0,0,0
2004,122052,1,1,0,0,0,33,0,0,0,0,27,0
2004,122052,2,1,0,0,0,0,0,0,0,0,0,0
2004,122053,0,1,24,0,4,0,24,17,39,4,32,27
2004,122053,1,1,0,0,0,0,0,0,0,15,0,0
2004,122054,1,1,0,24,19,0,0,0,0,0,11,14
2004,122055,1,1,0,0,0,0,0,0,0,0,0,0
2004,122055,2,1,0,0,0,0,0,0,0,0,0,0
2004,122056,1,1,1,1,1,1,1,1,1,1,1,1
2004,122056,2,1,0,0,0,0,0,0,0,0,0,0
2004,122057,0,1,10,10,10,10,10,10,10,10,10,10
2004,122057,0,2,28,28,28,28,28,28,28,28,28,28
2004,122057,1,1,0,0,0,0,0,0,0,0,0,0
2004,122058,1,1,0,0,0,0,0,0,0,0,0,0
2004,122058,2,1,0,0,0,0,0,0,0,0,0,0
2004,122059,1,1,0,0,0,0,0,0,0,0,0,0
2004,122059,2,1,0,0,0,0,0,0,10,0,0,0
2004,122060,1,1,0,0,0,0,0,0,0,0,0,0
2004,122060,2,1,0,0,0,37,0,0,0,0,0,0
2004,122061,1,1,23,23,23,23,23,23,23,23,23,23
2004,122061,2,1,0,0,0,0,0,0,0,0,0,0
2004,122062,0,1,10,45,0,14,0,0,0,0,37,0
2004,122062,1,1,0,0,15,0,0,0,0,0,0,0
2004,122063,0,1,26,26,26,26,26,26,26,26,26,26
2004,122063,1,1,7,7,7,7,7,7,7,7,7,7
2004,122064,0,1,0,0,0,11,0,0,0,0,0,0
2004,122064,1,1,0,0,0,0,0,0,0,0,0,0
2004,122065,1,1,0,0,0,0,0,0,0,7,0,0
2004,122066,1,1,0,0,0,0,0,0,0,0,0,0
2004,122066,2,1,0,0,0,0,0,0,0,0,0,0
2004,122067,0,1,0,0,0,0,0,0,0,0,0,0
2004,122067,1,1,0,0,0,0,0,0,0,0,0,0
2004,122068,1,1,0,0,0,0,0,0,0,0,0,0
2004,122068,2,1,0,0,0,0,0,0,0,0,0,0
2004,122069,1,1,15,15,15,15,15,15,15,15,15,15
2004,122069,2,1,0,0,0,0,0,0,0,0,0,0
2004,122070,1,1,0,0,0,0,0,0,0,0,0,0
2004,122071,1,1,0,0,0,0,0,0,0,0,0,0
2004,122071,2,1,0,0,0,0,0,0,0,0,0,0
2004,122072,0,1,0,0,0,0,0,0,29,0,0,6
2004,122072,1,1,0,0,0,0,0,8,0,0,0,0
2004,122073,1,1,18,18,18,18,18,18,18,18,18,18
2004,122074,1,1,0,0,0,0,0,0,0,0,0,0
2004,122075,1,1,18,18,18,18,18,18,18,18,18,18
2004,122075,2,1,0,0,0,0,0,0,0,0,0,0
2004,122076,1,1,0,0,0,9,0,15,7,17,0,0
2004,122077,1,1,0,10,10,0,0,0,0,0,0,0
2004,122077,2,1,19,9,0,0,15,0,0,14,0,16
2004,122078,0,1,0,0,0,0,0,0,0,0,0,0
2004,122078,1,1,11,11,11,11,11,11,11,11,11,11
2004,122079,1,1,0,0,0,0,0,0,0,0,0,0
2004,122079,2,1,0,0,0,0,0,0,0,0,0,0
2004,122079,3,1,0,0,0,0,0,0,0,0,0,0
2004,122079,4,1,0,0,0,0,0,0,0,0,0,0
2004,122079,5,1,0,0,0,0,0,0,0,0,0,0
2004,122080,1,1,0,0,0,0,0,0,0,0,0,0
2004,122081,1,1,0,15,0,0,0,0,15,20,0,0
2004,122082,0,1,0,0,0,0,0,0,0,0,0,0
2004,122082,0,2,0,0,0,0,0,0,0,0,0,0
2004,122082,1,1,0,0,0,0,0,21,0,11,0,0
2004,122083,1,1,20,20,20,20,20,20,20,20,20,20
2004,122083,2,1,0,0,0,0,0,0,0,0,0,0
2004,122083,3,1,0,0,0,0,0,0,0,0,0,0
2004,122084,0,1,0,0,0,0,0,0,0,0,0,0
2004,122084,1,1,0,0,0,0,0,0,0,0,0,0
2004,122085,1,1,19,19,19,19,19,19,19,19,19,19
2004,122086,0,1,0,0,0,0,0,0,0,0,0,0
2004,122086,1,1,0,0,0,0,0,0,0,0,0,0
2004,122087,1,1,0,0,0,25,0,26,0,14,8,0
2004,122088,1,1,0,0,0,0,0,0,0,0,0,0
2004,122088,2,1,3,3,3,3,3,3,3,3,3,3
2004,122089,1,1,0,0,0,0,0,0,0,0,0,0
2004,122090,0,1,12,19,16,18,0,0,8,0,21,10
2004,122090,1,1,0,0,0,0,0,0,0,0,0,0
2004,122091,1,1,0,0,0,0,0,0,0,0,0,0
2004,122092,1,1,15,15,15,15,15,15,15,15,15,15
2004,122093,1,1,7,7,7,7,7,7,7,7,7,7
2004,122093,2,1,6,0,0,0,0,14,0,0,0,0
2004,122094,1,1,0,0,0,0,0,0,0,0,0,0
2004,122094,2,1,0,0,0,0,0,0,0,0,0,0
2004,122095,1,1,0,0,0,0,0,0,0,9,0,0
2004,122095,2,1,7,0,12,9,12,18,11,3,10,13
2004,122096,1,1,0,0,0,0,0,0,16,0,0,0
2004,122096,2,1,0,0,0,0,0,0,0,0,0,0
2004,122097,1,1,0,0,0,0,0,0,0,0,0,0
2004,122097,2,1,0,0,0,0,0,0,0,0,0,0
2004,122098,1,1,0,0,0,0,0,0,0,0,0,0
2004,122098,2,1,0,0,14,0,0,9,0,0,13,0
2004,122099,1,1,0,0,0,0,0,0,0,0,0,0
2004,122099,2,1,0,0,0,0,0,0,0,0,0,0
2004,122100,0,1,0,0,0,0,0,0,0,0,0,0
2004,122100,1,1,0,0,0,0,0,0,0,0,0,0
2004,122101,1,1,9,9,9,9,9,9,9,9,9,9
2004,122102,1,1,0,0,0,0,0,0,0,0,0,0
2004,122103,1,1,0,0,0,0,0,0,0,0,0,0
2004,122103,2,1,0,0,0,0,0,0,0,0,0,0
2004,122103,3,1,0,0,0,0,0,0,0,0,0,0
2004,122104,1,1,0,0,0,0,0,0,0,0,0,0
2004,122104,2,1,0,0,18,0,0,0,0,0,0,9
2004,122104,3,1,0,0,0,0,0,0,0,0,0,0
2004,122105,1,1,0,0,0,0,0,0,0,0,0,0
2004,122105,2,1,0,0,0,0,0,0,0,0,0,0
2004,122106,1,1,0,0,0,0,0,0,0,0,0,0
2004,122106,2,1,0,0,0,0,0,0,0,0,0,0
2004,122107,1,1,0,0,0,0,0,0,0,0,0,0
2004,122107,2,1,0,0,0,0,0,0,0,0,0,0
2004,122108,1,1,0,0,0,0,0,0,0,0,0,0
2004,122108,2,1,0,0,0,0,0,0,0,0,0,0
2004,122109,1,1,15,15,15,15,15,15,15,15,15,15
2004,122109,2,1,0,0,0,0,0,0,0,0,0,0
2004,122110,1,1,0,0,0,0,0,0,0,0,0,0
2004,122111,1,1,23,0,0,0,0,0,0,0,0,0
2004,122111,2,1,0,0,0,0,0,0,0,0,0,17
2004,122112,1,1,23,23,23,23,23,23,23,23,23,23
2004,122113,1,1,0,21,10,16,0,17,33,13,26,24
2004,122114,0,1,0,0,0,0,0,0,0,0,0,0
2004,122114,1,1,0,0,0,0,0,0,0,0,0,16
2004,122115,1,1,5,5,5,5,5,5,5,5,5,5
2004,122116,1,1,1,1,1,1,1,1,1,1,1,1
2004,122117,0,1,27,27,27,27,27,27,27,27,27,27
2004,122117,1,1,0,0,0,0,0,0,0,25,9,0
2004,122118,1,1,0,0,0,0,0,0,0,0,0,0
2004,122118,2,1,0,0,0,0,0,0,0,0,0,0
2004,122119,1,1,11,11,11,11,11,11,11,11,11,11
2004,122119,2,1,10,20,21,0,0,0,0,19,0,15
2004,122120,1,1,0,0,0,0,0,0,0,0,0,0
2004,122120,2,1,0,0,0,0,0,0,0,0,0,0
2004,122121,1,1,0,0,0,0,0,0,0,0,0,0
2004,122121,2,1,0,0,0,0,0,0,0,0,0,0
2004,122122,1,1,0,0,0,0,0,0,0,0,0,0
2004,122123,1,1,8,8,8,8,8,8,8,8,8,8
2004,122124,1,1,11,11,11,11,11,11,11,11,11,11
2004,122125,1,1,0,0,0,0,0,0,0,0,0,0
2004,122125,2,1,0,0,0,0,0,0,0,0,0,0
2004,122126,1,1,0,15,0,8,0,0,11,0,0,0
2004,122126,2,1,0,0,0,0,0,0,0,0,0,0
2004,122127,1,1,9,9,9,9,9,9,9,9,9,9
2004,122127,2,1,0,0,0,0,0,0,0,0,0,0
2004,122128,1,1,0,0,0,0,0,0,0,0,0,0
2004,122128,2,1,0,0,0,0,0,0,0,13,0,0
2004,122129,1,1,14,14,14,14,14,14,14,14,14,14
2004,122130,1,1,1,1,1,1,1,1,1,1,1,1
2004,122131,1,1,11,11,11,11,11,11,11,11,11,11
2004,122131,2,1,0,0,0,0,0,0,0,0,0,0
2004,122132,1,1,20,20,20,20,20,20,20,20,20,20
2004,122133,1,1,6,6,6,6,6,6,6,6,6,6
2004,122133,2,1,18,7,6,7,8,0,0,0,0,22
2004,122134,0,1,0,0,0,0,25,0,14,19,22,22
2004,122134,1,1,0,0,0,0,0,0,0,0,0,0
2004,122135,1,1,0,0,0,0,0,0,0,0,0,0
2004,122135,2,1,0,0,0,0,0,0,0,0,0,0
2004,122136,0,1,0,0,0,0,0,0,0,0,0,0
2004,122136,1,1,0,0,0,0,0,0,0,0,0,0
2004,122137,0,1,0,0,0,0,0,0,0,0,0,0
2004,122137,1,1,0,0,0,0,0,0,0,0,0,0
2004,122137,2,1,0,0,0,0,0,0,0,0,0,0
2004,122138,1,1,0,0,0,0,0,0,0,0,0,0
2004,122139,1,1,0,0,0,0,0,0,0,0,0,0
2004,122139,2,1,0,0,0,0,0,0,0,0,0,0
2004,122140,1,1,11,11,11,11,11,11,11,11,11,11
2004,122141,0,1,0,0,0,0,0,0,0,0,0,0
2004,122141,1,1,0,0,0,0,0,0,0,0,0,0
2004,122142,0,1,0,0,0,0,0,0,0,0,0,0
2004,122142,1,1,0,0,0,0,0,0,0,0,0,0
2004,122143,1,1,0,0,0,0,0,19,0,18,0,15
2004,122143,2,1,0,0,0,0,0,0,0,0,0,0
2004,122143,3,1,0,0,0,0,0,0,0,0,0,0
2004,122144,1,1,20,20,20,20,20,20,20,20,20,20
2004,122145,1,1,0,0,0,0,0,0,0,0,0,0
2004,122145,2,1,0,0,0,0,0,0,0,0,0,0
2004,122145,3,1,0,0,0,0,0,0,0,0,0,26
2004,122146,0,1,27,27,27,27,27,27,27,27,27,27
2004,122146,1,1,14,0,0,0,0,0,14,0,13,0
2004,122147,1,1,22,22,22,22,22,22,22,22,22,22
2004,122148,1,1,14,0,14,13,39,12,0,9,29,0
2004,122149,1,1,0,0,0,0,0,0,0,0,0,0
2004,122149,2,1,0,0,0,0,0,0,0,0,0,0
2004,122150,1,1,8,8,8,8,8,8,8,8,8,8
2004,122151,1,1,16,16,16,16,16,16,16,16,16,16
2004,122152,1,1,0,0,0,0,0,0,0,0,0,0
2004,122153,1,1,8,8,8,8,8,8,8,8,8,8
2004,122154,1,1,0,0,0,0,0,0,0,0,0,0
2004,122155,0,1,0,0,0,0,0,0,0,0,0,0
2004,122155,1,1,0,0,0,0,0,0,0,0,0,0
2004,122156,0,1,24,24,24,24,24,24,24,24,24,24
2004,122156,1,1,0,0,0,0,0,0,0,0,0,0
2004,122157,1,1,0,0,0,0,0,0,0,0,0,0
2004,122157,2,1,0,0,0,0,0,0,0,0,0,0
2004,122158,1,1,0,0,0,0,0,0,0,0,0,0
2004,122158,2,1,0,0,0,0,16,0,0,0,0,0
2004,122159,1,1,0,0,0,0,0,0,0,0,0,0
2004,122159,2,1,0,0,0,0,0,0,0,0,0,0
2004,122159,3,1,0,0,0,0,0,0,0,0,0,0
2004,122160,1,1,0,0,0,15,18,0,0,14,14,0
2004,122161,1,1,0,0,0,0,0,11,0,11,0,0
2004,122162,1,1,0,0,0,0,0,0,0,0,0,0
2004,122162,2,1,23,0,0,0,0,0,8,0,0,0
2004,122163,1,1,0,0,0,0,0,0,0,0,0,0
2004,122163,2,1,0,0,0,0,0,0,0,0,0,0
2004,122164,1,1,0,0,0,0,0,0,0,0,0,0
2004,122164,2,1,0,6,0,0,0,0,0,0,0,0
2004,122165,1,1,0,0,0,0,0,0,0,0,0,0
2004,122165,2,1,0,0,0,0,0,0,0,0,0,0
2004,122166,1,1,0,0,0,0,0,0,0,0,0,0
2004,122166,2,1,0,0,0,0,0,0,0,0,0,0
2004,122167,1,1,14,14,14,14,14,14,14,14,14,14
2004,122168,1,1,23,23,23,23,23,23,23,23,23,23
2004,122168,2,1,0,0,0,7,0,0,0,0,0,0
2004,122169,1,1,17,17,17,17,17,17,17,17,17,17
2004,122170,1,1,0,0,0,0,0,0,0,0,0,0
2004,122170,2,1,0,0,13,11,0,0,0,0,0,0
2004,122171,1,1,0,0,0,0,0,0,0,0,0,0
2004,122171,2,1,0,0,0,0,0,0,0,0,0,0
2004,122172,0,1,0,0,16,0,0,0,0,0,0,0
2004,122172,1,1,0,0,0,0,0,0,0,0,0,0
2004,122172,2,1,0,0,0,0,0,0,0,0,0,0
2004,122173,1,1,0,0,0,0,0,0,0,0,0,0
2004,122173,2,1,0,0,0,0,0,0,0,0,0,0
2004,122174,1,1,0,0,0,0,0,0,0,14,0,5
2004,122175,1,1,17,0,22,0,0,0,13,18,22,10
2004,122176,1,1,24,24,24,24,24,24,24,24,24,24
2004,122177,1,1,0,0,0,0,0,5,0,0,0,0
2004,122177,2,1,0,0,0,0,0,0,0,0,0,17
2004,122178,1,1,0,0,0,0,0,0,0,0,0,0
2004,122178,2,1,0,0,0,0,0,0,0,0,0,0
2004,122178,3,1,0,0,0,0,0,0,0,0,0,0
2004,122179,1,1,0,0,0,0,0,0,0,0,0,0
2004,122179,2,1,0,0,0,0,0,0,0,0,0,0
2004,122180,0,1,0,0,0,0,0,0,0,0,0,0
2004,122180,1,1,0,0,0,0,0,0,0,0,0,0
2004,122181,1,1,0,0,0,0,0,0,0,0,0,0
2004,122181,2,1,0,0,0,0,0,0,0,0,0,0
2004,122182,1,1,0,13,0,0,0,20,0,0,0,0
2004,122183,1,1,0,15,14,23,0,29,0,5,0,9
2004,122184,1,1,17,17,17,17,17,17,17,17,17,17
2004,122185,0,1,0,0,0,10,26,0,11,12,0,7
2004,122185,1,1,0,0,0,0,0,0,0,0,0,0
2004,122186,0,1,29,29,29,29,29,29,29,29,29,29
2004,122186,1,1,0,0,0,0,0,0,0,0,0,0
2004,122186,2,1,0,0,0,0,0,0,0,0,0,0
2004,122187,1,1,0,0,0,0,0,0,0,0,0,0
2004,122188,1,1,45,45,45,45,45,45,45,45,45,45
2004,122188,2,1,0,0,0,0,0,0,0,0,0,0
2004,122189,1,1,22,22,22,22,22,22,22,22,22,22
2004,122189,2,1,0,0,0,0,0,0,0,0,0,0
2004,122190,1,1,0,0,0,0,0,0,0,0,0,0
2004,122190,2,1,0,0,0,0,0,0,0,0,0,0
2004,122190,3,1,0,0,21,0,0,0,10,7,0,0
2004,122191,0,1,0,21,0,0,0,0,0,0,34,34
2004,122191,1,1,0,0,0,0,0,0,0,0,0,13
2004,122192,0,1,24,24,24,24,24,24,24,24,24,24
2004,122192,1,1,0,0,0,0,0,0,0,0,0,0
2004,122193,1,1,0,0,0,0,0,0,0,0,21,0
2004,122193,2,1,0,0,0,0,0,0,0,0,0,0
2004,122194,0,1,27,27,27,27,27,27,27,27,27,27
2004,122194,1,1,27,27,27,27,27,27,27,27,27,27
2004,122195,0,1,38,38,38,38,38,38,38,38,38,38
2004,122195,1,1,0,0,0,0,0,8,0,13,0,0
2004,122196,0,1,22,0,14,27,0,29,33,8,13,0
2004,122196,1,1,0,0,18,0,0,0,0,9,0,0
2004,122197,1,1,15,15,15,15,15,15,15,15,15,15
2004,122198,1,1,0,0,0,13,0,0,0,0,0,0
2004,122198,2,1,0,0,0,0,0,5,0,0,0,0
2004,122199,1,1,0,0,0,0,0,0,0,0,0,0
2004,122199,2,1,0,0,0,0,0,0,0,0,0,0
2004,122200,1,1,0,0,0,0,0,0,0,12,0,0
2004,122201,1,1,19,19,19,19,19,19,19,19,19,19
2004,122202,0,1,0,0,0,0,0,6,31,13,0,15
2004,122202,1,1,0,0,0,0,0,12,0,22,0,0
2004,122203,1,1,14,0,0,0,0,0,0,0,0,0
2004,122203,2,1,0,0,0,0,0,0,0,0,0,7
2004,122204,0,1,0,0,0,0,0,0,0,0,0,0
2004,122204,1,1,0,0,0,0,0,0,0,0,0,0
2004,122205,1,1,0,0,0,0,0,9,0,0,0,0
2004,122205,2,1,0,0,0,0,0,0,0,0,0,0
2004,122206,1,1,0,0,0,0,0,0,0,0,0,0
2004,122206,2,1,0,0,0,0,0,0,0,0,0,0
2004,122207,0,1,0,0,0,0,11,0,4,39,0,0
2004,122207,1,1,0,14,5,15,0,0,15,16,0,0
2004,122208,0,1,0,0,0,0,0,0,0,0,0,0
2004,122208,1,1,0,0,0,0,0,0,0,0,0,0
2004,122209,1,1,0,0,0,0,0,0,0,0,0,0
2004,122209,2,1,0,0,0,0,0,0,0,0,0,0
2004,122209,3,1,0,0,0,0,0,0,0,0,0,0
2004,122210,1,1,0,0,11,17,0,0,0,0,22,0
2004,122211,1,1,0,0,0,0,15,0,0,0,0,0
2004,122211,2,1,0,0,0,0,0,11,0,0,0,0
2004,122211,3,1,0,16,0,0,0,0,0,0,0,0
2004,122212,0,1,30,27,0,19,0,10,0,23,0,8
2004,122212,1,1,0,0,0,0,0,0,0,0,0,0
2004,122213,1,1,4,0,0,0,0,7,0,0,0,0
2004,122213,2,1,0,17,0,0,0,0,4,0,0,4
2004,122213,3,1,0,0,0,0,0,0,0,0,0,0
2004,122214,0,1,0,0,0,0,0,0,0,0,0,0
2004,122214,1,1,0,0,0,0,0,0,0,0,0,0
2004,122215,1,1,22,0,24,30,8,9,16,0,6,0
2004,122216,0,1,0,38,13,14,0,0,25,0,41,30
2004,122216,1,1,0,26,0,0,0,0,0,0,0,0
2004,122217,0,1,16,16,16,16,16,16,16,16,16,16
2004,122217,1,1,0,0,0,10,0,0,0,0,0,0
2004,122218,1,1,0,0,0,0,0,0,0,0,0,0
2004,122218,2,1,0,0,0,0,0,0,0,0,0,0
2004,122219,1,1,0,0,0,0,0,0,0,0,0,0
2004,122219,2,1,0,0,0,0,0,0,17,0,0,0
2004,122220,1,1,0,0,0,0,0,0,0,0,0,0
2004,122220,2,1,0,0,0,0,0,12,15,0,0,19
2004,122221,0,1,0,0,0,7,0,0,0,0,0,0
2004,122221,1,1,0,0,0,0,0,0,0,0,0,0
2004,122222,1,1,17,0,0,0,0,0,0,0,0,0
2004,122222,2,1,0,0,0,0,0,0,0,0,0,0
2004,122223,0,1,0,0,0,0,0,0,0,0,0,0
2004,122223,1,1,0,0,0,0,0,0,0,0,0,0
2004,122224,1,1,2,2,2,2,2,2,2,2,2,2
2004,122225,1,1,0,0,0,0,0,0,0,0,0,0
2004,122225,2,1,0,0,0,0,0,0,0,0,0,0
2004,122226,1,1,0,16,0,8,0,0,0,0,0,0
2004,122226,2,1,0,0,0,0,22,0,0,0,0,0
2004,122226,3,1,0,0,0,0,0,0,0,0,0,0
2004,122227,1,1,0,0,0,0,0,0,0,0,0,0
2004,122227,2,1,0,19,0,0,0,0,0,0,0,0
2004,122228,0,1,0,0,0,0,0,0,0,0,0,0
2004,122228,1,1,0,0,4,0,0,5,0,0,0,0
2004,122228,2,1,0,0,0,0,0,0,0,0,0,0
2004,122229,1,1,0,0,0,0,0,0,0,0,0,0
2004,122229,2,1,0,0,0,0,0,0,0,0,0,0
2004,122230,1,1,0,0,0,0,0,0,8,0,0,0
2004,122230,2,1,0,0,0,0,0,0,0,0,0,0
2004,122231,0,1,5,0,0,0,0,0,0,0,0,0
2004,122231,1,1,0,0,0,0,0,0,0,0,0,0
2004,122231,2,1,0,0,0,0,0,0,0,0,0,0
2004,122232,1,1,14,14,14,14,14,14,14,14,14,14
2004,122232,2,1,0,0,0,0,0,0,0,0,0,0
2004,122233,1,1,0,0,0,0,0,0,0,0,0,0
2004,122233,2,1,0,0,0,0,0,0,0,0,0,0
2004,122234,1,1,18,18,18,18,18,18,18,18,18,18
2004,122235,0,1,0,0,0,0,0,24,0,8,0,0
2004,122235,1,1,0,0,0,0,0,0,0,0,0,0
2004,122236,0,1,26,26,26,26,26,26,26,26,26,26
2004,122237,1,1,0,12,0,8,0,13,13,24,14,7
2004,122237,2,1,0,0,0,0,0,0,9,0,0,17
2004,122238,1,1,0,0,0,0,0,0,0,0,0,0
2004,122239,1,1,15,15,15,15,15,15,15,15,15,15
2004,122240,1,1,0,0,0,0,0,0,0,0,0,0
2004,122241,1,1,24,24,24,24,24,24,24,24,24,24
2004,122242,1,1,4,4,4,4,4,4,4,4,4,4
2004,122243,0,1,0,0,0,0,0,0,0,0,0,0
2004,122243,1,1,0,0,0,0,0,0,0,0,0,0
2004,122244,1,1,19,19,19,19,19,19,19,19,19,19
2004,122244,2,1,0,0,0,0,0,0,0,0,0,0
2004,122245,1,1,23,23,23,23,23,23,23,23,23,23
2004,122245,2,1,0,0,0,0,0,0,0,0,0,0
2004,122246,1,1,0,0,0,0,0,0,0,0,0,0
2004,122246,2,1,0,0,0,0,0,31,0,0,0,0
2004,122247,1,1,0,0,0,0,0,0,0,0,0,0
2004,122248,1,1,0,0,0,0,0,0,0,0,0,0
2004,122249,1,1,0,21,0,0,0,0,0,0,0,0
2004,122249,2,1,0,0,0,0,0,0,0,0,0,0
2004,122250,1,1,0,0,0,0,0,0,0,0,0,0
2004,122250,2,1,12,12,12,12,12,12,12,12,12,12
2004,122251,1,1,0,0,0,0,13,10,0,0,0,0
2004,122251,2,1,0,0,0,0,0,0,0,0,0,0
2004,122251,3,1,0,0,0,0,0,0,0,0,0,0
2004,122252,1,1,0,0,0,0,0,16,0,0,0,12
2004,122252,2,1,0,0,0,0,0,0,0,0,0,0
2004,122253,0,1,0,0,0,0,0,0,0,0,20,0
2004,122253,1,1,0,0,0,0,0,0,0,0,0,0
2004,122254,1,1,0,0,0,0,0,3,0,0,21,0
2004,122255,1,1,0,0,0,0,0,0,0,0,0,0
2004,122255,2,1,9,9,9,9,9,9,9,9,9,9
2004,122256,0,1,27,27,27,27,27,27,27,27,27,27
2004,122256,1,1,0,0,0,0,0,0,0,0,0,0
2004,122257,1,1,0,0,0,0,0,0,0,0,0,0
2004,122257,2,1,0,0,0,0,7,0,0,0,0,0
2004,122258,1,1,0,0,0,0,0,0,0,0,0,0
2004,122258,2,1,0,0,19,0,0,0,0,18,0,9
2004,122259,1,1,0,0,0,0,0,0,0,0,0,0
2004,122259,2,1,0,17,0,20,0,0,0,0,0,0
2004,122260,1,1,0,0,0,0,0,0,0,0,0,0
2004,122260,2,1,0,0,0,0,0,0,0,0,0,0
2004,122261,1,1,0,0,0,0,0,0,0,0,0,0
2004,122261,2,1,0,0,0,0,0,0,0,0,0,0
2004,122262,1,1,0,0,0,0,0,0,0,0,0,0
2004,122262,2,1,0,0,0,0,0,0,0,0,0,0
2004,122263,1,1,0,0,0,0,32,22,18,0,12,21
2004,122264,0,1,0,0,0,0,0,0,0,0,0,0
2004,122264,1,1,0,0,0,0,0,0,0,0,0,0
2004,122265,1,1,18,25,19,0,7,0,12,21,16,10
2004,122266,0,1,0,0,0,0,0,0,0,0,0,0
2004,122266,1,1,0,0,0,0,0,0,14,0,0,0
2004,122267,0,1,0,0,0,0,0,0,0,0,0,0
2004,122267,1,1,0,0,0,26,0,0,0,0,0,0
2004,122268,0,1,0,0,0,0,13,0,0,0,8,0
2004,122268,1,1,0,0,0,0,0,0,0,0,0,0
2004,122269,1,1,0,0,0,0,0,0,0,0,0,0
2004,122269,2,1,0,13,0,0,20,0,0,0,0,0
2004,122270,1,1,0,0,0,0,0,0,0,0,0,21
2004,122271,1,1,0,0,0,0,0,0,0,0,0,0
2004,122271,2,1,0,0,0,0,0,0,0,0,0,0
2004,122272,0,1,0,0,0,0,0,0,0,0,0,0
2004,122272,1,1,0,0,0,0,0,0,0,0,0,0
2004,122273,1,1,0,0,0,0,0,0,0,0,0,0
2004,122273,2,1,10,10,10,10,10,10,10,10,10,10
2004,122274,1,1,26,26,26,26,26,26,26,26,26,26
2004,122275,1,1,0,0,0,0,0,0,0,0,0,0
2004,122276,1,1,0,0,0,0,0,0,0,0,0,0
2004,122276,2,1,0,0,0,0,0,0,0,0,0,0
2004,122277,0,1,15,0,0,14,0,17,0,0,0,35
2004,122277,1,1,0,0,0,0,0,0,0,0,0,0
2004,122278,1,1,0,0,0,0,0,0,0,0,0,0
2004,122278,2,1,0,0,0,0,0,0,0,0,0,18
2004,122279,1,1,0,0,10,0,0,0,0,0,0,0
2004,122279,2,1,16,13,0,0,26,0,0,0,0,0
2004,122280,1,1,14,14,14,14,14,14,14,14,14,14
2004,122281,1,1,0,0,0,0,0,0,0,0,0,0
2004,122281,2,1,0,0,8,0,0,0,0,0,0,0
2004,122282,1,1,19,19,19,19,19,19,19,19,19,19
2004,122283,0,1,0,0,0,0,0,0,0,0,0,0
2004,122283,1,1,0,0,0,0,0,0,0,0,0,0
2004,122284,1,1,0,0,0,0,0,0,0,0,0,12
2004,122284,2,1,0,0,0,0,0,0,0,0,0,0
2004,122285,1,1,0,0,34,17,22,6,18,9,26,0
2004,122286,0,1,0,23,14,0,30,0,27,0,18,7
2004,122286,1,1,0,0,0,0,0,0,0,0,0,0
2004,122287,1,1,9,0,0,0,0,0,20,24,0,34
2004,122287,2,1,28,28,28,28,28,28,28,28,28,28
2004,122288,0,1,0,0,0,0,0,0,0,0,0,0
2004,122288,1,1,0,0,0,0,0,0,0,0,0,0
2004,122289,0,1,14,31,0,0,0,28,0,0,18,0
2004,122289,1,1,0,0,0,0,0,0,0,0,0,0
2004,122290,1,1,0,0,0,0,0,0,0,0,0,0
2004,122291,1,1,0,0,0,0,0,0,0,0,0,0
2004,122291,2,1,0,0,19,12,0,0,35,0,0,0
2004,122292,0,1,0,17,0,0,0,0,0,0,0,0
2004,122292,1,1,0,0,5,0,0,0,0,0,9,0
2004,122293,1,1,0,0,0,0,0,0,0,0,0,0
2004,122294,1,1,16,16,16,16,16,16,16,16,16,16
2004,122294,2,1,18,18,18,18,18,18,18,18,18,18
2004,122295,1,1,10,0,0,0,0,0,0,0,0,0
2004,122296,1,1,0,0,0,0,0,12,0,0,0,0
2004,122297,1,1,0,0,0,0,0,0,0,0,0,0
2004,122297,2,1,0,0,0,0,0,0,0,0,0,0
2004,122298,1,1,0,0,0,0,0,0,0,0,0,0
2004,122298,2,1,0,0,0,0,0,8,0,0,0,0
2004,122299,0,1,0,16,0,0,0,0,0,0,0,0
2004,122299,1,1,0,0,0,0,0,0,0,0,0,0
2004,122300,1,1,0,0,0,0,0,0,0,0,0,0
2004,122301,0,1,0,0,0,0,0,0,0,0,0,0
2004,122301,1,1,0,0,0,0,0,0,0,0,0,0
2004,122302,1,1,12,12,12,12,12,12,12,12,12,12
2004,122303,1,1,0,0,0,0,0,0,0,0,0,0
2004,122303,2,1,0,0,0,0,0,0,0,0,0,0
2004,122304,1,1,0,0,0,0,0,0,0,0,0,0
2004,122305,0,1,0,0,0,0,0,0,0,0,0,0
2004,122305,1,1,0,0,0,0,0,0,0,0,0,0
2004,122306,1,1,19,19,19,19,19,19,19,19,19,19
2004,122307,0,1,0,0,0,0,0,0,0,0,0,0
2004,122307,1,1,0,0,0,0,0,0,0,0,0,0
2004,122309,1,1,0,20,0,0,0,0,24,0,0,0
2004,122309,2,1,19,0,0,0,14,0,0,16,21,0
2004,122310,1,1,0,0,0,0,0,0,0,0,0,0
2004,122310,2,1,0,0,0,0,0,0,19,0,0,0
2004,122311,1,1,0,0,0,0,0,0,0,0,0,0
2004,122311,2,1,0,0,0,0,0,0,0,0,0,0
2004,122312,1,1,0,0,0,0,0,0,0,0,0,0