YEAR,ST_CASE,veh_no,per_no,P1,P2,P3,P4,P5,P6,P7,P8,P9,P10
2004,130154,1,1,0,0,0,0,0,0,0,0,0,0
2004,130154,2,1,0,0,0,0,0,0,0,0,0,0
2004,130155,1,1,25,25,25,25,25,25,25,25,25,25
2004,130156,1,1,0,0,0,0,0,0,0,0,0,0
2004,130156,2,1,0,0,0,0,0,0,0,0,0,0
2004,130157,1,1,0,0,0,0,0,0,0,0,0,0
2004,130157,2,1,0,0,0,0,0,0,0,17,0,0
2004,130158,1,1,12,12,12,12,12,12,12,12,12,12
2004,130158,2,1,0,0,0,0,0,0,0,0,0,0
2004,130159,1,1,0,0,0,0,0,0,0,0,0,0
2004,130159,2,1,0,0,0,0,0,0,0,0,0,0
2004,130160,1,1,0,0,0,0,0,0,0,0,0,0
2004,130160,2,1,0,0,0,0,0,0,0,0,0,0
2004,130161,0,1,0,0,0,0,0,0,0,0,0,0
2004,130161,1,1,0,0,0,0,0,0,0,0,0,0
2004,130162,1,1,0,0,0,0,0,0,0,0,0,0
2004,130163,1,1,0,0,0,0,0,0,0,0,0,0
2004,130163,2,1,0,0,0,0,0,0,0,0,0,0
2004,130164,1,1,13,0,0,0,0,0,0,0,0,0
2004,130164,2,1,0,0,0,0,0,0,0,0,0,0
2004,130165,1,1,5,5,5,5,5,5,5,5,5,5
2004,130166,1,1,0,0,0,0,0,0,19,0,0,0
2004,130166,2,1,0,0,0,0,0,0,0,0,0,0
2004,130167,1,1,0,0,0,0,0,0,0,0,0,0
2004,130168,1,1,0,0,0,0,0,7,0,0,0,0
2004,130168,2,1,0,0,0,0,0,0,0,0,0,0
2004,130169,1,1,7,0,25,0,0,0,0,12,0,15
2004,130170,1,1,0,0,0,0,0,0,0,0,0,0
2004,130171,1,1,0,0,0,0,0,0,16,0,0,0
2004,130171,2,1,0,28,3,0,0,7,0,0,0,0
2004,130172,1,1,24,24,24,24,24,24,24,24,24,24
2004,130173,1,1,0,0,0,0,0,0,0,0,0,0
2004,130173,2,1,0,0,0,0,0,0,0,0,0,0
2004,130174,0,1,19,19,19,19,19,19,19,19,19,19
2004,130174,1,1,31,15,3,13,8,6,12,18,20,12
2004,130175,1,1,22,22,22,22,22,22,22,22,22,22
2004,130176,1,1,0,0,0,0,0,0,0,0,0,0
2004,130176,2,1,0,0,0,0,0,0,0,0,0,0
2004,130177,1,1,0,0,0,0,0,0,0,0,0,0
2004,130178,1,1,0,0,0,0,0,0,0,0,0,0
2004,130178,2,1,0,0,0,0,0,0,0,0,0,0
2004,130179,1,1,0,19,18,0,0,0,17,0,0,0
2004,130180,1,1,0,0,0,0,0,0,0,0,0,0
2004,130181,1,1,3,0,0,0,0,0,0,0,0,0
2004,130181,2,1,0,0,0,0,0,0,0,0,0,0
2004,130182,1,1,0,0,0,0,0,0,0,0,0,0
2004,130182,2,1,0,0,0,0,0,0,0,0,0,0
2004,130183,1,1,0,0,0,0,0,0,0,0,0,0
2004,130183,2,1,0,0,0,0,0,0,0,0,0,0
2004,130183,3,1,0,0,0,0,0,0,0,0,0,0
2004,130184,1,1,0,13,0,0,0,0,0,0,0,0
2004,130185,1,1,8,8,8,8,8,8,8,8,8,8
2004,130186,1,1,0,0,0,0,0,9,0,18,22,0
2004,130187,1,1,0,0,0,0,0,0,0,0,0,0
2004,130188,1,1,17,17,17,17,17,17,17,17,17,17
2004,130189,1,1,0,14,18,0,0,16,19,24,0,0
2004,130190,0,1,19,19,19,19,19,19,19,19,19,19
2004,130190,1,1,20,12,12,0,19,0,0,12,12,0
2004,130191,1,1,28,28,28,28,28,28,28,28,28,28
2004,130192,1,1,22,22,22,22,22,22,22,22,22,22
2004,130193,1,1,0,0,0,0,0,0,0,0,0,0
2004,130194,1,1,0,0,0,21,7,22,33,0,0,21
2004,130195,1,1,0,0,0,0,0,0,0,0,0,0
2004,130195,2,1,0,0,0,0,0,0,0,0,0,0
2004,130196,1,1,0,0,0,0,0,0,0,0,0,0
2004,130196,2,1,0,0,0,0,0,0,0,0,0,0
2004,130197,1,1,26,26,26,26,26,26,26,26,26,26
2004,130198,0,1,0,0,0,0,0,0,0,0,0,0
2004,130198,1,1,0,0,0,0,0,0,0,0,0,0
2004,130199,1,1,0,0,0,0,0,0,0,0,0,0
2004,130199,2,1,0,0,0,0,0,0,0,0,0,0
2004,130200,0,1,0,0,0,0,0,0,0,0,0,0
2004,130200,0,2,0,0,0,0,0,0,0,0,0,0
2004,130200,1,1,0,0,0,0,0,0,0,12,20,0
2004,130201,1,1,0,0,0,0,0,0,0,0,0,0
2004,130202,0,1,32,32,32,32,32,32,32,32,32,32
2004,130202,1,1,0,0,0,0,0,0,0,0,0,0
2004,130203,1,1,0,0,0,0,0,0,0,0,0,0
2004,130203,2,1,0,0,0,0,0,0,0,13,12,0
2004,130203,3,1,0,0,0,8,20,0,0,0,0,0
2004,130204,1,1,28,9,17,32,5,29,11,19,21,0
2004,130205,1,1,0,0,0,0,0,0,0,0,0,0
2004,130205,2,1,0,0,0,0,0,0,0,0,0,0
2004,130205,3,1,0,0,0,0,0,0,0,0,0,0
2004,130206,1,1,0,0,0,0,0,0,0,0,0,0
2004,130206,2,1,0,0,0,0,0,0,0,0,0,0
2004,130206,3,1,0,0,0,0,0,0,0,0,0,0
2004,130207,1,1,0,0,0,0,0,0,0,0,0,0
2004,130207,2,1,0,0,0,0,0,0,0,0,0,0
2004,130208,1,1,0,0,0,0,0,0,0,0,0,0
2004,130209,1,1,38,36,23,30,19,34,27,22,21,17
2004,130210,1,1,0,0,0,0,0,0,0,0,0,0
2004,130210,2,1,0,0,0,0,0,0,0,0,0,0
2004,130211,0,1,0,0,0,0,0,0,0,0,0,0
2004,130211,1,1,0,0,0,0,0,0,0,0,0,0
2004,130212,1,1,0,0,0,0,0,0,0,0,0,0
2004,130212,2,1,0,0,0,0,0,0,0,0,0,0
2004,130213,1,1,0,0,0,0,0,0,0,0,0,0
2004,130213,2,1,0,0,0,0,0,0,0,0,0,0
2004,130213,3,1,0,0,0,0,0,0,0,0,0,0
2004,130214,1,1,0,0,0,0,0,0,0,0,0,0
2004,130214,2,1,0,0,0,0,0,0,0,0,0,0
2004,130214,3,1,0,0,0,0,0,0,0,0,0,0
2004,130215,1,1,0,18,0,9,15,20,0,13,0,6
2004,130216,1,1,0,0,0,0,0,0,0,0,0,0
2004,130216,2,1,0,0,0,0,0,0,0,0,0,19
2004,130217,0,1,0,0,0,0,0,0,0,0,0,0
2004,130217,1,1,0,0,0,0,0,15,0,0,0,0
2004,130218,1,1,0,0,0,0,0,0,0,0,0,0
2004,130218,2,1,0,0,0,0,0,0,0,0,0,0
2004,130219,1,1,0,0,0,0,0,0,0,0,0,0
2004,130220,1,1,0,0,0,0,0,0,0,0,0,0
2004,130220,2,1,0,0,0,0,0,0,0,0,0,0
2004,130221,1,1,0,0,0,0,0,0,0,0,4,0
2004,130222,1,1,25,25,25,25,25,25,25,25,25,25
2004,130223,1,1,0,0,19,0,0,0,0,26,0,0
2004,130223,2,1,0,0,0,0,0,0,0,0,0,0
2004,130224,1,1,0,0,0,0,0,0,0,0,0,0
2004,130224,2,1,0,0,0,0,0,0,0,0,0,0
2004,130225,0,1,11,11,11,11,11,11,11,11,11,11
2004,130225,1,1,0,0,8,0,0,0,0,0,0,0
2004,130226,1,1,0,0,0,0,0,0,0,0,0,0
2004,130226,2,1,0,0,0,0,17,8,0,0,0,0
2004,130227,1,1,0,0,0,0,0,0,0,0,0,0
2004,130227,2,1,0,0,0,0,0,0,0,0,0,0
2004,130228,1,1,0,0,0,0,0,0,0,0,0,0
2004,130228,2,1,0,0,0,0,0,0,0,0,0,0
2004,130229,1,1,0,0,0,0,0,9,0,0,0,0
2004,130229,2,1,11,0,12,0,0,12,12,15,0,0
2004,130229,3,1,0,0,0,0,0,0,0,0,0,0
2004,130230,1,1,0,0,0,0,0,0,0,0,0,0
2004,130230,2,1,0,0,0,0,0,0,0,10,0,16
2004,130231,1,1,0,0,0,0,0,0,0,0,0,0
2004,130232,1,1,0,0,0,0,0,0,0,0,0,0
2004,130233,1,1,16,0,0,0,0,0,0,0,0,0
2004,130234,0,1,0,0,0,0,0,0,0,0,0,0
2004,130234,1,1,0,0,0,0,0,0,0,0,0,0
2004,130235,1,1,0,0,0,0,0,0,0,0,0,0
2004,130235,2,1,0,0,0,0,0,0,0,0,0,0
2004,130236,1,1,0,0,0,0,0,0,0,0,0,0
2004,130236,2,1,0,0,0,0,0,0,0,0,0,0
2004,130237,1,1,0,0,0,0,0,0,0,0,0,0
2004,130237,2,1,0,0,0,0,0,0,0,0,0,0
2004,130238,1,1,0,0,0,0,0,0,0,0,0,0
2004,130238,2,1,0,0,0,0,0,0,0,0,5,0
2004,130239,1,1,0,0,0,0,0,0,0,0,0,0
2004,130239,2,1,0,0,0,0,0,0,0,0,0,0
2004,130240,1,1,0,0,0,0,0,0,0,0,0,0
2004,130240,2,1,0,0,0,0,0,0,0,0,0,0
2004,130241,1,1,0,0,0,0,0,0,0,0,0,0
2004,130242,1,1,2,2,2,2,2,2,2,2,2,2
2004,130243,1,1,0,24,0,0,0,30,15,11,15,0
2004,130244,1,1,0,0,0,0,0,0,0,0,0,0
2004,130244,2,1,0,0,0,0,0,0,0,0,0,0
2004,130245,1,1,0,0,0,0,0,0,0,0,0,0
2004,130246,0,1,13,13,13,13,13,13,13,13,13,13
2004,130246,1,1,8,8,8,8,8,8,8,8,8,8
2004,130247,1,1,21,38,0,9,8,0,0,0,0,0
2004,130247,2,1,0,0,0,0,0,0,0,0,0,0
2004,130248,1,1,0,0,0,0,0,0,0,0,0,0
2004,130249,1,1,0,0,0,0,0,0,0,0,0,0
2004,130249,2,1,0,0,0,0,0,0,0,0,0,0
2004,130249,3,1,18,0,0,0,0,0,0,0,0,0
2004,130249,4,1,5,5,5,5,5,5,5,5,5,5
2004,130249,5,1,0,0,0,0,0,0,0,0,0,0
2004,130250,1,1,0,0,0,0,0,0,0,0,0,0
2004,130250,2,1,0,0,0,0,0,0,0,0,0,0
2004,130251,1,1,0,0,0,0,0,0,0,0,0,0
2004,130251,2,1,0,0,0,0,0,0,0,0,0,0
2004,130251,3,1,0,0,0,0,0,0,0,0,0,0
2004,130252,1,1,0,0,0,0,0,0,0,0,0,0
2004,130252,2,1,0,0,0,0,15,0,0,0,0,0
2004,130253,1,1,27,0,0,9,0,25,0,0,23,0
2004,130254,1,1,0,0,0,29,0,0,0,0,0,0
2004,130254,2,1,0,0,0,0,0,0,0,0,0,0
2004,130255,1,1,0,0,0,0,0,0,0,0,0,0
2004,130255,2,1,0,0,0,0,0,0,0,0,0,0
2004,130256,1,1,13,22,0,23,30,13,0,10,13,19
2004,130257,1,1,0,0,0,0,0,0,0,0,0,0
2004,130257,2,1,0,0,0,0,0,0,0,0,0,0
2004,130258,1,1,0,0,0,0,0,0,0,0,0,0
2004,130259,1,1,28,28,28,28,28,28,28,28,28,28
2004,130260,1,1,8,0,0,0,0,0,0,0,0,0
2004,130260,2,1,0,0,0,0,0,0,0,0,0,0
2004,130261,1,1,0,0,0,0,0,0,0,0,0,0
2004,130261,2,1,0,0,0,0,0,0,0,0,0,0
2004,130262,1,1,0,16,0,0,16,15,20,0,17,9
2004,130263,1,1,15,15,15,15,15,15,15,15,15,15
2004,130263,2,1,0,0,0,0,0,0,0,0,0,0
2004,130264,1,1,0,0,0,22,0,0,0,28,0,0
2004,130264,2,1,0,0,0,0,0,0,0,0,0,0
2004,130265,1,1,0,0,0,9,13,0,10,19,0,0
2004,130265,2,1,0,0,0,0,0,0,0,0,0,0
2004,130266,0,1,6,6,6,6,6,6,6,6,6,6
2004,130266,1,1,19,19,19,19,19,19,19,19,19,19
2004,130267,1,1,0,0,0,0,0,0,0,0,13,15
2004,130267,2,1,0,0,0,0,0,0,0,0,0,0
2004,130267,3,1,0,0,0,0,0,0,0,0,0,0
2004,130267,4,1,0,0,0,0,0,0,0,0,0,0
2004,130268,1,1,0,0,0,0,15,0,16,8,18,0
2004,130268,2,1,0,0,0,0,0,0,0,0,0,0
2004,130268,3,1,0,0,0,0,0,0,0,0,0,0
2004,130269,1,1,13,7,21,14,29,15,21,0,11,36
2004,130270,1,1,0,0,0,0,0,0,0,0,0,0
2004,130270,2,1,0,0,0,0,0,0,0,0,0,0
2004,130271,1,1,0,0,0,0,0,0,0,0,0,0
2004,130271,2,1,0,0,0,0,0,0,0,0,0,0
2004,130272,1,1,0,0,0,0,0,0,0,0,0,0
2004,130272,2,1,0,0,0,0,0,0,0,0,0,0
2004,130273,1,1,11,11,11,11,11,11,11,11,11,11
2004,130273,2,1,0,0,0,0,0,0,0,0,0,0
2004,130273,3,1,0,0,0,0,0,0,0,0,0,0
2004,130274,1,1,0,0,0,0,0,0,0,0,0,0
2004,130274,2,1,0,0,0,0,0,0,0,0,0,0
2004,130275,1,1,0,0,0,0,0,0,0,0,0,12
2004,130275,2,1,0,0,0,0,0,0,0,0,16,0
2004,130276,1,1,0,0,23,29,25,0,12,0,0,12
2004,130277,1,1,0,0,0,15,0,0,0,0,0,0
2004,130277,2,1,0,0,0,0,13,0,0,0,0,0
2004,130278,1,1,6,20,0,22,0,33,0,0,15,12
2004,130279,1,1,0,0,0,0,0,0,0,0,0,0
2004,130280,1,1,8,5,19,0,0,0,7,0,9,12
2004,130281,1,1,24,24,24,24,24,24,24,24,24,24
2004,130282,0,1,0,0,0,0,0,0,0,0,0,0
2004,130282,1,1,0,0,0,0,0,0,0,0,17,0
2004,130283,1,1,13,0,0,0,0,0,0,0,0,0
2004,130284,1,1,0,0,0,0,0,0,0,0,0,0
2004,130284,2,1,0,0,0,0,0,0,0,0,0,0
2004,130285,0,1,9,0,0,0,31,28,0,0,0,0
2004,130285,1,1,0,0,0,0,0,0,0,0,0,0
2004,130286,1,1,0,0,0,0,0,0,15,0,0,0
2004,130286,2,1,0,0,0,0,0,0,0,0,0,0
2004,130286,3,1,0,0,0,0,0,0,0,0,0,0
2004,130287,1,1,0,0,0,0,0,0,0,0,0,0
2004,130287,2,1,0,0,0,0,0,0,0,0,0,0
2004,130288,1,1,0,0,0,0,0,0,0,0,0,0
2004,130289,0,1,40,40,40,40,40,40,40,40,40,40
2004,130289,1,1,7,0,0,0,0,0,13,0,0,0
2004,130290,0,1,0,0,0,0,0,0,0,0,0,0
2004,130290,1,1,0,0,0,0,0,0,0,0,0,0
2004,130291,0,1,19,19,19,19,19,19,19,19,19,19
2004,130291,1,1,0,0,0,0,0,0,0,0,0,0
2004,130292,1,1,0,0,0,0,0,0,0,0,0,0
2004,130292,2,1,0,0,0,0,0,0,0,0,0,0
2004,130293,1,1,6,0,0,0,0,0,0,0,0,0
2004,130293,2,1,0,0,0,0,0,0,0,0,0,0
2004,130294,1,1,0,0,0,0,0,0,0,0,0,0
2004,130295,0,1,0,0,0,0,0,20,0,0,25,0
2004,130295,0,2,0,0,0,0,0,0,0,0,0,0
2004,130295,1,1,0,0,0,16,0,0,0,0,10,0
2004,130295,2,1,0,0,0,0,0,0,0,0,0,0
2004,130296,1,1,0,0,0,0,0,0,0,0,0,0
2004,130297,1,1,0,0,0,0,0,11,0,0,0,0
2004,130298,1,1,0,0,0,0,0,0,0,0,0,0
2004,130298,2,1,0,0,0,0,0,0,0,0,0,7
2004,130299,1,1,11,11,11,11,11,11,11,11,11,11
2004,130299,2,1,0,0,0,0,0,0,0,0,0,0
2004,130300,1,1,14,14,14,14,14,14,14,14,14,14
2004,130300,2,1,0,0,0,0,0,0,0,0,0,0
2004,130301,1,1,19,19,19,19,19,19,19,19,19,19
2004,130302,1,1,6,6,6,6,6,6,6,6,6,6
2004,130303,1,1,0,0,14,31,16,0,0,31,11,0
2004,130304,1,1,10,0,16,18,21,0,8,0,0,15
2004,130305,1,1,0,0,0,0,0,0,0,0,0,0
2004,130306,1,1,0,0,0,0,0,0,0,0,0,0
2004,130306,2,1,0,0,0,0,0,0,0,0,0,0
2004,130306,3,1,0,0,0,0,0,0,23,0,0,0
2004,130307,1,1,0,0,0,0,0,0,0,0,0,0
2004,130307,2,1,0,0,0,0,0,0,0,0,0,0
2004,130308,1,1,0,0,0,13,0,0,0,0,0,0
2004,130309,1,1,0,0,0,0,0,0,0,0,0,0
2004,130310,1,1,0,0,0,0,0,0,0,0,0,0
2004,130310,2,1,0,0,0,0,0,0,0,0,16,0
2004,130311,1,1,0,0,0,0,0,0,0,0,0,0
2004,130311,2,1,0,12,0,0,0,0,0,0,0,0
2004,130312,1,1,0,0,0,0,0,0,0,0,0,0
2004,130312,2,1,0,0,0,0,0,4,0,0,0,0
2004,130313,1,1,0,0,0,0,0,0,0,0,0,0
2004,130313,2,1,0,0,0,0,0,0,0,0,0,0
2004,130314,1,1,0,0,0,0,0,0,0,0,0,0
2004,130314,2,1,19,19,19,19,19,19,19,19,19,19
2004,130315,1,1,0,0,0,21,0,23,0,22,16,19
2004,130316,1,1,0,0,0,0,0,0,0,0,0,0
2004,130316,2,1,0,0,0,0,0,0,0,0,0,0
2004,130317,1,1,0,0,0,0,0,0,0,0,0,0
2004,130317,2,1,0,0,8,11,0,0,0,0,0,0
2004,130318,1,1,6,6,6,6,6,6,6,6,6,6
2004,130318,2,1,10,0,0,0,0,14,0,0,0,10
2004,130319,1,1,0,0,0,0,0,0,0,0,0,0
2004,130319,2,1,0,0,0,0,0,0,0,0,0,0
2004,130320,1,1,18,0,32,26,18,20,25,9,23,10
2004,130321,0,1,0,0,0,0,0,0,0,0,0,0
2004,130321,1,1,0,0,0,0,0,0,0,0,0,0
2004,130322,1,1,22,0,0,0,24,0,0,0,0,0
2004,130323,1,1,0,0,0,0,0,0,0,0,0,0
2004,130324,1,1,0,0,0,0,0,25,0,0,0,0
2004,130325,0,1,13,0,0,12,17,14,34,21,0,14
2004,130325,1,1,21,21,21,21,21,21,21,21,21,21
2004,130326,1,1,0,0,0,0,0,0,0,0,0,0
2004,130326,2,1,0,0,0,0,0,0,0,0,0,0
2004,130327,1,1,0,0,0,0,0,0,0,0,0,0
2004,130327,2,1,0,0,0,0,0,0,0,0,0,0
2004,130328,0,1,5,30,0,27,0,12,0,12,16,6
2004,130328,1,1,0,0,0,0,0,0,0,0,0,5
2004,130329,1,1,0,0,0,0,0,0,0,0,0,0
2004,130329,2,1,0,0,0,0,0,0,0,0,0,0
2004,130330,1,1,25,25,25,25,25,25,25,25,25,25
2004,130331,1,1,8,8,8,8,8,8,8,8,8,8
2004,130332,1,1,0,0,0,13,24,17,0,4,0,17
2004,130333,1,1,0,0,0,0,0,0,0,0,0,0
2004,130333,2,1,0,0,0,0,0,0,0,0,0,0
2004,130333,3,1,0,0,0,0,0,0,0,0,0,0
2004,130334,1,1,0,0,0,0,0,0,0,0,0,0
2004,130334,2,1,0,0,0,0,0,0,0,0,0,0
2004,130335,1,1,0,0,0,0,0,0,0,0,0,32
2004,130335,2,1,0,0,0,0,0,0,0,0,0,0
2004,130336,1,1,0,0,0,0,0,0,0,0,0,0
2004,130336,2,1,0,0,0,0,0,0,0,0,0,0
2004,130337,1,1,0,0,0,0,0,0,15,0,0,0
2004,130337,2,1,0,0,0,0,0,0,0,0,0,0
2004,130338,1,1,19,19,19,19,19,19,19,19,19,19
2004,130338,2,1,0,0,0,0,0,0,0,0,0,0
2004,130339,1,1,25,25,25,25,25,25,25,25,25,25
2004,130340,1,1,0,0,0,0,0,0,0,0,0,0
2004,130340,2,1,0,0,0,0,0,0,0,0,0,0
2004,130341,1,1,9,9,9,9,9,9,9,9,9,9
2004,130342,1,1,0,10,0,12,0,0,19,0,0,13
2004,130343,1,1,0,0,5,0,0,0,0,0,0,18
2004,130343,2,1,0,0,0,0,0,0,0,0,0,0
2004,130344,1,1,0,0,0,10,0,0,10,0,27,33
2004,130345,1,1,13,0,0,0,7,3,0,0,0,0
2004,130346,1,1,0,0,0,0,0,0,0,0,0,0
2004,130347,1,1,0,0,0,0,0,0,0,0,0,0
2004,130347,2,1,0,0,0,0,0,0,0,0,0,0
2004,130348,1,1,0,13,0,13,0,0,22,0,0,42
2004,130349,1,1,0,12,0,0,24,0,11,21,6,32
2004,130350,1,1,0,0,0,0,0,0,0,0,0,0
2004,130350,2,1,0,0,0,0,0,0,0,0,0,0
2004,130351,1,1,0,0,0,0,0,0,0,0,0,0
2004,130352,1,1,18,18,18,18,18,18,18,18,18,18
2004,130352,2,1,0,0,0,0,0,7,0,0,0,0
2004,130353,1,1,7,7,7,7,7,7,7,7,7,7
2004,130353,2,1,3,3,3,3,3,3,3,3,3,3
2004,130354,1,1,18,18,18,18,18,18,18,18,18,18
2004,130355,1,1,21,21,21,21,21,21,21,21,21,21
2004,130356,1,1,0,0,0,0,0,0,0,0,0,0
2004,130356,2,1,0,0,0,0,0,0,0,0,0,0
2004,130356,3,1,0,43,10,30,0,0,21,0,4,0
2004,130357,1,1,0,0,0,0,0,0,29,25,0,0
2004,130358,1,1,5,5,5,5,5,5,5,5,5,5
2004,130359,1,1,0,0,0,0,0,0,0,0,0,0
2004,130359,2,1,3,3,3,3,3,3,3,3,3,3
2004,130360,1,1,0,0,0,0,0,0,0,0,0,0
2004,130361,0,1,14,14,14,14,14,14,14,14,14,14
2004,130361,1,1,8,18,0,0,31,17,0,3,18,17
2004,130362,0,1,0,21,8,0,42,0,12,0,0,25
2004,130362,1,1,0,0,0,21,0,0,0,0,0,0
2004,130363,1,1,0,0,0,0,0,0,0,0,0,0
2004,130364,1,1,0,0,0,0,28,10,0,0,0,0
2004,130364,2,1,0,0,0,0,0,0,0,0,0,0
2004,130365,1,1,0,0,0,0,0,0,0,0,0,0
2004,130365,2,1,0,0,0,0,0,0,0,0,0,0
2004,130366,1,1,12,0,13,17,18,15,0,0,8,0
2004,130367,1,1,0,0,0,0,0,0,0,0,0,0
2004,130367,2,1,0,0,0,0,0,0,0,0,0,0
2004,130367,3,1,0,0,0,0,0,0,0,0,0,0
2004,130368,1,1,21,0,0,0,0,0,0,0,17,0
2004,130368,2,1,0,0,0,0,0,0,0,0,0,0
2004,130369,1,1,19,19,19,19,19,19,19,19,19,19
2004,130370,1,1,0,0,0,0,0,0,0,0,0,0
2004,130370,2,1,0,0,0,0,0,0,0,0,0,0
2004,130371,1,1,0,0,0,0,0,5,0,19,0,0
2004,130372,1,1,9,0,0,0,0,0,0,0,0,0
2004,130372,2,1,4,4,4,4,4,4,4,4,4,4
2004,130372,3,1,8,0,16,17,9,10,8,25,8,0
2004,130372,4,1,3,14,16,22,13,23,17,8,22,19
2004,130373,1,1,5,0,0,0,0,0,0,0,0,0
2004,130373,2,1,0,0,0,0,0,0,0,0,0,0
2004,130374,1,1,0,0,0,0,0,0,0,0,0,0
2004,130374,2,1,0,0,0,0,0,0,14,0,0,0
2004,130375,0,1,0,0,0,0,0,0,0,0,0,0
2004,130375,1,1,0,0,0,0,0,0,0,0,0,0
2004,130376,1,1,0,0,0,0,0,0,11,0,0,0
2004,130377,1,1,29,29,29,29,29,29,29,29,29,29
2004,130378,1,1,0,0,0,0,0,0,0,0,0,0
2004,130378,2,1,0,0,0,0,0,0,0,0,0,0
2004,130379,1,1,12,0,0,0,0,0,0,0,0,13
2004,130379,2,1,9,9,9,9,9,9,9,9,9,9
2004,130380,0,1,0,34,6,31,0,0,0,26,4,9
2004,130380,1,1,0,36,0,0,0,0,20,0,0,10
2004,130381,1,1,0,0,0,0,0,0,0,0,0,0
2004,130382,1,1,0,9,0,0,0,0,0,0,0,0
2004,130382,2,1,0,0,3,0,0,0,0,3,0,0
2004,130383,1,1,0,0,0,0,0,0,0,0,0,0
2004,130383,2,1,0,0,0,0,0,0,0,0,0,0
2004,130384,1,1,0,0,0,0,0,0,0,0,0,0
2004,130384,2,1,0,0,0,0,0,0,0,0,0,0
2004,130385,1,1,15,0,16,0,0,0,0,0,14,0
2004,130386,1,1,0,0,0,0,4,0,0,0,0,0
2004,130387,1,1,0,0,0,0,0,0,0,0,0,0
2004,130387,2,1,0,0,0,0,0,0,23,0,31,0
2004,130388,1,1,0,0,0,0,0,0,0,0,0,0
2004,130389,0,1,36,36,36,36,36,36,36,36,36,36
2004,130389,1,1,0,0,0,0,0,0,0,0,0,0
2004,130390,1,1,0,0,0,0,0,0,0,0,0,0
2004,130390,2,1,0,0,0,0,0,0,0,0,0,0
2004,130391,1,1,0,0,0,0,0,0,0,0,0,0
2004,130391,2,1,0,0,0,0,0,0,0,0,0,0
2004,130392,1,1,0,0,0,0,0,0,0,0,0,0
2004,130393,1,1,0,11,0,0,16,0,38,10,22,0
2004,130394,1,1,0,0,0,0,0,0,0,0,0,0
2004,130394,2,1,0,0,0,0,0,0,0,0,0,0
2004,130395,1,1,16,16,16,16,16,16,16,16,16,16
2004,130396,1,1,0,0,0,0,0,0,0,0,0,0
2004,130396,2,1,0,0,0,0,0,0,0,0,0,0
2004,130397,1,1,0,0,0,0,0,0,0,0,0,0
2004,130397,2,1,0,0,0,0,0,0,0,0,0,0
2004,130397,3,1,0,0,0,0,0,0,0,0,0,0
2004,130397,4,1,0,0,0,0,0,0,0,0,0,0
2004,130398,1,1,12,12,12,12,12,12,12,12,12,12
2004,130399,1,1,0,8,0,0,0,0,0,0,0,0
2004,130400,0,1,0,0,0,0,0,0,0,0,0,0
2004,130400,1,1,0,0,0,0,0,0,0,0,0,18
2004,130401,1,1,0,0,0,3,0,0,0,0,8,15
2004,130402,1,1,0,0,0,0,4,0,0,0,0,0
2004,130402,2,1,0,0,0,0,0,0,0,0,0,0
2004,130403,1,1,0,3,14,0,27,0,0,9,0,0
2004,130403,2,1,0,0,0,0,0,0,0,0,0,0
2004,130404,1,1,15,16,0,29,12,23,20,28,0,12
2004,130405,1,1,0,0,0,0,0,0,0,0,0,0
2004,130405,2,1,0,0,0,0,0,0,0,0,0,0
2004,130406,0,1,0,0,0,0,0,0,0,0,0,0
2004,130406,1,1,0,0,0,0,0,0,0,0,0,0
2004,130407,1,1,19,19,19,19,19,19,19,19,19,19
2004,130408,1,1,0,0,0,0,0,0,0,0,0,0
2004,130408,2,1,0,0,0,0,0,0,0,0,0,0
2004,130409,1,1,0,0,0,0,0,0,0,0,0,0
2004,130409,2,1,0,0,0,0,0,0,0,0,0,0
2004,130410,1,1,0,0,0,0,0,0,0,0,0,0
2004,130410,2,1,0,0,0,0,0,0,0,0,0,0
2004,130411,1,1,0,0,0,0,0,0,0,0,0,0
2004,130412,1,1,14,0,0,0,0,0,0,0,0,0
2004,130412,2,1,0,0,0,0,0,0,0,0,0,0
2004,130413,1,1,0,0,0,0,0,0,0,0,0,0
2004,130413,2,1,0,0,0,0,0,0,0,0,0,0
2004,130414,1,1,0,0,0,0,0,0,0,0,0,0
2004,130414,2,1,0,0,0,0,0,0,0,0,13,30
2004,130415,1,1,0,8,0,0,21,0,7,0,0,0
2004,130415,2,1,0,0,0,0,0,0,0,0,0,0
2004,130416,1,1,0,0,0,0,0,0,0,0,0,0
2004,130416,2,1,0,0,0,0,0,0,0,0,0,0
2004,130417,1,1,0,0,0,0,0,0,0,0,0,0
2004,130417,2,1,0,0,0,0,0,0,0,0,0,0
2004,130418,1,1,0,0,0,0,0,0,0,0,0,0
2004,130419,1,1,2,2,2,2,2,2,2,2,2,2
2004,130420,1,1,0,0,0,0,0,0,0,0,0,0
2004,130420,2,1,0,0,0,0,0,0,0,0,0,0
2004,130420,3,1,0,0,0,0,0,0,0,0,0,0
2004,130420,4,1,0,0,0,0,0,0,0,0,0,0
2004,130421,1,1,16,16,16,16,16,16,16,16,16,16
2004,130422,1,1,0,0,0,0,0,0,0,0,0,0
2004,130423,1,1,0,0,0,0,0,0,0,0,0,0
2004,130423,2,1,0,0,0,0,0,0,0,0,0,0
2004,130424,1,1,0,0,0,0,0,0,0,0,0,0
2004,130424,2,1,0,0,0,0,0,0,0,0,0,0
2004,130425,1,1,13,13,13,13,13,13,13,13,13,13
2004,130426,0,1,18,18,18,18,18,18,18,18,18,18