YEAR,ST_CASE,veh_no,per_no,P1,P2,P3,P4,P5,P6,P7,P8,P9,P10
2004,130426,1,1,0,0,0,0,0,0,0,0,0,0
2004,130427,1,1,0,0,0,0,0,0,0,0,21,0
2004,130427,2,1,0,0,0,0,0,0,0,0,0,0
2004,130428,1,1,0,0,0,0,0,0,0,0,0,0
2004,130428,2,1,11,0,0,0,0,0,0,0,0,0
2004,130428,3,1,6,0,0,0,0,0,0,0,0,0
2004,130428,4,1,0,0,0,0,0,0,0,0,0,0
2004,130428,5,1,0,0,0,0,0,0,0,0,0,0
2004,130428,6,1,0,0,0,0,0,0,0,0,0,6
2004,130429,1,1,0,0,0,0,0,11,0,0,10,0
2004,130430,1,1,30,30,30,30,30,30,30,30,30,30
2004,130430,2,1,0,0,0,0,0,0,0,0,0,0
2004,130431,1,1,10,0,0,0,7,0,0,0,0,0
2004,130432,1,1,0,0,0,0,0,0,0,0,0,0
2004,130432,2,1,0,0,0,0,0,0,0,0,0,0
2004,130433,1,1,18,18,18,18,18,18,18,18,18,18
2004,130434,1,1,0,17,0,0,0,0,0,0,0,0
2004,130435,0,1,0,14,0,29,0,11,0,23,0,33
2004,130435,0,2,25,19,0,0,0,23,0,0,0,17
2004,130435,1,1,0,0,0,0,0,0,0,0,0,0
2004,130435,2,1,0,0,0,0,0,19,0,0,0,0
2004,130436,1,1,17,0,0,12,0,0,0,9,16,0
2004,130437,1,1,0,0,0,0,0,0,0,0,0,0
2004,130437,2,1,0,0,0,0,0,0,0,0,0,0
2004,130438,1,1,0,0,0,0,0,0,0,0,0,0
2004,130438,2,1,0,0,0,0,0,0,0,0,0,0
2004,130439,1,1,0,0,0,0,0,0,0,0,0,0
2004,130439,2,1,0,0,0,0,0,0,0,0,0,0
2004,130439,3,1,0,0,0,0,0,0,0,0,0,0
2004,130440,1,1,13,14,5,0,0,20,10,9,11,8
2004,130440,2,1,0,0,0,0,0,0,0,0,0,0
2004,130441,0,1,28,28,28,28,28,28,28,28,28,28
2004,130441,1,1,0,0,0,0,0,0,0,0,0,0
2004,130442,0,1,0,0,0,18,18,0,19,0,13,0
2004,130442,1,1,17,0,0,0,0,0,0,0,20,0
2004,130443,1,1,0,0,0,0,0,0,0,0,0,0
2004,130443,2,1,0,0,0,0,0,0,0,0,0,0
2004,130444,1,1,25,25,25,25,25,25,25,25,25,25
2004,130445,1,1,6,6,6,6,6,6,6,6,6,6
2004,130446,1,1,0,0,0,0,0,0,0,0,0,0
2004,130446,2,1,0,0,0,0,0,0,0,0,0,0
2004,130447,1,1,8,16,0,0,0,15,0,0,0,26
2004,130447,2,1,0,0,0,16,0,8,0,0,0,0
2004,130448,1,1,30,30,30,30,30,30,30,30,30,30
2004,130449,1,1,10,10,10,10,10,10,10,10,10,10
2004,130450,0,1,0,0,0,0,0,0,0,0,0,0
2004,130450,1,1,0,0,0,0,0,0,0,0,0,0
2004,130451,1,1,0,4,0,0,22,0,0,0,0,0
2004,130451,2,1,0,12,0,0,0,0,0,0,0,0
2004,130452,1,1,0,0,0,0,0,0,0,0,0,0
2004,130452,2,1,0,0,0,0,0,0,0,0,0,0
2004,130452,3,1,0,0,0,0,0,0,0,0,0,0
2004,130453,1,1,0,0,0,0,0,0,0,0,0,0
2004,130453,2,1,0,7,0,0,0,0,0,0,0,0
2004,130454,1,1,0,18,12,7,0,22,30,21,29,17
2004,130455,1,1,0,0,0,0,0,0,0,0,0,0
2004,130455,2,1,0,0,0,0,0,0,0,0,0,0
2004,130456,1,1,0,0,0,0,4,0,8,0,0,0
2004,130456,2,1,0,0,0,0,0,0,0,0,0,0
2004,130457,1,1,0,0,0,0,0,0,0,0,0,0
2004,130457,2,1,0,0,0,0,0,0,0,0,0,0
2004,130457,3,1,0,0,0,0,0,0,0,0,0,0
2004,130458,0,1,0,0,0,0,0,0,0,0,0,0
2004,130459,1,1,0,0,0,0,0,0,0,0,0,0
2004,130460,1,1,0,0,0,0,0,0,0,0,0,0
2004,130461,1,1,0,0,0,0,0,0,0,0,0,0
2004,130461,2,1,13,13,13,13,13,13,13,13,13,13
2004,130462,1,1,0,0,0,0,0,0,0,0,0,0
2004,130463,1,1,0,0,0,0,0,0,0,0,0,0
2004,130464,1,1,28,28,28,28,28,28,28,28,28,28
2004,130465,1,1,0,0,0,11,0,0,0,0,0,0
2004,130465,2,1,0,0,17,0,0,0,0,0,0,0
2004,130466,1,1,0,0,0,0,0,0,0,0,0,0
2004,130467,0,1,5,5,5,5,5,5,5,5,5,5
2004,130467,1,1,0,0,0,0,0,0,16,28,0,0
2004,130468,1,1,7,7,7,7,7,7,7,7,7,7
2004,130469,1,1,0,0,0,0,0,0,0,0,0,0
2004,130469,2,1,0,0,0,0,0,0,5,0,0,0
2004,130470,1,1,0,27,0,17,22,19,0,21,0,21
2004,130471,1,1,0,0,0,0,0,0,0,0,0,0
2004,130472,1,1,0,0,0,0,0,0,0,0,0,0
2004,130472,2,1,0,0,9,0,0,0,0,0,0,0
2004,130473,1,1,0,0,0,0,0,0,0,0,0,0
2004,130474,1,1,0,0,0,12,0,28,23,0,0,0
2004,130474,2,1,0,0,0,0,0,0,0,0,0,0
2004,130474,3,1,0,0,0,18,0,0,0,0,0,0
2004,130475,1,1,0,0,0,0,0,0,0,0,0,0
2004,130476,1,1,0,0,0,0,0,0,0,0,0,0
2004,130476,2,1,0,0,0,0,0,0,0,0,0,0
2004,130477,1,1,0,0,0,0,0,0,0,0,0,0
2004,130477,2,1,0,0,0,0,0,0,0,0,0,0
2004,130478,1,1,0,0,0,0,0,0,0,0,0,0
2004,130478,2,1,7,7,7,7,7,7,7,7,7,7
2004,130479,1,1,0,0,0,0,0,0,0,0,0,0
2004,130479,2,1,0,0,0,0,0,0,0,0,0,0
2004,130480,1,1,17,17,17,17,17,17,17,17,17,17
2004,130481,1,1,0,0,0,0,0,0,0,0,0,0
2004,130481,2,1,0,0,0,0,0,0,0,0,0,0
2004,130482,0,1,20,0,0,0,26,20,0,10,0,10
2004,130482,1,1,0,0,0,0,0,0,0,0,0,0
2004,130483,1,1,1,13,0,0,0,0,0,0,0,0
2004,130483,2,1,0,0,0,0,0,0,0,0,0,0
2004,130484,1,1,0,24,0,0,0,0,0,0,0,0
2004,130484,2,1,0,3,0,0,0,0,0,0,0,0
2004,130485,1,1,0,0,0,0,0,0,0,0,0,0
2004,130485,2,1,0,0,0,0,0,0,0,0,0,0
2004,130486,1,1,25,17,26,24,9,11,37,17,10,40
2004,130487,1,1,0,0,0,0,0,0,0,0,0,0
2004,130487,2,1,0,0,0,0,0,0,0,0,0,0
2004,130488,1,1,27,27,27,27,27,27,27,27,27,27
2004,130489,1,1,26,37,4,12,8,0,11,9,0,24
2004,130490,1,1,14,0,13,18,0,22,2,23,15,9
2004,130491,1,1,0,0,0,0,0,0,0,0,0,18
2004,130492,1,1,0,0,0,0,0,0,0,0,0,0
2004,130493,1,1,0,0,0,0,0,0,0,0,0,0
2004,130493,2,1,0,0,0,3,0,0,0,19,0,0
2004,130494,1,1,0,0,0,3,0,0,0,0,0,0
2004,130494,2,1,0,7,0,0,0,0,0,0,0,0
2004,130495,1,1,0,0,0,0,0,0,0,0,0,0
2004,130495,2,1,0,0,0,0,0,0,0,0,0,0
2004,130496,1,1,11,11,11,11,11,11,11,11,11,11
2004,130496,2,1,0,0,13,0,0,0,0,0,0,0
2004,130497,1,1,0,0,0,0,0,0,0,0,0,0
2004,130497,2,1,0,0,0,0,0,0,0,0,0,0
2004,130498,1,1,0,0,0,0,0,0,0,0,0,0
2004,130498,2,1,0,0,0,0,0,0,0,0,0,0
2004,130498,3,1,0,0,0,0,0,0,0,0,0,0
2004,130499,1,1,0,0,0,0,0,0,0,0,0,31
2004,130499,2,1,0,0,0,0,0,0,0,0,0,0
2004,130500,1,1,0,0,0,0,0,0,0,0,0,0
2004,130500,2,1,0,0,0,0,0,0,0,0,0,2
2004,130501,0,1,0,0,0,0,0,0,0,0,0,0
2004,130501,1,1,0,0,0,0,0,0,0,0,0,0
2004,130502,1,1,0,0,0,0,0,0,0,0,0,0
2004,130502,2,1,0,0,0,0,0,0,0,0,0,0
2004,130503,1,1,14,25,23,18,0,21,26,21,0,23
2004,130504,1,1,0,0,0,0,0,0,0,0,0,0
2004,130504,2,1,0,0,0,0,0,0,0,0,0,0
2004,130505,1,1,28,0,0,0,24,24,0,0,0,0
2004,130506,1,1,10,10,10,10,10,10,10,10,10,10
2004,130506,2,1,0,0,0,0,0,0,0,0,9,0
2004,130507,0,1,2,2,2,2,2,2,2,2,2,2
2004,130507,1,1,0,0,0,0,0,0,0,0,0,0
2004,130508,1,1,0,6,0,0,0,0,0,0,0,0
2004,130508,2,1,0,0,0,0,0,0,0,0,0,0
2004,130509,1,1,0,0,0,0,0,0,0,0,0,0
2004,130510,1,1,31,31,31,31,31,31,31,31,31,31
2004,130511,1,1,0,0,0,0,0,0,0,0,0,0
2004,130512,1,1,26,0,0,0,9,28,10,28,6,0
2004,130513,1,1,17,15,12,28,23,18,34,29,16,15
2004,130514,2,1,0,0,0,0,0,0,0,0,0,0
2004,130515,1,1,0,0,0,24,0,0,0,0,0,0
2004,130516,1,1,13,13,13,13,13,13,13,13,13,13
2004,130517,1,1,21,21,21,21,21,21,21,21,21,21
2004,130518,1,1,11,11,11,11,11,11,11,11,11,11
2004,130518,2,1,0,0,0,0,0,0,0,0,14,0
2004,130519,1,1,0,0,0,0,0,0,0,0,0,0
2004,130519,2,1,0,0,0,0,0,0,0,0,0,0
2004,130519,3,1,0,0,0,0,0,0,0,13,0,0
2004,130520,1,1,0,0,0,0,0,0,0,0,0,0
2004,130520,2,1,0,0,0,0,0,0,0,0,0,0
2004,130521,1,1,0,16,12,7,0,0,0,15,0,0
2004,130522,1,1,0,0,0,0,0,0,0,0,0,0
2004,130522,2,1,0,0,0,0,0,0,0,0,0,0
2004,130523,1,1,0,0,0,0,0,0,0,0,0,0
2004,130523,2,1,0,0,0,0,0,0,0,0,0,0
2004,130524,0,1,0,0,12,15,0,0,0,0,0,0
2004,130524,1,1,0,0,0,0,0,0,15,3,0,0
2004,130525,0,1,0,0,0,0,0,0,0,0,0,0
2004,130526,1,1,0,0,0,0,0,0,0,0,0,0
2004,130526,2,1,0,0,0,0,0,0,0,0,0,0
2004,130527,0,1,0,7,0,0,0,0,0,0,0,7
2004,130527,1,1,0,0,0,0,0,0,0,0,0,0
2004,130528,1,1,0,0,0,0,0,30,0,0,0,0
2004,130529,1,1,0,15,0,31,0,0,0,0,21,0
2004,130530,1,1,0,0,0,0,0,0,0,0,0,0
2004,130530,2,1,0,6,0,0,0,0,0,0,0,0
2004,130531,1,1,0,0,2,0,0,0,0,0,0,0
2004,130531,2,1,0,0,0,0,0,0,0,0,0,0
2004,130532,1,1,0,0,0,0,0,0,29,0,0,0
2004,130532,2,1,25,0,0,0,0,0,0,14,0,0
2004,130533,1,1,0,0,8,0,0,0,0,21,0,0
2004,130534,1,1,0,0,0,0,0,0,0,0,0,0
2004,130534,2,1,0,0,0,0,0,0,0,0,0,0
2004,130535,1,1,0,0,0,0,0,0,0,0,0,0
2004,130535,2,1,0,0,0,0,0,0,0,0,0,0
2004,130536,1,1,4,0,0,0,0,0,0,0,0,0
2004,130536,2,1,12,12,12,12,12,12,12,12,12,12
2004,130537,1,1,16,0,0,0,0,0,11,0,11,0
2004,130538,1,1,0,0,0,0,0,0,0,0,0,0
2004,130538,2,1,0,0,0,0,0,0,0,0,0,0
2004,130539,1,1,0,0,0,0,10,0,0,0,0,0
2004,130539,2,1,0,0,0,0,0,0,0,0,0,0
2004,130540,1,1,0,0,0,0,0,0,0,0,0,0
2004,130540,2,1,0,0,0,0,0,0,0,0,0,0
2004,130540,3,1,0,0,0,0,0,0,0,0,0,0
2004,130541,1,1,0,0,0,0,0,0,0,0,0,0
2004,130542,1,1,12,0,27,11,14,0,21,0,25,0
2004,130543,0,1,30,17,19,0,0,26,0,0,23,19
2004,130543,1,1,19,18,10,5,17,11,16,14,18,27
2004,130544,1,1,0,0,0,0,0,0,0,0,0,0
2004,130545,1,1,0,0,0,0,0,0,0,0,0,0
2004,130546,1,1,32,0,0,0,29,0,0,0,18,0
2004,130547,1,1,21,21,21,21,21,21,21,21,21,21
2004,130547,2,1,0,0,0,0,0,0,0,0,0,14
2004,130548,1,1,0,20,0,0,0,0,0,0,0,0
2004,130549,1,1,0,15,0,27,21,17,0,31,0,0
2004,130550,1,1,0,0,0,0,0,0,0,0,10,0
2004,130550,2,1,0,0,0,0,0,0,0,0,33,0
2004,130550,3,1,0,0,0,0,0,0,0,0,0,0
2004,130551,1,1,18,21,20,15,21,17,24,0,5,16
2004,130552,1,1,0,0,0,0,0,0,0,0,0,0
2004,130552,2,1,0,7,4,8,0,0,8,0,8,0
2004,130553,1,1,0,0,0,0,0,0,0,0,0,0
2004,130553,2,1,16,0,0,0,0,0,0,0,0,0
2004,130553,3,1,0,0,0,0,0,0,0,0,0,0
2004,130554,1,1,0,0,0,0,0,0,0,0,0,0
2004,130554,2,1,21,0,0,0,16,0,0,0,12,0
2004,130555,1,1,0,0,0,0,0,0,0,0,0,9
2004,130555,2,1,0,0,0,0,0,0,0,0,0,0
2004,130556,1,1,0,0,0,0,0,0,0,0,0,0
2004,130556,2,1,0,0,0,0,12,0,0,0,0,0
2004,130557,0,1,0,0,0,0,0,0,0,0,0,0
2004,130558,1,1,0,0,0,0,0,0,0,0,0,3
2004,130558,2,1,0,0,0,0,0,0,0,0,0,0
2004,130559,1,1,16,32,0,23,0,37,0,22,18,8
2004,130560,1,1,0,0,0,0,0,0,0,0,0,0
2004,130560,2,1,0,0,6,0,0,0,17,0,0,0
2004,130561,1,1,0,0,0,0,0,0,0,0,0,0
2004,130562,0,1,19,27,10,18,11,4,4,33,21,0
2004,130562,1,1,0,0,8,0,25,44,0,0,0,0
2004,130563,1,1,0,27,36,0,0,0,0,23,0,0
2004,130564,0,1,18,20,0,24,5,0,4,56,23,23
2004,130564,1,1,0,12,0,0,0,8,0,0,17,5
2004,130565,1,1,0,24,0,18,11,0,10,7,17,0
2004,130566,1,1,24,24,24,24,24,24,24,24,24,24
2004,130567,1,1,27,27,27,27,27,27,27,27,27,27
2004,130568,1,1,0,0,0,0,0,0,0,0,0,0
2004,130568,2,1,0,0,0,0,0,0,0,0,0,0
2004,130569,1,1,24,24,24,24,24,24,24,24,24,24
2004,130570,1,1,0,9,20,32,0,0,0,10,0,0
2004,130571,1,1,0,0,0,15,0,0,0,0,0,0
2004,130572,1,1,0,0,0,0,0,0,0,0,0,0
2004,130573,1,1,0,0,13,0,18,0,0,11,6,0
2004,130573,2,1,0,0,0,0,0,0,0,0,0,0
2004,130574,1,1,11,25,21,22,20,11,13,11,20,5
2004,130575,1,1,0,15,19,12,23,0,0,0,0,0
2004,130575,2,1,0,0,0,0,0,0,0,0,11,0
2004,130576,1,1,0,0,0,0,0,0,0,0,0,0
2004,130576,2,1,0,0,0,0,0,0,0,0,0,0
2004,130577,1,1,8,0,15,13,25,0,14,23,0,21
2004,130578,1,1,2,2,2,2,2,2,2,2,2,2
2004,130579,1,1,0,0,0,0,0,0,0,0,0,0
2004,130580,1,1,0,0,0,0,0,0,0,0,0,0
2004,130581,1,1,0,0,12,0,9,0,14,0,0,0
2004,130582,1,1,10,22,0,0,0,0,14,0,16,0
2004,130582,2,1,6,6,6,6,6,6,6,6,6,6
2004,130583,1,1,8,0,0,0,12,0,11,0,18,0
2004,130583,2,1,0,0,0,0,0,0,0,0,0,0
2004,130584,1,1,2,13,7,23,17,25,19,10,0,4
2004,130584,2,1,26,13,34,13,15,14,0,0,18,20
2004,130585,1,1,0,0,0,0,0,0,0,0,0,0
2004,130585,2,1,0,0,0,0,0,0,0,0,0,0
2004,130585,3,1,0,0,0,0,0,0,0,0,0,0
2004,130586,1,1,13,0,0,0,0,20,0,0,0,0
2004,130587,1,1,0,0,0,0,3,0,0,0,0,0
2004,130587,2,1,0,0,0,0,0,0,0,0,0,0
2004,130588,1,1,0,0,0,0,0,0,0,0,0,0
2004,130588,2,1,0,0,0,0,0,0,0,0,0,0
2004,130588,3,1,0,0,0,0,0,0,0,0,0,0
2004,130588,4,1,0,0,0,0,0,0,0,0,0,0
2004,130589,1,1,16,16,16,16,16,16,16,16,16,16
2004,130590,1,1,0,0,0,0,0,0,0,0,0,0
2004,130590,2,1,0,0,0,0,0,0,0,0,0,0
2004,130591,1,1,0,0,0,0,0,0,0,0,0,0
2004,130591,2,1,0,0,0,0,0,0,0,0,0,0
2004,130592,1,1,20,10,0,22,0,28,0,11,29,27
2004,130593,1,1,6,6,6,6,6,6,6,6,6,6
2004,130593,2,1,0,0,0,0,0,0,0,0,11,0
2004,130594,1,1,19,19,19,19,19,19,19,19,19,19
2004,130595,1,1,0,0,0,0,0,0,0,0,0,8
2004,130596,1,1,33,11,6,15,16,0,14,0,20,21
2004,130596,2,1,0,0,0,0,0,0,0,0,0,0
2004,130597,1,1,9,0,16,0,8,43,10,0,27,25
2004,130598,0,1,0,0,0,0,0,0,0,0,0,0
2004,130598,1,1,0,0,0,0,0,0,0,0,0,0
2004,130599,1,1,19,19,19,19,19,19,19,19,19,19
2004,130600,1,1,0,0,0,0,0,0,0,0,0,0
2004,130600,2,1,0,0,0,0,0,0,0,0,0,0
2004,130601,1,1,19,19,19,19,19,19,19,19,19,19
2004,130602,1,1,0,0,22,0,11,22,0,0,0,0
2004,130602,2,1,0,0,0,17,15,0,0,0,8,5
2004,130603,0,1,8,8,8,8,8,8,8,8,8,8
2004,130603,1,1,5,0,0,0,0,0,0,0,0,0
2004,130604,1,1,20,10,0,3,0,27,40,17,0,29
2004,130605,1,1,21,21,21,21,21,21,21,21,21,21
2004,130606,1,1,0,0,0,0,0,0,0,18,3,7
2004,130606,2,1,17,0,0,0,0,0,0,0,0,0
2004,130607,0,1,26,21,0,0,0,0,17,0,16,0
2004,130607,1,1,0,0,0,0,0,0,0,0,0,0
2004,130608,1,1,0,0,0,0,0,0,0,0,0,0
2004,130608,2,1,0,0,0,0,0,0,0,0,0,0
2004,130609,1,1,0,0,0,0,0,0,0,0,0,0
2004,130609,2,1,0,0,0,0,0,0,0,0,0,0
2004,130609,3,1,0,0,0,0,0,0,0,0,0,0
2004,130610,1,1,0,0,0,0,0,0,0,0,0,0
2004,130610,2,1,0,0,0,0,0,0,0,0,0,0
2004,130611,1,1,12,12,12,12,12,12,12,12,12,12
2004,130612,1,1,0,0,0,0,0,0,0,3,0,0
2004,130612,2,1,0,0,0,0,0,0,0,0,0,0
2004,130613,1,1,0,0,14,0,0,0,0,0,0,0
2004,130613,2,1,0,0,0,0,0,0,0,0,9,0
2004,130614,1,1,0,0,0,0,0,0,0,0,0,0
2004,130614,2,1,0,15,0,0,0,0,0,7,0,0
2004,130614,3,1,0,0,0,0,0,0,0,0,0,0
2004,130614,4,1,0,0,0,0,0,0,0,0,0,0
2004,130615,1,1,0,0,0,0,0,0,0,0,0,0
2004,130615,2,1,0,0,0,0,0,0,0,0,0,0
2004,130616,1,1,0,0,0,0,0,0,0,0,0,0
2004,130616,2,1,0,0,0,0,0,0,0,0,0,0
2004,130617,1,1,35,35,35,35,35,35,35,35,35,35
2004,130617,2,1,0,0,0,0,0,0,0,0,0,0
2004,130618,1,1,0,0,0,0,0,0,0,0,0,0
2004,130618,2,1,0,0,0,0,0,0,0,0,0,0
2004,130619,1,1,0,0,0,0,0,0,0,0,0,0
2004,130620,1,1,0,39,23,0,14,4,0,0,0,16
2004,130621,1,1,0,0,0,0,0,0,0,0,0,0
2004,130622,1,1,0,0,0,0,0,0,0,0,0,0
2004,130622,2,1,0,0,0,0,0,0,0,0,0,0
2004,130623,1,1,18,18,18,18,18,18,18,18,18,18
2004,130624,1,1,4,0,0,0,0,0,15,0,0,0
2004,130624,2,1,0,0,0,0,0,0,0,0,0,0
2004,130625,1,1,0,0,0,0,0,0,0,0,0,0
2004,130625,2,1,0,0,0,0,0,0,0,0,0,0
2004,130626,1,1,0,0,0,0,0,0,0,0,0,0
2004,130626,2,1,0,0,0,0,0,0,0,0,3,0
2004,130627,1,1,13,20,33,20,26,17,13,12,11,21
2004,130628,1,1,25,25,25,25,25,25,25,25,25,25
2004,130629,1,1,0,0,0,0,0,0,0,0,0,0
2004,130630,1,1,0,0,0,0,11,0,0,0,0,0
2004,130630,2,1,0,0,0,0,0,0,0,0,0,0
2004,130630,3,1,0,0,0,0,0,0,0,0,0,0
2004,130631,1,1,5,5,5,5,5,5,5,5,5,5
2004,130632,1,1,20,0,0,25,13,10,25,0,0,0
2004,130633,1,1,0,0,0,0,0,0,0,0,0,0
2004,130634,1,1,0,0,0,0,0,0,0,0,0,0
2004,130634,2,1,0,0,0,0,0,0,0,0,0,0
2004,130635,1,1,0,0,0,0,0,0,0,0,0,0
2004,130636,1,1,11,0,0,0,0,0,0,0,0,0
2004,130636,2,1,0,0,0,12,0,13,0,0,0,0
2004,130637,1,1,0,0,0,0,0,0,0,0,0,0
2004,130637,2,1,0,0,0,0,0,0,0,0,0,0
2004,130638,1,1,0,0,0,0,0,0,0,0,0,6
2004,130639,1,1,0,0,0,0,0,0,0,15,0,0
2004,130640,1,1,0,0,0,0,0,0,0,0,0,0
2004,130641,1,1,17,17,17,17,17,17,17,17,17,17
2004,130641,2,1,0,0,0,0,15,0,0,0,0,0
2004,130641,3,1,20,0,8,12,0,18,0,0,0,0
2004,130641,4,1,0,0,0,0,0,0,0,0,0,0
2004,130642,0,1,3,3,3,3,3,3,3,3,3,3
2004,130642,1,1,0,0,21,0,0,0,0,0,0,24
2004,130643,1,1,0,0,0,0,0,23,0,0,0,0
2004,130643,2,1,0,0,0,0,0,0,0,0,0,0
2004,130644,1,1,24,0,0,0,19,0,0,26,22,0
2004,130645,1,1,0,0,0,0,0,0,0,0,0,0
2004,130645,2,1,0,0,0,0,0,0,0,0,0,0
2004,130646,1,1,0,0,0,0,0,0,0,10,7,0
2004,130646,2,1,0,0,0,0,0,0,0,0,0,0
2004,130647,1,1,0,0,0,0,0,0,0,0,0,0
2004,130647,2,1,0,0,0,0,0,0,0,0,0,0
2004,130648,1,1,0,0,0,0,0,16,0,0,0,0
2004,130648,2,1,0,0,0,0,0,0,0,0,0,0
2004,130649,1,1,22,22,22,22,22,22,22,22,22,22
2004,130649,2,1,0,0,18,0,0,0,0,22,0,0
2004,130650,1,1,6,0,0,0,0,0,9,12,0,0
2004,130651,1,1,0,0,0,0,0,0,0,0,0,0
2004,130652,0,1,0,0,19,34,18,32,40,19,40,33
2004,130652,1,1,0,0,0,0,0,0,0,0,0,0
2004,130653,1,1,0,0,0,0,0,0,0,0,0,0
2004,130653,2,1,0,0,0,0,0,0,0,0,0,0
2004,130654,1,1,0,0,0,0,0,0,0,0,0,0
2004,130654,2,1,0,0,0,0,0,0,0,0,0,0
2004,130655,0,1,26,26,26,26,26,26,26,26,26,26
2004,130655,1,1,0,0,0,0,0,0,0,0,0,0
2004,130656,1,1,36,36,36,36,36,36,36,36,36,36
2004,130657,1,1,14,14,14,14,14,14,14,14,14,14
2004,130658,1,1,17,17,17,17,17,17,17,17,17,17
2004,130659,1,1,0,0,0,0,0,0,0,0,0,0
2004,130660,1,1,0,0,0,0,0,0,0,0,0,0
2004,130660,2,1,0,0,25,0,0,0,0,0,0,0
2004,130661,1,1,0,0,0,0,0,0,0,0,0,0
2004,130662,1,1,0,0,14,0,23,13,10,17,24,0
2004,130663,1,1,0,0,0,0,0,0,0,0,0,0
2004,130664,1,1,0,0,0,0,0,0,0,0,0,12
2004,130665,1,1,0,0,0,0,0,0,0,0,0,0
2004,130665,2,1,0,0,0,0,0,0,7,0,0,0
2004,130666,1,1,0,0,0,0,0,0,0,0,0,0
2004,130666,2,1,0,0,0,0,0,0,0,0,0,0
2004,130667,1,1,0,0,0,0,0,0,0,0,0,0
2004,130667,2,1,0,0,0,0,0,0,0,0,0,0
2004,130668,1,1,0,0,0,0,0,0,0,0,0,0
2004,130668,2,1,0,26,0,0,0,0,0,0,0,0
2004,130669,1,1,2,2,2,2,2,2,2,2,2,2
2004,130670,0,1,22,22,22,22,22,22,22,22,22,22
2004,130670,1,1,0,0,0,0,0,0,0,0,0,0
2004,130671,1,1,0,0,0,0,0,0,0,0,0,0
2004,130671,2,1,0,0,0,0,0,0,0,0,0,0
2004,130672,1,1,9,9,9,9,9,9,9,9,9,9
2004,130673,0,1,18,18,18,18,18,18,18,18,18,18
2004,130673,1,1,0,0,12,0,0,0,11,11,0,0
2004,130674,1,1,9,0,0,0,0,0,0,0,0,0
2004,130674,2,1,0,0,0,0,0,0,0,0,0,0
2004,130675,1,1,0,0,0,0,0,0,26,21,0,0
2004,130676,1,1,6,6,6,6,6,6,6,6,6,6
2004,130676,2,1,0,0,0,0,0,0,0,0,0,0
2004,130677,1,1,0,0,0,0,0,0,0,0,0,0
2004,130677,2,1,0,0,0,0,0,0,0,0,0,0
2004,130678,1,1,0,0,0,13,0,0,0,0,0,0
2004,130678,2,1,0,0,0,0,0,0,0,0,0,0
2004,130679,1,1,0,0,0,0,0,0,0,0,0,0
2004,130680,1,1,0,0,0,0,0,0,0,0,0,0
2004,130680,2,1,0,0,0,0,0,0,0,0,0,0
2004,130681,1,1,0,0,0,0,0,0,0,0,0,0
2004,130681,2,1,0,0,0,0,0,0,0,0,0,0
2004,130682,1,1,0,0,0,0,0,0,0,0,0,0
2004,130682,2,1,0,0,0,0,0,0,0,0,0,0
2004,130682,3,1,0,0,0,0,0,0,0,0,0,0
2004,130683,1,1,14,14,14,14,14,14,14,14,14,14
2004,130684,1,1,0,9,0,0,0,0,0,0,0,0
2004,130685,1,1,12,12,12,12,12,12,12,12,12,12
2004,130686,1,1,0,0,0,0,0,0,0,0,0,0
2004,130687,1,1,12,12,12,12,12,12,12,12,12,12
2004,130688,0,1,0,0,0,0,0,0,0,0,0,0
2004,130688,1,1,33,5,17,25,0,0,35,0,0,0
2004,130689,1,1,6,6,6,6,6,6,6,6,6,6
2004,130689,2,1,0,0,0,0,0,0,0,0,0,0
2004,130690,1,1,0,19,7,0,15,20,23,0,9,8
2004,130691,0,1,0,0,0,0,0,0,0,0,0,0
2004,130691,1,1,15,0,0,12,9,5,0,0,0,13
2004,130692,1,1,0,0,0,0,0,0,0,0,0,0
2004,130692,2,1,0,0,0,0,0,0,0,0,0,0
2004,130693,1,1,0,0,0,0,0,0,0,0,0,0
2004,130693,2,1,0,0,0,0,0,0,0,0,0,0
2004,130694,0,1,0,0,0,0,0,0,0,0,0,0
2004,130694,1,1,0,0,0,0,0,0,0,0,0,0
2004,130695,1,1,16,0,0,0,0,0,0,0,23,15
2004,130695,2,1,0,0,0,0,0,0,0,0,0,0
2004,130695,3,1,0,0,0,0,0,0,0,0,0,0
2004,130696,1,1,18,18,18,18,18,18,18,18,18,18
2004,130697,0,1,9,9,9,9,9,9,9,9,9,9
2004,130697,1,1,0,0,0,0,0,0,0,0,0,0
2004,130698,1,1,0,0,0,0,0,0,0,0,0,0
2004,130698,2,1,0,0,0,0,0,0,0,0,0,0
2004,130698,3,1,0,0,0,0,0,0,0,0,0,0
2004,130699,1,1,0,0,0,0,0,0,0,0,0,0
2004,130699,2,1,0,0,0,0,0,0,0,0,0,0
2004,130700,1,1,12,12,12,12,12,12,12,12,12,12
2004,130701,1,1,8,24,0,0,12,17,18,14,0,16
2004,130702,1,1,0,0,0,0,0,0,0,0,0,0
2004,130702,2,1,0,0,0,0,0,0,0,0,0,0
2004,130703,1,1,0,0,0,0,6,0,11,0,0,0
2004,130704,1,1,0,0,0,0,0,0,26,0,0,0
2004,130704,2,1,0,0,0,0,0,0,0,0,0,0
2004,130705,1,1,13,13,13,13,13,13,13,13,13,13
2004,130705,2,1,0,0,0,0,0,0,0,0,0,0