YEAR,ST_CASE,veh_no,per_no,P1,P2,P3,P4,P5,P6,P7,P8,P9,P10
2004,130706,1,1,0,0,0,0,0,0,0,0,0,0
2004,130707,1,1,6,6,6,6,6,6,6,6,6,6
2004,130708,1,1,0,0,0,0,0,0,0,0,0,0
2004,130708,2,1,0,0,0,0,0,0,0,0,0,0
2004,130708,3,1,0,0,0,0,0,0,0,0,0,0
2004,130708,4,1,0,0,7,0,0,0,0,4,0,0
2004,130709,1,1,0,0,0,0,0,0,0,0,0,0
2004,130710,1,1,0,0,0,0,0,0,0,0,0,0
2004,130711,1,1,14,24,0,0,0,0,0,12,16,0
2004,130712,1,1,19,14,15,35,27,15,0,28,25,27
2004,130713,1,1,0,0,0,0,0,0,0,0,0,0
2004,130713,2,1,0,0,0,0,0,0,0,0,0,0
2004,130713,3,1,0,0,0,14,0,0,0,0,0,0
2004,130714,1,1,0,0,0,0,0,0,0,0,0,0
2004,130715,1,1,0,0,0,0,0,0,0,20,0,0
2004,130716,1,1,0,0,0,0,0,0,0,0,0,0
2004,130717,1,1,0,0,0,0,0,0,0,0,0,0
2004,130717,2,1,0,0,0,0,0,0,0,0,0,0
2004,130718,1,1,12,12,12,12,12,12,12,12,12,12
2004,130719,0,1,0,17,0,0,0,0,22,11,0,0
2004,130719,0,2,0,0,0,0,0,0,0,0,0,0
2004,130719,1,1,0,0,0,0,0,0,0,0,12,0
2004,130720,1,1,0,0,0,0,0,0,0,0,0,0
2004,130720,2,1,0,0,0,0,0,0,0,0,0,0
2004,130721,1,1,0,0,0,0,0,0,0,0,0,0
2004,130721,2,1,0,0,0,0,0,0,0,0,0,0
2004,130721,3,1,0,0,0,0,0,0,0,0,0,0
2004,130722,1,1,18,18,18,18,18,18,18,18,18,18
2004,130723,1,1,26,26,26,26,26,26,26,26,26,26
2004,130723,2,1,0,0,0,0,0,0,0,0,0,0
2004,130724,1,1,0,0,0,0,0,0,0,0,0,0
2004,130724,2,1,0,0,0,0,0,0,0,0,0,0
2004,130724,3,1,0,0,0,0,0,0,0,0,0,0
2004,130725,1,1,0,0,0,0,0,0,0,0,0,0
2004,130725,2,1,0,0,0,0,0,0,0,0,0,0
2004,130726,1,1,0,0,0,0,0,0,0,0,0,0
2004,130726,2,1,0,0,0,0,0,0,0,0,0,0
2004,130727,1,1,0,0,0,0,0,0,0,0,0,0
2004,130728,1,1,16,26,5,25,12,8,29,21,23,0
2004,130728,2,1,0,0,0,0,8,0,0,0,0,0
2004,130729,1,1,0,0,0,0,0,0,0,0,0,0
2004,130729,2,1,2,2,2,2,2,2,2,2,2,2
2004,130730,1,1,27,27,27,27,27,27,27,27,27,27
2004,130730,2,1,0,6,0,0,0,0,0,0,0,0
2004,130731,1,1,0,0,0,0,0,0,0,0,0,0
2004,130731,2,1,0,0,0,0,0,0,0,0,0,0
2004,130731,3,1,0,0,0,0,0,0,0,0,0,0
2004,130731,4,1,0,0,0,0,0,0,0,0,0,0
2004,130731,5,1,0,0,0,0,0,0,0,0,0,0
2004,130731,6,1,0,0,0,0,0,0,0,0,0,0
2004,130731,7,1,0,0,0,0,0,0,0,0,0,0
2004,130732,1,1,0,0,0,0,0,0,0,0,0,0
2004,130732,2,1,0,0,0,0,0,0,0,0,0,0
2004,130733,1,1,10,10,10,10,10,10,10,10,10,10
2004,130734,1,1,0,0,0,0,0,0,0,0,0,0
2004,130734,2,1,0,0,0,0,0,0,0,0,0,0
2004,130736,1,1,0,0,0,0,0,0,0,0,0,0
2004,130736,2,1,0,0,0,0,0,0,0,0,0,0
2004,130737,1,1,0,0,0,3,16,0,0,0,23,0
2004,130737,2,1,0,0,0,0,0,0,0,0,0,0
2004,130738,1,1,12,42,0,11,24,22,11,28,0,15
2004,130739,1,1,0,0,0,0,0,0,0,0,0,0
2004,130739,2,1,0,0,0,0,0,0,0,0,0,0
2004,130740,1,1,0,0,0,0,0,0,0,0,0,0
2004,130740,2,1,0,0,0,0,0,0,0,0,0,0
2004,130740,3,1,0,0,0,0,0,0,0,0,0,0
2004,130741,1,1,15,11,30,0,14,15,14,27,16,28
2004,130742,1,1,0,0,0,0,0,21,0,4,0,0
2004,130743,1,1,0,0,0,0,0,0,0,0,0,0
2004,130744,1,1,24,24,24,24,24,24,24,24,24,24
2004,130744,2,1,0,0,0,0,0,0,0,0,0,0
2004,130744,3,1,13,0,15,0,0,0,0,0,18,0
2004,130745,1,1,0,0,0,0,0,0,0,0,0,0
2004,130745,2,1,0,0,0,10,0,0,0,0,0,0
2004,130746,1,1,14,32,18,2,15,0,30,25,24,19
2004,130747,1,1,17,17,17,17,17,17,17,17,17,17
2004,130747,2,1,0,0,0,0,0,0,0,0,0,0
2004,130748,1,1,0,0,0,0,0,0,0,0,0,0
2004,130748,2,1,0,0,0,0,0,0,0,0,0,0
2004,130748,3,1,0,0,0,0,0,0,0,0,0,0
2004,130748,4,1,0,0,0,0,0,0,0,0,0,0
2004,130749,1,1,4,0,0,0,0,0,0,0,0,0
2004,130749,2,1,0,29,0,14,0,0,0,0,0,0
2004,130750,0,1,0,0,0,0,7,29,0,0,0,0
2004,130750,1,1,0,0,0,0,0,0,0,0,0,0
2004,130751,1,1,0,0,0,0,0,0,0,0,0,0
2004,130751,2,1,0,0,0,0,0,0,0,0,0,0
2004,130752,1,1,12,12,12,12,12,12,12,12,12,12
2004,130753,1,1,0,0,0,21,0,0,31,0,0,0
2004,130754,1,1,0,13,0,0,0,0,0,0,0,0
2004,130755,1,1,0,0,0,0,0,0,4,0,0,0
2004,130755,2,1,0,0,0,0,0,0,0,0,0,0
2004,130755,3,1,0,0,0,0,0,0,0,0,0,0
2004,130755,4,1,0,0,0,0,0,0,0,0,0,0
2004,130755,5,1,0,0,0,0,0,0,6,0,0,0
2004,130755,6,1,0,0,0,0,0,0,0,0,0,0
2004,130755,7,1,0,0,0,0,0,0,0,0,0,0
2004,130755,8,1,0,6,0,0,0,0,0,12,0,0
2004,130755,9,1,0,0,0,0,12,0,0,0,0,0
2004,130755,10,1,0,0,0,0,0,16,0,0,0,0
2004,130755,11,1,0,0,0,0,0,0,0,0,0,0
2004,130755,12,1,0,0,0,0,0,0,0,0,0,0
2004,130755,13,1,0,0,0,0,0,0,4,6,0,10
2004,130755,14,1,0,0,35,0,0,0,0,0,0,0
2004,130755,15,1,0,0,0,0,0,0,0,0,0,0
2004,130755,16,1,0,0,0,0,6,13,0,0,0,0
2004,130755,17,1,0,0,15,0,0,26,0,0,0,0
2004,130755,18,1,0,0,0,0,0,0,0,0,0,9
2004,130755,19,1,0,0,0,0,0,0,0,0,0,0
2004,130756,1,1,0,0,0,0,0,0,0,0,0,0
2004,130756,2,1,0,0,0,0,0,19,0,0,0,0
2004,130757,1,1,0,0,0,0,0,0,0,0,0,0
2004,130757,2,1,12,0,0,0,0,0,0,0,0,0
2004,130758,1,1,0,0,0,0,0,0,0,0,0,0
2004,130758,2,1,0,0,0,0,0,0,0,0,0,0
2004,130758,3,1,0,0,0,0,0,0,0,0,0,0
2004,130759,1,1,0,0,0,0,0,0,0,0,0,0
2004,130759,2,1,0,0,0,0,0,0,0,0,0,0
2004,130760,0,1,7,7,7,7,7,7,7,7,7,7
2004,130760,1,1,10,10,10,10,10,10,10,10,10,10
2004,130761,1,1,0,11,17,0,20,21,0,0,37,17
2004,130762,0,1,17,0,0,17,0,17,4,0,13,0
2004,130762,1,1,0,0,0,0,8,0,0,0,0,0
2004,130763,1,1,0,0,11,0,6,0,11,5,18,14
2004,130763,2,1,0,0,0,0,0,0,0,0,0,0
2004,130763,3,1,0,0,14,0,0,0,0,0,0,14
2004,130764,1,1,0,0,13,19,27,23,19,12,0,17
2004,130765,1,1,0,28,0,7,0,16,11,0,7,0
2004,130766,1,1,0,0,0,0,4,0,0,0,0,0
2004,130767,1,1,0,0,0,0,0,0,0,0,0,0
2004,130768,1,1,0,0,0,0,0,0,0,0,0,0
2004,130769,0,1,0,0,0,0,0,0,0,0,0,0
2004,130769,1,1,0,0,0,0,0,0,0,0,0,0
2004,130770,1,1,0,0,0,0,0,0,0,0,0,0
2004,130770,2,1,0,0,0,0,0,0,0,0,0,0
2004,130771,1,1,19,0,0,18,37,23,26,13,9,0
2004,130772,1,1,0,0,0,0,0,0,0,0,0,0
2004,130773,1,1,0,0,0,0,0,0,0,0,0,0
2004,130773,2,1,0,0,0,0,0,0,0,0,0,0
2004,130774,1,1,15,0,24,0,0,12,0,0,0,0
2004,130774,2,1,0,0,0,0,0,0,0,0,0,0
2004,130775,1,1,0,0,29,14,12,0,7,6,0,15
2004,130776,1,1,0,0,0,0,0,0,0,0,0,0
2004,130777,1,1,25,25,25,25,25,25,25,25,25,25
2004,130778,1,1,0,0,7,8,0,17,8,0,0,27
2004,130779,0,1,0,0,0,0,0,0,0,0,0,0
2004,130779,0,2,0,14,0,0,0,0,15,0,30,0
2004,130779,1,1,0,0,0,0,0,0,0,0,0,0
2004,130780,1,1,0,0,0,0,0,0,0,0,0,0
2004,130780,2,1,0,0,0,0,0,0,0,0,0,0
2004,130780,3,1,0,0,0,0,0,0,0,0,0,0
2004,130780,4,1,0,0,0,0,0,0,0,0,0,0
2004,130781,1,1,0,0,0,0,0,0,0,0,0,0
2004,130781,2,1,0,0,0,0,0,0,0,0,0,0
2004,130782,1,1,0,0,0,0,0,0,0,0,0,0
2004,130783,1,1,0,0,0,0,0,0,0,0,0,0
2004,130783,2,1,0,0,0,0,0,0,0,0,0,0
2004,130784,1,1,0,0,0,0,0,0,0,0,0,0
2004,130784,2,1,3,0,0,0,0,0,0,0,0,0
2004,130785,1,1,0,0,0,0,11,0,0,0,0,0
2004,130785,2,1,13,0,0,0,0,0,0,11,15,0
2004,130785,3,1,10,0,0,0,0,0,0,0,0,0
2004,130786,1,1,0,21,0,0,12,0,16,0,0,0
2004,130787,1,1,0,0,0,0,0,0,0,0,0,0
2004,130788,1,1,0,0,0,0,0,0,0,0,0,0
2004,130788,2,1,0,0,0,0,0,0,0,0,0,0
2004,130789,1,1,19,18,10,16,19,2,16,18,12,20
2004,130789,2,1,0,0,0,0,0,0,0,0,0,0
2004,130790,1,1,14,0,5,26,0,0,23,0,0,20
2004,130791,1,1,0,0,0,0,3,0,0,0,0,0
2004,130792,1,1,0,0,0,0,0,0,0,0,0,0
2004,130792,2,1,0,0,0,0,0,0,0,0,0,0
2004,130793,1,1,0,0,0,0,0,0,0,0,0,0
2004,130793,2,1,0,0,0,0,0,0,0,0,0,0
2004,130794,1,1,10,0,0,0,0,0,0,0,0,0
2004,130794,2,1,0,0,0,0,0,0,0,0,0,0
2004,130795,1,1,0,0,0,0,0,0,0,0,0,0
2004,130796,0,1,0,25,0,0,0,0,0,0,0,0
2004,130796,1,1,0,0,0,0,0,0,0,0,0,0
2004,130796,2,1,0,0,20,0,0,0,0,0,0,0
2004,130797,1,1,19,0,21,15,15,0,0,23,0,29
2004,130798,1,1,0,0,0,0,0,0,0,0,0,0
2004,130799,1,1,4,4,4,4,4,4,4,4,4,4
2004,130800,1,1,0,0,0,0,0,0,0,0,0,0
2004,130800,2,1,0,0,0,0,0,0,0,0,0,0
2004,130801,1,1,0,0,0,0,0,0,14,0,0,0
2004,130801,2,1,10,10,10,10,10,10,10,10,10,10
2004,130802,1,1,0,0,0,0,0,0,0,0,0,0
2004,130803,1,1,0,29,0,0,0,0,7,0,0,0
2004,130803,2,1,0,0,0,0,0,0,0,0,0,0
2004,130804,1,1,22,11,19,21,19,29,20,12,25,11
2004,130804,2,1,2,2,2,2,2,2,2,2,2,2
2004,130805,1,1,0,0,0,0,0,0,0,0,0,0
2004,130806,1,1,8,11,0,0,14,21,0,28,0,0
2004,130807,1,1,16,16,16,16,16,16,16,16,16,16
2004,130807,2,1,0,0,0,0,0,0,0,0,0,0
2004,130808,1,1,0,0,0,0,0,0,0,0,0,0
2004,130809,1,1,20,20,20,20,20,20,20,20,20,20
2004,130810,1,1,27,27,27,27,27,27,27,27,27,27
2004,130811,0,1,25,25,25,25,25,25,25,25,25,25
2004,130811,1,1,31,29,21,8,17,30,20,12,9,11
2004,130812,1,1,0,0,0,0,0,0,0,0,0,0
2004,130812,2,1,0,15,0,9,0,16,0,0,0,10
2004,130812,3,1,1,1,1,1,1,1,1,1,1,1
2004,130813,1,1,0,0,19,12,0,21,0,0,0,0
2004,130814,1,1,0,0,0,0,0,0,0,0,0,0
2004,130814,2,1,0,0,0,0,0,0,0,0,0,0
2004,130815,1,1,6,6,6,6,6,6,6,6,6,6
2004,130816,1,1,0,0,0,0,0,0,0,0,0,0
2004,130816,2,1,0,0,0,0,0,0,0,0,0,0
2004,130817,1,1,0,0,0,7,0,0,0,0,0,0
2004,130817,2,1,0,0,0,0,0,0,0,0,0,0
2004,130818,1,1,0,0,0,0,0,0,0,0,0,0
2004,130818,2,1,0,0,0,0,0,0,0,0,0,0
2004,130819,1,1,21,21,21,21,21,21,21,21,21,21
2004,130820,1,1,0,0,0,0,0,0,0,0,0,0
2004,130820,2,1,0,0,0,0,0,0,0,0,0,0
2004,130821,1,1,18,18,18,18,18,18,18,18,18,18
2004,130822,1,1,0,0,0,0,0,0,14,0,0,0
2004,130822,2,1,0,0,0,0,0,0,0,0,0,0
2004,130823,1,1,20,20,20,20,20,20,20,20,20,20
2004,130824,1,1,5,5,5,5,5,5,5,5,5,5
2004,130825,1,1,27,27,27,27,27,27,27,27,27,27
2004,130826,1,1,0,0,0,0,0,0,0,0,0,0
2004,130826,2,1,0,0,24,0,0,0,0,0,0,0
2004,130827,0,1,13,13,13,13,13,13,13,13,13,13
2004,130827,1,1,0,0,0,0,0,0,0,0,0,0
2004,130828,1,1,11,11,11,11,11,11,11,11,11,11
2004,130829,1,1,0,0,0,0,0,0,0,0,0,0
2004,130829,2,1,0,0,0,0,0,0,0,0,0,0
2004,130830,1,1,0,0,0,0,0,20,0,0,0,9
2004,130831,0,1,0,13,13,0,0,11,0,0,14,0
2004,130831,1,1,0,0,0,0,0,0,0,0,0,0
2004,130832,1,1,10,17,0,0,24,0,0,15,0,0
2004,130833,1,1,0,0,0,0,0,0,0,0,0,0
2004,130833,2,1,0,0,0,0,0,0,0,0,0,0
2004,130834,0,1,0,0,0,0,0,0,0,0,0,0
2004,130834,0,2,38,0,0,27,20,0,0,0,17,0
2004,130834,1,1,0,0,0,0,0,0,0,0,0,0
2004,130835,1,1,0,0,0,0,0,0,0,0,0,0
2004,130836,1,1,0,0,0,0,0,0,0,0,0,0
2004,130837,0,1,11,11,11,11,11,11,11,11,11,11
2004,130837,1,1,0,0,7,0,0,0,0,0,0,16
2004,130838,1,1,0,0,0,0,0,0,0,0,0,0
2004,130838,2,1,0,0,0,0,0,0,0,0,0,0
2004,130839,1,1,5,0,23,7,7,25,8,10,2,8
2004,130839,2,1,0,0,0,0,0,0,0,0,0,0
2004,130840,0,1,37,37,37,37,37,37,37,37,37,37
2004,130840,1,1,0,0,0,0,0,0,0,0,0,0
2004,130841,1,1,0,0,0,0,0,0,0,0,0,0
2004,130841,2,1,0,0,0,0,0,0,0,0,0,0
2004,130842,1,1,0,0,0,0,0,0,0,0,0,0
2004,130842,2,1,0,0,0,0,0,0,0,0,0,0
2004,130843,1,1,0,0,0,0,0,0,0,0,0,0
2004,130844,0,1,0,0,0,0,0,0,0,0,0,0
2004,130844,1,1,0,0,0,0,0,0,0,0,0,0
2004,130845,1,1,0,0,0,0,0,0,0,0,0,0
2004,130846,1,1,13,13,13,13,13,13,13,13,13,13
2004,130847,1,1,0,0,0,0,0,0,0,0,0,0
2004,130847,2,1,8,8,8,8,8,8,8,8,8,8
2004,130848,1,1,0,0,0,0,0,0,0,0,0,0
2004,130848,2,1,0,0,0,0,0,0,0,0,0,0
2004,130849,1,1,0,0,0,0,0,0,0,0,0,0
2004,130849,2,1,0,0,0,0,0,0,0,0,0,0
2004,130850,0,1,28,28,28,28,28,28,28,28,28,28
2004,130850,1,1,0,0,0,0,0,0,0,0,0,0
2004,130851,1,1,0,15,0,0,0,0,0,0,0,0
2004,130851,2,1,0,0,0,0,13,0,0,0,0,0
2004,130852,1,1,0,0,0,0,0,0,0,0,0,0
2004,130852,2,1,0,0,0,0,2,0,0,0,0,0
2004,130853,1,1,0,0,0,0,0,0,0,0,0,0
2004,130853,2,1,0,0,0,0,0,0,0,0,0,0
2004,130854,1,1,0,0,14,22,0,0,0,0,27,14
2004,130855,1,1,0,0,0,0,0,0,0,0,0,0
2004,130856,1,1,4,0,0,0,0,0,8,0,0,0
2004,130856,2,1,0,0,0,0,0,0,0,0,0,0
2004,130857,1,1,0,16,0,0,13,0,0,7,0,0
2004,130858,0,1,0,0,0,0,0,0,0,0,15,0
2004,130858,1,1,0,0,0,0,0,0,0,0,0,0
2004,130859,1,1,0,0,0,0,0,0,0,0,0,0
2004,130859,2,1,0,0,0,0,0,0,0,0,0,0
2004,130859,3,1,0,0,0,0,0,0,0,0,0,0
2004,130860,1,1,0,0,0,0,0,0,0,0,0,0
2004,130860,2,1,0,0,0,0,0,0,0,0,0,0
2004,130861,1,1,0,0,0,0,0,0,0,0,0,0
2004,130861,2,1,0,0,0,0,0,0,0,0,0,0
2004,130862,1,1,0,8,0,0,0,0,0,0,0,0
2004,130862,2,1,0,0,0,0,0,0,17,0,0,0
2004,130863,1,1,29,29,29,29,29,29,29,29,29,29
2004,130863,2,1,0,0,0,0,0,0,0,0,0,0
2004,130864,1,1,0,0,0,0,0,0,0,0,0,0
2004,130865,1,1,0,0,0,0,0,0,0,0,0,0
2004,130865,2,1,0,0,21,0,0,0,0,0,0,0
2004,130866,1,1,0,0,0,0,0,0,0,0,0,0
2004,130866,2,1,0,0,0,0,0,0,0,0,0,0
2004,130867,1,1,0,0,0,0,23,0,0,0,0,0
2004,130867,2,1,0,0,0,0,6,0,0,0,0,5
2004,130868,1,1,21,21,21,21,21,21,21,21,21,21
2004,130868,2,1,0,0,0,0,0,0,0,0,0,0
2004,130869,1,1,8,18,12,20,5,21,12,8,7,8
2004,130870,1,1,0,0,0,0,0,0,0,0,0,0
2004,130870,2,1,0,0,11,0,0,0,0,0,0,0
2004,130871,1,1,0,0,0,0,0,0,0,0,0,0
2004,130872,1,1,19,19,19,19,19,19,19,19,19,19
2004,130873,1,1,0,15,0,0,0,0,0,0,0,0
2004,130874,1,1,0,0,0,0,0,0,0,0,0,0
2004,130874,2,1,0,0,0,0,0,0,0,0,0,0
2004,130875,0,1,13,0,0,0,0,0,0,0,0,0
2004,130875,1,1,0,0,0,0,0,0,0,0,0,0
2004,130876,1,1,18,25,14,23,0,0,30,20,26,9
2004,130877,1,1,0,0,0,0,0,0,0,0,0,0
2004,130877,2,1,0,0,0,0,0,0,0,0,0,0
2004,130878,1,1,17,2,19,18,6,2,0,6,31,8
2004,130878,2,1,0,0,0,0,0,0,0,0,0,0
2004,130879,1,1,24,24,24,24,24,24,24,24,24,24
2004,130880,1,1,0,0,0,0,0,0,0,0,0,0
2004,130880,2,1,0,0,0,0,0,0,0,0,0,0
2004,130881,1,1,0,0,0,0,8,0,0,0,0,0
2004,130882,1,1,0,0,0,0,0,0,0,0,0,0
2004,130882,2,1,0,0,0,0,0,0,0,0,0,0
2004,130883,1,1,0,0,0,0,0,21,0,0,0,0
2004,130884,1,1,4,4,4,4,4,4,4,4,4,4
2004,130885,1,1,0,0,0,0,0,0,0,0,0,0
2004,130886,1,1,0,0,0,0,0,0,3,0,0,0
2004,130886,2,1,0,0,0,0,0,0,0,0,0,0
2004,130887,1,1,0,0,0,0,0,0,0,0,0,0
2004,130888,1,1,0,0,0,0,20,0,0,0,0,0
2004,130888,2,1,0,0,0,0,0,0,0,0,0,0
2004,130889,1,1,0,0,0,0,0,0,0,0,0,0
2004,130889,2,1,0,0,0,0,0,0,0,0,0,0
2004,130890,1,1,0,0,0,0,0,0,0,0,0,0
2004,130891,0,1,25,23,22,42,6,41,24,12,32,24
2004,130891,1,1,12,0,0,0,0,15,0,6,0,0
2004,130891,2,1,0,0,0,0,0,0,0,20,0,0
2004,130892,1,1,0,0,0,0,0,0,0,0,0,0
2004,130892,2,1,0,13,0,0,0,0,11,0,29,17
2004,130893,1,1,25,25,25,25,25,25,25,25,25,25
2004,130894,1,1,0,0,0,0,0,0,0,0,0,0
2004,130894,2,1,0,0,0,0,0,0,0,0,0,0
2004,130895,1,1,0,0,0,0,0,0,0,0,0,0
2004,130895,2,1,0,0,0,0,0,0,0,0,0,0
2004,130896,1,1,0,0,0,0,0,0,0,0,0,0
2004,130897,0,1,0,0,0,0,0,0,0,0,0,0
2004,130897,1,1,0,0,0,0,0,0,0,0,0,0
2004,130898,0,1,0,0,0,0,0,0,0,14,0,0
2004,130898,1,1,0,0,0,31,0,0,0,0,0,0
2004,130899,1,1,0,0,0,0,0,0,0,0,21,0
2004,130900,1,1,0,0,0,0,0,0,0,0,0,0
2004,130900,2,1,0,0,0,0,0,0,0,0,0,0
2004,130900,3,1,0,0,0,0,0,0,0,0,0,0
2004,130901,1,1,0,0,0,0,0,0,0,0,0,0
2004,130902,1,1,0,0,29,24,0,0,18,12,11,0
2004,130903,1,1,0,0,0,20,0,0,0,13,5,0
2004,130904,1,1,0,0,0,0,0,0,0,0,0,0
2004,130904,2,1,0,0,0,0,0,0,0,0,0,0
2004,130904,3,1,0,0,0,0,0,0,0,0,0,0
2004,130905,1,1,0,0,0,0,0,0,0,0,0,0
2004,130905,2,1,0,0,0,0,0,0,0,0,0,0
2004,130905,3,1,0,0,0,0,0,0,0,0,0,0
2004,130906,1,1,0,0,0,0,0,0,0,0,0,0
2004,130906,2,1,0,8,0,0,0,0,0,0,0,0
2004,130907,1,1,0,0,0,24,0,0,0,0,0,0
2004,130907,2,1,0,0,0,0,0,0,0,0,0,0
2004,130908,1,1,22,22,22,22,22,22,22,22,22,22
2004,130909,1,1,0,0,0,0,0,0,0,0,0,0
2004,130909,2,1,0,0,0,0,0,0,0,0,0,0
2004,130910,1,1,0,0,0,14,24,18,16,24,0,0
2004,130911,1,1,0,0,0,0,0,0,0,0,0,0
2004,130911,2,1,7,0,23,0,0,0,0,0,0,0
2004,130912,1,1,0,0,0,10,0,0,0,23,0,0
2004,130913,1,1,0,0,0,0,0,0,0,0,0,0
2004,130914,1,1,13,13,13,13,13,13,13,13,13,13
2004,130915,1,1,8,10,18,22,20,24,20,0,21,0
2004,130916,0,1,16,0,13,11,0,13,0,0,0,0
2004,130916,1,1,0,0,0,0,0,0,0,0,0,0
2004,130916,2,1,0,0,0,0,0,0,0,0,0,0
2004,130917,1,1,9,9,9,9,9,9,9,9,9,9
2004,130917,2,1,0,0,0,0,0,0,0,0,0,0
2004,130918,1,1,0,0,0,0,0,0,0,0,0,0
2004,130919,1,1,4,4,4,4,4,4,4,4,4,4
2004,130920,1,1,0,0,0,0,0,0,0,0,0,0
2004,130920,2,1,0,0,0,0,0,0,0,0,0,0
2004,130921,0,1,5,5,5,5,5,5,5,5,5,5
2004,130921,1,1,27,0,0,0,0,13,0,0,0,0
2004,130922,1,1,0,0,0,19,0,10,0,0,0,0
2004,130923,1,1,0,0,0,0,0,0,19,0,0,0
2004,130924,1,1,27,0,12,15,21,14,27,28,30,14
2004,130925,1,1,0,0,0,0,0,0,0,0,0,0
2004,130925,2,1,0,0,0,0,0,0,0,0,0,0
2004,130926,1,1,0,0,0,0,0,0,0,0,0,0
2004,130926,2,1,0,0,0,0,0,0,0,0,0,0
2004,130927,1,1,0,0,0,10,0,0,0,0,0,0
2004,130927,2,1,0,0,6,0,0,0,0,0,0,0
2004,130928,1,1,0,0,0,0,0,0,0,0,0,0
2004,130928,2,1,0,0,0,0,0,0,0,0,0,0
2004,130929,1,1,0,0,0,0,14,0,0,0,0,0
2004,130930,1,1,8,0,0,0,0,0,15,17,0,0
2004,130931,1,1,20,0,0,0,0,0,14,8,0,0
2004,130932,0,1,0,0,0,0,0,0,0,0,0,0
2004,130932,1,1,0,0,0,0,0,0,0,0,0,0
2004,130933,1,1,5,5,5,5,5,5,5,5,5,5
2004,130934,1,1,0,0,0,0,17,7,23,0,0,0
2004,130935,0,1,0,0,0,0,0,0,0,0,0,0
2004,130935,1,1,0,0,21,0,0,0,15,16,0,5
2004,130936,1,1,24,24,24,24,24,24,24,24,24,24
2004,130937,1,1,0,23,26,10,0,13,9,0,21,0
2004,130938,1,1,0,19,0,0,0,0,0,0,0,0
2004,130939,0,1,0,0,26,0,0,0,0,0,0,0
2004,130939,1,1,3,22,0,23,18,9,2,6,0,30
2004,130940,1,1,0,0,0,0,0,0,0,0,0,0
2004,130940,2,1,0,0,0,0,0,0,0,0,0,0
2004,130941,1,1,0,0,0,0,0,0,0,0,0,0
2004,130941,2,1,0,0,0,0,0,0,0,0,0,0
2004,130942,1,1,0,0,0,0,0,0,0,0,0,0
2004,130942,2,1,0,0,0,0,0,0,0,0,0,0
2004,130943,0,1,0,0,0,0,0,0,0,0,0,0
2004,130943,0,2,0,0,0,0,0,0,0,17,0,0
2004,130943,0,3,0,0,0,4,0,17,0,0,0,0
2004,130943,1,1,0,0,0,0,8,0,0,0,0,0
2004,130944,1,1,0,0,0,0,0,0,0,0,0,0
2004,130945,1,1,0,0,0,0,0,0,0,0,0,0
2004,130945,2,1,0,0,0,0,0,0,0,0,0,0
2004,130946,1,1,0,0,0,0,0,0,0,0,0,0
2004,130947,1,1,12,0,0,0,0,16,0,0,0,0
2004,130948,1,1,0,0,0,0,11,0,0,0,0,0
2004,130950,0,1,0,0,0,0,0,0,0,0,0,0
2004,130950,2,1,0,0,0,0,0,0,0,0,0,0
2004,130951,1,1,0,0,15,0,0,0,0,0,0,0
2004,130951,2,1,0,0,0,0,0,0,0,0,0,0
2004,130952,1,1,0,0,0,0,0,0,0,0,0,0
2004,130952,2,1,0,0,0,0,0,0,0,0,0,0
2004,130953,1,1,0,0,0,0,0,0,0,0,0,0
2004,130954,1,1,0,13,30,0,0,0,0,26,0,0
2004,130954,2,1,13,0,0,19,8,0,0,0,0,0
2004,130954,3,1,0,0,0,0,0,0,0,0,0,0
2004,130955,1,1,0,0,0,0,0,0,0,0,0,0
2004,130955,2,1,0,0,0,0,0,0,0,0,0,0
2004,130956,1,1,0,0,0,0,0,0,0,0,0,0
2004,130956,2,1,0,0,0,0,0,0,0,0,0,0
2004,130957,0,1,0,3,0,0,0,0,0,0,0,0
2004,130957,1,1,0,0,0,0,0,0,0,0,0,0
2004,130958,0,1,0,0,0,0,0,0,0,0,0,0
2004,130958,1,1,0,0,0,0,0,0,0,0,0,0
2004,130959,1,1,0,0,0,0,0,0,0,0,19,0
2004,130960,1,1,0,0,0,0,26,0,0,0,0,0
2004,130960,2,1,0,0,9,0,0,0,0,0,0,0
2004,130961,1,1,0,0,0,0,0,0,0,0,0,0
2004,130961,2,1,0,0,0,0,0,0,0,0,0,0
2004,130962,1,1,0,0,0,0,0,0,0,0,0,0
2004,130962,2,1,0,0,0,0,0,0,0,0,0,0
2004,130962,3,1,0,0,0,0,0,0,0,0,0,0
2004,130962,4,1,0,0,0,0,0,0,0,0,0,0
2004,130963,1,1,0,0,0,0,0,0,0,0,0,0
2004,130963,2,1,0,0,18,0,0,0,0,0,0,0
2004,130964,1,1,0,0,0,0,0,0,0,0,0,0
2004,130964,2,1,0,0,0,0,0,0,0,0,0,0
2004,130965,1,1,20,20,20,20,20,20,20,20,20,20
2004,130966,1,1,0,0,0,24,0,0,0,0,0,12
2004,130966,2,1,0,0,0,0,0,0,0,0,0,0
2004,130967,1,1,0,0,0,0,0,0,0,0,0,0
2004,130968,1,1,0,0,0,0,0,0,0,0,0,0
2004,130969,1,1,0,0,0,0,0,0,0,0,0,0
2004,130969,2,1,0,0,0,0,0,0,0,0,0,0
2004,130970,1,1,0,0,0,0,0,0,0,0,0,0
2004,130970,2,1,0,0,0,0,0,0,0,0,0,0
2004,130971,1,1,0,0,0,0,0,0,0,0,0,0
2004,130971,2,1,0,4,0,0,0,0,0,0,0,0
2004,130971,3,1,0,0,0,0,0,0,0,0,0,0