YEAR,ST_CASE,veh_no,per_no,P1,P2,P3,P4,P5,P6,P7,P8,P9,P10
2004,130972,1,1,14,14,14,14,14,14,14,14,14,14
2004,130973,0,1,0,0,0,0,0,0,0,0,0,0
2004,130973,1,1,0,0,0,0,0,0,0,0,0,0
2004,130974,1,1,0,0,0,0,0,0,0,8,0,0
2004,130975,1,1,0,0,0,0,0,0,0,0,0,0
2004,130975,2,1,0,0,0,0,0,0,0,0,0,0
2004,130976,1,1,0,0,0,0,0,0,0,0,0,0
2004,130977,1,1,0,34,0,0,0,0,17,0,0,0
2004,130978,1,1,10,10,10,10,10,10,10,10,10,10
2004,130979,1,1,0,0,0,0,0,0,0,0,0,0
2004,130980,1,1,0,0,0,0,0,0,0,0,0,0
2004,130980,2,1,0,0,0,0,0,0,0,0,0,0
2004,130980,3,1,0,0,0,0,0,0,0,0,0,0
2004,130981,1,1,0,0,0,0,0,0,0,0,0,0
2004,130982,1,1,18,18,18,18,18,18,18,18,18,18
2004,130983,0,1,22,22,22,22,22,22,22,22,22,22
2004,130983,1,1,0,0,0,0,0,0,0,0,0,0
2004,130984,1,1,0,0,0,0,0,0,0,0,0,0
2004,130985,1,1,0,0,0,0,0,0,0,14,0,0
2004,130985,2,1,0,0,0,0,0,0,0,0,0,0
2004,130986,0,1,13,30,15,16,20,0,0,0,25,0
2004,130986,1,1,0,0,0,0,0,0,0,0,0,0
2004,130987,1,1,23,23,23,23,23,23,23,23,23,23
2004,130988,0,1,0,0,2,10,0,23,0,0,0,0
2004,130988,0,2,0,0,0,0,0,0,0,0,0,0
2004,130988,0,3,0,0,0,0,0,0,0,0,0,0
2004,130988,1,1,0,0,0,0,0,0,0,0,0,0
2004,130988,2,1,0,0,0,0,0,0,0,0,0,0
2004,130989,1,1,0,0,0,0,0,0,0,0,0,0
2004,130990,1,1,0,0,0,0,0,0,0,0,0,0
2004,130990,2,1,0,0,0,0,0,0,0,0,0,0
2004,130991,1,1,0,0,14,0,0,12,0,0,9,0
2004,130992,1,1,0,0,0,0,0,0,0,0,17,0
2004,130992,2,1,0,0,0,0,0,0,0,0,0,0
2004,130992,3,1,0,0,0,0,3,18,0,0,0,0
2004,130993,1,1,0,0,0,0,0,0,0,0,0,0
2004,130994,1,1,0,0,0,0,0,0,0,0,0,0
2004,130994,2,1,0,0,0,0,0,0,0,0,0,0
2004,130995,1,1,0,0,0,0,0,0,0,0,0,0
2004,130995,2,1,0,0,0,0,0,0,0,0,0,0
2004,130995,3,1,0,0,0,0,0,0,0,0,0,0
2004,130996,1,1,0,0,0,0,0,0,0,0,0,0
2004,130996,2,1,0,0,0,0,0,0,0,0,0,0
2004,130997,1,1,0,0,0,15,0,0,0,12,16,18
2004,130997,2,1,0,0,0,19,16,0,0,0,0,0
2004,130997,3,1,0,0,0,0,0,0,0,0,0,0
2004,130998,1,1,0,0,0,0,0,0,0,0,0,0
2004,130998,2,1,0,0,0,0,0,0,0,0,0,0
2004,130999,1,1,7,7,7,7,7,7,7,7,7,7
2004,130999,2,1,0,0,0,0,0,0,0,0,0,0
2004,130999,3,1,0,0,0,0,0,0,0,0,0,0
2004,131000,1,1,15,11,0,20,28,0,0,0,23,9
2004,131000,2,1,0,10,0,11,0,0,0,7,10,0
2004,131001,1,1,0,0,12,0,0,0,0,0,0,0
2004,131001,2,1,0,0,0,0,0,0,0,0,0,0
2004,131001,3,1,0,0,0,0,0,0,0,0,0,0
2004,131001,4,1,0,0,0,0,0,0,0,0,0,0
2004,131001,5,1,9,0,0,0,0,0,0,0,0,0
2004,131002,1,1,0,0,0,0,0,0,0,0,0,0
2004,131003,1,1,0,0,0,0,0,0,0,0,0,0
2004,131003,2,1,0,0,0,0,0,0,0,0,0,0
2004,131004,1,1,0,7,25,0,0,0,0,12,19,0
2004,131005,0,1,6,33,12,0,0,0,0,18,0,15
2004,131005,1,1,0,0,0,13,0,0,0,0,0,0
2004,131006,1,1,0,0,0,0,0,17,0,0,0,0
2004,131007,1,1,0,0,0,0,0,27,0,0,0,0
2004,131008,1,1,0,0,0,0,0,0,0,0,0,0
2004,131008,2,1,0,0,0,0,0,0,0,0,0,0
2004,131009,1,1,0,0,0,0,0,0,0,0,0,0
2004,131009,2,1,0,0,0,0,0,0,0,0,0,0
2004,131010,1,1,0,0,0,0,0,0,0,0,0,0
2004,131010,2,1,0,0,0,0,0,0,0,0,0,0
2004,131010,3,1,0,0,0,0,0,0,0,0,0,0
2004,131010,4,1,0,0,0,0,0,0,0,0,0,0
2004,131011,1,1,0,0,8,0,0,0,0,0,0,0
2004,131012,1,1,0,0,0,0,0,0,0,0,0,0
2004,131012,2,1,0,0,0,0,0,0,0,0,0,0
2004,131013,1,1,0,0,0,0,0,0,0,0,0,0
2004,131013,2,1,0,0,0,0,0,0,0,0,0,0
2004,131014,1,1,0,0,0,0,0,0,0,0,0,0
2004,131014,2,1,0,0,0,0,0,0,0,0,0,0
2004,131015,0,1,3,3,3,3,3,3,3,3,3,3
2004,131015,1,1,3,3,3,3,3,3,3,3,3,3
2004,131016,1,1,0,0,0,0,0,0,0,0,0,0
2004,131016,2,1,0,0,0,0,0,0,0,0,0,0
2004,131017,1,1,0,0,0,0,0,0,0,0,0,0
2004,131017,2,1,0,0,0,11,0,0,0,0,0,0
2004,131018,1,1,0,0,14,0,13,0,0,0,16,0
2004,131019,1,1,0,0,0,0,0,0,0,0,0,0
2004,131020,0,1,0,0,0,0,0,0,0,0,0,0
2004,131020,1,1,0,12,0,0,0,0,0,0,0,0
2004,131021,0,1,0,0,0,0,0,0,0,0,0,0
2004,131021,0,2,0,0,0,0,0,0,0,0,0,0
2004,131021,1,1,0,8,0,0,0,0,4,0,0,0
2004,131022,1,1,0,0,0,0,0,0,0,0,0,0
2004,131023,1,1,0,0,0,0,0,39,0,0,14,0
2004,131024,1,1,0,8,0,0,0,0,0,0,0,0
2004,131024,2,1,0,0,0,0,0,0,0,0,0,0
2004,131025,1,2,0,0,25,0,0,0,30,0,0,0
2004,131026,1,1,0,0,0,7,0,0,0,0,0,0
2004,131026,2,1,0,0,0,0,0,0,0,0,0,0
2004,131027,1,1,0,0,0,0,0,0,0,0,0,0
2004,131027,2,1,0,0,0,0,0,0,0,0,0,0
2004,131028,1,1,0,0,0,0,0,0,0,0,0,0
2004,131029,1,1,0,0,0,0,0,0,0,0,0,0
2004,131030,1,1,10,10,10,10,10,10,10,10,10,10
2004,131030,2,1,0,0,0,0,0,0,0,0,0,0
2004,131031,0,1,14,12,0,0,33,36,29,13,13,0
2004,131031,1,1,0,0,0,0,0,0,0,0,0,0
2004,131032,1,1,11,11,11,11,11,11,11,11,11,11
2004,131033,1,1,27,27,27,27,27,27,27,27,27,27
2004,131034,1,1,0,0,0,0,0,0,12,0,0,0
2004,131035,1,1,0,0,0,0,0,0,0,0,0,0
2004,131035,2,1,0,0,0,0,0,0,0,0,0,0
2004,131036,0,1,0,10,20,0,0,11,0,0,9,0
2004,131036,1,1,0,0,0,0,0,0,0,0,0,0
2004,131037,0,1,10,10,10,10,10,10,10,10,10,10
2004,131037,1,1,0,0,0,0,0,0,0,0,0,0
2004,131038,1,1,23,23,23,23,23,23,23,23,23,23
2004,131039,1,1,0,27,3,0,0,0,0,0,0,0
2004,131040,1,1,0,0,0,0,0,0,0,0,0,0
2004,131041,1,1,0,0,0,0,0,0,0,0,0,0
2004,131042,1,1,0,14,0,0,9,0,4,0,12,0
2004,131043,1,1,0,0,0,0,6,11,0,0,0,0
2004,131044,1,1,0,0,0,0,0,0,0,0,0,0
2004,131044,2,1,0,0,0,0,0,0,0,0,0,0
2004,131045,1,1,0,39,0,24,15,27,0,0,0,33
2004,131046,1,1,18,18,18,18,18,18,18,18,18,18
2004,131047,0,1,20,20,20,20,20,20,20,20,20,20
2004,131047,1,1,0,0,0,0,29,0,0,4,0,0
2004,131048,1,1,0,0,0,0,0,0,0,0,0,0
2004,131049,1,1,0,0,11,26,0,0,12,0,14,10
2004,131050,1,1,2,2,2,2,2,2,2,2,2,2
2004,131051,1,1,0,0,0,0,0,0,0,0,0,0
2004,131051,2,1,0,0,0,0,0,0,0,0,0,0
2004,131052,1,1,9,0,11,23,0,4,13,0,16,17
2004,131053,0,1,33,33,33,33,33,33,33,33,33,33
2004,131053,1,1,0,0,0,0,0,0,0,0,0,0
2004,131054,1,1,0,0,0,0,0,0,0,0,0,0
2004,131054,2,1,0,0,0,0,0,0,0,0,0,0
2004,131054,3,1,0,0,0,0,0,0,0,0,0,0
2004,131054,4,1,0,0,0,0,0,0,0,0,0,0
2004,131054,5,1,0,0,0,0,0,0,0,0,0,0
2004,131055,1,1,18,18,18,18,18,18,18,18,18,18
2004,131056,1,1,0,0,0,0,0,0,0,0,0,0
2004,131057,0,1,0,0,0,0,0,0,0,0,0,0
2004,131057,1,1,0,0,0,0,0,0,8,0,0,0
2004,131058,1,1,19,19,19,19,19,19,19,19,19,19
2004,131058,2,1,0,0,0,0,0,0,0,0,0,0
2004,131059,1,1,7,0,0,0,0,0,0,0,0,0
2004,131059,2,1,0,0,0,0,0,0,0,0,0,0
2004,131060,1,1,0,0,0,0,0,0,0,0,0,0
2004,131061,1,1,0,0,0,0,10,0,0,0,0,0
2004,131061,2,1,0,0,0,0,0,0,0,0,0,0
2004,131061,3,1,0,0,0,0,0,0,21,0,0,0
2004,131062,1,1,0,16,0,24,20,0,11,4,8,12
2004,131063,1,1,0,0,0,0,0,0,0,0,0,0
2004,131064,1,1,0,0,0,0,0,0,0,0,0,0
2004,131065,0,1,0,0,0,0,0,0,0,0,0,0
2004,131065,1,1,0,0,0,0,0,0,0,0,0,0
2004,131065,2,1,0,0,0,0,0,0,0,0,0,0
2004,131065,3,1,0,0,0,0,0,0,0,0,0,0
2004,131065,4,1,0,0,0,0,0,0,0,0,0,0
2004,131066,0,1,2,2,2,2,2,2,2,2,2,2
2004,131066,1,1,0,0,0,0,0,0,0,0,0,0
2004,131067,1,1,0,0,0,0,0,0,0,0,0,0
2004,131068,1,1,0,0,0,0,0,0,0,0,0,0
2004,131068,2,1,0,0,0,0,0,0,0,0,0,0
2004,131069,1,1,24,24,24,24,24,24,24,24,24,24
2004,131069,2,1,0,0,0,0,0,0,0,0,0,0
2004,131070,1,1,0,21,18,0,27,17,15,10,16,0
2004,131071,1,1,15,20,21,5,16,12,16,20,24,9
2004,131071,2,1,0,0,0,0,0,0,0,0,0,0
2004,131072,0,1,0,0,0,0,0,0,0,0,0,0
2004,131072,1,1,13,13,13,13,13,13,13,13,13,13
2004,131073,1,1,0,0,0,0,0,0,0,0,0,0
2004,131073,2,1,0,0,0,0,0,0,11,0,0,0
2004,131073,3,1,0,0,0,0,0,0,0,0,0,0
2004,131074,1,1,0,0,0,0,0,0,0,0,0,0
2004,131075,1,1,5,5,5,5,5,5,5,5,5,5
2004,131076,1,1,0,0,16,0,9,23,21,0,5,0
2004,131076,2,1,13,13,13,13,13,13,13,13,13,13
2004,131077,1,1,23,23,23,23,23,23,23,23,23,23
2004,131077,2,1,0,0,0,0,0,0,0,0,0,0
2004,131078,1,1,20,20,20,20,20,20,20,20,20,20
2004,131079,0,1,28,28,28,28,28,28,28,28,28,28
2004,131079,1,1,0,8,0,40,0,0,0,4,11,0
2004,131079,2,1,0,0,0,0,0,0,0,0,0,0
2004,131080,1,1,0,0,0,0,0,0,0,0,0,0
2004,131080,2,1,0,0,0,0,0,0,0,0,0,0
2004,131081,1,1,0,0,0,0,0,0,0,0,0,0
2004,131082,1,1,0,0,0,0,0,0,0,0,0,0
2004,131083,0,1,0,0,0,0,0,0,0,0,0,0
2004,131083,1,1,0,0,0,0,0,0,0,0,0,0
2004,131084,1,1,0,0,0,0,0,0,0,0,0,0
2004,131084,2,1,0,0,0,0,0,0,0,0,0,0
2004,131084,3,1,0,0,0,0,0,0,0,0,0,0
2004,131085,0,1,2,2,2,2,2,2,2,2,2,2
2004,131085,1,1,0,0,0,0,0,0,0,0,0,0
2004,131086,1,1,0,0,0,0,0,0,0,0,0,0
2004,131086,2,1,0,0,0,0,0,0,0,0,0,0
2004,131086,3,1,0,0,0,0,0,0,0,0,0,0
2004,131086,4,1,0,0,0,0,0,0,0,0,0,0
2004,131086,5,1,0,0,0,0,0,0,0,0,0,0
2004,131087,1,1,0,0,0,0,0,7,0,3,0,0
2004,131087,2,1,0,0,0,0,0,0,0,0,0,0
2004,131088,1,1,0,0,0,0,0,0,0,0,0,0
2004,131088,2,1,0,0,0,0,0,0,0,0,0,0
2004,131089,1,1,0,0,0,0,0,0,0,0,0,0
2004,131090,1,1,27,27,27,27,27,27,27,27,27,27
2004,131090,2,1,0,0,0,0,0,0,0,0,0,0
2004,131091,1,1,0,0,0,0,0,0,0,0,0,0
2004,131092,1,1,0,0,0,0,0,0,0,0,0,0
2004,131092,2,1,0,0,0,0,0,0,0,0,0,0
2004,131092,3,1,0,0,0,0,0,0,0,0,0,0
2004,131093,1,1,0,0,0,0,0,0,0,0,0,0
2004,131094,1,1,0,0,0,0,0,0,0,0,0,0
2004,131095,0,1,14,0,22,0,8,0,0,32,17,0
2004,131095,1,1,0,0,0,0,0,0,0,0,0,0
2004,131096,0,1,0,0,0,0,0,0,0,0,0,0
2004,131096,1,1,0,0,0,0,0,0,0,0,0,0
2004,131097,1,1,0,0,0,0,0,0,0,0,0,0
2004,131098,1,1,0,0,0,0,0,0,0,0,0,0
2004,131098,2,1,0,0,0,0,0,0,0,0,0,0
2004,131099,0,1,24,24,24,24,24,24,24,24,24,24
2004,131099,1,1,0,0,0,0,0,0,0,0,0,0
2004,131099,2,1,0,18,0,0,0,0,0,0,0,0
2004,131100,1,1,0,0,0,0,0,0,0,0,0,0
2004,131100,2,1,0,0,0,0,0,0,0,0,0,0
2004,131101,1,1,0,0,0,0,0,0,0,0,0,0
2004,131101,2,1,0,0,0,0,0,0,0,0,0,0
2004,131102,1,1,0,4,25,23,20,22,44,0,23,25
2004,131103,0,1,18,34,15,21,12,34,27,23,7,43
2004,131103,1,1,0,0,0,0,0,0,0,0,0,0
2004,131104,1,1,29,15,18,7,7,10,18,0,0,21
2004,131105,1,1,0,0,0,0,0,0,0,0,0,0
2004,131105,2,1,0,0,0,0,0,0,0,0,0,0
2004,131106,1,1,0,0,0,15,0,0,24,0,0,0
2004,131107,1,1,0,0,0,0,0,0,0,0,0,0
2004,131107,2,1,0,0,0,0,0,0,29,0,0,0
2004,131108,1,1,0,0,0,0,0,0,0,16,0,0
2004,131109,1,1,0,0,0,0,0,0,0,0,0,0
2004,131109,2,1,0,0,0,0,0,0,14,0,0,0
2004,131110,1,1,0,0,0,0,0,0,0,0,0,0
2004,131110,2,1,0,0,0,0,0,0,0,0,0,0
2004,131111,1,1,0,0,0,0,0,0,0,0,0,0
2004,131111,2,1,0,0,0,0,0,0,0,0,0,0
2004,131111,3,1,0,0,0,0,0,0,0,0,0,0
2004,131112,0,1,21,0,15,0,15,0,20,0,0,8
2004,131112,1,1,0,0,0,0,0,0,0,0,0,0
2004,131113,1,1,0,7,0,0,0,0,0,0,0,0
2004,131113,2,1,11,9,0,17,0,0,0,0,14,0
2004,131113,3,1,0,0,0,0,0,0,0,0,0,0
2004,131113,4,1,0,0,0,0,0,0,0,0,0,0
2004,131114,1,1,0,0,0,0,0,0,0,0,0,0
2004,131114,2,1,0,0,0,0,0,0,0,0,0,0
2004,131115,1,1,0,0,25,0,0,0,0,0,0,0
2004,131116,1,1,0,0,0,0,0,0,0,0,0,0
2004,131116,2,1,0,0,0,0,0,0,0,0,0,0
2004,131116,3,1,0,0,0,0,0,0,0,0,0,0
2004,131117,0,1,0,0,0,0,0,0,0,0,0,0
2004,131117,1,1,0,0,13,15,12,11,0,0,5,16
2004,131118,1,1,0,0,0,0,0,0,0,0,0,0
2004,131118,2,1,0,0,0,0,0,0,0,0,0,0
2004,131119,1,1,0,0,0,0,0,0,0,0,0,0
2004,131120,1,1,0,0,0,0,0,0,0,0,0,0
2004,131120,2,1,0,0,0,0,0,0,0,0,0,0
2004,131121,1,1,18,15,0,0,10,5,11,0,20,4
2004,131122,1,1,15,15,15,15,15,15,15,15,15,15
2004,131123,1,1,11,0,0,0,0,0,0,21,0,0
2004,131124,1,1,22,22,22,22,22,22,22,22,22,22
2004,131125,1,1,0,0,0,0,38,0,0,0,0,0
2004,131126,1,1,10,10,10,10,10,10,10,10,10,10
2004,131127,1,1,24,24,24,24,24,24,24,24,24,24
2004,131128,1,1,0,0,0,0,0,0,0,0,0,0
2004,131128,2,1,0,0,0,0,0,0,0,0,0,0
2004,131129,1,1,5,0,41,0,9,0,26,10,20,0
2004,131129,2,1,0,0,0,0,0,11,0,0,0,0
2004,131130,0,1,26,26,26,26,26,26,26,26,26,26
2004,131130,1,1,0,0,0,0,0,0,0,0,0,21
2004,131131,0,1,0,0,0,0,0,0,0,0,0,0
2004,131131,1,1,0,0,0,0,0,0,0,0,0,0
2004,131131,2,1,0,0,0,0,0,0,0,0,0,0
2004,131132,1,1,0,0,0,0,0,0,0,17,0,0
2004,131133,1,1,0,0,0,0,0,0,0,0,0,0
2004,131133,2,1,0,0,0,0,0,0,0,0,0,0
2004,131134,1,1,0,0,0,0,0,0,0,0,0,0
2004,131134,2,1,0,0,0,0,0,0,0,0,0,0
2004,131135,1,1,0,0,0,0,0,0,0,0,0,0
2004,131135,2,1,0,0,0,0,0,0,0,0,0,0
2004,131136,1,1,0,0,0,0,0,0,0,0,0,0
2004,131137,1,1,9,0,0,6,0,0,28,38,0,26
2004,131137,2,1,0,0,0,0,10,0,0,0,0,0
2004,131138,1,1,0,0,0,0,0,0,0,0,0,0
2004,131138,2,1,0,0,0,0,0,0,0,0,0,0
2004,131138,3,1,0,0,0,0,0,0,0,0,0,0
2004,131139,0,1,23,23,23,23,23,23,23,23,23,23
2004,131139,1,1,0,22,0,0,0,0,0,0,0,0
2004,131140,0,1,17,14,31,8,15,24,26,10,8,14
2004,131140,1,1,0,0,0,0,0,0,0,0,0,0
2004,131141,1,1,23,0,0,0,0,0,16,0,0,7
2004,131141,2,1,0,0,0,0,0,0,0,0,0,0
2004,131142,0,1,0,0,0,0,0,18,0,0,0,0
2004,131142,1,1,0,0,0,0,0,0,0,0,0,0
2004,131143,1,1,0,0,16,0,0,17,0,0,0,0
2004,131144,1,1,0,0,0,0,0,15,0,0,0,0
2004,131144,2,1,0,0,0,0,0,0,0,0,0,0
2004,131145,1,1,0,0,0,0,0,0,0,0,0,0
2004,131145,2,1,0,0,0,0,0,0,0,0,0,0
2004,131146,1,1,0,0,0,0,0,0,0,0,0,0
2004,131146,2,1,0,0,0,0,0,0,0,0,0,0
2004,131147,1,1,0,0,0,0,10,0,0,0,0,0
2004,131147,2,1,0,0,0,0,0,0,0,0,0,0
2004,131148,1,1,5,5,5,5,5,5,5,5,5,5
2004,131148,2,1,0,0,0,0,0,0,0,0,0,0
2004,131149,1,1,0,0,0,0,0,0,0,0,0,0
2004,131149,2,1,0,0,0,0,0,0,0,0,0,0
2004,131150,0,1,27,21,18,11,23,0,39,11,0,10
2004,131150,1,1,0,0,0,0,0,0,0,0,0,0
2004,131151,1,1,28,28,28,28,28,28,28,28,28,28
2004,131152,1,1,0,0,0,0,0,0,0,0,0,0
2004,131153,1,1,0,0,0,0,0,0,0,0,0,0
2004,131153,2,1,0,0,0,0,0,0,0,0,0,0
2004,131154,1,1,0,0,0,0,0,0,0,0,0,0
2004,131154,2,1,0,0,0,0,11,0,0,0,0,0
2004,131155,1,1,0,14,0,0,0,0,25,0,0,0
2004,131155,2,1,0,0,0,0,0,0,0,0,0,0
2004,131155,3,1,0,0,0,0,0,0,0,0,0,0
2004,131157,1,1,30,30,30,30,30,30,30,30,30,30
2004,131158,1,1,0,20,20,0,26,37,16,14,0,13
2004,131159,0,1,0,0,0,0,0,0,0,0,0,0
2004,131159,1,1,0,0,0,0,0,0,0,12,0,0
2004,131160,1,1,24,24,24,24,24,24,24,24,24,24
2004,131160,2,1,0,0,0,0,0,0,0,0,0,0
2004,131161,1,1,0,0,0,0,0,0,0,0,0,0
2004,131162,1,1,0,0,0,0,0,0,0,0,0,0
2004,131162,2,1,0,0,0,0,0,0,0,0,0,0
2004,131163,1,1,17,17,17,17,17,17,17,17,17,17
2004,131164,1,1,17,17,17,17,17,17,17,17,17,17
2004,131165,1,1,0,0,0,0,0,0,0,0,0,0
2004,131166,1,1,0,0,0,0,0,0,0,0,0,0
2004,131166,2,1,0,0,0,0,0,0,0,17,24,0
2004,131167,1,1,0,0,0,0,0,0,0,0,0,0
2004,131167,2,1,0,5,0,0,0,0,0,10,0,0
2004,131168,1,1,0,0,0,0,0,0,0,0,0,0
2004,131169,1,1,0,0,0,0,0,0,0,0,0,0
2004,131169,2,1,0,0,0,0,0,0,0,0,0,0
2004,131170,0,1,23,23,23,23,23,23,23,23,23,23
2004,131170,1,1,0,0,0,17,0,0,0,0,0,0
2004,131171,1,1,0,0,0,0,0,0,0,0,0,0
2004,131171,2,1,0,0,0,0,0,0,0,0,0,0
2004,131171,3,1,0,0,0,0,0,0,0,0,0,0
2004,131171,4,1,0,0,0,0,0,0,0,0,0,0
2004,131171,5,1,0,0,0,0,0,0,0,0,0,0
2004,131171,6,1,0,0,0,0,0,0,0,0,0,0
2004,131171,7,1,0,0,0,0,0,0,0,0,0,0
2004,131171,8,1,0,0,0,16,0,0,0,0,0,0
2004,131171,9,1,0,3,0,0,0,0,0,0,0,0
2004,131171,10,1,0,0,0,0,0,0,0,0,0,0
2004,131171,11,1,0,0,0,0,0,0,0,0,0,0
2004,131172,0,1,12,12,12,12,12,12,12,12,12,12
2004,131172,1,1,0,0,0,0,0,0,0,0,0,0
2004,131173,1,1,0,0,0,0,0,0,0,0,0,0
2004,131173,2,1,0,0,0,0,0,0,0,0,0,0
2004,131174,0,1,0,0,0,0,0,0,0,0,0,0
2004,131174,1,1,0,0,0,0,9,19,0,0,25,0
2004,131175,1,1,0,0,0,0,0,0,0,0,0,0
2004,131175,2,1,0,0,0,0,0,0,0,0,0,0
2004,131176,1,1,0,0,0,0,0,0,0,0,0,0
2004,131176,2,1,0,0,0,0,0,0,0,0,0,0
2004,131177,1,1,0,0,0,0,0,0,0,0,0,0
2004,131177,2,1,0,0,0,0,0,0,0,0,0,0
2004,131178,1,1,0,0,0,0,0,0,0,0,0,0
2004,131178,2,1,0,16,0,0,0,0,0,0,0,0
2004,131179,1,1,0,0,0,0,0,0,0,0,12,0
2004,131179,2,1,0,0,0,0,0,0,0,0,0,21
2004,131180,0,1,0,0,0,22,0,0,0,22,0,7
2004,131180,1,1,0,0,0,0,28,0,0,0,0,0
2004,131181,0,1,34,34,34,34,34,34,34,34,34,34
2004,131181,1,1,0,0,0,0,0,0,0,0,0,0
2004,131182,1,1,0,0,0,0,0,0,0,0,0,0
2004,131182,2,1,0,0,5,0,0,0,0,0,0,0
2004,131183,1,1,0,0,21,0,16,0,11,11,28,16
2004,131184,1,1,13,13,13,13,13,13,13,13,13,13
2004,131185,1,1,0,0,0,0,0,0,0,0,0,0
2004,131186,1,1,18,18,18,18,18,18,18,18,18,18
2004,131187,1,1,0,0,0,0,0,0,2,0,0,0
2004,131187,2,1,0,0,0,28,43,0,11,17,27,0
2004,131188,1,1,0,0,0,0,0,0,0,0,0,0
2004,131188,2,1,0,0,0,0,0,0,0,0,0,0
2004,131189,1,1,13,6,16,0,0,15,20,13,8,9
2004,131189,2,1,0,0,0,0,0,0,0,0,0,0
2004,131190,1,1,0,14,0,0,31,19,0,26,29,0
2004,131190,2,1,0,0,13,0,0,0,0,0,0,0
2004,131191,1,1,14,0,0,0,0,0,0,0,0,0
2004,131192,1,1,0,0,0,0,0,0,0,0,0,0
2004,131192,2,1,0,0,0,0,0,0,0,0,0,0
2004,131193,1,1,0,0,0,0,0,0,0,0,8,0
2004,131194,1,1,10,0,0,0,0,0,0,0,0,0
2004,131195,1,1,0,0,0,0,19,0,16,0,0,0
2004,131195,2,1,0,0,0,0,0,0,0,0,0,0
2004,131196,1,1,0,0,0,0,0,0,0,0,0,0
2004,131197,1,1,7,7,7,7,7,7,7,7,7,7
2004,131197,2,1,0,0,18,0,0,0,0,0,0,0
2004,131198,1,1,0,0,0,0,0,0,0,0,0,0
2004,131199,0,1,0,0,0,0,0,0,0,0,0,0
2004,131199,1,1,0,0,0,0,0,0,0,0,0,0
2004,131200,1,1,0,0,0,0,0,0,0,0,0,0
2004,131200,2,1,0,0,0,0,0,0,0,0,0,0
2004,131201,1,1,0,0,0,0,0,0,0,0,0,0
2004,131202,1,1,0,0,0,0,0,0,0,0,0,0
2004,131203,0,1,0,11,0,3,0,0,0,0,0,0
2004,131203,1,1,0,0,0,0,0,2,0,0,0,0
2004,131204,1,1,30,21,0,0,19,0,0,5,0,0
2004,131204,2,1,0,0,0,0,0,0,0,0,0,0
2004,131205,1,1,0,0,0,0,0,0,0,0,0,0
2004,131206,1,1,0,0,0,37,19,17,19,34,0,15
2004,131207,1,1,6,6,6,6,6,6,6,6,6,6
2004,131207,2,1,0,0,0,0,0,0,0,0,0,0
2004,131208,1,1,13,13,13,13,13,13,13,13,13,13
2004,131209,1,1,0,0,0,0,0,0,0,0,0,0
2004,131209,2,1,0,0,0,0,0,0,13,0,0,0
2004,131210,1,1,0,0,0,0,0,0,27,0,0,0
2004,131210,2,1,0,0,0,0,0,0,0,0,0,0
2004,131210,3,1,0,0,0,0,0,0,0,0,0,0
2004,131211,1,1,0,0,0,23,0,0,0,30,0,0
2004,131212,1,1,0,0,15,19,0,0,0,0,0,0
2004,131213,1,1,0,0,0,0,0,0,0,0,0,0
2004,131214,1,1,0,0,0,0,0,0,0,0,0,0
2004,131215,1,1,0,0,0,0,0,0,0,0,0,0
2004,131215,2,1,0,0,0,0,0,0,0,0,0,0
2004,131216,1,1,0,0,0,0,0,0,0,0,0,0
2004,131216,2,1,0,10,0,0,0,0,0,0,0,13
2004,131216,3,1,0,0,0,0,0,0,0,0,0,0
2004,131216,4,1,0,0,0,22,0,0,0,20,0,0
2004,131216,5,1,0,0,0,0,0,0,0,0,0,0
2004,131217,1,1,15,24,0,0,20,0,0,10,0,0
2004,131218,1,1,23,23,23,23,23,23,23,23,23,23
2004,131219,1,1,0,0,0,0,0,0,0,0,0,0
2004,131219,2,1,0,0,0,0,0,0,0,0,0,0
2004,131220,1,1,0,0,0,0,0,0,0,0,0,0
2004,131220,2,1,0,0,0,0,0,0,0,0,0,0
2004,131221,1,1,19,12,11,22,12,24,27,26,9,18
2004,131222,1,1,10,10,10,10,10,10,10,10,10,10
2004,131222,2,1,0,0,0,0,0,0,0,0,0,0
2004,131223,1,1,0,0,0,0,0,0,0,0,0,15
2004,131224,1,1,0,0,0,0,0,0,0,3,0,0
2004,131225,0,1,23,23,23,23,23,23,23,23,23,23
2004,131225,1,1,0,0,0,0,0,0,0,0,0,0
2004,131226,1,1,0,0,0,0,0,0,0,0,0,0
2004,131227,0,1,0,0,0,0,0,0,0,0,0,0
2004,131227,1,1,0,0,0,0,0,0,0,0,0,0
2004,131227,2,1,0,0,0,0,0,0,0,0,0,0
2004,131228,1,1,0,0,0,0,0,0,14,0,0,0
2004,131228,2,1,0,0,0,0,0,0,0,0,0,0
2004,131229,1,1,0,0,0,0,0,0,0,0,0,0
2004,131229,2,1,0,0,0,0,0,0,0,0,0,0
2004,131230,1,1,0,0,0,17,18,11,0,17,0,0
2004,131230,2,1,0,0,0,0,0,0,0,0,0,0
2004,131231,0,1,0,28,0,0,7,0,26,0,0,25
2004,131231,1,1,0,19,0,0,0,0,10,0,0,0
2004,131232,1,1,0,0,0,0,0,0,0,0,0,0
2004,131232,2,1,0,0,0,0,0,0,0,0,0,0
2004,131233,1,1,10,0,0,0,0,0,0,0,0,0
2004,131234,1,1,20,20,20,20,20,20,20,20,20,20
2004,131234,2,1,0,0,0,0,0,0,0,0,0,0
2004,131235,1,1,0,0,0,0,0,0,0,0,0,5
2004,131235,2,1,0,0,0,0,0,0,0,0,0,0