YEAR,ST_CASE,veh_no,per_no,P1,P2,P3,P4,P5,P6,P7,P8,P9,P10
2004,150030,2,1,0,0,0,0,0,0,0,0,0,0
2004,150031,0,1,0,0,0,0,0,0,0,0,0,0
2004,150031,1,1,0,0,0,0,0,0,0,0,0,0
2004,150032,1,1,0,0,0,0,0,0,0,0,0,0
2004,150032,2,1,0,0,0,0,0,0,0,0,0,0
2004,150033,1,1,1,1,1,1,1,1,1,1,1,1
2004,150033,2,1,0,9,0,0,0,0,0,0,0,0
2004,150034,0,1,0,0,0,0,0,0,0,0,0,0
2004,150034,1,1,0,0,0,0,0,0,11,0,0,0
2004,150035,1,1,18,18,18,18,18,18,18,18,18,18
2004,150036,1,1,0,0,0,0,0,0,0,0,0,0
2004,150036,2,1,0,0,0,0,0,0,0,0,13,0
2004,150036,3,1,0,0,0,0,0,0,0,0,0,0
2004,150037,1,1,23,23,23,23,23,23,23,23,23,23
2004,150038,1,1,0,0,0,0,0,0,0,0,0,0
2004,150039,1,1,8,8,8,8,8,8,8,8,8,8
2004,150040,0,1,0,0,0,0,0,0,0,0,0,0
2004,150040,1,1,12,0,0,0,0,0,0,0,0,0
2004,150041,1,1,0,0,0,0,0,0,0,0,0,0
2004,150042,1,1,0,0,0,24,0,0,0,0,0,0
2004,150042,2,1,0,0,0,0,0,0,0,0,0,0
2004,150042,3,1,0,0,0,0,0,0,0,0,0,0
2004,150043,0,1,0,0,0,0,0,0,0,0,0,0
2004,150043,1,1,0,0,0,0,0,0,0,0,0,0
2004,150044,0,1,0,0,0,0,0,0,0,0,0,0
2004,150044,1,1,0,0,0,0,0,0,0,0,0,0
2004,150044,2,1,0,6,0,0,0,0,0,0,0,0
2004,150045,1,1,0,0,0,0,0,0,0,0,0,0
2004,150045,2,1,0,0,0,0,0,0,0,0,0,0
2004,150046,1,1,20,20,20,20,20,20,20,20,20,20
2004,150047,1,1,31,31,31,31,31,31,31,31,31,31
2004,150048,0,1,0,0,0,0,0,0,0,0,0,0
2004,150048,0,2,0,0,0,41,0,22,9,0,0,25
2004,150048,0,3,0,0,0,0,0,0,17,11,0,0
2004,150048,0,4,0,16,0,31,8,10,21,0,14,25
2004,150048,0,5,0,0,0,0,21,0,0,0,0,0
2004,150048,0,6,0,34,0,0,3,16,0,0,27,18
2004,150048,0,7,0,0,0,0,0,0,0,25,0,0
2004,150048,1,1,0,0,0,0,0,0,0,0,0,0
2004,150048,2,1,0,0,11,0,0,0,0,9,0,0
2004,150049,1,1,0,0,0,0,0,0,0,0,0,0
2004,150050,1,1,0,0,0,0,0,0,0,0,0,0
2004,150050,2,1,0,0,0,0,0,0,0,0,0,0
2004,150051,1,1,0,0,0,0,0,0,0,0,0,0
2004,150051,2,1,0,0,0,0,0,0,0,0,0,0
2004,150052,1,1,0,0,0,0,0,0,0,0,0,0
2004,150052,2,1,0,0,0,0,0,0,0,0,0,0
2004,150053,1,1,0,0,0,0,13,0,0,0,0,0
2004,150053,2,1,0,0,0,0,0,0,0,0,0,0
2004,150054,1,1,12,12,12,12,12,12,12,12,12,12
2004,150055,1,1,0,0,0,0,0,0,0,0,0,0
2004,150056,1,1,0,0,0,0,0,0,0,0,0,0
2004,150057,1,1,0,0,0,0,0,0,0,0,0,0
2004,150058,1,1,0,0,0,0,0,0,0,0,0,0
2004,150059,1,1,25,25,25,25,25,25,25,25,25,25
2004,150060,1,1,0,0,0,0,0,0,0,0,0,0
2004,150061,1,1,11,11,11,11,11,11,11,11,11,11
2004,150061,2,1,0,0,0,0,0,0,0,0,0,0
2004,150062,1,1,0,0,0,0,0,0,0,0,0,0
2004,150062,2,1,0,0,0,0,0,0,0,0,0,0
2004,150063,1,1,0,0,0,0,0,0,0,0,0,0
2004,150064,1,1,0,0,0,0,0,0,0,0,0,0
2004,150064,2,1,0,0,0,0,0,0,0,0,0,0
2004,150065,1,1,0,0,0,0,0,0,0,0,0,0
2004,150065,2,1,0,0,0,0,0,0,0,0,0,0
2004,150066,0,1,0,0,0,0,0,0,0,0,0,0
2004,150066,1,1,0,0,0,0,0,0,0,0,0,0
2004,150067,1,1,0,0,0,0,0,0,0,0,0,25
2004,150068,1,1,23,23,23,23,23,23,23,23,23,23
2004,150068,2,1,29,29,29,29,29,29,29,29,29,29
2004,150069,1,1,0,0,0,0,0,0,0,0,0,0
2004,150070,0,1,0,0,0,0,0,0,0,0,0,0
2004,150070,1,1,0,0,0,0,0,0,0,0,26,0
2004,150071,1,1,0,0,0,0,0,0,0,0,0,0
2004,150072,0,1,28,28,28,28,28,28,28,28,28,28
2004,150072,1,1,0,0,0,0,0,0,0,0,0,0
2004,150073,1,1,0,0,0,0,0,0,0,0,0,0
2004,150073,2,1,13,0,9,8,14,0,0,0,0,8
2004,150074,0,1,0,0,0,0,0,0,0,0,0,0
2004,150074,1,1,7,0,0,0,0,0,0,0,0,0
2004,150075,1,1,0,0,0,0,0,0,0,0,0,0
2004,150076,1,1,0,0,0,0,0,0,0,0,0,0
2004,150076,2,1,0,0,0,0,0,0,0,0,0,0
2004,150077,1,1,2,2,2,2,2,2,2,2,2,2
2004,150077,2,1,10,10,10,10,10,10,10,10,10,10
2004,150078,1,1,0,0,0,0,0,0,0,0,0,0
2004,150078,2,1,5,0,0,0,0,0,0,0,0,23
2004,150079,1,1,0,0,0,0,0,0,0,0,0,0
2004,150080,1,1,0,0,0,0,0,0,0,0,0,0
2004,150080,2,1,0,0,0,0,0,0,0,0,0,0
2004,150081,0,1,0,0,0,0,0,0,0,0,0,0
2004,150081,1,1,0,0,0,0,0,0,0,0,0,0
2004,150082,1,1,26,26,26,26,26,26,26,26,26,26
2004,150082,2,1,0,0,0,0,0,0,0,0,0,0
2004,150083,1,1,0,0,0,0,0,0,0,0,0,0
2004,150083,2,1,0,0,0,0,0,0,0,0,0,0
2004,150083,3,1,0,0,0,0,0,0,0,0,0,0
2004,150084,1,1,17,17,17,17,17,17,17,17,17,17
2004,150085,1,1,28,28,28,28,28,28,28,28,28,28
2004,150085,2,1,0,0,0,0,0,0,0,0,0,0
2004,150086,1,1,3,3,3,3,3,3,3,3,3,3
2004,150087,0,1,0,0,0,0,0,0,0,0,0,0
2004,150087,1,1,0,0,0,0,0,0,0,0,0,0
2004,150088,1,1,0,0,4,0,0,0,0,0,0,0
2004,150088,2,1,0,0,0,0,0,0,0,0,0,0
2004,150089,1,1,31,31,31,31,31,31,31,31,31,31
2004,150090,1,2,18,18,18,18,18,18,18,18,18,18
2004,150091,0,1,0,0,0,0,0,0,0,0,0,0
2004,150091,1,1,0,0,0,0,0,0,0,0,12,0
2004,150092,0,1,0,0,0,0,0,0,0,0,0,0
2004,150092,1,1,0,0,0,0,0,0,0,0,0,0
2004,150093,1,1,0,0,0,0,0,0,0,0,0,0
2004,150093,2,1,17,17,17,17,17,17,17,17,17,17
2004,150093,3,1,0,0,0,0,0,0,0,0,0,0
2004,150094,1,1,0,0,0,0,0,0,0,0,0,0
2004,150094,2,1,0,0,0,0,0,0,0,0,0,0
2004,150094,3,1,0,0,0,0,0,0,0,0,0,0
2004,150094,4,1,0,0,0,0,0,0,0,0,0,0
2004,150095,0,1,0,0,0,0,0,0,0,0,0,0
2004,150095,1,1,0,0,0,0,0,0,0,0,0,0
2004,150096,0,1,0,0,0,0,0,0,0,0,0,0
2004,150096,1,1,0,0,0,0,0,0,0,0,0,0
2004,150097,1,1,24,24,24,24,24,24,24,24,24,24
2004,150098,1,1,0,0,0,0,0,0,0,0,0,0
2004,150098,2,1,0,0,0,0,0,0,0,0,0,0
2004,150099,1,1,0,0,0,0,0,0,0,0,0,0
2004,150100,1,1,22,22,22,22,22,22,22,22,22,22
2004,150101,1,1,0,0,0,0,0,0,0,0,0,0
2004,150101,2,1,27,27,27,27,27,27,27,27,27,27
2004,150102,1,1,4,20,15,22,18,20,6,17,10,11
2004,150103,1,1,0,0,0,0,0,0,0,0,0,0
2004,150104,1,1,0,0,0,0,0,0,0,0,0,0
2004,150104,2,1,0,0,0,0,0,0,0,0,0,0
2004,150105,1,1,0,0,0,0,0,0,0,0,0,0
2004,150105,2,1,0,0,0,0,0,0,0,0,0,0
2004,150106,1,1,0,0,0,0,0,0,0,0,0,0
2004,150107,1,1,10,10,10,10,10,10,10,10,10,10
2004,150108,1,1,0,0,0,0,0,0,0,0,0,0
2004,150108,2,1,0,10,0,0,0,0,0,0,0,0
2004,150109,1,1,0,0,0,0,0,0,0,0,0,0
2004,150109,2,1,0,2,0,0,0,0,0,0,5,0
2004,150110,1,1,0,0,8,0,0,10,0,4,9,5
2004,150111,1,1,6,6,6,6,6,6,6,6,6,6
2004,150111,2,1,0,0,0,0,0,0,0,0,0,0
2004,150112,1,1,0,0,0,0,0,0,0,0,0,0
2004,150112,2,1,5,5,5,5,5,5,5,5,5,5
2004,150113,1,1,22,22,22,22,22,22,22,22,22,22
2004,150114,0,1,0,0,0,0,0,0,0,0,0,0
2004,150114,1,1,0,15,33,0,23,32,25,8,28,8
2004,150115,0,1,6,6,6,6,6,6,6,6,6,6
2004,150115,1,1,0,0,0,0,0,0,0,0,0,0
2004,150116,0,1,3,3,3,3,3,3,3,3,3,3
2004,150116,1,1,0,0,29,0,0,0,0,18,0,0
2004,150117,0,1,0,0,0,0,0,0,0,0,0,0
2004,150117,1,1,0,0,0,0,0,0,0,0,0,5
2004,150118,0,1,0,0,0,0,0,0,0,0,0,0
2004,150118,1,1,0,0,0,0,7,0,0,0,0,0
2004,150119,0,1,0,0,0,0,0,0,0,0,0,0
2004,150119,1,1,10,0,7,0,6,0,19,0,19,0
2004,150120,1,1,0,0,0,0,0,0,0,0,0,0
2004,150120,2,1,0,0,0,0,0,0,0,0,0,0
2004,150121,1,1,0,0,0,0,0,0,0,0,0,0
2004,150121,2,1,0,0,0,0,0,0,0,0,0,0
2004,150121,3,1,0,0,0,0,0,0,0,0,0,0
2004,150122,0,1,0,0,0,0,0,0,0,0,0,0
2004,150122,1,1,0,0,0,0,0,0,0,0,0,0
2004,150123,1,1,12,12,12,12,12,12,12,12,12,12
2004,150124,0,1,31,31,31,31,31,31,31,31,31,31
2004,150124,1,1,0,0,0,0,0,0,0,0,0,0
2004,150125,1,1,0,0,0,0,0,0,0,0,0,0
2004,150125,2,1,0,0,0,0,0,0,0,0,0,0
2004,150125,3,1,0,0,0,0,0,0,0,0,0,0
2004,150125,4,1,0,0,0,0,0,0,0,0,0,0
2004,150126,1,1,22,22,22,22,22,22,22,22,22,22
2004,150127,1,1,2,2,2,2,2,2,2,2,2,2
2004,150127,2,1,0,0,0,0,0,0,2,6,0,0
2004,150127,3,1,0,0,23,10,0,0,0,9,0,20
2004,150128,0,1,0,0,0,0,0,0,0,0,0,0
2004,150128,1,1,0,0,0,0,0,0,0,0,0,0
2004,160001,1,1,0,0,0,0,0,0,0,0,0,0
2004,160002,1,1,14,14,14,14,14,14,14,14,14,14
2004,160003,1,1,0,0,0,0,0,0,0,0,0,0
2004,160004,1,1,23,23,23,23,23,23,23,23,23,23
2004,160005,1,1,0,0,0,0,0,0,0,0,0,0
2004,160005,2,1,0,0,0,0,0,0,0,0,0,15
2004,160006,1,1,1,1,1,1,1,1,1,1,1,1
2004,160007,1,1,0,0,0,0,0,0,0,0,0,0
2004,160007,2,1,0,0,0,0,0,0,0,0,0,0
2004,160008,1,1,10,10,10,10,10,10,10,10,10,10
2004,160009,1,1,0,0,0,0,0,0,0,0,0,0
2004,160010,1,1,24,0,0,0,0,0,31,0,0,0
2004,160011,1,1,3,3,3,3,3,3,3,3,3,3
2004,160012,1,1,0,0,0,0,0,0,0,0,0,0
2004,160013,1,1,0,0,0,0,0,0,0,0,0,0
2004,160013,2,1,0,0,0,0,0,0,0,0,0,0
2004,160014,1,1,0,0,0,0,0,0,0,0,0,0
2004,160015,1,1,29,29,29,29,29,29,29,29,29,29
2004,160016,1,1,0,0,0,0,0,0,0,0,0,0
2004,160016,2,1,0,0,0,0,0,0,0,0,0,0
2004,160017,0,1,0,0,0,0,0,0,0,0,0,0
2004,160017,1,1,0,0,0,0,0,30,0,0,0,0
2004,160018,1,1,0,0,0,0,0,0,0,0,0,0
2004,160018,2,1,0,0,0,0,0,0,0,0,0,0
2004,160019,1,1,0,0,0,0,0,0,0,0,0,0
2004,160020,1,1,0,0,0,0,0,0,0,0,0,0
2004,160020,2,1,0,0,0,0,0,0,0,0,0,0
2004,160021,1,1,0,0,0,0,0,0,0,0,0,0
2004,160021,2,1,0,0,0,0,0,0,0,0,0,0
2004,160022,1,1,0,0,0,0,0,0,0,0,0,0
2004,160023,0,1,0,0,0,0,0,0,0,0,0,0
2004,160023,1,1,10,10,10,10,10,10,10,10,10,10
2004,160024,1,1,0,0,0,0,0,0,0,0,0,0
2004,160025,1,1,0,0,0,0,0,0,0,0,0,0
2004,160026,0,1,11,11,11,11,11,11,11,11,11,11
2004,160026,1,1,0,0,0,0,0,0,0,0,0,0
2004,160027,1,1,4,12,6,0,0,0,16,0,0,0
2004,160027,2,1,0,0,0,0,0,0,0,0,0,0
2004,160028,1,1,6,0,0,0,0,0,0,4,0,0
2004,160028,2,1,0,0,0,0,0,0,0,0,0,0
2004,160029,1,1,26,26,26,26,26,26,26,26,26,26
2004,160030,1,1,16,16,16,16,16,16,16,16,16,16
2004,160031,1,1,0,0,0,0,0,0,0,0,0,0
2004,160032,1,1,0,0,0,0,0,0,0,0,0,0
2004,160033,0,1,8,8,8,8,8,8,8,8,8,8
2004,160033,1,1,0,0,0,0,0,0,0,0,0,0
2004,160034,1,1,0,0,0,0,0,0,0,0,0,0
2004,160034,2,1,0,0,0,0,0,0,0,0,0,0
2004,160035,1,1,0,0,0,0,0,0,0,0,0,0
2004,160036,1,1,0,0,0,0,0,0,0,0,0,0
2004,160036,2,1,0,0,0,0,0,0,0,0,0,0
2004,160037,1,1,10,10,10,10,10,10,10,10,10,10
2004,160037,2,1,0,0,0,0,0,0,0,0,0,0
2004,160038,1,1,22,22,22,22,22,22,22,22,22,22
2004,160039,1,1,0,0,0,0,0,0,0,0,0,0
2004,160040,1,1,0,0,0,0,0,0,0,0,0,0
2004,160040,2,1,0,0,0,0,0,0,0,0,0,0
2004,160041,1,1,0,0,0,0,0,0,0,0,0,0
2004,160042,1,1,0,0,0,0,0,0,0,0,0,0
2004,160043,1,1,0,0,0,0,0,0,0,0,0,0
2004,160043,2,1,0,0,0,0,0,0,0,0,0,0
2004,160044,1,1,0,0,0,0,0,0,0,0,0,0
2004,160045,1,1,18,18,18,18,18,18,18,18,18,18
2004,160045,2,1,0,0,0,0,0,0,0,0,0,0
2004,160046,1,1,0,0,0,0,0,0,0,0,0,0
2004,160046,2,1,0,0,0,0,0,0,0,0,0,0
2004,160047,1,1,0,0,0,0,0,0,0,0,0,0
2004,160047,2,1,0,0,0,0,0,0,0,0,0,0
2004,160048,1,1,0,0,0,0,0,0,0,0,0,0
2004,160049,0,1,0,0,0,0,0,0,0,0,0,0
2004,160049,1,1,0,0,0,0,0,0,0,0,0,0
2004,160050,1,1,0,0,0,0,0,0,0,0,0,0
2004,160050,2,1,0,0,0,0,0,0,0,0,0,0
2004,160050,3,1,0,0,0,0,0,0,0,0,0,0
2004,160051,1,1,21,21,21,21,21,21,21,21,21,21
2004,160052,1,1,0,0,0,0,17,0,0,0,0,0
2004,160053,1,1,0,0,0,16,0,8,0,0,0,0
2004,160053,2,1,0,0,0,0,0,0,0,0,0,0
2004,160053,3,1,0,0,0,0,0,0,0,0,0,0
2004,160054,1,1,23,23,23,23,23,23,23,23,23,23
2004,160055,1,1,0,0,0,0,0,0,0,0,0,0
2004,160056,0,1,0,0,0,0,0,0,0,0,0,0
2004,160056,1,1,0,0,0,0,0,0,0,0,0,0
2004,160057,1,1,8,8,8,8,8,8,8,8,8,8
2004,160058,1,1,18,18,18,18,18,18,18,18,18,18
2004,160058,2,1,0,0,3,0,0,0,0,0,0,0
2004,160059,0,1,19,19,19,19,19,19,19,19,19,19
2004,160059,1,1,10,10,10,10,10,10,10,10,10,10
2004,160060,1,1,13,0,0,0,0,0,0,0,0,0
2004,160061,1,1,0,0,0,0,0,0,0,0,0,0
2004,160062,1,1,12,12,12,12,12,12,12,12,12,12
2004,160062,2,1,0,0,0,0,0,0,0,0,0,0
2004,160063,1,1,0,0,0,0,0,0,0,0,0,0
2004,160064,1,1,0,0,0,0,0,0,0,0,0,0
2004,160064,2,1,0,0,0,0,0,0,0,0,0,0
2004,160065,1,1,0,0,0,0,0,0,0,0,0,0
2004,160065,2,1,0,0,0,0,0,0,0,0,0,0
2004,160066,1,1,0,0,0,0,0,0,0,0,0,0
2004,160066,2,1,0,0,0,0,0,0,0,0,0,0
2004,160066,3,1,0,0,0,0,0,0,0,0,0,0
2004,160066,4,1,0,0,0,0,0,0,0,0,0,0
2004,160067,1,1,0,0,0,0,0,0,0,0,0,0
2004,160067,2,1,0,0,0,0,0,0,0,0,0,0
2004,160068,1,1,11,11,11,11,11,11,11,11,11,11
2004,160069,1,1,0,0,0,0,0,0,12,20,0,0
2004,160070,1,1,0,0,0,0,0,0,0,0,0,0
2004,160071,1,1,14,14,14,14,14,14,14,14,14,14
2004,160072,1,1,16,16,16,16,16,16,16,16,16,16
2004,160072,2,1,2,2,2,2,2,2,2,2,2,2
2004,160073,1,1,0,25,0,0,16,0,0,0,0,0
2004,160074,1,1,0,0,0,0,0,0,0,0,0,0
2004,160074,2,1,0,0,0,0,0,0,0,0,0,0
2004,160075,1,1,0,0,0,0,0,0,0,0,0,0
2004,160076,1,1,0,0,0,0,0,0,0,0,0,0
2004,160077,1,1,0,0,0,0,0,0,0,0,0,0
2004,160077,2,1,0,0,0,0,0,0,0,0,0,0
2004,160078,1,1,29,29,29,29,29,29,29,29,29,29
2004,160079,1,1,0,0,0,0,0,0,0,0,0,8
2004,160080,1,1,0,0,0,0,0,0,0,0,0,0
2004,160080,2,1,0,0,0,0,0,0,0,0,0,0
2004,160081,1,1,0,0,0,0,0,0,0,0,0,0
2004,160081,2,1,0,0,0,0,0,0,0,0,0,0
2004,160082,1,1,21,21,21,21,21,21,21,21,21,21
2004,160083,1,1,22,22,22,22,22,22,22,22,22,22
2004,160084,1,1,0,0,0,0,0,0,0,0,0,0
2004,160085,1,1,0,0,24,18,0,0,0,0,0,0
2004,160086,1,1,0,0,0,0,0,0,0,0,0,0
2004,160087,1,1,0,0,0,0,0,0,0,0,0,0
2004,160088,1,1,0,0,0,0,0,0,0,0,0,0
2004,160089,1,1,0,0,0,0,0,0,0,0,0,0
2004,160090,1,1,17,17,17,17,17,17,17,17,17,17
2004,160091,1,1,0,0,0,0,0,0,0,0,0,0
2004,160092,0,1,0,0,0,0,0,0,0,0,0,0
2004,160092,1,1,0,0,0,0,0,0,0,0,0,0
2004,160093,1,1,21,21,21,21,21,21,21,21,21,21
2004,160094,1,1,12,12,12,12,12,12,12,12,12,12
2004,160095,1,1,0,0,0,0,0,0,0,0,0,0
2004,160096,1,1,22,22,22,22,22,22,22,22,22,22
2004,160096,2,1,16,16,16,16,16,16,16,16,16,16
2004,160097,1,1,29,29,29,29,29,29,29,29,29,29
2004,160097,2,1,0,0,0,0,0,0,0,0,0,0
2004,160097,3,1,11,0,3,0,0,0,0,0,0,0
2004,160098,0,1,0,0,0,0,0,0,0,0,0,0
2004,160098,1,1,0,0,0,0,0,0,0,0,0,0
2004,160099,1,1,0,0,0,0,0,0,0,0,0,0
2004,160099,2,1,0,0,0,0,0,0,0,0,0,0
2004,160100,1,1,0,0,0,0,0,0,0,0,0,0
2004,160101,1,1,0,0,0,0,0,0,0,0,0,8
2004,160102,1,1,0,0,0,0,0,0,0,0,0,0
2004,160102,2,1,0,0,0,0,0,0,0,0,0,0
2004,160103,0,1,0,20,0,0,0,0,0,0,11,0
2004,160103,1,1,0,0,0,0,0,0,0,0,0,0
2004,160104,1,1,0,0,0,0,0,0,0,0,0,0
2004,160104,2,1,0,0,0,0,0,0,0,0,0,0
2004,160105,1,1,14,14,14,14,14,14,14,14,14,14
2004,160106,1,1,0,0,0,0,0,0,0,0,0,0
2004,160107,1,1,0,0,0,0,0,0,0,0,0,0
2004,160108,1,1,0,0,0,0,0,0,0,0,0,0
2004,160108,2,1,0,0,0,0,0,0,0,0,0,0
2004,160109,1,1,23,23,23,23,23,23,23,23,23,23
2004,160110,1,1,0,0,0,6,0,0,0,0,24,0
2004,160110,2,1,0,0,0,0,0,0,0,0,0,0
2004,160110,3,1,0,0,0,0,0,0,0,0,0,0
2004,160111,1,1,0,0,0,0,0,0,0,0,0,0
2004,160111,2,1,0,0,0,0,0,0,0,0,0,0
2004,160112,1,1,11,11,11,11,11,11,11,11,11,11
2004,160112,2,1,0,0,0,0,0,0,0,0,0,0
2004,160113,1,1,0,0,0,0,0,12,0,15,0,0
2004,160114,1,1,0,20,0,23,0,0,0,0,0,0
2004,160114,2,1,0,0,0,0,0,0,0,0,0,0
2004,160115,1,1,12,12,12,12,12,12,12,12,12,12
2004,160116,1,1,18,18,18,18,18,18,18,18,18,18
2004,160117,1,1,8,8,8,8,8,8,8,8,8,8
2004,160118,1,1,0,0,0,0,0,0,0,0,0,0
2004,160118,2,1,0,0,0,0,0,0,0,0,0,0
2004,160118,3,1,0,0,0,0,0,0,0,17,0,0
2004,160119,1,1,0,0,0,0,0,0,0,0,0,0
2004,160120,1,1,0,0,0,0,0,0,0,0,0,0
2004,160120,2,1,0,0,0,0,11,0,0,0,0,0
2004,160121,1,1,0,0,0,0,0,0,0,0,0,0
2004,160121,2,1,0,0,0,0,0,0,0,0,0,0
2004,160122,0,1,0,0,0,0,0,0,0,0,0,0
2004,160122,1,1,0,0,0,0,0,0,0,0,0,0
2004,160123,1,1,0,0,0,0,0,0,0,0,0,0
2004,160124,1,1,20,16,19,26,20,27,20,37,18,21
2004,160125,1,1,0,0,0,0,0,0,0,0,0,0
2004,160126,1,1,0,0,0,0,0,0,0,0,0,0
2004,160127,1,1,11,11,11,11,11,11,11,11,11,11
2004,160128,1,1,0,0,0,0,0,0,0,0,0,0
2004,160128,2,1,0,0,0,0,0,0,0,0,0,0
2004,160129,0,1,0,0,0,0,0,0,0,0,0,0
2004,160129,1,1,0,0,0,0,0,0,0,0,0,0
2004,160130,1,1,0,0,0,0,0,4,0,0,0,0
2004,160130,2,1,0,0,0,0,0,0,0,0,0,0
2004,160131,1,1,2,20,24,4,21,18,0,9,11,7
2004,160132,1,1,0,0,8,0,0,16,30,16,0,0
2004,160133,1,1,0,0,0,0,0,0,0,0,0,0
2004,160133,2,1,0,0,0,0,0,0,0,0,0,0
2004,160133,3,1,0,0,0,0,0,0,0,0,0,0
2004,160134,1,1,17,17,17,17,17,17,17,17,17,17
2004,160135,1,1,28,28,28,28,28,28,28,28,28,28
2004,160136,1,1,0,0,0,0,0,0,0,0,0,0
2004,160136,2,1,0,0,0,0,0,0,0,0,0,0
2004,160137,1,1,27,0,0,0,0,0,0,27,0,0
2004,160138,0,1,0,0,28,0,0,20,0,0,0,24
2004,160138,1,1,13,15,0,0,3,0,0,0,0,13
2004,160139,1,1,26,26,26,26,26,26,26,26,26,26
2004,160140,1,1,0,0,0,0,0,0,0,0,0,0
2004,160141,1,1,0,0,0,0,0,0,0,0,0,0
2004,160141,2,1,0,0,0,0,0,0,0,0,0,0
2004,160142,1,1,22,0,0,0,0,0,0,9,0,0
2004,160143,1,1,21,21,21,21,21,21,21,21,21,21
2004,160143,2,1,2,2,2,2,2,2,2,2,2,2
2004,160144,1,1,9,9,9,9,9,9,9,9,9,9
2004,160144,2,1,0,0,0,0,0,0,0,0,0,0
2004,160145,1,1,0,0,0,0,0,0,0,0,0,0
2004,160146,1,1,15,15,15,15,15,15,15,15,15,15
2004,160146,2,1,0,0,0,0,0,0,0,0,0,0
2004,160147,1,1,0,0,0,0,0,0,0,0,0,0
2004,160147,2,1,0,0,0,0,0,0,0,0,0,0
2004,160148,1,1,20,20,20,20,20,20,20,20,20,20
2004,160149,1,1,0,14,0,0,0,0,0,0,0,0
2004,160150,1,1,0,13,0,0,0,0,11,0,0,9
2004,160151,1,1,0,0,0,0,0,0,0,0,0,0
2004,160152,1,1,0,0,0,0,0,0,0,0,0,0
2004,160153,1,1,0,0,0,0,0,0,0,0,0,0
2004,160154,1,1,28,28,28,28,28,28,28,28,28,28
2004,160155,1,1,2,2,2,2,2,2,2,2,2,2
2004,160155,2,1,0,0,0,0,0,0,18,0,0,0
2004,160156,1,1,0,0,0,0,0,0,0,0,28,0
2004,160156,2,1,0,15,0,0,0,0,0,0,0,20
2004,160157,1,1,0,0,0,0,0,0,0,0,0,0
2004,160157,2,1,0,0,0,9,0,0,0,0,0,0
2004,160158,1,1,0,0,0,0,0,0,0,0,0,0
2004,160159,1,1,0,0,0,0,0,0,0,0,0,0
2004,160160,1,1,0,0,0,0,0,0,0,0,0,0
2004,160160,2,1,0,0,0,0,0,0,0,0,0,0
2004,160161,1,1,0,0,0,0,0,0,0,0,0,0
2004,160161,2,1,0,0,0,0,0,0,0,0,0,0
2004,160161,3,1,0,0,0,0,0,0,0,0,0,0
2004,160162,1,1,0,0,0,0,0,0,0,0,0,0
2004,160162,2,1,0,0,0,0,0,0,0,0,0,0
2004,160162,3,1,0,4,0,0,0,0,0,0,0,0
2004,160163,1,1,16,16,16,16,16,16,16,16,16,16
2004,160164,1,1,0,0,0,0,0,0,0,0,0,0
2004,160165,1,1,22,0,0,0,0,0,0,0,0,0
2004,160165,2,1,0,0,0,0,0,0,0,0,0,0
2004,160166,1,1,1,1,1,1,1,1,1,1,1,1
2004,160167,1,1,23,23,23,23,23,23,23,23,23,23
2004,160168,1,1,0,0,0,0,0,0,0,0,0,0
2004,160168,2,1,0,0,0,0,0,0,0,0,0,0
2004,160169,1,1,0,0,0,0,0,0,0,0,0,0
2004,160169,2,1,0,0,0,0,0,0,0,0,0,0
2004,160169,3,1,0,13,0,0,0,0,0,0,0,0
2004,160170,1,1,0,0,0,0,0,21,0,0,14,0
2004,160171,1,1,0,0,0,0,0,0,0,0,0,0
2004,160172,1,1,13,0,0,0,0,0,0,0,0,0
2004,160172,2,1,0,0,0,0,0,0,0,0,0,0
2004,160173,1,1,0,0,0,0,0,0,0,0,0,0
2004,160173,2,1,0,0,0,0,0,0,0,0,0,0
2004,160173,3,1,0,0,0,0,0,0,0,0,0,0
2004,160173,4,1,0,0,0,0,11,0,0,0,0,0
2004,160174,1,1,0,0,0,0,0,0,0,0,0,0
2004,160175,1,1,0,0,0,0,0,0,0,0,0,0
2004,160176,1,1,11,0,0,0,14,0,20,0,0,12
2004,160177,1,1,0,0,0,0,0,0,0,0,0,0
2004,160177,2,1,0,0,0,0,0,0,0,0,0,0
2004,160177,3,1,0,0,0,0,0,0,0,0,0,0
2004,160178,0,1,0,0,0,0,0,0,0,0,0,0
2004,160178,1,1,0,0,0,0,0,0,0,0,0,0
2004,160179,1,1,11,11,11,11,11,11,11,11,11,11
2004,160179,2,1,0,0,0,0,0,0,0,0,0,0
2004,160180,1,1,18,18,18,18,18,18,18,18,18,18
2004,160181,1,1,0,0,0,0,0,0,0,0,0,0
2004,160182,1,1,0,0,0,0,0,0,0,0,0,0
2004,160183,1,1,0,0,0,0,0,0,0,0,0,0
2004,160184,1,1,10,10,10,10,10,10,10,10,10,10
2004,160184,2,1,0,0,0,0,0,0,0,0,0,0
2004,160185,1,1,24,19,20,25,20,25,18,19,35,22
2004,160186,1,1,0,0,0,0,0,0,0,0,0,0
2004,160186,2,1,7,7,7,7,7,7,7,7,7,7
2004,160187,1,1,0,0,0,0,0,0,0,0,0,0
2004,160188,1,1,0,0,0,0,0,0,0,0,0,0
2004,160188,2,1,17,17,17,17,17,17,17,17,17,17