YEAR,ST_CASE,veh_no,per_no,P1,P2,P3,P4,P5,P6,P7,P8,P9,P10
2004,160188,3,1,13,13,13,13,13,13,13,13,13,13
2004,160189,1,1,17,17,17,17,17,17,17,17,17,17
2004,160190,1,1,7,7,7,7,7,7,7,7,7,7
2004,160191,1,1,0,0,0,0,0,0,0,0,0,0
2004,160191,2,1,0,0,0,0,0,0,0,0,0,0
2004,160192,1,1,20,25,22,10,34,11,42,20,7,9
2004,160193,1,1,0,0,0,0,0,0,0,0,0,0
2004,160194,1,1,0,0,0,0,0,0,0,0,0,0
2004,160194,2,1,0,0,0,0,0,0,0,0,0,0
2004,160195,1,1,18,18,18,18,18,18,18,18,18,18
2004,160196,1,1,0,0,0,0,0,0,0,0,0,0
2004,160197,1,1,3,3,3,3,3,3,3,3,3,3
2004,160198,0,1,15,15,15,15,15,15,15,15,15,15
2004,160198,1,1,0,0,16,0,0,0,0,0,0,0
2004,160199,1,1,0,0,0,0,0,0,0,0,0,0
2004,160199,2,1,0,0,0,0,0,0,0,0,0,0
2004,160200,1,1,0,16,0,0,0,0,0,0,0,0
2004,160200,2,1,0,0,0,0,0,13,28,0,19,0
2004,160201,1,1,24,24,24,24,24,24,24,24,24,24
2004,160202,1,1,0,0,0,0,0,0,0,0,0,0
2004,160202,2,1,0,0,0,0,0,0,0,0,0,0
2004,160203,0,1,35,35,35,35,35,35,35,35,35,35
2004,160203,1,1,5,0,0,0,0,0,14,19,19,8
2004,160204,1,1,0,0,0,0,0,0,0,0,0,0
2004,160204,2,1,0,0,0,0,0,0,0,0,0,0
2004,160205,1,1,24,24,24,24,24,24,24,24,24,24
2004,160206,1,1,0,0,0,0,0,0,0,9,0,0
2004,160207,1,1,0,0,0,0,0,0,0,0,0,0
2004,160208,1,1,0,0,0,0,0,0,0,0,0,0
2004,160208,2,1,0,0,0,0,0,0,0,0,0,0
2004,160209,1,1,0,21,11,0,23,2,0,0,21,11
2004,160210,0,1,0,0,0,0,0,0,0,0,7,0
2004,160210,1,1,0,0,0,0,0,0,0,0,0,0
2004,160211,1,1,26,26,26,26,26,26,26,26,26,26
2004,160212,1,1,18,18,18,18,18,18,18,18,18,18
2004,160213,1,1,0,0,0,0,0,0,0,0,0,0
2004,160214,1,1,31,11,15,35,21,40,17,30,30,30
2004,160215,1,1,0,0,0,0,0,0,0,0,0,0
2004,160215,2,1,0,0,0,0,0,0,0,0,0,0
2004,160216,1,1,0,0,0,0,0,0,0,0,0,0
2004,160217,0,1,0,0,0,0,0,0,0,0,0,0
2004,160217,1,1,0,0,0,0,0,0,0,0,0,0
2004,160218,1,1,3,3,3,3,3,3,3,3,3,3
2004,160218,2,1,0,0,0,0,0,0,0,0,0,0
2004,160219,1,1,0,0,0,0,0,0,0,0,0,15
2004,160220,1,1,0,0,0,0,0,0,0,0,0,0
2004,160220,2,1,0,0,0,0,0,0,0,0,0,0
2004,160221,1,1,0,0,0,0,0,0,0,0,0,0
2004,160222,0,1,34,16,26,13,12,9,25,18,37,0
2004,160222,1,1,0,0,0,0,0,0,0,0,15,0
2004,160223,1,1,0,0,0,0,0,0,0,0,0,0
2004,160224,1,1,0,0,0,0,0,0,0,0,0,0
2004,160225,1,1,5,5,5,5,5,5,5,5,5,5
2004,160226,1,1,0,0,0,0,0,0,0,0,0,0
2004,160226,2,1,0,0,0,0,0,0,0,0,0,0
2004,160227,0,1,0,0,0,0,0,0,0,0,0,0
2004,160227,1,1,0,0,0,0,0,0,0,0,0,0
2004,160228,1,1,0,0,0,0,0,0,0,0,0,0
2004,160229,1,1,27,27,27,27,27,27,27,27,27,27
2004,160230,1,1,0,0,0,0,8,0,0,0,0,0
2004,160230,2,1,0,0,0,0,0,0,0,0,0,0
2004,160231,1,1,0,0,0,0,0,0,0,0,0,0
2004,160232,1,1,0,0,0,0,0,0,0,0,0,0
2004,160232,2,1,0,0,0,0,0,0,0,0,0,0
2004,160233,1,1,0,0,0,0,0,0,0,0,0,0
2004,160234,1,1,0,0,0,0,0,0,0,0,0,0
2004,160235,1,1,23,23,23,23,23,23,23,23,23,23
2004,160236,0,1,0,0,0,0,0,0,0,0,0,0
2004,160236,1,1,0,0,0,0,0,0,0,0,0,0
2004,160237,1,1,14,14,14,14,14,14,14,14,14,14
2004,160238,1,1,20,20,20,20,20,20,20,20,20,20
2004,160239,1,1,0,0,0,0,0,0,0,0,0,0
2004,160239,2,1,0,0,0,0,0,0,0,0,0,0
2004,160239,3,1,0,0,0,0,0,0,0,0,0,0
2004,160240,1,1,0,0,0,0,0,0,0,0,0,0
2004,170001,1,1,0,0,0,0,0,0,0,0,0,0
2004,170002,0,1,8,8,8,8,8,8,8,8,8,8
2004,170002,1,1,0,0,0,0,0,0,0,0,0,0
2004,170003,1,1,40,40,40,40,40,40,40,40,40,40
2004,170004,1,1,13,13,13,13,13,13,13,13,13,13
2004,170005,1,1,4,4,4,4,4,4,4,4,4,4
2004,170005,2,1,0,0,0,0,0,0,0,0,0,0
2004,170006,1,1,14,14,14,14,14,14,14,14,14,14
2004,170007,1,1,10,10,10,10,10,10,10,10,10,10
2004,170008,1,1,12,12,12,12,12,12,12,12,12,12
2004,170008,2,1,0,0,0,14,0,0,0,0,0,0
2004,170009,0,1,0,0,0,0,0,0,0,0,0,0
2004,170009,1,1,0,0,0,0,0,0,0,0,0,0
2004,170010,1,1,0,0,0,0,0,0,0,0,3,0
2004,170010,2,1,0,0,0,0,0,0,0,0,0,0
2004,170011,1,1,0,0,0,0,0,0,0,0,0,0
2004,170011,2,1,0,0,0,0,0,0,0,0,0,0
2004,170012,1,1,0,0,0,0,0,0,0,0,0,0
2004,170012,2,1,0,0,0,0,0,0,0,0,0,0
2004,170013,1,1,0,0,0,0,0,0,0,0,0,0
2004,170013,2,1,0,0,0,0,0,0,0,0,0,0
2004,170014,1,1,0,0,0,0,0,0,0,0,4,0
2004,170015,1,1,0,0,0,0,0,0,0,0,0,0
2004,170016,0,1,0,0,0,0,0,0,0,0,0,0
2004,170016,1,1,0,0,0,0,0,0,0,0,20,0
2004,170017,1,1,0,0,0,0,0,0,0,0,0,0
2004,170018,1,1,0,0,0,0,0,0,0,0,0,0
2004,170018,2,1,0,0,0,0,0,13,0,0,0,0
2004,170019,1,1,0,0,0,0,0,0,0,0,0,0
2004,170019,2,1,0,0,7,0,0,0,0,0,27,0
2004,170020,1,1,0,0,0,0,0,0,0,0,0,0
2004,170021,1,1,0,0,0,0,0,0,0,0,0,0
2004,170021,2,1,0,0,0,0,0,0,0,0,0,0
2004,170022,1,1,0,0,0,0,0,0,0,0,0,0
2004,170023,1,1,0,0,0,0,0,0,0,0,0,0
2004,170024,1,1,0,0,0,0,0,0,0,0,0,0
2004,170025,1,1,22,22,22,22,22,22,22,22,22,22
2004,170026,1,1,23,23,23,23,23,23,23,23,23,23
2004,170027,1,1,0,13,0,0,0,0,0,0,0,0
2004,170027,2,1,0,0,0,0,0,0,0,0,0,0
2004,170028,0,1,0,0,0,0,0,0,0,0,0,0
2004,170028,1,1,0,0,0,0,18,0,0,0,0,0
2004,170029,0,1,35,35,35,35,35,35,35,35,35,35
2004,170029,1,1,24,0,0,0,0,0,0,0,0,0
2004,170030,1,1,0,0,0,0,0,0,0,0,0,0
2004,170030,2,1,0,0,0,0,0,0,0,0,0,0
2004,170030,3,1,0,0,0,15,0,0,0,0,0,0
2004,170031,1,1,0,0,0,0,0,0,0,0,0,0
2004,170031,2,1,0,0,0,0,0,0,0,0,0,0
2004,170032,1,1,0,0,0,0,0,0,0,0,0,0
2004,170033,1,1,16,16,16,16,16,16,16,16,16,16
2004,170034,1,1,12,12,12,12,12,12,12,12,12,12
2004,170035,1,1,0,0,0,0,0,0,0,0,0,0
2004,170035,2,1,0,0,0,0,0,0,0,0,0,0
2004,170036,1,1,28,28,28,28,28,28,28,28,28,28
2004,170037,1,1,16,16,16,16,16,16,16,16,16,16
2004,170038,1,1,0,0,0,0,0,0,0,0,0,0
2004,170039,0,1,0,0,0,0,0,0,0,0,0,27
2004,170039,1,1,0,0,0,0,0,0,0,0,0,0
2004,170040,0,1,25,25,25,25,25,25,25,25,25,25
2004,170040,1,1,0,0,12,0,0,0,0,0,0,0
2004,170041,1,1,0,0,0,0,0,0,0,0,0,0
2004,170041,2,1,0,0,0,0,0,0,0,8,0,0
2004,170042,1,1,0,0,0,0,0,0,0,0,0,0
2004,170043,1,1,0,0,0,0,0,0,0,0,0,0
2004,170044,1,1,24,24,24,24,24,24,24,24,24,24
2004,170045,0,1,0,0,0,0,0,0,0,0,0,0
2004,170045,1,1,0,0,0,0,0,0,0,0,0,0
2004,170046,0,1,0,0,0,0,0,0,0,0,0,0
2004,170046,1,1,0,0,0,0,0,0,0,0,0,0
2004,170047,1,1,0,0,0,0,0,0,0,0,0,0
2004,170048,1,1,0,0,0,0,0,0,0,0,10,0
2004,170048,2,1,0,0,0,0,15,0,6,0,0,0
2004,170048,3,1,0,7,0,0,0,0,10,0,0,19
2004,170048,4,1,0,0,0,0,0,0,0,0,0,0
2004,170048,5,1,0,0,0,0,0,0,0,0,0,0
2004,170049,1,1,0,0,0,0,0,0,0,0,0,0
2004,170049,2,1,0,0,0,6,0,0,0,0,0,0
2004,170050,1,1,0,0,0,0,0,0,0,0,0,0
2004,170051,1,1,11,11,11,11,11,11,11,11,11,11
2004,170052,1,1,15,15,15,15,15,15,15,15,15,15
2004,170053,1,1,14,14,14,14,14,14,14,14,14,14
2004,170053,2,1,0,0,0,0,0,0,0,0,0,0
2004,170054,1,1,26,26,26,26,26,26,26,26,26,26
2004,170055,1,1,5,5,5,5,5,5,5,5,5,5
2004,170056,1,1,11,11,11,11,11,11,11,11,11,11
2004,170057,1,1,23,23,23,23,23,23,23,23,23,23
2004,170058,0,1,0,0,0,0,0,0,0,0,0,0
2004,170058,1,1,30,0,0,0,0,0,0,0,15,0
2004,170059,1,1,0,0,0,0,0,0,0,0,0,0
2004,170060,1,1,0,0,0,0,0,0,0,0,0,0
2004,170060,2,1,0,0,0,0,0,0,0,15,0,0
2004,170061,1,1,0,0,0,0,0,0,0,0,0,0
2004,170062,0,1,20,20,20,20,20,20,20,20,20,20
2004,170062,1,1,0,30,0,0,0,0,0,0,0,0
2004,170063,1,1,0,0,0,0,0,0,0,0,0,0
2004,170063,2,1,0,0,0,0,0,0,0,0,0,0
2004,170064,1,1,0,0,0,0,0,0,0,0,0,0
2004,170064,2,1,0,0,0,0,0,0,0,0,0,0
2004,170065,1,1,16,16,16,16,16,16,16,16,16,16
2004,170066,1,1,0,0,0,0,0,0,0,0,0,0
2004,170066,2,1,0,0,0,0,0,0,0,0,0,0
2004,170067,1,1,0,0,0,0,0,0,0,0,0,0
2004,170068,0,1,0,0,0,0,0,0,0,0,0,0
2004,170068,1,1,0,0,0,0,0,0,0,0,0,0
2004,170069,1,1,47,0,13,23,0,21,0,37,28,18
2004,170070,1,1,0,0,0,0,0,0,0,0,0,0
2004,170070,2,1,0,0,0,0,0,0,0,0,0,0
2004,170070,3,1,0,0,0,0,0,0,0,0,0,0
2004,170071,1,1,0,0,0,0,0,0,0,0,0,0
2004,170071,2,1,0,0,0,0,0,0,0,0,0,0
2004,170072,1,1,0,16,0,20,0,0,0,0,0,0
2004,170073,1,1,0,0,0,0,0,0,0,0,0,0
2004,170074,0,1,16,16,16,16,16,16,16,16,16,16
2004,170074,1,1,0,0,0,0,0,0,0,0,0,0
2004,170075,1,1,5,5,5,5,5,5,5,5,5,5
2004,170076,1,1,0,0,0,0,0,0,0,0,0,0
2004,170077,0,1,0,0,0,0,0,0,0,5,0,0
2004,170077,1,1,0,0,0,0,0,0,0,0,0,0
2004,170078,1,1,0,0,0,0,0,0,0,0,0,0
2004,170078,2,1,0,0,0,0,0,0,0,0,0,0
2004,170079,1,1,0,0,0,0,0,0,0,0,0,0
2004,170079,2,1,0,0,0,0,0,0,0,0,0,0
2004,170080,1,1,0,0,0,0,0,0,0,0,0,0
2004,170081,1,1,0,14,0,9,0,24,20,18,25,18
2004,170082,1,1,0,0,0,0,0,0,0,0,0,0
2004,170083,1,1,23,23,23,23,23,23,23,23,23,23
2004,170083,2,1,0,0,0,0,0,0,0,0,0,0
2004,170084,0,1,0,0,0,0,0,0,0,0,0,0
2004,170084,1,1,10,10,10,10,10,10,10,10,10,10
2004,170085,0,1,0,0,12,0,0,0,0,0,0,0
2004,170085,1,1,18,0,0,0,0,0,25,0,0,0
2004,170086,1,1,16,6,25,0,0,0,5,0,0,0
2004,170086,2,1,0,0,0,0,0,0,0,0,0,0
2004,170086,3,1,0,0,0,0,0,0,0,0,0,0
2004,170087,1,1,0,0,0,0,0,0,0,0,0,0
2004,170087,2,1,0,0,0,0,0,0,0,0,0,0
2004,170088,1,1,0,0,0,0,0,0,0,0,0,0
2004,170088,2,1,0,0,0,0,0,0,0,0,0,0
2004,170089,1,1,0,0,0,0,0,0,0,0,0,0
2004,170089,2,1,0,0,0,0,0,0,0,0,0,0
2004,170089,3,1,0,0,0,0,0,0,15,0,0,0
2004,170090,1,1,0,0,0,0,0,0,0,0,0,0
2004,170090,2,1,0,0,0,0,0,0,0,0,0,0
2004,170090,3,1,0,0,0,0,0,0,0,0,0,0
2004,170090,4,1,0,0,0,0,0,0,0,0,0,0
2004,170091,1,1,11,11,11,11,11,11,11,11,11,11
2004,170091,2,1,16,0,0,0,4,7,0,0,0,0
2004,170092,1,1,0,0,0,0,0,0,0,0,0,0
2004,170092,2,1,21,21,21,21,21,21,21,21,21,21
2004,170093,1,1,21,21,21,21,21,21,21,21,21,21
2004,170093,2,1,0,0,0,0,0,25,0,0,0,0
2004,170094,1,1,0,0,8,0,0,0,0,0,0,0
2004,170094,2,1,15,0,0,0,0,0,0,0,0,0
2004,170095,0,1,21,21,21,21,21,21,21,21,21,21
2004,170095,1,1,7,7,7,7,7,7,7,7,7,7
2004,170096,1,1,24,24,24,24,24,24,24,24,24,24
2004,170097,1,1,0,0,0,0,0,0,0,0,0,0
2004,170098,1,1,0,0,0,0,0,0,0,0,0,0
2004,170098,2,1,0,0,0,0,0,0,0,0,3,0
2004,170098,3,1,0,0,0,0,0,0,0,0,0,0
2004,170099,1,1,1,1,1,1,1,1,1,1,1,1
2004,170099,2,1,0,0,0,0,0,0,0,0,0,0
2004,170100,1,1,3,3,3,3,3,3,3,3,3,3
2004,170101,1,1,0,0,0,0,0,0,0,0,0,0
2004,170101,2,1,0,0,0,0,0,0,0,0,0,0
2004,170102,1,1,0,0,0,0,0,0,0,0,0,0
2004,170103,1,1,0,0,0,0,0,0,0,0,0,0
2004,170103,2,1,0,0,0,0,0,0,0,0,0,0
2004,170104,1,1,3,3,3,3,3,3,3,3,3,3
2004,170104,2,1,0,0,0,0,0,0,0,0,0,0
2004,170105,1,1,0,0,0,0,0,0,0,0,0,0
2004,170105,2,1,0,0,0,0,0,0,0,0,0,0
2004,170106,0,1,11,11,11,11,11,11,11,11,11,11
2004,170106,0,2,18,0,0,20,30,0,0,0,0,38
2004,170106,1,1,13,13,13,13,13,13,13,13,13,13
2004,170107,1,1,10,10,10,10,10,10,10,10,10,10
2004,170108,0,1,0,0,0,0,0,0,0,0,0,0
2004,170108,0,2,0,0,0,0,0,0,0,0,0,0
2004,170108,1,1,0,0,0,0,0,0,0,0,0,0
2004,170109,1,1,22,22,22,22,22,22,22,22,22,22
2004,170109,2,1,16,25,14,11,10,0,19,0,7,8
2004,170110,1,1,0,0,0,0,0,0,0,0,0,0
2004,170111,1,1,0,0,0,0,0,0,0,0,0,0
2004,170111,2,1,0,0,0,0,0,0,0,0,0,0
2004,170112,1,1,0,0,0,0,0,0,0,0,0,0
2004,170112,2,1,0,0,0,0,0,0,0,0,0,0
2004,170113,1,1,13,13,13,13,13,13,13,13,13,13
2004,170114,1,1,0,0,0,0,0,0,0,0,0,0
2004,170114,2,1,0,0,0,0,0,0,0,0,0,0
2004,170115,1,1,17,17,17,17,17,17,17,17,17,17
2004,170116,1,1,0,0,0,0,0,0,0,0,0,0
2004,170116,2,1,0,0,0,0,0,0,0,0,0,0
2004,170117,1,1,15,15,15,15,15,15,15,15,15,15
2004,170118,1,1,3,3,3,3,3,3,3,3,3,3
2004,170119,1,1,18,18,18,18,18,18,18,18,18,18
2004,170120,1,1,0,0,0,0,0,0,0,0,0,0
2004,170120,2,1,0,0,0,0,0,0,0,0,0,0
2004,170121,0,1,0,0,0,0,0,0,0,0,0,0
2004,170121,1,1,3,3,3,3,3,3,3,3,3,3
2004,170121,2,1,14,14,14,14,14,14,14,14,14,14
2004,170122,1,1,0,0,0,0,0,0,0,0,0,0
2004,170123,1,1,0,0,0,0,0,0,0,0,0,0
2004,170123,2,1,21,13,0,0,0,0,0,10,0,0
2004,170124,1,1,0,0,0,0,0,0,0,0,0,0
2004,170125,1,1,6,6,8,22,12,26,7,1,17,11
2004,170126,1,1,24,24,24,24,24,24,24,24,24,24
2004,170127,1,1,14,14,14,14,14,14,14,14,14,14
2004,170127,2,1,0,0,0,0,0,0,0,0,0,0
2004,170128,1,1,27,27,27,27,27,27,27,27,27,27
2004,170129,1,1,0,0,0,0,0,0,0,0,0,0
2004,170129,2,1,0,0,0,0,0,0,0,0,0,0
2004,170130,1,1,0,0,0,0,0,0,0,0,0,0
2004,170130,2,1,0,0,0,0,0,0,0,0,0,0
2004,170131,0,1,29,29,29,29,29,29,29,29,29,29
2004,170131,1,1,0,0,0,0,0,0,0,0,0,0
2004,170132,1,1,0,9,0,0,0,0,0,0,13,0
2004,170132,2,1,0,0,0,0,0,0,0,0,0,0
2004,170133,0,1,0,0,0,0,0,0,0,0,0,0
2004,170133,1,1,14,14,14,14,14,14,14,14,14,14
2004,170134,1,1,19,19,19,19,19,19,19,19,19,19
2004,170135,1,1,3,3,3,3,3,3,3,3,3,3
2004,170135,2,1,0,0,0,0,0,0,0,0,0,0
2004,170136,1,1,22,22,22,22,22,22,22,22,22,22
2004,170136,2,1,17,17,17,17,17,17,17,17,17,17
2004,170137,1,1,0,0,0,0,0,0,0,0,0,0
2004,170137,2,1,0,0,0,0,0,0,0,0,0,0
2004,170138,1,1,0,0,0,0,0,0,0,0,0,0
2004,170139,1,1,20,20,20,20,20,20,20,20,20,20
2004,170140,1,1,9,9,9,9,9,9,9,9,9,9
2004,170141,1,1,0,0,0,0,0,0,0,0,0,0
2004,170141,2,1,0,0,0,0,0,0,0,0,0,0
2004,170142,1,1,16,16,16,16,16,16,16,16,16,16
2004,170143,1,1,0,0,0,0,0,0,0,0,0,0
2004,170143,2,1,0,0,0,0,0,0,0,0,0,0
2004,170144,1,1,0,0,0,0,0,0,0,0,0,0
2004,170145,0,1,29,29,29,29,29,29,29,29,29,29
2004,170145,1,1,0,0,0,26,0,0,19,0,0,0
2004,170146,1,1,0,0,0,0,0,0,0,0,0,0
2004,170146,2,1,0,0,0,0,0,0,0,0,0,0
2004,170147,1,1,0,0,0,0,0,0,0,0,0,0
2004,170147,2,1,0,0,0,0,0,0,0,0,0,0
2004,170148,1,1,0,0,0,0,0,0,0,0,0,0
2004,170148,2,1,0,0,0,0,0,0,0,0,0,0
2004,170149,1,1,0,0,0,0,0,0,0,0,0,0
2004,170149,2,1,0,0,0,0,0,0,0,0,0,0
2004,170150,1,1,14,14,14,14,14,14,14,14,14,14
2004,170151,1,1,0,0,0,0,0,0,0,0,0,0
2004,170151,2,1,0,0,0,0,0,0,0,0,0,0
2004,170151,3,1,0,0,0,0,0,0,0,0,0,0
2004,170152,1,1,0,0,0,0,0,16,0,0,0,0
2004,170152,2,1,0,0,0,0,0,0,0,0,0,0
2004,170153,1,1,0,0,0,0,0,0,0,0,0,0
2004,170153,2,1,0,0,0,0,0,0,0,0,0,0
2004,170154,1,1,3,3,3,3,3,3,3,3,3,3
2004,170154,2,1,0,0,0,0,0,0,0,0,0,0
2004,170155,1,1,0,0,0,0,0,0,0,0,0,0
2004,170155,2,1,0,0,0,0,0,0,0,24,0,0
2004,170156,1,1,0,0,0,0,0,0,0,0,0,0
2004,170156,2,1,0,0,0,0,0,0,0,0,0,0
2004,170156,3,1,0,0,0,0,0,0,0,0,0,0
2004,170157,1,1,18,18,18,18,18,18,18,18,18,18
2004,170158,1,1,0,0,0,0,0,0,0,0,0,0
2004,170159,1,1,0,0,0,0,0,0,0,0,0,0
2004,170160,1,1,0,0,0,0,0,0,0,10,29,0
2004,170160,2,1,0,0,0,0,0,0,0,0,0,0
2004,170161,1,1,19,0,11,0,14,0,0,5,19,30
2004,170161,2,1,0,0,0,0,0,0,0,0,0,0
2004,170162,1,1,0,0,0,0,0,0,0,0,0,0
2004,170163,1,1,0,0,0,0,0,0,0,0,0,0
2004,170163,2,1,0,0,0,0,0,0,0,0,0,0
2004,170164,0,1,0,0,0,0,0,0,0,0,0,0
2004,170164,1,1,0,0,0,0,0,0,0,0,0,0
2004,170165,1,1,4,0,11,0,25,0,23,21,0,0
2004,170166,0,1,0,0,0,0,0,0,0,0,0,0
2004,170166,1,1,0,0,0,0,0,0,0,0,0,0
2004,170167,1,1,6,6,6,6,6,6,6,6,6,6
2004,170167,2,1,0,0,0,0,0,0,0,0,0,0
2004,170168,1,1,22,22,22,22,22,22,22,22,22,22
2004,170168,2,1,0,0,0,0,0,0,0,0,0,0
2004,170169,1,1,0,0,0,0,0,0,0,0,0,0
2004,170169,2,1,0,0,0,0,0,0,0,0,0,0
2004,170169,3,1,0,0,0,0,0,0,0,0,0,0
2004,170170,1,1,16,16,16,16,16,16,16,16,16,16
2004,170170,2,1,0,0,0,0,0,0,0,0,0,0
2004,170171,1,1,32,12,27,15,13,13,21,11,0,23
2004,170172,1,1,0,0,0,0,0,0,0,0,0,0
2004,170172,2,1,0,0,0,0,0,0,0,0,0,0
2004,170173,1,1,0,0,0,0,0,0,0,0,0,0
2004,170173,2,1,0,8,0,0,8,0,0,0,0,0
2004,170174,1,1,0,0,0,0,0,0,0,0,0,0
2004,170175,1,1,22,22,22,22,22,22,22,22,22,22
2004,170175,2,1,0,0,0,0,0,0,0,0,0,0
2004,170175,3,1,0,0,0,0,0,8,0,0,0,0
2004,170176,1,1,22,22,22,22,22,22,22,22,22,22
2004,170177,0,1,18,18,18,18,18,18,18,18,18,18
2004,170177,1,1,0,0,0,0,0,0,0,0,0,0
2004,170178,1,1,22,22,22,22,22,22,22,22,22,22
2004,170179,0,1,31,31,31,31,31,31,31,31,31,31
2004,170179,1,1,0,0,0,0,0,0,0,0,0,0
2004,170179,2,1,0,0,0,0,0,0,0,0,0,0
2004,170180,1,1,0,0,0,0,0,0,0,0,0,0
2004,170180,2,1,0,0,0,0,0,0,0,0,0,0
2004,170181,1,1,0,0,0,0,0,0,0,0,0,0
2004,170181,2,1,0,0,0,0,0,0,0,0,0,0
2004,170182,1,1,13,13,13,13,13,13,13,13,13,13
2004,170182,2,1,15,15,15,15,15,15,15,15,15,15
2004,170183,1,1,0,0,0,0,0,0,0,0,0,0
2004,170183,2,1,0,0,0,0,0,0,0,0,0,0
2004,170184,1,1,1,1,1,1,1,1,1,1,1,1
2004,170184,2,1,0,0,0,0,0,0,0,0,0,0
2004,170185,1,1,0,0,0,0,0,0,0,0,0,0
2004,170185,2,1,0,0,0,0,0,0,0,0,0,0
2004,170186,1,1,0,0,0,0,0,0,0,0,0,0
2004,170186,2,1,0,0,0,0,0,0,0,0,0,0
2004,170186,3,1,0,0,0,0,0,0,0,0,0,0
2004,170187,0,1,32,0,0,0,9,0,0,0,0,0
2004,170187,1,1,0,0,0,0,0,0,0,19,0,0
2004,170188,1,1,0,0,0,0,0,0,0,0,0,0
2004,170188,2,1,0,0,0,0,0,0,0,19,0,11
2004,170189,1,1,0,0,0,0,0,0,0,0,0,0
2004,170189,2,1,0,0,0,30,0,0,0,0,0,0
2004,170190,1,1,0,0,0,0,0,0,0,0,0,0
2004,170190,2,1,0,0,0,0,0,0,0,0,0,0
2004,170191,1,1,5,5,5,5,5,5,5,5,5,5
2004,170191,2,1,0,0,0,0,0,0,0,0,0,0
2004,170192,1,1,0,0,0,0,0,0,15,0,18,36
2004,170193,1,1,0,0,0,0,0,0,0,18,0,0
2004,170193,2,1,0,0,0,0,0,0,0,0,0,0
2004,170194,1,1,21,21,21,21,21,21,21,21,21,21
2004,170195,1,1,0,0,0,0,0,0,0,0,0,0
2004,170196,1,1,3,3,3,3,3,3,3,3,3,3
2004,170197,1,1,0,0,0,0,0,0,0,0,0,0
2004,170197,2,1,0,0,0,0,0,0,0,0,0,0
2004,170198,1,1,18,18,18,18,18,18,18,18,18,18
2004,170199,1,1,0,0,0,15,0,0,0,0,28,0
2004,170199,2,1,0,0,0,0,4,0,0,0,0,0
2004,170200,0,1,0,0,0,0,0,0,0,0,0,0
2004,170200,1,1,0,0,0,0,0,0,0,0,0,0
2004,170201,1,1,0,0,0,0,0,0,0,0,0,0
2004,170201,2,1,0,0,0,0,0,0,0,0,0,0
2004,170202,1,1,20,20,20,20,20,20,20,20,20,20
2004,170203,1,1,0,0,0,0,0,0,0,0,0,0
2004,170203,2,1,0,0,0,0,0,0,0,0,0,0
2004,170204,1,1,0,0,0,0,0,0,0,0,0,0
2004,170205,1,1,0,0,0,0,0,0,0,0,0,0
2004,170206,1,1,7,7,7,7,7,7,7,7,7,7
2004,170207,1,1,0,0,0,14,0,0,0,0,0,0
2004,170207,2,1,0,0,0,0,0,0,0,0,0,0
2004,170208,1,1,22,22,22,22,22,22,22,22,22,22
2004,170209,1,1,27,27,27,27,27,27,27,27,27,27
2004,170209,2,1,0,0,0,0,0,0,0,0,0,0
2004,170210,1,1,0,0,0,0,0,0,0,0,0,0
2004,170210,2,1,0,0,0,4,0,0,0,0,0,0
2004,170211,1,1,11,11,11,11,11,11,11,11,11,11
2004,170211,2,1,0,0,0,0,0,0,0,0,0,0
2004,170212,1,1,0,0,0,0,0,0,0,0,0,0
2004,170213,1,1,9,9,9,9,9,9,9,9,9,9
2004,170213,2,1,0,0,0,0,18,5,0,0,0,0
2004,170214,1,1,0,19,9,0,0,18,0,18,0,18
2004,170215,0,1,0,0,0,0,0,0,20,0,0,19
2004,170215,1,1,0,0,0,0,0,0,0,0,0,0
2004,170216,0,1,0,0,20,0,0,23,15,0,0,0
2004,170216,1,1,0,0,0,0,0,0,0,0,0,0
2004,170217,0,1,0,0,0,0,0,0,0,0,0,0
2004,170217,1,1,0,0,0,0,0,0,0,0,0,0
2004,170218,1,1,19,19,19,19,19,19,19,19,19,19
2004,170219,0,1,36,36,36,36,36,36,36,36,36,36
2004,170219,1,1,0,0,0,0,17,0,0,0,0,0
2004,170220,1,1,21,21,21,21,21,21,21,21,21,21
2004,170220,2,1,0,0,0,0,0,0,0,0,0,0
2004,170221,1,1,0,0,0,0,0,0,0,0,0,0
2004,170221,2,1,0,0,0,0,0,0,0,0,0,0
2004,170222,1,1,0,0,0,0,0,0,0,0,0,0
2004,170222,2,1,0,0,0,0,0,0,0,0,0,0
2004,170223,0,1,13,13,13,13,13,13,13,13,13,13
2004,170223,1,1,0,0,0,0,0,0,0,0,0,0
2004,170224,1,1,0,0,0,0,0,0,0,0,0,0
2004,170224,2,1,0,0,0,0,0,0,0,0,0,0
2004,170224,3,1,0,0,0,0,0,0,0,0,0,0
2004,170225,1,1,14,14,14,14,14,14,14,14,14,14
2004,170226,1,1,0,0,0,0,0,0,0,0,0,0
2004,170227,1,1,16,16,16,16,16,16,16,16,16,16
2004,170228,1,1,35,35,35,35,35,35,35,35,35,35