YEAR,ST_CASE,veh_no,per_no,P1,P2,P3,P4,P5,P6,P7,P8,P9,P10
2004,170229,1,1,19,19,19,19,19,19,19,19,19,19
2004,170229,2,1,3,3,3,3,3,3,3,3,3,3
2004,170229,3,1,0,0,0,0,0,0,0,0,0,0
2004,170229,4,1,0,0,0,0,0,0,0,0,4,0
2004,170230,0,1,0,0,0,0,0,0,0,0,0,0
2004,170230,1,1,0,0,0,15,0,0,0,0,0,0
2004,170231,1,1,18,18,18,18,18,18,18,18,18,18
2004,170232,1,1,0,0,0,0,15,0,0,0,0,0
2004,170232,2,1,16,16,16,16,16,16,16,16,16,16
2004,170233,1,1,10,10,10,10,10,10,10,10,10,10
2004,170234,0,1,0,0,0,0,0,0,0,0,0,0
2004,170234,1,1,0,0,0,0,0,0,0,0,0,11
2004,170235,1,1,0,0,0,0,0,0,0,0,0,0
2004,170236,1,1,0,0,0,0,0,0,0,0,0,0
2004,170237,1,1,0,0,0,0,0,0,0,0,0,0
2004,170237,2,1,0,0,0,0,0,0,0,0,22,0
2004,170238,1,1,0,0,0,0,0,0,0,0,0,0
2004,170238,2,1,0,0,0,0,0,0,0,0,0,0
2004,170239,1,1,0,0,0,0,0,0,0,0,0,0
2004,170240,0,1,0,0,0,0,0,0,0,0,0,0
2004,170240,1,1,0,0,0,0,0,0,0,0,0,12
2004,170241,1,1,0,0,0,0,0,0,0,0,0,0
2004,170241,2,1,0,0,0,0,0,0,0,0,0,0
2004,170242,1,1,0,0,0,0,0,0,0,0,0,0
2004,170243,1,1,0,0,0,0,0,0,0,0,0,0
2004,170243,2,1,0,0,0,0,0,0,0,0,0,0
2004,170244,1,1,12,12,12,12,12,12,12,12,12,12
2004,170244,2,1,0,0,0,0,0,0,0,0,0,0
2004,170245,1,1,24,0,0,0,35,0,0,0,0,19
2004,170246,1,1,0,0,0,0,0,0,0,0,0,0
2004,170247,1,1,0,0,0,0,0,0,0,0,0,0
2004,170248,0,1,20,17,0,0,18,46,0,15,5,22
2004,170248,1,1,0,0,0,6,0,0,0,0,0,0
2004,170249,1,1,0,0,0,0,0,0,0,0,0,0
2004,170250,1,1,0,0,0,0,0,0,0,0,0,0
2004,170250,2,1,0,15,0,0,0,0,0,0,0,0
2004,170250,3,1,0,0,0,0,0,0,0,0,0,0
2004,170250,4,1,6,0,0,0,0,0,0,0,0,0
2004,170251,1,1,0,0,0,0,0,0,0,0,0,0
2004,170251,2,1,0,0,0,0,0,0,0,0,0,0
2004,170252,1,1,27,27,27,27,27,27,27,27,27,27
2004,170253,1,1,0,0,0,0,0,0,0,0,0,0
2004,170254,1,1,15,15,15,15,15,15,15,15,15,15
2004,170255,1,1,0,0,0,0,0,0,0,0,0,0
2004,170256,1,1,12,12,12,12,12,12,12,12,12,12
2004,170256,2,1,0,0,0,0,0,0,0,0,0,0
2004,170257,1,1,0,0,0,0,0,0,0,0,0,0
2004,170257,2,1,0,0,0,0,0,0,0,0,0,0
2004,170258,1,1,0,0,0,0,0,0,0,0,0,0
2004,170258,2,1,0,0,0,0,0,0,0,0,0,0
2004,170259,1,1,5,17,23,15,0,14,0,26,0,20
2004,170260,1,1,0,0,0,6,0,0,0,0,0,0
2004,170260,2,1,0,0,0,0,0,0,0,0,0,0
2004,170261,1,1,0,0,0,0,0,0,0,0,0,0
2004,170261,2,1,0,0,0,0,0,0,0,0,0,0
2004,170262,1,1,0,0,0,0,0,0,0,0,0,0
2004,170262,2,1,0,0,0,0,0,0,0,0,0,0
2004,170263,1,1,11,11,11,11,11,11,11,11,11,11
2004,170263,2,1,0,0,0,0,0,0,0,0,0,0
2004,170263,3,1,0,0,12,0,0,0,0,0,0,5
2004,170263,4,1,0,0,0,0,0,0,0,0,13,10
2004,170264,1,1,29,29,29,29,29,29,29,29,29,29
2004,170264,2,1,0,0,11,0,0,24,10,0,0,0
2004,170265,1,1,0,0,0,0,0,0,0,0,0,0
2004,170265,2,1,0,0,0,0,0,0,0,0,0,0
2004,170266,1,1,24,24,24,24,24,24,24,24,24,24
2004,170267,0,1,25,25,25,25,25,25,25,25,25,25
2004,170267,1,1,0,13,0,0,0,0,0,0,0,0
2004,170268,1,1,15,15,15,15,15,15,15,15,15,15
2004,170269,0,1,22,22,22,22,22,22,22,22,22,22
2004,170269,1,1,0,0,27,2,0,0,0,0,0,0
2004,170270,1,1,0,0,13,0,0,0,0,16,6,0
2004,170270,2,1,0,0,0,0,0,0,0,0,0,0
2004,170270,3,1,9,9,9,9,9,9,9,9,9,9
2004,170271,1,1,0,0,0,0,0,0,0,0,0,0
2004,170271,2,1,0,0,0,0,0,0,0,0,0,0
2004,170272,1,1,18,18,18,18,18,18,18,18,18,18
2004,170273,1,1,0,0,0,0,0,0,0,0,0,0
2004,170274,1,1,39,39,39,39,39,39,39,39,39,39
2004,170274,2,1,0,0,0,0,0,0,0,0,0,0
2004,170275,1,1,7,7,7,7,7,7,7,7,7,7
2004,170276,1,1,11,11,11,11,11,11,11,11,11,11
2004,170277,1,1,0,0,0,0,0,0,0,0,0,0
2004,170277,2,1,17,17,17,17,17,17,17,17,17,17
2004,170278,1,1,25,25,25,25,25,25,25,25,25,25
2004,170279,1,1,7,7,7,7,7,7,7,7,7,7
2004,170279,2,1,0,0,0,0,0,0,0,0,0,0
2004,170280,1,1,19,19,19,19,19,19,19,19,19,19
2004,170281,1,1,17,17,17,17,17,17,17,17,17,17
2004,170282,1,1,11,11,11,11,11,11,11,11,11,11
2004,170282,2,1,0,0,0,0,0,0,0,0,11,0
2004,170283,1,1,0,0,0,0,0,0,0,0,0,0
2004,170284,1,1,16,18,20,0,23,10,44,15,0,33
2004,170285,1,1,0,0,0,0,0,0,0,0,0,0
2004,170286,1,1,15,15,15,15,15,15,15,15,15,15
2004,170287,1,1,9,9,9,9,9,9,9,9,9,9
2004,170288,1,1,17,17,17,17,17,17,17,17,17,17
2004,170288,2,1,5,5,5,5,5,5,5,5,5,5
2004,170289,0,1,0,0,0,0,0,0,0,0,0,0
2004,170289,0,2,0,0,0,22,22,11,9,35,0,10
2004,170289,0,3,18,0,0,9,0,0,0,16,27,20
2004,170289,1,1,0,0,0,0,0,0,0,0,0,0
2004,170290,1,1,19,19,19,19,19,19,19,19,19,19
2004,170291,1,1,0,13,8,13,13,0,31,14,0,0
2004,170292,1,1,15,15,15,15,15,15,15,15,15,15
2004,170293,1,1,0,0,0,0,0,0,0,0,0,0
2004,170294,1,1,17,17,17,17,17,17,17,17,17,17
2004,170295,1,1,29,0,11,26,11,0,20,13,23,30
2004,170296,1,1,11,11,11,11,11,11,11,11,11,11
2004,170297,1,1,19,19,19,19,19,19,19,19,19,19
2004,170298,1,1,0,0,0,0,0,0,0,0,0,0
2004,170298,2,1,0,0,0,0,0,6,0,0,0,0
2004,170299,0,1,30,30,30,30,30,30,30,30,30,30
2004,170299,1,1,0,0,0,0,0,0,0,0,0,0
2004,170300,1,1,19,0,0,0,0,0,0,0,22,0
2004,170300,2,1,0,0,0,0,0,0,0,0,0,0
2004,170301,0,1,22,22,22,22,22,22,22,22,22,22
2004,170301,1,1,0,0,0,0,0,0,0,0,0,0
2004,170302,1,1,0,0,0,0,0,0,0,0,0,0
2004,170302,2,1,15,15,15,15,15,15,15,15,15,15
2004,170303,1,1,0,0,0,0,0,0,0,0,0,0
2004,170303,2,1,0,0,0,0,0,0,0,0,0,0
2004,170304,0,1,17,17,17,17,17,17,17,17,17,17
2004,170304,1,1,0,0,0,0,0,0,0,14,0,5
2004,170305,1,1,0,0,0,0,0,0,0,0,0,5
2004,170305,2,1,0,0,0,0,0,0,0,0,0,0
2004,170306,0,1,0,0,0,0,0,0,0,0,0,0
2004,170306,1,1,0,0,0,0,0,0,0,0,0,0
2004,170307,1,1,0,0,0,0,0,0,0,0,0,0
2004,170307,2,1,0,0,0,0,0,0,0,0,0,0
2004,170308,1,1,8,8,8,8,8,8,8,8,8,8
2004,170309,1,1,23,23,23,23,23,23,23,23,23,23
2004,170310,1,1,20,20,20,20,20,20,20,20,20,20
2004,170311,1,1,0,0,0,0,0,0,0,0,0,0
2004,170311,2,1,0,0,0,0,0,0,0,0,0,0
2004,170311,3,1,0,0,0,0,0,0,0,0,0,0
2004,170312,1,1,0,0,0,0,0,0,0,0,0,0
2004,170312,2,1,0,0,0,0,0,0,0,0,0,0
2004,170313,1,1,22,22,22,22,22,22,22,22,22,22
2004,170314,1,1,8,8,8,8,8,8,8,8,8,8
2004,170315,1,1,16,0,19,0,18,28,0,15,40,14
2004,170316,1,1,24,24,24,24,24,24,24,24,24,24
2004,170317,1,1,0,0,0,0,0,0,0,0,0,0
2004,170317,2,1,0,0,0,0,0,0,0,0,0,0
2004,170318,1,1,0,0,0,0,0,0,0,0,0,0
2004,170318,2,1,0,0,0,0,0,0,0,0,0,0
2004,170319,1,1,15,15,15,15,15,15,15,15,15,15
2004,170320,1,1,0,0,0,0,0,0,0,0,0,0
2004,170320,2,1,0,0,0,0,0,0,0,0,0,0
2004,170321,1,1,13,13,13,13,13,13,13,13,13,13
2004,170322,1,1,26,26,26,26,26,26,26,26,26,26
2004,170323,1,1,11,11,11,11,11,11,11,11,11,11
2004,170324,1,1,23,23,23,23,23,23,23,23,23,23
2004,170325,0,1,0,0,0,0,0,0,0,0,0,0
2004,170325,1,1,0,0,0,0,0,0,0,0,0,0
2004,170326,1,1,15,15,15,15,15,15,15,15,15,15
2004,170326,2,1,0,16,0,0,0,24,20,0,0,0
2004,170327,1,1,0,0,0,0,0,0,0,0,0,0
2004,170327,2,1,0,0,0,0,0,0,0,0,0,0
2004,170329,0,1,0,0,0,0,0,0,0,0,0,0
2004,170329,1,1,0,0,0,0,0,0,0,10,0,0
2004,170330,1,1,24,24,24,24,24,24,24,24,24,24
2004,170331,1,1,0,0,0,0,0,0,0,0,0,0
2004,170331,2,1,0,0,0,0,0,0,0,0,0,0
2004,170332,1,1,23,23,23,23,23,23,23,23,23,23
2004,170333,1,1,22,22,22,22,22,22,22,22,22,22
2004,170334,1,1,0,0,0,0,0,0,0,0,0,0
2004,170334,2,1,0,0,0,0,0,0,0,0,0,0
2004,170335,1,1,0,0,0,0,0,0,0,0,0,0
2004,170336,1,1,0,0,0,0,0,0,0,0,0,0
2004,170336,2,1,0,0,0,0,0,0,0,0,0,0
2004,170337,1,1,20,20,20,20,20,20,20,20,20,20
2004,170337,2,1,0,0,0,0,0,0,0,0,0,0
2004,170338,1,1,0,0,0,0,0,0,0,0,0,0
2004,170338,2,1,0,0,0,0,0,0,0,0,0,0
2004,170338,3,1,0,0,0,0,0,0,0,0,0,0
2004,170339,1,1,0,0,0,0,0,0,0,0,0,0
2004,170340,0,1,0,0,0,0,0,0,0,0,0,0
2004,170340,1,1,0,0,0,0,0,0,0,0,0,0
2004,170341,0,1,0,0,0,0,0,0,0,0,0,0
2004,170341,1,1,0,0,0,0,0,0,0,0,0,0
2004,170342,1,1,8,8,8,8,8,8,8,8,8,8
2004,170343,0,1,0,0,0,0,0,0,0,0,0,0
2004,170343,1,1,0,0,0,0,0,0,0,0,0,0
2004,170344,0,1,0,0,0,0,0,0,0,0,0,0
2004,170344,1,1,0,0,0,0,0,0,0,0,0,0
2004,170345,1,1,0,0,0,0,0,0,0,0,0,0
2004,170346,0,1,0,0,0,0,0,0,0,0,0,0
2004,170346,1,1,0,0,0,8,0,0,0,0,0,0
2004,170347,1,1,0,0,0,0,0,0,0,0,0,0
2004,170348,1,1,1,1,1,1,1,1,1,1,1,1
2004,170349,1,1,20,0,0,10,7,10,14,0,24,15
2004,170350,1,1,0,0,0,0,0,0,0,0,0,0
2004,170351,1,1,13,13,13,13,13,13,13,13,13,13
2004,170352,1,1,0,0,38,0,16,14,0,0,14,22
2004,170353,1,1,11,11,11,11,11,11,11,11,11,11
2004,170354,1,1,0,0,20,43,15,0,30,20,30,34
2004,170355,1,1,17,17,17,17,17,17,17,17,17,17
2004,170355,2,1,0,0,0,0,0,0,0,0,0,0
2004,170356,1,1,0,0,0,0,0,0,0,0,0,0
2004,170357,0,1,0,0,0,0,0,0,0,0,0,0
2004,170357,1,1,0,0,0,0,0,0,0,0,0,0
2004,170358,1,1,2,2,2,2,2,2,2,2,2,2
2004,170358,2,1,0,0,0,0,0,0,19,0,18,0
2004,170358,3,1,0,0,0,0,0,0,0,0,0,0
2004,170359,1,1,0,0,0,0,0,0,0,0,0,0
2004,170359,2,1,0,0,0,0,0,0,0,0,0,0
2004,170360,1,1,0,0,0,20,0,0,0,0,0,0
2004,170360,2,1,0,0,0,0,0,0,0,0,0,0
2004,170361,1,1,5,5,5,5,5,5,5,5,5,5
2004,170361,2,1,0,0,0,0,0,16,0,0,0,0
2004,170362,1,1,0,0,0,0,0,0,0,0,0,0
2004,170363,1,1,0,0,0,0,0,0,0,0,0,0
2004,170363,2,1,32,32,32,32,32,32,32,32,32,32
2004,170364,1,1,0,0,0,0,0,0,0,0,0,0
2004,170364,2,1,0,0,0,0,0,0,0,0,0,0
2004,170365,1,1,0,0,0,0,0,0,13,0,0,0
2004,170365,2,1,0,0,0,0,0,0,0,0,0,0
2004,170365,3,1,0,0,0,0,0,0,0,0,0,0
2004,170366,0,1,13,13,13,13,13,13,13,13,13,13
2004,170366,1,1,0,0,0,0,10,0,0,0,0,0
2004,170367,1,1,15,15,15,15,15,15,15,15,15,15
2004,170368,1,1,29,29,29,29,29,29,29,29,29,29
2004,170369,1,1,15,15,15,15,15,15,15,15,15,15
2004,170370,1,1,0,0,0,0,0,0,0,0,0,0
2004,170371,1,1,18,18,18,18,18,18,18,18,18,18
2004,170372,1,1,18,18,18,18,18,18,18,18,18,18
2004,170373,1,1,0,14,0,0,10,0,0,0,0,0
2004,170373,2,1,0,0,0,0,0,0,0,0,0,0
2004,170373,3,1,0,0,0,0,0,0,0,0,0,0
2004,170374,1,1,0,0,0,0,0,0,0,0,0,0
2004,170374,2,1,0,0,0,0,0,0,0,0,0,0
2004,170375,1,1,20,20,20,20,20,20,20,20,20,20
2004,170375,2,1,0,0,0,0,0,0,0,0,0,0
2004,170376,1,1,26,26,26,26,26,26,26,26,26,26
2004,170376,2,1,0,0,0,0,0,0,0,0,0,0
2004,170376,3,1,0,0,0,0,0,0,0,0,0,0
2004,170377,1,1,0,0,0,0,0,0,0,0,0,0
2004,170378,1,1,0,0,0,0,0,0,0,0,0,0
2004,170378,2,1,0,0,0,0,0,0,0,0,0,0
2004,170379,1,1,0,0,0,0,0,0,0,0,0,0
2004,170380,0,1,22,2,0,0,0,0,12,14,0,9
2004,170380,1,1,0,0,0,0,0,0,0,0,0,0
2004,170381,1,1,8,8,8,8,8,8,8,8,8,8
2004,170382,1,1,12,12,12,12,12,12,12,12,12,12
2004,170383,1,1,0,0,0,0,0,0,0,0,0,0
2004,170383,2,1,0,9,0,0,0,0,0,0,0,0
2004,170383,3,1,0,0,0,0,0,0,0,0,0,0
2004,170384,1,1,0,6,0,0,0,0,0,0,18,0
2004,170384,2,1,0,0,0,0,0,0,0,0,0,0
2004,170385,1,1,0,0,0,0,0,0,0,0,0,0
2004,170385,2,1,0,0,0,0,0,0,0,0,0,0
2004,170386,1,1,0,0,0,0,0,0,0,0,0,0
2004,170386,2,1,0,0,0,0,0,0,0,0,0,0
2004,170387,1,1,0,0,0,0,0,0,0,0,0,0
2004,170387,2,1,0,0,0,0,0,0,0,0,0,0
2004,170388,0,1,0,0,0,0,0,0,0,0,0,0
2004,170388,1,1,0,0,0,0,0,0,0,0,0,0
2004,170389,1,1,0,0,0,0,0,0,0,0,0,0
2004,170390,1,1,0,0,0,0,0,0,0,0,0,0
2004,170390,2,1,0,0,0,0,0,0,0,0,0,0
2004,170390,3,1,0,0,0,0,0,0,0,0,0,0
2004,170390,4,1,0,0,0,0,0,0,0,0,0,0
2004,170391,1,1,22,22,22,22,22,22,22,22,22,22
2004,170391,2,1,2,2,2,2,2,2,2,2,2,2
2004,170392,1,1,12,12,12,12,12,12,12,12,12,12
2004,170393,1,1,19,19,19,19,19,19,19,19,19,19
2004,170393,2,1,0,0,0,0,0,0,0,0,0,0
2004,170394,1,1,0,0,0,0,0,0,0,0,0,8
2004,170394,2,1,0,0,0,0,0,11,0,0,0,4
2004,170395,1,1,0,0,0,0,0,0,0,0,0,0
2004,170395,2,1,0,0,0,0,0,0,0,0,0,0
2004,170396,0,1,0,0,0,0,0,0,0,0,0,0
2004,170396,1,1,0,0,0,0,0,0,0,0,0,0
2004,170397,1,1,14,14,14,14,14,14,14,14,14,14
2004,170397,2,1,26,0,0,0,0,0,0,0,0,0
2004,170398,0,1,0,0,0,0,0,0,0,0,0,0
2004,170398,1,1,0,0,0,0,0,0,0,0,0,0
2004,170399,1,1,0,0,0,0,0,0,0,0,0,0
2004,170399,2,1,0,0,0,0,0,0,0,0,0,0
2004,170399,3,1,0,0,0,0,0,0,0,0,0,0
2004,170400,1,1,0,0,0,0,0,0,0,0,0,0
2004,170400,2,1,0,19,5,16,9,7,3,0,0,0
2004,170401,1,1,15,14,0,0,13,0,0,23,0,21
2004,170402,1,1,0,0,0,0,0,0,0,0,0,0
2004,170402,2,1,0,0,0,0,0,0,0,0,0,0
2004,170403,1,1,8,0,0,15,20,0,13,0,5,0
2004,170404,1,1,6,6,6,6,6,6,6,6,6,6
2004,170405,1,1,0,0,0,0,0,0,0,0,0,0
2004,170405,2,1,0,0,0,0,0,0,0,0,0,0
2004,170406,1,1,0,0,0,0,0,0,0,0,0,0
2004,170406,2,1,0,0,0,11,0,0,0,0,0,0
2004,170407,1,1,0,0,0,0,0,0,0,0,0,0
2004,170407,2,1,0,0,0,0,0,0,0,0,0,0
2004,170408,1,1,0,0,0,0,0,0,0,0,0,0
2004,170408,2,1,0,0,0,0,0,0,0,0,0,0
2004,170408,3,1,13,0,7,0,7,0,0,0,0,0
2004,170408,4,1,0,0,0,0,0,0,0,0,0,0
2004,170408,5,1,0,0,0,0,0,0,0,0,0,0
2004,170408,6,1,0,0,0,7,0,0,0,0,0,0
2004,170408,7,1,0,0,0,0,0,0,0,0,0,0
2004,170408,8,1,0,0,0,0,0,0,0,0,0,0
2004,170408,9,1,0,0,0,0,0,0,0,0,0,0
2004,170408,10,1,0,0,0,0,0,0,0,0,0,0
2004,170409,1,1,0,0,0,0,0,0,0,0,0,0
2004,170409,2,1,0,0,0,0,0,0,0,0,0,0
2004,170410,1,1,0,0,0,0,0,0,0,0,0,0
2004,170410,2,1,0,0,0,0,0,0,0,0,0,0
2004,170411,0,1,3,3,3,3,3,3,3,3,3,3
2004,170411,1,1,0,0,0,0,0,0,0,0,0,0
2004,170412,1,1,0,0,0,0,0,0,0,0,0,0
2004,170412,2,1,0,0,0,0,0,0,0,0,0,0
2004,170413,1,1,0,0,0,0,0,0,0,0,0,0
2004,170413,2,1,0,0,0,0,0,0,0,0,0,0
2004,170414,1,1,0,0,0,0,0,0,0,0,0,0
2004,170414,2,1,0,0,0,0,0,0,0,0,0,0
2004,170415,1,1,2,2,2,2,2,2,2,2,2,2
2004,170416,1,1,0,0,0,0,0,0,0,0,0,0
2004,170417,1,1,0,0,0,0,0,0,0,0,0,0
2004,170417,2,1,0,0,0,0,0,10,0,0,0,0
2004,170418,1,1,0,0,0,0,0,0,0,0,0,0
2004,170419,1,1,0,0,0,0,0,0,0,0,0,0
2004,170419,2,1,17,17,17,17,17,17,17,17,17,17
2004,170420,1,1,0,0,0,0,0,0,0,0,0,0
2004,170421,1,1,0,0,0,0,0,0,0,0,0,0
2004,170422,0,1,0,0,0,0,0,0,0,0,0,0
2004,170422,1,1,0,0,0,0,0,0,0,0,0,0
2004,170423,1,1,0,0,0,0,0,0,0,0,0,0
2004,170424,1,1,0,0,0,0,0,0,0,0,0,0
2004,170425,1,1,11,11,11,11,11,11,11,11,11,11
2004,170426,1,1,0,0,0,0,0,0,0,0,0,0
2004,170427,1,1,0,0,0,0,0,0,0,0,0,0
2004,170427,2,1,0,0,0,0,0,0,0,0,0,0
2004,170428,1,1,6,6,6,6,6,6,6,6,6,6
2004,170429,1,1,0,0,0,0,0,0,0,0,0,0
2004,170429,2,1,0,0,0,0,0,0,0,0,0,0
2004,170430,0,1,0,0,0,0,0,0,0,0,0,0
2004,170430,1,1,0,0,0,0,0,0,0,0,0,0
2004,170431,1,1,0,0,0,0,0,0,0,0,0,0
2004,170432,0,1,0,0,0,0,0,0,0,0,0,0
2004,170432,1,1,0,0,0,0,0,0,0,0,0,0
2004,170433,1,1,11,11,11,11,11,11,11,11,11,11
2004,170434,1,1,0,0,0,0,0,0,0,0,0,0
2004,170435,1,1,0,0,0,0,0,0,9,0,0,0
2004,170435,2,1,0,0,0,0,0,0,0,17,0,0
2004,170436,1,1,15,15,15,15,15,15,15,15,15,15
2004,170436,2,1,0,12,0,0,0,0,15,0,0,0
2004,170437,1,1,0,0,0,0,0,0,0,0,0,0
2004,170437,2,1,0,0,0,0,0,0,0,0,0,0
2004,170438,1,1,14,14,14,14,14,14,14,14,14,14
2004,170439,1,1,0,0,0,0,0,0,0,0,0,0
2004,170440,1,1,0,0,0,0,0,0,0,0,0,0
2004,170440,2,1,0,0,0,0,0,0,0,0,0,0
2004,170441,1,1,2,2,2,2,2,2,2,2,2,2
2004,170442,1,1,0,0,0,0,0,0,0,0,0,0
2004,170443,0,1,0,0,0,0,0,0,0,0,0,0
2004,170443,0,2,0,0,0,0,0,0,0,0,0,0
2004,170443,1,1,0,0,0,0,0,0,0,0,0,0
2004,170443,2,1,4,0,0,0,0,0,0,0,0,0
2004,170444,1,1,23,23,23,23,23,23,23,23,23,23
2004,170445,0,1,12,12,12,12,12,12,12,12,12,12
2004,170445,1,1,0,0,0,0,10,0,27,0,7,0
2004,170446,1,1,12,12,12,12,12,12,12,12,12,12
2004,170446,2,1,0,0,0,0,0,0,0,0,0,0
2004,170447,1,1,25,25,25,25,25,25,25,25,25,25
2004,170447,2,1,0,0,0,0,0,0,0,0,0,0
2004,170448,1,1,0,0,0,0,0,0,0,0,0,0
2004,170448,2,1,0,0,0,0,0,0,0,0,0,0
2004,170449,1,1,14,14,14,14,14,14,14,14,14,14
2004,170450,0,1,0,0,0,0,0,0,0,0,0,0
2004,170450,1,1,0,0,0,0,0,0,0,0,0,0
2004,170451,1,1,0,0,0,0,0,0,0,0,0,0
2004,170451,2,1,0,0,0,0,0,0,0,0,0,0
2004,170453,0,1,17,17,17,17,17,17,17,17,17,17
2004,170453,1,1,0,9,0,0,0,9,0,0,0,0
2004,170454,1,1,0,0,0,0,0,0,0,0,0,0
2004,170455,1,1,0,0,0,0,0,0,0,0,0,0
2004,170455,2,1,0,0,0,0,0,0,0,0,0,0
2004,170456,0,1,0,0,0,0,0,0,0,0,0,0
2004,170456,1,1,19,0,0,0,0,0,0,0,0,0
2004,170457,1,1,0,0,0,0,0,0,0,0,0,0
2004,170458,1,1,0,31,0,0,0,0,0,21,0,0
2004,170458,2,1,0,0,0,0,0,0,0,0,0,0
2004,170458,3,1,0,0,0,0,0,0,0,0,0,0
2004,170459,0,1,0,0,0,0,0,0,0,0,0,0
2004,170459,1,1,0,0,0,0,0,0,0,0,0,0
2004,170460,1,1,0,0,0,0,0,0,0,0,0,0
2004,170461,1,1,0,0,0,0,0,0,0,0,0,0
2004,170461,2,1,0,0,0,0,0,0,0,0,0,0
2004,170462,1,1,0,0,0,0,0,0,0,0,0,0
2004,170462,2,1,0,0,0,0,0,0,0,0,0,0
2004,170462,3,1,0,0,0,0,0,0,0,0,0,0
2004,170463,1,1,21,21,21,21,21,21,21,21,21,21
2004,170464,1,1,0,0,0,0,0,0,0,0,0,0
2004,170465,1,1,12,12,12,12,12,12,12,12,12,12
2004,170465,2,1,0,0,0,0,0,0,0,0,0,0
2004,170466,1,1,0,0,0,0,0,0,0,0,0,0
2004,170467,1,1,0,0,0,0,0,0,0,0,0,0
2004,170467,2,1,0,0,0,0,0,0,0,0,0,0
2004,170468,0,1,26,26,26,26,26,26,26,26,26,26
2004,170468,1,1,13,13,13,13,13,13,13,13,13,13
2004,170469,1,1,0,0,0,0,0,0,0,0,0,0
2004,170469,2,1,0,0,0,0,0,0,0,0,0,0
2004,170469,3,1,0,0,20,0,0,0,0,0,0,0
2004,170470,1,1,0,0,0,0,0,0,0,0,0,0
2004,170470,2,1,0,0,0,0,0,0,0,0,0,0
2004,170471,0,1,15,15,15,15,15,15,15,15,15,15
2004,170471,1,1,0,0,0,0,0,0,0,0,0,0
2004,170472,1,1,17,17,17,17,17,17,17,17,17,17
2004,170472,2,1,0,0,0,0,0,0,0,0,0,0
2004,170472,3,1,0,0,0,0,0,0,0,0,0,0
2004,170473,1,1,0,0,0,0,0,0,0,0,0,0
2004,170473,2,1,15,15,15,15,15,15,15,15,15,15
2004,170474,1,1,3,3,3,3,3,3,3,3,3,3
2004,170475,1,1,8,8,8,8,8,8,8,8,8,8
2004,170475,2,1,0,0,0,0,0,0,0,0,0,0
2004,170476,1,1,28,28,28,28,28,28,28,28,28,28
2004,170477,1,1,0,0,0,0,0,17,0,0,0,12
2004,170478,0,1,7,0,0,28,20,0,7,0,0,18
2004,170478,1,1,0,0,0,0,0,0,0,0,0,0
2004,170479,1,1,0,0,0,0,0,0,0,0,0,0
2004,170479,2,1,0,0,0,0,0,0,0,0,0,0
2004,170479,3,1,0,0,0,0,0,0,0,0,0,0
2004,170479,4,1,0,0,0,0,0,0,0,0,0,0
2004,170480,1,1,0,0,0,0,0,0,0,0,0,0
2004,170480,2,1,0,6,0,0,0,9,0,0,0,0
2004,170480,3,1,0,15,0,0,0,0,0,0,0,0
2004,170481,1,1,0,0,0,0,0,0,0,0,0,0
2004,170481,2,1,0,0,0,0,0,15,25,0,0,0
2004,170482,0,1,28,28,28,28,28,28,28,28,28,28
2004,170482,1,1,0,0,0,0,0,0,0,0,0,0
2004,170483,1,1,10,10,10,10,10,10,10,10,10,10
2004,170483,2,1,0,0,0,0,0,0,0,0,0,0
2004,170484,1,1,16,16,16,16,16,16,16,16,16,16
2004,170485,1,1,29,29,29,29,29,29,29,29,29,29
2004,170486,0,1,28,28,28,28,28,28,28,28,28,28
2004,170486,1,1,0,0,0,0,5,0,0,6,8,0
2004,170487,0,1,0,0,0,0,0,0,0,0,0,0
2004,170487,1,1,0,0,0,0,0,0,0,0,0,0
2004,170488,1,1,0,0,0,0,0,0,0,0,0,0
2004,170489,0,1,0,0,0,0,0,0,0,0,0,0
2004,170489,0,2,0,0,0,0,0,0,0,0,0,0
2004,170489,1,1,0,0,0,0,16,0,0,0,0,0
2004,170489,2,1,0,0,0,0,0,0,0,0,0,0
2004,170490,1,1,0,0,0,0,0,0,0,0,0,0
2004,170490,2,1,0,0,0,0,0,0,0,0,0,0
2004,170490,3,1,0,0,0,0,0,0,0,0,0,0
2004,170490,4,1,0,0,0,0,0,0,0,0,0,0
2004,170490,5,1,4,0,0,0,0,0,0,0,0,0
2004,170491,1,1,0,0,0,0,0,0,0,0,0,0
2004,170492,1,1,0,0,20,0,0,25,11,16,0,0
2004,170492,2,1,0,0,0,0,0,0,0,0,0,0
2004,170493,0,1,0,0,0,0,0,0,0,0,0,0
2004,170493,1,1,0,0,20,0,0,0,0,0,0,0
2004,170494,1,1,20,20,20,20,20,20,20,20,20,20
2004,170495,1,1,21,21,21,21,21,21,21,21,21,21
2004,170495,2,1,10,10,10,10,10,10,10,10,10,10
2004,170496,1,1,24,24,24,24,24,24,24,24,24,24