YEAR,ST_CASE,veh_no,per_no,P1,P2,P3,P4,P5,P6,P7,P8,P9,P10
2004,170497,1,1,10,10,10,10,10,10,10,10,10,10
2004,170498,1,1,0,0,0,0,0,0,0,0,0,0
2004,170498,2,1,29,22,17,0,0,17,0,13,0,0
2004,170499,1,1,15,15,15,15,15,15,15,15,15,15
2004,170500,1,1,0,0,0,0,0,0,0,0,0,0
2004,170500,2,1,0,0,0,0,0,0,0,0,0,0
2004,170501,1,1,0,0,0,0,0,0,0,0,0,0
2004,170502,1,1,16,16,16,16,16,16,16,16,16,16
2004,170503,1,1,8,8,8,8,8,8,8,8,8,8
2004,170504,1,1,0,0,0,0,0,0,0,6,0,0
2004,170504,2,1,0,0,0,0,0,0,0,0,0,0
2004,170505,1,1,0,0,0,0,0,0,0,0,0,0
2004,170505,2,1,0,0,0,0,0,0,0,0,0,0
2004,170506,1,1,15,15,15,15,15,15,15,15,15,15
2004,170507,1,1,0,0,0,0,0,0,0,0,0,0
2004,170507,2,1,0,0,0,0,0,0,0,0,0,0
2004,170508,1,1,0,0,0,0,0,0,0,0,0,0
2004,170509,1,1,0,0,0,0,0,0,0,0,0,0
2004,170509,2,1,0,0,0,0,0,0,0,0,0,0
2004,170510,0,1,0,0,0,0,0,0,0,0,0,0
2004,170510,1,1,0,0,17,0,0,0,0,0,14,0
2004,170510,2,1,0,17,13,0,0,0,0,0,0,0
2004,170511,1,1,0,0,0,0,0,0,0,0,0,0
2004,170512,1,1,0,0,0,0,37,0,8,0,0,0
2004,170513,1,1,25,25,25,25,25,25,25,25,25,25
2004,170514,1,1,7,0,17,0,0,0,18,0,0,0
2004,170514,2,1,0,0,0,0,0,0,21,0,0,0
2004,170515,1,1,1,1,1,1,1,1,1,1,1,1
2004,170516,0,1,0,0,0,0,0,0,0,0,0,0
2004,170516,1,1,0,0,8,0,14,15,0,14,17,30
2004,170517,1,1,15,15,15,15,15,15,15,15,15,15
2004,170518,1,1,0,0,0,0,0,0,0,0,0,0
2004,170519,1,1,0,0,0,0,0,0,0,0,29,0
2004,170519,2,1,0,0,0,0,0,12,0,0,15,14
2004,170520,1,1,0,0,0,0,0,0,15,0,0,0
2004,170520,2,1,0,0,0,0,0,0,0,0,0,0
2004,170521,1,1,0,0,0,0,0,0,0,0,0,0
2004,170521,2,1,0,0,0,0,0,0,0,0,0,0
2004,170521,3,1,0,0,0,0,0,9,0,0,0,0
2004,170522,1,1,11,11,11,11,11,11,11,11,11,11
2004,170523,1,1,0,4,0,0,29,14,0,38,0,0
2004,170524,1,1,38,38,38,38,38,38,38,38,38,38
2004,170525,0,1,27,27,27,27,27,27,27,27,27,27
2004,170525,1,1,0,0,0,0,0,0,0,0,0,0
2004,170526,1,1,16,16,16,16,16,16,16,16,16,16
2004,170526,2,1,0,0,0,0,0,0,0,0,0,0
2004,170527,1,1,0,0,0,0,20,5,0,0,13,27
2004,170527,2,1,0,0,0,0,0,0,0,0,0,0
2004,170528,1,1,16,16,16,16,16,16,16,16,16,16
2004,170528,2,1,0,0,0,0,0,0,0,0,0,0
2004,170529,1,1,6,7,16,18,22,6,22,25,18,17
2004,170529,2,1,0,0,0,0,0,0,0,0,0,0
2004,170530,0,1,37,0,26,0,0,0,0,0,0,0
2004,170530,1,1,0,0,0,0,0,0,0,0,0,0
2004,170531,1,1,21,21,21,21,21,21,21,21,21,21
2004,170532,1,1,19,19,19,19,19,19,19,19,19,19
2004,170532,2,1,0,0,0,0,0,0,0,0,0,0
2004,170533,1,1,25,25,25,25,25,25,25,25,25,25
2004,170534,1,1,0,0,0,0,0,0,0,0,0,0
2004,170534,2,1,0,0,0,0,0,0,0,0,0,0
2004,170534,3,1,0,0,0,0,0,0,0,0,0,0
2004,170535,1,1,0,0,0,0,0,0,0,0,0,0
2004,170535,2,1,0,0,0,0,0,0,0,0,0,0
2004,170536,1,1,0,0,0,0,0,0,0,0,0,0
2004,170536,2,1,0,0,0,0,0,0,0,0,0,0
2004,170536,3,1,0,0,0,0,0,0,0,0,0,0
2004,170537,1,1,0,0,14,15,0,0,0,0,0,0
2004,170538,1,1,0,0,0,8,0,0,0,21,7,18
2004,170538,2,1,0,0,0,0,0,0,0,0,0,0
2004,170539,1,1,14,14,14,14,14,14,14,14,14,14
2004,170540,0,1,28,28,28,28,28,28,28,28,28,28
2004,170540,1,1,0,0,0,0,0,0,0,0,0,0
2004,170541,1,1,13,13,13,13,13,13,13,13,13,13
2004,170541,2,1,0,0,0,0,0,0,0,0,0,0
2004,170542,1,1,1,1,1,1,1,1,1,1,1,1
2004,170542,2,1,0,0,0,0,0,0,0,0,0,0
2004,170543,1,1,0,0,0,0,0,0,0,0,0,0
2004,170543,2,1,0,0,0,0,0,0,0,0,0,0
2004,170544,1,1,31,31,31,31,31,31,31,31,31,31
2004,170545,1,1,0,0,0,0,0,0,0,0,0,0
2004,170545,2,1,0,0,0,0,0,0,0,0,0,0
2004,170546,1,1,0,0,0,0,0,0,0,0,0,0
2004,170546,2,1,0,0,0,0,0,0,0,0,0,0
2004,170547,1,1,0,0,0,0,0,0,0,0,0,0
2004,170547,2,1,0,0,0,0,0,0,0,0,0,0
2004,170548,1,1,14,14,14,14,14,14,14,14,14,14
2004,170548,2,1,0,0,0,0,0,0,0,0,0,0
2004,170549,1,1,0,0,0,0,0,0,0,0,0,0
2004,170549,2,1,0,0,0,0,0,0,0,0,0,0
2004,170550,1,1,9,9,9,9,9,9,9,9,9,9
2004,170551,1,1,14,14,14,14,14,14,14,14,14,14
2004,170552,1,1,27,27,27,27,27,27,27,27,27,27
2004,170553,1,1,3,3,3,3,3,3,3,3,3,3
2004,170554,1,1,17,17,17,17,17,17,17,17,17,17
2004,170554,2,1,0,0,0,0,0,0,0,0,0,0
2004,170555,1,1,25,25,25,25,25,25,25,25,25,25
2004,170556,1,1,8,8,8,8,8,8,8,8,8,8
2004,170557,0,1,36,36,36,36,36,36,36,36,36,36
2004,170557,1,1,5,5,5,5,5,5,5,5,5,5
2004,170557,2,1,0,0,0,9,0,0,0,0,0,0
2004,170558,0,1,0,0,0,0,0,0,0,0,0,0
2004,170558,1,1,0,0,0,0,0,0,0,0,0,0
2004,170559,1,1,21,21,21,21,21,21,21,21,21,21
2004,170560,1,1,19,19,19,19,19,19,19,19,19,19
2004,170561,1,1,0,0,0,0,0,0,0,0,0,0
2004,170561,2,1,0,0,14,0,0,0,0,0,0,0
2004,170562,1,1,0,0,0,0,0,0,0,0,0,20
2004,170563,1,1,0,0,0,0,0,0,0,0,0,0
2004,170564,1,1,42,42,42,42,42,42,42,42,42,42
2004,170565,1,1,0,0,0,0,0,0,0,0,0,0
2004,170565,2,1,0,0,0,0,0,0,0,0,0,0
2004,170566,1,1,24,24,24,24,24,24,24,24,24,24
2004,170566,2,1,0,0,0,20,0,0,0,0,0,8
2004,170567,1,1,17,17,17,17,17,17,17,17,17,17
2004,170567,2,1,0,0,0,0,0,0,0,0,0,0
2004,170568,1,1,0,0,0,0,0,0,0,0,0,0
2004,170568,2,1,0,0,0,0,0,0,0,0,0,0
2004,170568,3,1,0,0,0,0,0,0,0,0,0,0
2004,170569,1,1,0,0,0,0,0,0,0,0,0,0
2004,170569,2,1,0,0,0,0,0,0,0,0,0,0
2004,170570,1,1,0,0,0,7,0,0,0,0,0,0
2004,170570,2,1,0,0,0,0,0,0,0,0,0,0
2004,170571,1,1,0,0,0,0,0,0,0,0,0,0
2004,170571,2,1,0,0,16,0,0,13,0,0,0,0
2004,170572,0,1,0,0,0,0,0,0,0,0,0,0
2004,170572,1,1,0,0,0,0,16,0,10,0,0,0
2004,170573,1,1,0,0,0,0,0,0,0,0,0,0
2004,170574,1,1,9,9,9,9,9,9,9,9,9,9
2004,170575,1,1,0,0,0,0,0,0,0,0,0,0
2004,170575,2,1,0,0,0,0,0,0,0,0,0,0
2004,170576,0,1,0,0,0,0,0,0,0,0,0,0
2004,170576,1,1,0,0,0,0,0,0,0,0,0,0
2004,170577,1,1,22,22,22,22,22,22,22,22,22,22
2004,170578,0,1,12,12,12,12,12,12,12,12,12,12
2004,170578,1,1,0,0,0,0,0,0,0,0,0,0
2004,170578,2,1,0,0,0,0,0,0,15,0,0,12
2004,170578,3,1,0,0,0,0,0,0,0,0,0,0
2004,170578,4,1,0,0,0,0,0,0,0,0,0,0
2004,170578,5,1,0,0,0,0,0,0,7,0,0,0
2004,170578,6,1,0,0,0,0,0,0,0,0,0,0
2004,170579,1,1,0,0,0,0,0,0,0,0,0,0
2004,170579,2,1,0,0,0,0,0,0,0,0,0,0
2004,170579,3,1,0,0,0,0,11,0,0,0,0,0
2004,170580,1,1,6,6,6,6,6,6,6,6,6,6
2004,170581,1,1,0,0,0,0,0,12,0,0,0,0
2004,170582,1,1,18,18,18,18,18,18,18,18,18,18
2004,170583,0,1,9,9,9,9,9,9,9,9,9,9
2004,170583,0,2,0,0,32,31,13,23,18,8,0,7
2004,170583,1,1,8,8,8,8,8,8,8,8,8,8
2004,170583,2,1,5,0,20,22,9,0,21,15,0,4
2004,170584,1,1,2,2,2,2,2,2,2,2,2,2
2004,170585,1,1,15,15,15,15,15,15,15,15,15,15
2004,170586,1,1,0,0,0,0,0,0,0,12,0,0
2004,170586,2,1,0,0,0,0,0,0,0,0,0,0
2004,170587,1,1,0,0,0,0,0,0,0,0,0,0
2004,170587,2,1,0,0,0,0,0,0,0,0,0,0
2004,170588,1,1,0,20,0,0,0,0,0,0,0,0
2004,170589,1,1,20,20,20,20,20,20,20,20,20,20
2004,170590,1,1,0,0,0,0,0,0,0,0,0,0
2004,170590,2,1,0,0,0,0,0,0,0,0,0,0
2004,170591,1,1,0,0,0,0,0,0,0,0,0,0
2004,170591,2,1,0,0,0,0,0,0,0,0,0,0
2004,170592,1,1,3,3,3,3,3,3,3,3,3,3
2004,170593,1,1,0,0,0,0,0,0,0,0,0,0
2004,170593,2,1,0,0,0,0,0,0,0,0,0,0
2004,170594,1,1,0,0,0,0,0,0,0,0,0,0
2004,170594,2,1,4,4,4,4,4,4,4,4,4,4
2004,170595,1,1,0,0,0,0,0,0,0,0,0,0
2004,170595,2,1,0,0,0,0,0,0,0,0,0,0
2004,170596,0,1,0,0,0,0,0,0,0,0,0,0
2004,170596,1,1,0,0,0,17,11,15,0,0,0,0
2004,170597,1,1,8,8,8,8,8,8,8,8,8,8
2004,170597,2,1,0,6,0,18,0,0,18,10,0,11
2004,170597,3,1,19,6,9,9,0,13,6,0,17,0
2004,170598,1,1,20,20,20,20,20,20,20,20,20,20
2004,170599,1,1,26,26,26,26,26,26,26,26,26,26
2004,170600,1,1,0,4,0,0,0,0,0,0,21,0
2004,170600,2,1,0,0,0,0,0,0,0,0,0,0
2004,170601,1,1,25,25,25,25,25,25,25,25,25,25
2004,170602,1,1,4,9,11,16,12,10,0,11,6,8
2004,170603,1,1,7,7,7,7,7,7,7,7,7,7
2004,170604,1,1,17,17,17,17,17,17,17,17,17,17
2004,170604,2,1,0,0,0,0,19,0,0,0,9,0
2004,170605,1,1,23,23,23,23,23,23,23,23,23,23
2004,170606,0,1,0,0,0,0,0,0,0,0,0,0
2004,170606,1,1,0,0,0,0,0,0,0,0,0,0
2004,170607,0,1,16,16,16,16,16,16,16,16,16,16
2004,170607,1,1,0,0,0,0,0,0,0,0,0,0
2004,170608,1,1,0,19,0,7,0,0,11,0,26,0
2004,170609,1,1,17,0,19,0,0,0,0,0,0,0
2004,170610,1,1,12,12,12,12,12,12,12,12,12,12
2004,170611,1,1,0,0,0,0,0,0,0,0,0,0
2004,170612,1,1,15,0,22,0,6,0,0,0,10,15
2004,170612,2,1,0,0,0,0,0,0,0,0,0,0
2004,170613,1,1,0,0,0,0,0,0,0,0,0,0
2004,170614,0,1,0,0,0,0,0,0,0,0,0,0
2004,170614,1,1,21,0,0,0,8,8,0,0,0,0
2004,170615,1,1,13,13,13,13,13,13,13,13,13,13
2004,170615,2,1,0,0,15,0,0,0,0,0,0,0
2004,170616,1,1,0,0,0,0,0,0,0,0,0,0
2004,170616,2,1,0,0,0,0,0,0,0,0,0,0
2004,170617,1,1,0,0,0,0,0,0,0,0,0,0
2004,170617,2,1,0,0,0,0,13,0,0,0,0,0
2004,170618,1,1,30,30,30,30,30,30,30,30,30,30
2004,170619,1,1,0,0,0,0,0,0,0,0,0,0
2004,170620,0,1,0,0,0,0,0,0,0,0,0,0
2004,170620,1,1,20,0,7,0,0,0,5,0,0,20
2004,170621,0,1,0,0,0,0,0,0,0,0,0,0
2004,170621,1,1,0,0,0,0,0,0,0,0,0,0
2004,170622,1,1,4,4,4,4,4,4,4,4,4,4
2004,170623,1,1,0,0,0,0,0,0,0,0,0,0
2004,170623,2,1,0,0,0,0,0,0,0,0,0,0
2004,170624,0,1,0,0,0,0,0,0,0,0,0,0
2004,170624,1,1,0,0,0,0,0,0,0,0,0,0
2004,170625,0,1,0,0,0,0,0,0,0,0,0,0
2004,170625,1,1,21,0,0,0,14,0,2,18,0,7
2004,170626,1,1,0,0,0,0,0,0,0,0,0,0
2004,170626,2,1,4,0,9,6,0,21,0,0,2,23
2004,170627,1,1,32,39,33,6,6,7,27,11,5,2
2004,170627,2,1,0,0,0,0,0,0,0,0,0,0
2004,170628,1,1,20,20,20,20,20,20,20,20,20,20
2004,170628,2,1,0,0,0,0,0,0,0,0,0,0
2004,170629,1,1,0,0,0,0,0,0,0,0,0,0
2004,170629,2,1,0,0,0,0,7,0,18,0,0,0
2004,170630,1,1,0,0,0,0,0,0,0,0,0,0
2004,170630,2,1,0,0,0,0,0,0,0,0,0,0
2004,170631,1,1,25,25,25,25,25,25,25,25,25,25
2004,170631,2,1,0,0,0,0,0,0,0,0,0,0
2004,170632,1,1,0,0,0,0,0,0,0,0,0,0
2004,170632,2,1,0,0,0,0,0,0,0,0,0,0
2004,170633,1,1,9,9,9,9,9,9,9,9,9,9
2004,170634,1,1,0,0,0,0,0,0,0,0,0,0
2004,170634,2,1,0,0,0,0,0,0,0,0,0,0
2004,170635,1,1,15,15,15,15,15,15,15,15,15,15
2004,170635,2,1,0,0,6,0,0,9,0,0,0,0
2004,170636,1,1,0,4,0,21,0,0,23,0,5,0
2004,170637,1,1,0,0,0,0,0,0,0,0,0,0
2004,170637,2,1,0,0,0,3,0,0,0,0,0,0
2004,170638,1,1,0,0,0,0,14,0,0,0,0,0
2004,170639,0,1,0,0,0,0,0,0,0,0,0,0
2004,170639,1,1,0,0,0,0,0,0,0,0,0,0
2004,170640,1,1,0,0,0,0,0,0,0,0,0,0
2004,170640,2,1,0,10,0,0,0,0,0,0,0,0
2004,170641,1,1,0,0,0,0,0,0,0,0,0,0
2004,170641,2,1,0,0,0,0,0,0,0,0,0,0
2004,170642,1,1,0,0,0,0,0,0,0,0,0,0
2004,170643,1,1,0,0,0,0,0,0,0,0,0,0
2004,170643,2,1,0,0,0,0,0,0,0,0,0,0
2004,170644,1,1,0,0,0,0,0,0,0,0,0,0
2004,170645,1,1,0,0,0,0,0,0,0,0,0,0
2004,170645,2,1,0,0,0,20,0,0,14,0,0,0
2004,170645,3,1,0,0,0,0,18,0,0,0,0,0
2004,170645,4,1,0,0,0,0,0,0,0,0,0,0
2004,170646,0,1,19,19,19,19,19,19,19,19,19,19
2004,170646,1,1,0,0,10,12,0,0,0,0,0,19
2004,170647,1,1,22,22,22,22,22,22,22,22,22,22
2004,170647,2,1,19,19,10,0,15,0,0,0,13,0
2004,170648,1,1,5,5,5,5,5,5,5,5,5,5
2004,170649,1,1,26,0,0,0,0,0,0,0,0,0
2004,170649,2,1,0,0,0,0,0,0,0,0,0,0
2004,170650,1,1,0,0,0,0,0,0,0,0,0,0
2004,170650,2,1,0,0,0,0,0,0,0,0,0,0
2004,170651,1,1,27,27,27,27,27,27,27,27,27,27
2004,170652,1,1,0,0,0,0,0,0,0,0,0,0
2004,170652,2,1,0,0,0,0,0,0,0,0,0,0
2004,170653,1,1,0,0,0,0,0,0,0,0,0,0
2004,170654,1,1,0,0,0,0,0,0,0,0,0,0
2004,170656,1,1,1,1,1,1,1,1,1,1,1,1
2004,170657,0,1,0,0,0,0,0,0,0,0,0,0
2004,170657,1,1,0,21,11,0,0,24,0,0,13,0
2004,170658,0,1,10,14,0,0,14,0,0,0,0,0
2004,170658,1,1,0,0,0,29,0,16,26,14,0,20
2004,170659,1,1,22,22,22,22,22,22,22,22,22,22
2004,170660,1,1,10,10,10,10,10,10,10,10,10,10
2004,170661,1,1,3,3,3,3,3,3,3,3,3,3
2004,170662,1,1,0,0,0,0,0,0,0,0,0,0
2004,170662,2,1,0,0,0,0,0,0,0,0,0,0
2004,170663,0,1,11,0,0,0,0,0,0,0,0,0
2004,170663,1,1,7,0,0,0,0,0,0,0,0,0
2004,170664,1,1,0,0,0,0,0,0,0,0,0,0
2004,170664,2,1,0,0,0,0,0,0,0,0,0,0
2004,170665,1,1,20,20,20,20,20,20,20,20,20,20
2004,170666,1,1,0,0,0,0,0,0,0,0,0,0
2004,170666,2,1,0,0,0,0,0,0,0,0,0,0
2004,170667,1,1,0,0,0,0,0,0,0,0,0,0
2004,170668,1,1,0,22,0,4,0,0,26,0,0,0
2004,170668,2,1,0,0,0,0,0,0,0,0,0,0
2004,170669,1,1,35,35,35,35,35,35,35,35,35,35
2004,170669,2,1,0,0,0,0,0,0,0,0,0,0
2004,170670,1,1,0,0,0,0,0,0,0,21,0,0
2004,170671,1,1,0,0,0,0,0,0,25,0,0,10
2004,170671,2,1,0,0,10,0,0,0,0,0,0,0
2004,170672,1,1,14,14,14,14,14,14,14,14,14,14
2004,170672,2,1,0,0,0,0,0,0,0,0,0,0
2004,170673,1,1,0,0,0,0,0,0,0,0,0,0
2004,170674,0,1,0,0,0,0,0,0,0,0,0,0
2004,170674,1,1,0,0,0,0,11,0,0,0,0,0
2004,170675,1,1,0,0,0,15,3,0,0,0,0,0
2004,170675,2,1,0,0,0,0,0,0,0,0,0,0
2004,170675,3,1,0,0,0,0,0,0,0,0,0,0
2004,170675,4,1,0,0,0,0,0,0,0,0,0,0
2004,170676,1,1,0,0,0,0,0,0,0,0,0,0
2004,170677,1,1,0,0,0,0,0,0,0,0,0,0
2004,170678,1,1,0,0,0,0,0,0,0,0,0,0
2004,170678,2,1,0,0,0,0,0,0,0,0,0,0
2004,170679,1,1,28,28,28,28,28,28,28,28,28,28
2004,170680,1,1,8,8,8,8,8,8,8,8,8,8
2004,170681,1,1,31,31,31,31,31,31,31,31,31,31
2004,170682,1,1,0,0,0,0,26,0,14,0,11,0
2004,170682,2,1,0,0,0,0,0,0,0,0,0,0
2004,170683,1,1,0,0,0,0,0,0,0,0,0,0
2004,170684,0,1,0,0,0,0,0,0,0,0,0,0
2004,170684,1,1,0,0,0,0,0,0,0,0,0,0
2004,170685,1,1,7,7,7,7,7,7,7,7,7,7
2004,170686,0,1,0,0,0,0,0,0,0,0,0,0
2004,170686,1,1,0,0,0,0,0,0,0,0,0,0
2004,170686,2,1,0,0,0,0,0,0,0,0,0,0
2004,170687,1,1,0,0,0,0,0,0,0,0,0,0
2004,170687,2,1,0,0,0,0,0,0,0,0,0,0
2004,170688,1,1,0,0,0,0,0,0,0,0,0,0
2004,170689,1,1,0,0,0,0,0,0,0,0,0,0
2004,170689,2,1,18,0,0,0,0,0,21,0,0,20
2004,170689,3,1,0,0,0,0,0,0,0,0,0,0
2004,170690,1,1,8,8,8,8,8,8,8,8,8,8
2004,170691,1,1,22,22,22,22,22,22,22,22,22,22
2004,170691,2,1,0,0,0,0,0,0,0,0,0,0
2004,170692,1,1,0,0,0,0,0,0,0,0,0,0
2004,170692,2,1,0,0,0,0,0,12,0,0,0,0
2004,170693,0,1,0,0,0,0,0,0,0,0,0,0
2004,170693,1,1,0,0,0,0,0,0,8,0,0,0
2004,170694,1,1,0,0,0,0,0,0,0,0,0,0
2004,170694,2,1,0,0,0,0,0,0,9,0,0,0
2004,170695,1,1,0,0,0,0,0,0,0,0,7,0
2004,170696,1,1,16,0,22,0,0,0,0,0,0,0
2004,170696,2,1,0,0,0,0,0,0,0,9,21,0
2004,170697,1,1,10,10,10,10,10,10,10,10,10,10
2004,170698,1,1,8,8,8,8,8,8,8,8,8,8
2004,170699,1,1,16,16,16,16,16,16,16,16,16,16
2004,170699,2,1,0,0,0,0,0,0,0,0,0,0
2004,170700,1,1,0,0,0,0,0,0,0,0,0,0
2004,170701,1,1,26,26,0,12,17,42,12,28,18,33
2004,170702,1,1,32,29,16,0,0,0,0,20,27,0
2004,170703,1,1,22,21,23,14,0,0,24,20,13,31
2004,170704,1,1,17,17,17,17,17,17,17,17,17,17
2004,170704,2,1,0,0,0,0,0,0,0,0,0,0
2004,170705,1,1,0,0,0,0,0,0,0,0,0,0
2004,170706,0,1,0,0,0,0,0,0,0,0,0,0
2004,170706,1,1,0,0,0,0,0,0,0,0,0,0
2004,170708,1,1,0,0,0,0,0,0,0,0,0,0
2004,170708,2,1,0,0,0,0,0,0,0,0,0,0
2004,170709,1,1,0,0,0,0,0,0,0,0,0,0
2004,170710,1,1,0,0,0,0,0,0,0,0,0,0
2004,170711,1,1,0,0,0,0,0,0,0,0,0,0
2004,170711,2,1,0,0,0,0,0,0,0,0,0,0
2004,170712,1,1,0,0,8,7,0,0,0,0,8,0
2004,170713,1,1,0,0,0,0,0,0,0,0,0,0
2004,170713,2,1,0,0,0,0,0,0,0,0,0,0
2004,170714,1,1,0,0,0,0,0,0,0,0,0,0
2004,170714,2,1,0,0,0,0,0,0,0,0,0,0
2004,170715,1,1,0,0,0,0,0,0,0,0,0,0
2004,170715,2,1,0,0,0,0,0,0,0,0,0,0
2004,170715,3,1,0,0,0,0,0,0,0,0,0,0
2004,170716,1,1,8,8,8,8,8,8,8,8,8,8
2004,170716,2,1,0,0,0,0,0,0,0,0,0,0
2004,170717,1,1,12,12,12,12,12,12,12,12,12,12
2004,170717,2,1,0,0,0,0,0,0,0,0,0,0
2004,170718,1,1,19,0,0,0,0,0,15,0,0,12
2004,170719,1,1,16,16,16,16,16,16,16,16,16,16
2004,170720,1,1,0,0,0,0,0,0,0,0,0,0
2004,170720,2,1,0,0,0,0,0,0,0,0,0,0
2004,170721,1,1,0,0,0,0,0,0,0,0,0,0
2004,170721,2,1,12,11,0,8,7,8,10,0,5,8
2004,170722,1,1,0,0,0,0,0,0,0,0,0,0
2004,170722,2,1,0,0,0,0,0,0,0,0,0,0
2004,170723,1,1,20,20,20,20,20,20,20,20,20,20
2004,170724,1,1,0,0,0,0,0,0,0,0,0,0
2004,170724,2,1,0,0,0,0,0,0,0,0,0,0
2004,170725,1,1,0,0,0,0,0,0,0,0,0,0
2004,170726,1,1,0,0,0,0,0,0,0,0,0,0
2004,170726,2,1,0,0,0,0,0,0,0,36,0,0
2004,170727,1,1,0,0,0,0,0,0,0,0,0,6
2004,170727,2,1,0,0,0,0,0,0,20,0,0,0
2004,170728,1,1,0,0,0,0,0,0,0,0,0,0
2004,170728,2,1,0,0,0,0,0,2,0,0,0,0
2004,170729,1,1,0,0,0,0,0,0,0,0,0,0
2004,170729,2,1,0,0,0,0,0,0,0,0,0,0
2004,170729,3,1,0,0,0,0,0,0,0,0,0,0
2004,170730,1,1,0,0,0,0,0,0,0,0,0,0
2004,170731,1,1,6,6,6,6,6,6,6,6,6,6
2004,170732,0,1,0,0,0,0,0,0,0,0,0,0
2004,170732,1,1,15,0,0,26,14,23,10,0,0,11
2004,170733,1,1,0,15,0,0,0,0,0,8,0,21
2004,170734,1,1,14,14,14,14,14,14,14,14,14,14
2004,170735,1,1,0,0,0,0,0,0,0,0,0,0
2004,170736,1,1,0,0,0,0,0,0,0,0,0,0
2004,170736,2,1,0,0,0,0,0,0,0,0,0,0
2004,170737,1,1,8,8,8,8,8,8,8,8,8,8
2004,170738,1,1,5,5,5,5,5,5,5,5,5,5
2004,170738,2,1,0,0,0,0,0,0,0,0,0,0
2004,170739,1,1,0,0,0,0,0,0,0,0,0,0
2004,170739,2,1,0,0,0,0,0,0,0,0,0,0
2004,170740,0,1,0,0,0,0,0,0,0,0,0,0
2004,170740,0,2,12,0,0,0,0,0,18,0,0,7
2004,170740,1,1,0,0,0,0,0,0,0,0,0,0
2004,170741,1,1,34,34,34,34,34,34,34,34,34,34
2004,170742,1,1,0,0,0,0,0,0,0,0,0,0
2004,170742,2,1,0,0,0,0,0,0,0,0,0,0
2004,170743,0,1,0,0,0,0,0,0,0,0,0,0
2004,170743,1,1,0,0,0,0,0,0,0,0,0,0
2004,170744,1,1,0,0,0,0,0,0,0,0,0,0
2004,170744,2,1,0,0,0,0,0,0,0,0,0,0
2004,170745,1,1,0,0,9,0,0,0,0,0,0,0
2004,170745,2,1,0,0,0,0,0,0,0,0,0,0
2004,170746,1,1,0,0,0,0,0,0,0,0,0,0
2004,170746,2,1,0,0,0,0,0,0,0,0,0,0
2004,170746,3,1,0,0,0,0,0,0,0,0,0,0
2004,170746,4,1,0,0,0,0,0,0,0,0,0,0
2004,170747,1,1,7,7,7,7,7,7,7,7,7,7
2004,170748,1,1,0,0,0,0,0,0,0,0,0,0
2004,170749,0,1,5,17,0,0,0,0,0,3,0,0
2004,170749,1,1,0,0,0,0,0,0,0,0,0,0
2004,170749,2,1,0,0,0,0,0,0,0,0,0,0
2004,170750,1,1,0,0,0,0,0,0,0,0,0,0
2004,170750,2,1,0,0,0,0,0,0,0,0,0,0
2004,170750,3,1,0,0,0,0,0,0,0,0,0,0
2004,170750,4,1,0,0,0,0,0,13,0,0,0,2
2004,170751,1,1,14,14,14,14,14,14,14,14,14,14
2004,170752,1,1,14,14,14,14,14,14,14,14,14,14
2004,170753,1,1,20,0,17,11,0,14,0,0,0,0
2004,170753,2,1,0,0,0,0,0,0,0,0,0,0
2004,170754,1,1,0,0,0,0,0,0,0,0,0,0
2004,170755,1,1,19,19,19,19,19,19,19,19,19,19
2004,170756,1,1,0,0,0,0,0,0,0,0,0,0
2004,170756,2,1,12,0,0,0,22,16,0,0,0,0
2004,170756,3,1,4,0,0,0,8,0,0,0,0,0
2004,170757,1,1,25,25,25,25,25,25,25,25,25,25
2004,170757,2,1,18,18,18,18,18,18,18,18,18,18
2004,170758,1,1,38,38,38,38,38,38,38,38,38,38
2004,170758,2,1,0,0,0,5,0,0,0,0,0,0
2004,170759,1,1,0,0,0,0,0,0,0,0,0,0
2004,170760,0,1,0,0,0,0,0,0,0,0,0,0
2004,170760,1,1,0,0,0,0,0,0,0,0,0,0
2004,170760,2,1,0,0,19,0,0,0,0,0,0,15
2004,170761,0,1,0,0,0,0,0,0,0,0,0,0
2004,170761,1,1,20,0,0,0,0,0,0,0,0,0
2004,170762,1,1,16,16,16,16,16,16,16,16,16,16
2004,170763,1,1,0,0,0,0,0,0,0,0,0,0
2004,170763,2,1,0,0,0,0,0,0,0,0,0,0
2004,170765,1,1,0,0,0,0,0,0,0,0,0,0
2004,170766,1,1,0,0,0,0,0,0,0,0,0,0
2004,170766,2,1,0,0,0,0,21,0,0,0,0,0
2004,170767,1,1,0,0,0,0,0,0,0,0,0,0
2004,170767,2,1,0,0,0,0,0,0,0,0,0,0
2004,170768,0,1,0,0,0,0,0,0,0,0,0,0
2004,170768,1,1,0,0,0,0,0,0,0,0,0,0
2004,170769,1,1,19,19,19,19,19,19,19,19,19,19
2004,170770,1,1,4,4,4,4,4,4,4,4,4,4
2004,170771,1,1,0,0,0,0,0,0,0,0,0,0
2004,170771,2,1,0,0,0,0,0,0,0,0,0,0
2004,170772,1,1,0,0,0,0,0,0,0,0,0,0
2004,170772,2,1,0,0,0,0,0,0,0,0,0,0