YEAR,ST_CASE,veh_no,per_no,P1,P2,P3,P4,P5,P6,P7,P8,P9,P10
2004,170773,1,1,0,0,0,0,0,0,0,0,0,0
2004,170774,1,1,18,18,18,18,18,18,18,18,18,18
2004,170774,2,1,0,0,0,0,0,0,13,0,0,0
2004,170775,0,1,23,23,23,23,23,23,23,23,23,23
2004,170775,1,1,0,0,15,0,0,0,31,0,0,0
2004,170776,1,1,0,0,0,0,0,0,0,0,0,0
2004,170776,2,1,0,0,0,0,0,0,0,0,0,0
2004,170776,3,1,0,0,0,0,0,0,0,0,0,0
2004,170776,4,1,0,0,0,0,0,0,0,0,0,0
2004,170777,1,1,14,14,14,14,14,14,14,14,14,14
2004,170777,2,1,0,0,0,0,0,0,0,0,0,0
2004,170777,3,1,0,0,0,0,0,0,0,0,0,0
2004,170778,1,1,20,20,20,20,20,20,20,20,20,20
2004,170779,1,1,0,0,0,0,0,0,0,0,0,0
2004,170780,1,1,0,0,0,0,0,0,0,0,0,0
2004,170781,1,1,0,0,0,0,0,0,0,0,0,0
2004,170781,2,1,0,0,0,0,0,0,0,0,0,0
2004,170782,0,1,25,25,25,25,25,25,25,25,25,25
2004,170782,1,1,0,0,0,0,10,0,5,0,0,0
2004,170783,0,1,0,0,0,0,0,0,0,0,0,0
2004,170783,1,1,0,0,0,0,13,0,0,0,0,0
2004,170784,1,1,15,15,15,15,15,15,15,15,15,15
2004,170785,1,1,24,24,24,24,24,24,24,24,24,24
2004,170785,2,1,6,6,6,6,6,6,6,6,6,6
2004,170786,1,1,0,0,0,0,0,0,0,0,0,0
2004,170786,2,1,0,0,0,0,0,0,4,0,0,0
2004,170787,0,1,0,0,0,0,0,0,0,0,0,0
2004,170787,1,1,0,0,0,0,0,0,0,0,0,0
2004,170788,1,1,0,0,0,0,0,0,0,0,0,0
2004,170789,0,1,8,8,8,8,8,8,8,8,8,8
2004,170789,1,1,0,0,0,0,0,0,0,0,0,0
2004,170790,0,1,37,37,37,37,37,37,37,37,37,37
2004,170790,1,1,0,0,0,0,0,0,0,0,0,0
2004,170791,1,1,0,0,0,0,0,0,0,0,0,0
2004,170792,0,1,20,20,20,20,20,20,20,20,20,20
2004,170792,1,1,0,0,18,0,0,20,0,0,0,0
2004,170793,1,1,0,0,0,25,0,31,7,25,0,0
2004,170793,2,1,0,0,13,0,0,0,0,0,0,0
2004,170794,1,1,0,0,0,0,0,0,0,0,0,0
2004,170794,2,1,0,0,0,0,0,0,0,14,0,0
2004,170795,1,1,20,20,20,20,20,20,20,20,20,20
2004,170795,2,1,0,0,0,0,0,0,0,0,0,0
2004,170796,1,1,0,0,0,0,0,0,0,0,0,0
2004,170796,2,1,0,0,0,0,0,0,0,0,0,0
2004,170797,0,1,0,0,0,0,0,0,0,0,0,0
2004,170797,1,1,0,0,0,0,0,0,0,0,0,0
2004,170798,1,1,0,0,0,0,0,21,0,0,0,0
2004,170799,1,1,7,0,0,0,0,0,0,0,0,0
2004,170799,2,1,0,0,0,0,0,0,0,0,0,0
2004,170800,1,1,0,0,0,0,0,0,0,0,0,0
2004,170801,1,1,8,8,8,8,8,8,8,8,8,8
2004,170802,1,1,0,0,0,0,0,0,0,0,0,0
2004,170802,2,1,0,0,0,0,0,0,0,0,0,0
2004,170803,1,1,19,19,19,19,19,19,19,19,19,19
2004,170804,1,1,0,0,0,0,0,0,0,0,0,0
2004,170804,2,1,0,0,0,0,5,0,0,0,0,9
2004,170805,1,1,0,0,0,0,0,0,0,0,0,0
2004,170805,2,1,0,0,0,0,0,0,0,0,0,0
2004,170805,3,1,0,0,0,0,0,0,0,0,0,0
2004,170805,4,1,0,0,0,0,0,0,0,0,0,0
2004,170805,5,1,0,0,0,0,0,0,0,0,0,0
2004,170806,1,1,0,0,0,0,0,0,0,0,0,0
2004,170806,2,1,0,0,0,0,0,0,0,0,0,0
2004,170807,1,1,0,0,0,11,0,0,0,0,0,0
2004,170807,2,1,0,0,0,0,8,0,0,0,0,0
2004,170808,1,1,10,10,10,10,10,10,10,10,10,10
2004,170808,2,1,0,0,0,0,0,0,0,0,0,0
2004,170809,1,1,0,0,0,0,0,0,0,0,0,0
2004,170809,2,1,0,0,0,0,0,0,0,0,0,0
2004,170810,1,1,0,0,0,0,0,0,0,0,0,0
2004,170810,2,1,0,0,0,0,0,0,0,0,3,0
2004,170810,3,1,0,0,0,0,0,0,0,0,0,0
2004,170811,1,1,0,0,20,0,0,0,0,0,0,0
2004,170812,0,1,2,2,2,2,2,2,2,2,2,2
2004,170812,1,1,0,0,0,0,0,0,0,0,0,0
2004,170813,1,1,17,17,17,17,17,17,17,17,17,17
2004,170814,1,1,5,5,5,5,5,5,5,5,5,5
2004,170815,0,1,3,14,11,17,14,0,13,16,11,0
2004,170815,0,2,3,3,3,3,3,3,3,3,3,3
2004,170815,1,1,0,5,0,0,27,10,12,18,9,10
2004,170816,1,1,15,15,15,15,15,15,15,15,15,15
2004,170816,2,1,0,18,0,14,0,0,0,0,0,0
2004,170816,3,1,0,0,0,0,0,0,0,0,0,0
2004,170817,0,1,0,0,0,0,0,0,0,0,0,0
2004,170817,1,1,0,0,0,0,0,0,0,0,0,0
2004,170818,1,1,16,16,16,16,16,16,16,16,16,16
2004,170819,1,1,0,0,0,0,0,0,0,0,0,0
2004,170819,2,1,0,0,14,0,0,0,0,0,0,0
2004,170820,1,1,0,0,0,0,0,0,0,0,0,0
2004,170820,2,1,0,0,0,0,0,0,0,0,0,0
2004,170821,1,1,0,0,0,0,0,0,0,0,0,0
2004,170821,2,1,13,13,13,13,13,13,13,13,13,13
2004,170822,1,1,0,0,0,0,0,0,0,0,0,0
2004,170822,2,1,0,0,0,0,0,0,0,0,0,0
2004,170822,3,1,0,0,0,0,0,0,0,0,0,0
2004,170823,1,1,0,0,0,0,0,0,0,0,0,0
2004,170823,2,1,0,0,0,0,0,0,0,0,0,0
2004,170824,1,1,27,27,27,27,27,27,27,27,27,27
2004,170824,2,1,0,0,0,0,0,0,0,0,0,0
2004,170824,3,1,0,0,0,0,0,0,0,0,0,0
2004,170825,1,1,17,17,17,17,17,17,17,17,17,17
2004,170826,1,1,10,10,10,10,10,10,10,10,10,10
2004,170826,2,1,0,0,0,0,0,0,0,0,0,0
2004,170827,1,1,10,10,10,10,10,10,10,10,10,10
2004,170828,1,1,0,0,0,0,0,0,0,0,0,0
2004,170828,2,1,0,0,0,27,0,0,0,0,14,0
2004,170829,1,1,14,14,14,14,14,14,14,14,14,14
2004,170830,1,1,13,15,18,14,48,21,25,15,40,15
2004,170831,1,1,0,0,0,0,0,0,0,0,0,0
2004,170831,2,1,0,0,0,0,0,0,0,0,0,0
2004,170832,1,1,3,3,3,3,3,3,3,3,3,3
2004,170832,2,1,0,0,0,0,0,0,0,0,0,10
2004,170833,1,1,0,0,0,0,0,0,0,0,0,0
2004,170833,2,1,0,0,0,0,0,0,0,0,0,0
2004,170834,1,1,32,0,12,10,25,3,0,18,6,0
2004,170834,2,1,11,11,16,19,8,11,10,12,0,16
2004,170835,1,1,0,0,0,0,0,0,0,0,0,0
2004,170835,2,1,0,0,0,0,0,0,0,0,0,0
2004,170836,1,1,0,0,0,0,0,0,0,0,0,0
2004,170836,2,1,0,0,0,0,0,0,0,0,0,0
2004,170836,3,1,0,0,0,0,0,0,0,0,0,0
2004,170837,1,1,13,13,13,13,13,13,13,13,13,13
2004,170837,2,1,0,0,0,0,0,0,0,0,0,0
2004,170838,1,1,6,6,6,6,6,6,6,6,6,6
2004,170839,1,1,17,17,17,17,17,17,17,17,17,17
2004,170840,1,1,0,0,0,0,0,0,0,0,0,0
2004,170841,1,1,12,12,12,12,12,12,12,12,12,12
2004,170842,1,1,0,0,0,0,0,0,0,0,0,0
2004,170842,2,1,0,0,0,0,0,0,0,0,0,0
2004,170843,1,1,0,0,0,0,0,0,0,0,0,0
2004,170844,1,1,0,0,0,0,0,0,0,0,0,0
2004,170844,2,1,0,0,0,9,0,0,0,0,0,0
2004,170845,1,1,0,0,0,0,0,0,0,0,0,0
2004,170845,2,1,0,0,0,0,0,0,0,0,0,0
2004,170846,1,1,8,8,8,8,8,8,8,8,8,8
2004,170847,1,1,0,0,0,0,0,0,0,0,0,0
2004,170847,2,1,0,0,0,3,0,0,0,0,0,0
2004,170849,1,1,16,16,16,16,16,16,16,16,16,16
2004,170849,2,1,0,0,0,0,0,0,0,0,0,0
2004,170850,0,1,0,0,0,0,0,0,0,0,0,0
2004,170850,1,1,0,0,0,0,0,0,0,0,0,0
2004,170851,1,1,10,10,10,10,10,10,10,10,10,10
2004,170852,1,1,12,12,12,12,12,12,12,12,12,12
2004,170853,1,1,0,0,0,0,0,0,0,0,0,0
2004,170854,1,1,0,0,0,0,0,0,0,0,0,0
2004,170854,2,1,0,0,0,0,0,0,0,0,0,0
2004,170855,1,1,0,0,0,20,0,0,0,0,0,0
2004,170855,2,1,0,0,0,0,0,0,0,0,0,0
2004,170856,1,1,12,12,12,12,12,12,12,12,12,12
2004,170857,0,1,23,23,23,23,23,23,23,23,23,23
2004,170857,1,1,0,0,0,0,0,0,0,0,0,0
2004,170858,1,1,0,0,0,0,0,0,0,0,0,0
2004,170858,2,1,0,0,0,0,0,0,0,0,0,0
2004,170859,1,1,20,20,20,20,20,20,20,20,20,20
2004,170860,1,1,23,23,23,23,23,23,23,23,23,23
2004,170861,1,1,0,0,0,0,0,0,0,0,0,0
2004,170861,2,1,0,0,9,0,0,0,0,0,0,0
2004,170862,1,1,17,17,17,17,17,17,17,17,17,17
2004,170863,0,1,0,0,0,0,0,0,0,0,0,0
2004,170863,1,1,0,0,0,0,0,0,0,0,0,0
2004,170864,0,1,0,0,0,0,0,0,0,0,0,0
2004,170864,0,2,15,0,0,0,0,0,9,0,0,23
2004,170864,1,1,0,0,0,0,0,0,0,0,0,0
2004,170865,1,1,0,0,0,0,0,0,0,0,0,0
2004,170866,0,1,0,0,0,0,0,0,0,0,0,0
2004,170866,1,1,0,0,0,0,0,0,0,0,0,0
2004,170867,1,1,16,16,16,16,16,16,16,16,16,16
2004,170868,1,1,0,0,0,0,0,0,0,0,0,0
2004,170868,2,1,0,0,0,0,0,0,0,0,0,0
2004,170869,0,1,0,0,0,0,0,0,0,0,0,0
2004,170869,1,1,0,0,0,0,0,0,0,0,0,0
2004,170870,1,1,0,0,0,0,0,0,0,0,0,0
2004,170871,1,1,0,0,0,0,0,0,0,0,0,0
2004,170871,2,1,0,0,0,0,0,0,0,0,0,0
2004,170872,1,1,0,19,0,0,0,0,0,0,0,0
2004,170872,2,1,0,0,0,0,0,0,0,0,0,0
2004,170872,3,1,0,0,0,0,0,0,0,0,0,0
2004,170873,0,1,0,0,0,0,0,0,0,0,0,0
2004,170873,1,1,0,0,17,0,0,0,0,0,0,0
2004,170874,1,1,9,9,9,9,9,9,9,9,9,9
2004,170875,0,1,11,11,11,11,11,11,11,11,11,11
2004,170875,1,1,0,0,0,0,0,0,0,0,0,0
2004,170876,1,1,0,0,0,0,0,0,0,0,0,0
2004,170877,1,1,0,0,0,0,0,0,0,0,0,0
2004,170878,1,1,0,0,0,0,0,0,0,0,0,0
2004,170878,2,1,0,0,0,0,0,0,0,0,0,0
2004,170879,1,1,6,6,6,6,6,6,6,6,6,6
2004,170879,2,1,0,0,0,0,0,0,0,0,0,0
2004,170880,1,1,0,0,0,0,0,0,0,0,0,0
2004,170880,2,1,0,11,0,0,0,0,0,0,0,0
2004,170880,3,1,0,0,0,0,0,0,0,0,0,0
2004,170881,1,1,0,0,0,0,0,0,0,0,0,0
2004,170882,1,1,0,0,0,0,0,0,0,0,0,0
2004,170882,2,1,0,0,0,0,0,0,0,0,19,0
2004,170882,3,1,0,0,0,0,0,0,0,0,0,0
2004,170882,4,1,0,0,0,0,0,0,0,0,0,0
2004,170883,1,1,12,12,12,12,12,12,12,12,12,12
2004,170884,0,1,0,0,0,0,0,0,0,0,0,0
2004,170884,1,1,0,0,0,18,0,0,0,0,0,0
2004,170885,1,1,14,14,14,14,14,14,14,14,14,14
2004,170886,1,1,12,12,12,12,12,12,12,12,12,12
2004,170886,2,1,0,0,0,20,0,0,0,20,0,0
2004,170886,3,1,0,0,0,0,0,0,0,0,0,0
2004,170887,1,1,10,10,10,10,10,10,10,10,10,10
2004,170888,1,1,0,0,0,0,7,0,4,11,3,9
2004,170889,1,1,0,0,0,0,0,0,0,0,0,0
2004,170889,2,1,1,1,1,1,1,1,1,1,1,1
2004,170891,1,1,11,7,21,24,0,9,18,0,15,8
2004,170891,2,1,0,0,0,0,0,0,0,0,0,0
2004,170891,3,1,0,0,0,0,0,0,7,0,0,5
2004,170892,1,1,0,0,0,0,0,0,0,0,0,0
2004,170892,2,1,0,0,0,0,0,0,0,0,0,0
2004,170893,1,1,0,0,0,0,0,0,0,0,0,0
2004,170894,1,1,0,0,0,0,0,0,0,0,0,0
2004,170894,2,1,0,0,0,0,0,0,0,0,0,0
2004,170895,1,1,0,0,0,0,0,0,0,0,0,0
2004,170895,2,1,0,0,0,0,0,0,0,0,0,0
2004,170896,1,1,21,4,9,8,13,0,18,23,10,18
2004,170897,1,1,0,0,0,0,0,0,0,0,0,0
2004,170898,0,1,17,17,17,17,17,17,17,17,17,17
2004,170898,1,1,0,0,0,16,0,0,0,0,0,17
2004,170899,1,1,10,10,10,10,10,10,10,10,10,10
2004,170899,2,1,7,6,0,6,0,0,0,0,0,0
2004,170899,3,1,0,0,0,0,0,0,0,0,0,0
2004,170900,1,1,9,9,9,9,9,9,9,9,9,9
2004,170901,1,1,28,28,28,28,28,28,28,28,28,28
2004,170902,1,1,31,31,31,31,31,31,31,31,31,31
2004,170903,0,1,0,0,0,0,0,0,0,0,0,0
2004,170903,1,1,0,20,0,0,0,0,0,0,0,0
2004,170904,0,1,23,23,23,23,23,23,23,23,23,23
2004,170904,1,1,0,0,0,0,0,0,27,0,11,0
2004,170905,1,1,0,0,0,0,0,0,0,0,0,0
2004,170905,2,1,0,0,0,0,0,0,0,0,0,0
2004,170906,1,1,0,0,0,0,0,0,0,0,0,0
2004,170906,2,1,0,0,0,0,0,0,0,0,0,0
2004,170907,1,1,0,0,22,0,0,0,0,0,0,0
2004,170907,2,1,0,0,0,0,0,0,0,0,0,0
2004,170908,1,1,0,0,0,0,0,0,0,0,0,0
2004,170908,2,1,0,0,0,0,0,0,0,0,0,0
2004,170909,1,1,0,0,0,0,0,0,0,0,0,0
2004,170909,2,1,0,0,0,0,0,0,0,0,0,0
2004,170910,1,1,0,0,0,0,0,0,0,0,0,0
2004,170911,1,1,0,0,0,0,0,0,0,0,0,0
2004,170911,2,1,0,0,0,0,0,0,0,0,0,0
2004,170912,1,1,0,0,0,0,0,0,0,0,0,0
2004,170912,2,1,0,0,0,0,0,0,0,0,0,0
2004,170913,1,1,19,19,19,19,19,19,19,19,19,19
2004,170913,2,1,0,0,0,0,0,0,0,0,0,0
2004,170914,1,1,0,0,0,0,0,0,0,0,0,0
2004,170915,1,1,0,0,0,0,0,0,0,0,0,0
2004,170915,2,1,0,0,0,0,0,0,0,0,0,0
2004,170916,1,1,4,4,4,4,4,4,4,4,4,4
2004,170916,2,1,0,0,13,0,0,0,0,0,0,0
2004,170917,1,1,0,0,0,0,0,0,0,0,0,0
2004,170917,2,1,0,0,0,0,0,0,0,0,0,0
2004,170918,1,1,9,9,9,9,9,9,9,9,9,9
2004,170918,2,1,0,0,0,0,0,0,0,0,0,0
2004,170918,3,1,0,0,0,0,0,0,0,0,0,0
2004,170919,1,1,0,0,0,0,0,0,0,0,0,0
2004,170919,2,1,12,12,12,12,12,12,12,12,12,12
2004,170920,1,1,26,15,17,31,38,19,31,17,13,12
2004,170921,0,1,21,21,21,21,21,21,21,21,21,21
2004,170921,1,1,0,7,0,14,0,0,0,0,0,0
2004,170922,1,1,0,0,0,0,0,0,0,0,0,0
2004,170923,1,1,15,15,15,15,15,15,15,15,15,15
2004,170924,1,1,14,14,14,14,14,14,14,14,14,14
2004,170925,1,1,0,0,0,0,0,0,0,0,0,0
2004,170925,2,1,0,0,0,0,0,0,0,0,0,0
2004,170926,0,1,34,20,28,0,9,14,18,49,7,0
2004,170926,1,1,13,13,13,13,13,13,13,13,13,13
2004,170927,1,1,0,0,0,0,0,0,0,0,0,0
2004,170927,2,1,0,13,0,0,16,0,0,18,14,0
2004,170928,1,1,0,0,0,0,0,0,0,0,0,0
2004,170928,2,1,0,0,0,0,0,0,0,0,0,0
2004,170929,0,1,0,0,0,0,0,0,0,0,0,0
2004,170929,1,1,0,0,0,0,0,0,0,0,0,0
2004,170930,1,1,0,0,0,0,0,0,0,0,0,0
2004,170930,2,1,0,1,0,0,0,0,0,0,0,0
2004,170932,1,1,20,20,20,20,20,20,20,20,20,20
2004,170932,2,1,0,0,0,0,0,0,0,0,0,0
2004,170933,1,1,0,0,0,0,0,0,0,0,0,0
2004,170933,2,1,0,0,0,0,0,0,0,0,0,0
2004,170934,1,1,0,0,0,0,0,0,0,0,0,0
2004,170934,2,1,0,0,0,0,0,0,0,0,0,0
2004,170935,1,1,0,0,0,0,0,0,0,0,0,0
2004,170935,2,1,0,0,0,0,0,0,0,0,0,0
2004,170936,0,1,13,0,6,0,0,0,0,0,0,0
2004,170936,1,1,0,0,0,0,0,0,0,0,0,0
2004,170937,1,1,0,0,0,0,0,0,0,0,0,0
2004,170938,1,1,0,0,0,0,0,0,0,0,0,0
2004,170938,2,1,0,0,0,0,0,0,0,0,0,3
2004,170939,1,1,0,0,0,0,0,0,0,0,0,0
2004,170940,1,1,0,0,0,0,0,0,0,0,0,0
2004,170941,1,1,0,0,0,0,0,0,0,0,0,0
2004,170941,2,1,0,0,0,0,0,0,0,0,0,0
2004,170942,1,1,13,13,13,13,13,13,13,13,13,13
2004,170943,1,1,11,11,11,11,11,11,11,11,11,11
2004,170944,1,1,0,0,0,0,0,0,0,0,0,0
2004,170945,1,1,7,7,7,7,7,7,7,7,7,7
2004,170946,1,1,19,19,19,19,19,19,19,19,19,19
2004,170947,1,1,11,11,11,11,11,11,11,11,11,11
2004,170948,1,1,15,15,15,15,15,15,15,15,15,15
2004,170949,1,1,5,5,5,5,5,5,5,5,5,5
2004,170950,1,1,0,25,0,0,12,0,0,0,31,0
2004,170951,1,1,26,16,17,15,33,33,0,14,23,19
2004,170952,0,1,16,16,16,16,16,16,16,16,16,16
2004,170952,1,1,17,17,17,17,17,17,17,17,17,17
2004,170953,1,1,6,6,6,6,6,6,6,6,6,6
2004,170954,1,1,0,0,0,0,0,0,0,0,0,0
2004,170954,2,1,0,0,0,0,0,12,0,13,0,0
2004,170954,3,1,0,0,0,0,0,0,0,0,0,0
2004,170955,1,1,20,23,0,16,19,0,14,27,0,24
2004,170956,0,1,0,0,0,0,0,0,0,0,0,0
2004,170956,1,1,0,0,0,0,0,0,0,0,0,0
2004,170956,2,1,0,0,0,0,0,0,0,0,11,0
2004,170957,1,1,19,19,19,19,19,19,19,19,19,19
2004,170957,2,1,0,0,0,0,0,0,0,0,0,0
2004,170958,1,1,0,0,0,0,0,0,0,0,0,0
2004,170959,1,1,29,19,18,0,2,15,30,15,10,10
2004,170960,1,1,0,0,0,0,0,0,0,0,0,0
2004,170960,2,1,0,0,0,15,0,0,0,0,0,0
2004,170961,1,1,0,0,0,0,0,0,0,0,0,0
2004,170962,1,1,0,0,0,0,0,0,0,0,0,0
2004,170963,1,1,19,8,12,21,26,15,15,34,12,14
2004,170964,1,1,0,0,0,0,0,0,0,0,0,0
2004,170964,2,1,0,0,0,0,0,0,0,0,0,0
2004,170965,1,1,19,19,19,19,19,19,19,19,19,19
2004,170966,0,1,8,8,8,8,8,8,8,8,8,8
2004,170966,1,1,0,0,0,0,7,0,0,0,0,0
2004,170967,1,1,18,18,18,18,18,18,18,18,18,18
2004,170967,2,1,0,0,0,0,0,0,0,0,0,0
2004,170967,3,1,11,0,0,23,32,0,0,0,0,19
2004,170968,1,1,21,21,21,21,21,21,21,21,21,21
2004,170969,1,1,0,0,0,0,0,0,0,0,0,0
2004,170970,1,1,0,0,0,0,0,0,0,0,0,0
2004,170970,2,1,0,0,0,0,0,0,0,0,0,0
2004,170971,1,1,22,22,22,22,22,22,22,22,22,22
2004,170971,2,1,0,0,0,0,0,0,0,0,0,0
2004,170972,1,1,0,0,0,0,0,0,0,0,0,0
2004,170972,2,1,0,0,0,0,0,0,0,0,0,0
2004,170973,1,1,24,24,24,24,24,24,24,24,24,24
2004,170974,1,1,0,0,0,0,0,0,0,0,0,0
2004,170975,1,1,0,0,0,0,0,0,0,0,0,17
2004,170975,2,1,0,0,0,0,0,0,0,0,0,0
2004,170976,1,1,0,0,0,0,0,0,0,0,0,0
2004,170976,2,1,0,0,0,0,0,0,0,0,0,0
2004,170977,1,1,28,28,28,28,28,28,28,28,28,28
2004,170977,2,1,0,0,5,0,0,11,0,0,0,0
2004,170978,1,1,0,0,0,0,0,0,0,0,0,0
2004,170978,2,1,0,0,0,0,7,0,0,0,0,0
2004,170978,3,1,0,10,0,0,0,0,0,0,0,0
2004,170978,4,1,0,0,0,0,0,0,0,0,0,0
2004,170978,5,1,0,0,0,0,0,0,0,0,0,0
2004,170979,1,1,0,0,0,0,0,0,0,0,0,0
2004,170979,2,1,0,0,0,0,0,0,0,0,0,0
2004,170980,1,1,0,0,0,0,0,0,0,0,0,0
2004,170980,2,1,0,0,0,0,0,0,0,0,0,0
2004,170981,1,1,0,0,0,0,0,0,0,0,0,0
2004,170981,2,1,0,0,0,0,0,0,0,0,0,0
2004,170982,0,1,0,0,0,0,0,0,0,0,0,0
2004,170982,1,1,0,0,0,0,0,0,0,0,8,0
2004,170983,0,1,1,1,1,1,1,1,1,1,1,1
2004,170983,0,2,10,0,26,0,0,42,15,12,0,7
2004,170983,1,1,15,9,11,7,0,0,0,8,0,0
2004,170984,1,1,15,15,15,15,15,15,15,15,15,15
2004,170985,1,1,0,0,0,0,0,0,0,0,0,0
2004,170985,2,1,0,0,0,0,0,0,0,0,0,0
2004,170986,1,1,0,0,0,0,0,0,0,0,0,0
2004,170986,2,1,0,0,7,0,0,0,0,0,0,0
2004,170987,1,1,0,0,0,0,0,0,0,0,0,0
2004,170987,2,1,0,0,0,0,0,0,0,0,0,0
2004,170988,1,1,0,0,0,0,0,0,0,0,0,0
2004,170988,2,1,0,0,0,0,0,0,0,0,0,0
2004,170988,3,1,0,0,0,0,0,0,0,0,0,0
2004,170988,4,1,0,0,0,0,0,0,0,0,0,0
2004,170989,1,1,0,0,0,0,0,0,0,0,0,0
2004,170990,1,1,0,24,0,35,0,0,0,15,0,0
2004,170990,2,1,0,0,0,0,0,0,0,0,0,0
2004,170991,1,1,0,0,0,0,0,0,0,0,0,0
2004,170991,2,1,0,0,0,0,0,0,0,0,0,0
2004,170992,1,1,0,0,0,0,0,0,0,0,0,0
2004,170992,2,1,0,0,0,0,0,0,0,0,0,0
2004,170993,1,1,13,22,6,12,18,28,21,23,16,17
2004,170993,2,1,0,0,0,0,15,14,16,15,0,16
2004,170994,1,1,13,13,13,13,13,13,13,13,13,13
2004,170995,1,1,0,0,0,0,9,0,0,12,0,0
2004,170995,2,1,0,0,0,0,0,0,0,0,0,0
2004,170996,1,1,16,16,16,16,16,16,16,16,16,16
2004,170997,1,1,0,0,0,0,0,0,0,15,0,0
2004,170997,2,1,19,19,19,19,19,19,19,19,19,19
2004,170998,1,1,5,5,5,5,5,5,5,5,5,5
2004,170998,2,1,0,0,0,0,0,0,0,0,0,0
2004,170999,0,1,5,5,5,5,5,5,5,5,5,5
2004,170999,1,1,0,0,0,0,0,0,0,0,0,0
2004,171000,1,1,0,0,0,0,0,0,0,0,0,0
2004,171001,1,1,15,15,15,15,15,15,15,15,15,15
2004,171002,1,1,10,10,10,10,10,10,10,10,10,10
2004,171003,1,1,0,0,0,0,0,0,0,0,0,0
2004,171004,1,1,17,17,17,17,17,17,17,17,17,17
2004,171005,1,1,0,0,0,0,0,0,0,0,0,0
2004,171005,2,1,0,0,0,0,0,0,0,9,0,0
2004,171006,1,1,0,0,0,0,0,0,0,0,0,0
2004,171006,2,1,0,0,0,0,11,0,0,0,10,0
2004,171007,0,1,0,0,0,0,0,0,0,0,0,0
2004,171007,1,1,0,0,0,0,0,0,0,0,0,0
2004,171008,1,1,0,0,0,0,0,0,0,0,0,0
2004,171008,2,1,0,0,0,0,0,0,0,0,0,0
2004,171008,3,1,0,0,0,0,0,0,0,0,0,0
2004,171009,0,1,0,0,0,0,0,0,0,0,0,0
2004,171009,1,1,0,0,0,0,0,0,0,0,0,0
2004,171010,1,1,0,0,0,0,0,0,0,0,0,0
2004,171011,1,1,0,0,0,0,0,0,0,0,0,0
2004,171011,2,1,0,0,0,0,0,0,0,0,0,0
2004,171012,1,1,21,21,21,21,21,21,21,21,21,21
2004,171012,2,1,3,3,3,3,3,3,3,3,3,3
2004,171013,1,1,5,5,5,5,5,5,5,5,5,5
2004,171014,0,1,0,0,0,14,18,0,23,17,0,0
2004,171014,1,1,0,0,0,22,0,0,0,0,0,0
2004,171015,1,1,22,22,22,22,22,22,22,22,22,22
2004,171016,1,1,20,20,20,20,20,20,20,20,20,20
2004,171017,1,1,3,3,3,3,3,3,3,3,3,3
2004,171018,0,1,0,0,0,0,0,0,0,0,0,0
2004,171018,1,1,0,0,0,0,0,0,0,0,0,0
2004,171019,1,1,16,11,13,21,12,15,34,27,0,10
2004,171019,2,1,0,0,0,0,0,0,0,0,0,0
2004,171020,1,1,0,0,0,0,0,0,0,0,0,0
2004,171020,2,1,0,0,0,0,0,0,0,0,0,0
2004,171021,1,1,0,0,0,0,0,0,0,0,0,0
2004,171022,1,1,0,0,0,0,0,0,0,0,0,0
2004,171022,2,1,0,0,0,0,0,0,0,0,0,0
2004,171023,1,1,0,0,0,0,0,0,0,0,0,0
2004,171023,2,1,0,0,0,0,0,0,0,0,0,0
2004,171024,1,1,18,18,18,18,18,18,18,18,18,18
2004,171025,0,1,0,0,0,0,0,0,0,0,0,0
2004,171025,1,1,0,0,0,0,0,0,0,0,0,0
2004,171025,2,1,0,0,0,0,0,0,0,0,0,0
2004,171027,1,1,0,0,0,0,0,0,0,0,0,0
2004,171028,1,1,0,0,0,0,0,0,0,0,0,0
2004,171028,2,1,0,0,0,0,0,0,0,0,0,0
2004,171029,1,1,0,0,0,0,0,0,0,0,0,0
2004,171029,2,1,8,8,8,8,8,8,8,8,8,8
2004,171030,1,1,29,29,29,29,29,29,29,29,29,29
2004,171030,2,1,0,0,0,0,0,0,0,0,0,0
2004,171031,1,1,10,10,10,10,10,10,10,10,10,10
2004,171032,1,1,0,0,0,0,0,0,0,0,0,0
2004,171033,1,1,0,0,0,0,0,0,0,0,0,0
2004,171033,2,1,0,0,0,0,0,0,0,0,0,0
2004,171034,1,1,0,0,0,0,23,0,0,0,0,0
2004,171034,2,1,0,0,0,0,0,0,0,0,0,0
2004,171034,3,1,0,0,0,0,0,0,0,0,0,0
2004,171034,4,1,0,0,0,0,0,0,0,0,0,0
2004,171034,5,1,0,0,0,0,0,0,0,0,0,0
2004,171035,1,1,0,0,0,0,0,0,0,0,0,0
2004,171035,2,1,0,0,0,0,0,0,0,0,0,0
2004,171036,1,1,0,0,0,0,0,0,0,0,0,0
2004,171036,2,1,0,0,0,0,0,0,0,0,0,0
2004,171037,1,1,0,0,0,0,0,0,0,0,0,0
2004,171038,1,1,0,0,0,0,0,0,0,0,0,0
2004,171038,2,1,14,14,14,14,14,14,14,14,14,14
2004,171039,1,1,44,44,44,44,44,44,44,44,44,44