YEAR,ST_CASE,veh_no,per_no,P1,P2,P3,P4,P5,P6,P7,P8,P9,P10
2004,171039,2,1,0,0,0,0,0,0,11,0,0,0
2004,171040,1,1,0,0,0,0,0,0,0,0,0,0
2004,171041,1,1,0,0,0,0,0,0,0,0,0,0
2004,171041,2,1,0,0,0,0,0,0,0,0,0,0
2004,171042,1,1,18,18,18,18,18,18,18,18,18,18
2004,171042,2,1,0,0,0,0,0,0,0,0,0,0
2004,171043,1,1,0,0,0,0,0,7,0,0,0,0
2004,171044,1,1,11,11,11,11,11,11,11,11,11,11
2004,171045,1,1,12,12,12,12,12,12,12,12,12,12
2004,171046,0,1,22,0,0,5,16,48,14,25,21,0
2004,171046,1,1,0,0,0,0,0,0,0,10,0,0
2004,171047,1,1,0,0,0,0,0,0,0,0,0,0
2004,171048,1,1,17,17,17,17,17,17,17,17,17,17
2004,171048,2,1,0,0,0,0,0,0,0,0,0,0
2004,171049,0,1,0,0,0,0,0,0,0,0,0,0
2004,171049,1,1,0,0,0,0,0,0,0,0,0,0
2004,171050,1,1,0,0,0,0,0,0,0,0,0,0
2004,171051,1,1,1,1,1,1,1,1,1,1,1,1
2004,171051,2,1,0,0,0,0,0,0,0,0,0,0
2004,171052,1,1,0,0,0,0,0,0,0,0,0,0
2004,171052,2,1,0,0,0,0,0,0,0,0,0,0
2004,171053,1,1,2,2,2,2,2,2,2,2,2,2
2004,171053,2,1,0,0,0,0,0,0,0,9,0,0
2004,171053,3,1,0,0,0,0,0,0,0,0,0,0
2004,171053,4,1,0,0,0,0,0,0,0,0,0,0
2004,171054,1,1,0,0,0,0,0,0,0,0,0,0
2004,171055,1,1,0,0,0,0,0,0,0,0,0,0
2004,171055,2,1,0,0,0,0,0,0,0,0,0,0
2004,171056,0,1,33,33,33,33,33,33,33,33,33,33
2004,171056,1,1,0,0,0,0,0,0,0,0,0,0
2004,171057,1,1,14,14,14,14,14,14,14,14,14,14
2004,171058,1,1,24,24,24,24,24,24,24,24,24,24
2004,171058,2,1,0,20,0,0,0,0,0,0,0,0
2004,171059,1,1,0,0,20,15,0,10,0,0,0,0
2004,171060,1,1,0,0,0,0,3,0,0,0,0,0
2004,171061,1,1,0,0,0,0,0,0,0,0,0,0
2004,171061,2,1,0,0,0,0,0,0,0,0,0,0
2004,171062,1,1,0,0,0,0,0,0,0,0,0,0
2004,171062,2,1,0,0,0,0,0,0,0,0,0,0
2004,171063,1,1,12,12,12,12,12,12,12,12,12,12
2004,171064,1,1,9,29,0,29,0,37,0,21,11,12
2004,171065,0,1,0,0,0,0,0,0,0,0,0,0
2004,171065,0,2,0,0,0,0,0,0,0,0,0,0
2004,171065,1,1,0,4,0,0,0,14,0,0,0,0
2004,171065,2,1,0,0,0,0,0,0,0,0,0,0
2004,171066,1,1,28,28,28,28,28,28,28,28,28,28
2004,171066,2,1,0,0,0,0,0,0,0,0,0,0
2004,171067,0,1,0,0,0,0,0,0,0,0,0,0
2004,171067,1,1,0,0,0,0,0,0,0,0,0,0
2004,171068,1,1,0,0,0,0,0,0,0,0,0,0
2004,171068,2,1,16,16,16,16,16,16,16,16,16,16
2004,171069,1,1,0,0,0,0,0,0,0,0,0,0
2004,171070,1,1,0,0,0,0,0,0,0,0,0,0
2004,171070,2,1,1,1,1,1,1,1,1,1,1,1
2004,171070,3,1,0,0,0,0,0,0,0,0,0,0
2004,171071,1,1,0,41,0,0,21,0,0,15,0,15
2004,171072,1,1,22,22,22,22,22,22,22,22,22,22
2004,171072,2,1,0,0,0,0,0,0,0,0,0,0
2004,171072,3,1,0,0,0,0,0,0,0,0,0,0
2004,171073,1,1,4,0,0,0,11,17,0,0,5,0
2004,171074,1,1,0,32,0,0,0,0,0,0,0,0
2004,171074,2,1,0,0,0,0,0,0,0,0,0,0
2004,171074,3,1,0,0,0,0,0,0,0,0,0,0
2004,171075,1,1,0,0,0,0,0,0,0,0,0,9
2004,171076,0,1,25,25,25,25,25,25,25,25,25,25
2004,171076,1,1,0,0,0,14,0,0,0,0,0,0
2004,171077,1,1,0,0,0,0,0,0,0,0,0,0
2004,171078,1,1,0,0,0,0,0,0,0,0,0,0
2004,171079,0,1,0,0,0,0,32,9,18,0,0,13
2004,171079,0,2,0,0,0,0,0,0,0,0,0,0
2004,171079,1,1,0,14,17,0,7,0,0,22,0,0
2004,171080,1,1,0,0,0,0,0,0,0,0,0,0
2004,171081,1,1,16,23,21,0,22,10,16,27,0,16
2004,171082,0,1,13,0,0,23,0,0,0,0,0,0
2004,171082,1,1,0,0,0,0,0,0,0,0,0,0
2004,171083,1,1,0,0,0,0,0,0,0,0,0,0
2004,171084,1,1,12,12,12,12,12,12,12,12,12,12
2004,171085,1,1,0,0,0,0,0,0,0,0,0,0
2004,171086,1,1,0,0,0,0,0,0,0,0,0,0
2004,171086,2,1,0,0,0,0,0,0,0,0,0,0
2004,171087,1,1,0,0,0,0,0,0,0,0,0,0
2004,171087,2,1,0,0,0,0,0,0,0,0,0,0
2004,171087,3,1,0,0,0,0,0,0,0,0,0,0
2004,171088,1,1,0,0,0,0,0,0,0,0,0,0
2004,171088,2,1,0,0,0,0,0,0,0,0,0,0
2004,171089,1,1,0,0,0,0,0,0,0,0,0,0
2004,171089,2,1,0,0,0,0,0,0,0,0,0,0
2004,171089,3,1,0,0,0,0,0,0,0,0,0,0
2004,171090,1,1,0,0,0,0,0,0,0,0,0,0
2004,171090,2,1,0,0,0,0,0,0,0,0,26,0
2004,171091,0,1,0,0,0,0,0,0,0,0,0,0
2004,171091,1,1,6,6,6,6,6,6,6,6,6,6
2004,171092,1,1,0,0,0,0,0,0,0,0,0,0
2004,171092,2,1,0,0,0,0,0,0,0,0,0,0
2004,171093,1,1,0,0,0,0,0,0,0,0,0,0
2004,171093,2,1,0,0,0,0,0,0,0,0,0,0
2004,171095,0,1,0,0,0,0,0,0,0,0,0,0
2004,171095,1,1,11,0,0,12,0,0,0,0,5,0
2004,171096,1,1,13,13,13,13,13,13,13,13,13,13
2004,171096,2,1,0,0,34,0,0,0,0,7,15,0
2004,171097,1,1,0,0,0,0,10,0,22,0,0,0
2004,171098,0,1,13,13,13,13,13,13,13,13,13,13
2004,171098,1,1,0,0,29,0,0,0,0,0,0,0
2004,171099,1,1,19,0,0,0,0,0,0,0,0,0
2004,171100,1,1,18,18,18,18,18,18,18,18,18,18
2004,171100,2,1,14,14,14,14,14,14,14,14,14,14
2004,171101,1,1,22,22,22,22,22,22,22,22,22,22
2004,171101,2,1,0,0,0,0,0,0,0,0,0,0
2004,171102,1,1,0,0,0,0,0,0,0,0,0,0
2004,171103,1,1,0,0,0,0,0,0,0,0,0,0
2004,171104,1,1,0,0,0,0,10,0,0,0,0,0
2004,171104,2,1,0,0,0,0,0,0,0,0,0,0
2004,171105,1,1,18,18,18,18,18,18,18,18,18,18
2004,171106,1,1,0,0,6,0,0,0,0,0,0,0
2004,171106,2,1,0,0,0,0,0,0,0,0,0,0
2004,171107,1,1,11,11,11,11,11,11,11,11,11,11
2004,171107,2,1,0,0,0,0,0,0,0,0,0,0
2004,171108,1,1,0,0,0,0,0,0,0,0,0,0
2004,171108,2,1,0,0,0,0,0,0,0,0,0,0
2004,171109,1,1,0,0,0,0,0,0,0,0,0,0
2004,171110,1,1,0,0,0,0,0,0,0,0,0,0
2004,171110,2,1,0,0,0,0,0,0,0,0,0,0
2004,171111,1,1,0,0,0,0,0,0,0,0,0,0
2004,171111,2,1,0,0,0,0,0,0,10,0,0,0
2004,171112,1,1,0,0,0,0,0,0,0,0,0,0
2004,171113,1,1,0,0,0,0,0,0,0,0,0,0
2004,171114,1,1,0,0,0,0,0,0,0,0,0,0
2004,171115,1,1,0,0,0,0,13,25,20,0,0,26
2004,171116,1,1,16,0,0,23,0,0,20,17,0,38
2004,171117,1,1,0,0,0,0,0,0,0,11,0,0
2004,171117,2,1,16,0,0,0,0,0,4,0,6,0
2004,171117,3,1,0,0,0,0,0,0,0,0,0,0
2004,171118,1,1,13,13,13,13,13,13,13,13,13,13
2004,171118,2,1,0,0,0,0,0,0,0,0,0,0
2004,171119,1,1,0,0,0,0,0,0,0,0,0,0
2004,171120,1,1,9,9,9,9,9,9,9,9,9,9
2004,171120,2,1,0,0,0,0,0,0,0,0,0,0
2004,171121,1,1,8,8,8,8,8,8,8,8,8,8
2004,171122,1,1,0,0,0,0,0,0,0,0,0,0
2004,171122,2,1,0,0,0,0,0,0,0,0,0,0
2004,171123,1,1,20,20,20,20,20,20,20,20,20,20
2004,171124,1,1,0,0,0,0,0,0,0,0,0,0
2004,171125,1,1,0,0,0,0,0,0,0,0,0,0
2004,171125,2,1,0,0,0,0,0,0,0,0,0,0
2004,171125,3,1,0,0,0,0,0,0,0,0,0,0
2004,171126,1,1,0,0,0,0,0,0,0,0,0,0
2004,171126,2,1,0,0,0,11,0,0,0,0,5,0
2004,171127,1,1,0,0,0,0,0,0,0,0,0,0
2004,171127,2,1,0,0,0,0,0,0,0,0,0,0
2004,171127,3,1,0,0,0,0,0,0,0,0,0,0
2004,171127,4,1,0,0,0,0,0,0,0,0,0,0
2004,171128,1,1,0,0,0,0,0,0,0,0,0,0
2004,171128,2,1,0,0,0,0,0,0,0,0,0,0
2004,171129,1,1,19,0,0,0,0,0,0,0,0,0
2004,171130,1,1,0,0,0,0,0,0,0,0,0,0
2004,171131,1,1,1,1,1,1,1,1,1,1,1,1
2004,171131,2,1,0,0,0,19,0,0,0,0,0,0
2004,171132,0,1,20,20,20,20,20,20,20,20,20,20
2004,171132,1,1,0,0,0,0,0,0,0,12,0,0
2004,171133,1,1,0,0,0,0,0,0,0,0,0,0
2004,171133,2,1,0,0,0,0,0,0,0,0,0,0
2004,171133,3,1,0,0,0,0,0,0,0,0,0,0
2004,171134,0,1,0,0,0,0,0,0,0,0,0,0
2004,171134,1,1,0,0,0,0,0,0,0,0,0,0
2004,171135,1,1,29,29,29,29,29,29,29,29,29,29
2004,171136,1,1,0,0,0,0,0,0,0,0,0,0
2004,171136,2,1,0,0,0,0,0,0,0,0,0,0
2004,171137,0,1,0,0,0,0,0,0,0,0,0,0
2004,171137,1,1,0,0,0,0,0,0,0,0,0,0
2004,171138,1,1,0,0,0,0,0,0,0,0,0,0
2004,171138,2,1,6,0,0,0,0,0,0,0,0,0
2004,171139,1,1,11,11,11,11,11,11,11,11,11,11
2004,171140,1,1,0,0,0,0,0,0,0,0,0,0
2004,171140,2,1,0,0,0,0,0,13,0,0,0,0
2004,171141,1,1,0,0,0,0,0,0,0,0,0,0
2004,171141,2,1,0,0,0,0,0,0,0,0,0,0
2004,171142,1,1,0,0,0,0,0,0,0,0,0,0
2004,171142,2,1,0,0,0,0,0,0,0,0,0,0
2004,171142,3,1,0,0,0,0,0,0,0,0,0,0
2004,171143,1,1,13,13,13,13,13,13,13,13,13,13
2004,171144,1,1,21,21,21,21,21,21,21,21,21,21
2004,171145,1,1,11,11,11,11,11,11,11,11,11,11
2004,171146,1,1,7,7,7,7,7,7,7,7,7,7
2004,171147,1,1,0,0,0,0,0,0,0,0,0,0
2004,171147,2,1,0,0,0,0,0,0,20,0,0,0
2004,171148,1,1,23,23,23,23,23,23,23,23,23,23
2004,171149,1,1,19,19,19,19,19,19,19,19,19,19
2004,171150,1,1,18,18,18,18,18,18,18,18,18,18
2004,171151,0,1,0,0,0,0,0,0,0,0,0,0
2004,171151,1,1,0,0,0,0,0,0,0,0,0,0
2004,171152,0,1,0,0,0,0,0,0,0,0,0,0
2004,171152,1,1,0,0,0,0,0,0,0,0,0,0
2004,171153,1,1,0,0,0,0,0,0,0,0,0,0
2004,171154,1,1,17,18,0,0,18,0,0,21,23,0
2004,171155,0,1,0,0,0,0,0,0,0,0,0,0
2004,171155,1,1,0,0,0,0,0,0,0,0,0,0
2004,171156,1,1,0,0,0,0,0,0,0,0,0,0
2004,171157,1,1,31,31,31,31,31,31,31,31,31,31
2004,171158,1,1,0,0,0,0,0,0,0,0,0,0
2004,171158,2,1,0,0,0,0,0,0,10,0,0,0
2004,171159,1,1,0,0,17,0,15,0,0,0,0,0
2004,171160,0,1,0,0,0,0,0,0,0,0,0,0
2004,171160,1,1,0,0,0,0,0,0,0,0,0,0
2004,171161,1,1,7,7,7,7,7,7,7,7,7,7
2004,171162,1,1,0,0,0,0,0,0,0,0,0,0
2004,171162,2,1,4,4,4,4,4,4,4,4,4,4
2004,171163,1,1,7,0,0,0,0,0,0,0,0,0
2004,171163,2,1,0,0,0,0,0,0,0,0,0,0
2004,171163,3,1,0,0,0,0,0,0,0,0,0,0
2004,171164,1,1,14,14,14,14,14,14,14,14,14,14
2004,171164,2,1,4,4,4,4,4,4,4,4,4,4
2004,171165,1,1,0,7,0,6,0,0,0,0,0,0
2004,171166,1,1,21,21,21,21,21,21,21,21,21,21
2004,171167,1,1,0,0,0,0,0,0,0,0,0,0
2004,171167,2,1,0,0,0,0,0,0,0,0,0,0
2004,171168,1,1,0,0,0,0,0,0,0,0,0,0
2004,171168,2,1,0,0,0,0,0,0,0,0,0,0
2004,171168,3,1,0,0,0,0,0,0,0,0,0,0
2004,171169,1,1,0,0,0,0,0,2,0,0,0,0
2004,171169,2,1,0,0,0,0,0,0,0,0,0,0
2004,171170,1,1,0,0,0,0,0,0,0,0,0,0
2004,171171,1,1,0,0,0,0,0,0,0,0,0,0
2004,171172,1,1,20,20,20,20,20,20,20,20,20,20
2004,171172,2,1,0,0,0,0,0,0,0,0,0,0
2004,171173,1,1,15,15,15,15,15,15,15,15,15,15
2004,171174,1,1,0,0,0,0,0,0,0,0,0,0
2004,171174,2,1,0,0,0,0,0,0,0,0,0,0
2004,171174,3,1,0,0,0,0,0,0,0,0,0,0
2004,171175,1,1,0,0,0,0,0,0,0,0,0,0
2004,171176,0,1,13,13,13,13,13,13,13,13,13,13
2004,171176,1,1,0,0,0,0,0,11,0,0,0,0
2004,171177,1,1,16,16,16,16,16,16,16,16,16,16
2004,171178,0,1,0,0,0,0,0,0,0,0,0,0
2004,171178,1,1,10,22,4,0,10,0,24,0,0,17
2004,171179,0,1,0,0,0,0,0,0,0,0,0,0
2004,171179,1,1,0,13,0,0,0,0,12,0,4,0
2004,171180,1,1,0,0,0,0,0,0,0,0,0,0
2004,171181,1,1,0,0,0,0,0,0,0,0,0,0
2004,171181,2,1,0,0,0,0,0,0,0,0,0,0
2004,171182,1,1,0,0,0,0,0,0,23,0,0,0
2004,171183,0,1,5,5,5,5,5,5,5,5,5,5
2004,171183,1,1,0,0,0,0,13,0,0,0,0,16
2004,171184,1,1,24,24,24,24,24,24,24,24,24,24
2004,171184,2,1,0,0,0,0,0,0,0,0,0,0
2004,171185,1,1,0,0,0,0,0,0,0,0,0,0
2004,171185,2,1,0,0,0,0,0,0,0,0,0,0
2004,171186,1,1,0,0,0,0,25,0,0,0,0,0
2004,171187,1,1,0,0,0,0,0,0,0,0,0,0
2004,171188,1,1,6,6,6,6,6,6,6,6,6,6
2004,171189,1,1,0,0,0,0,0,0,0,0,0,0
2004,171190,1,1,18,23,0,14,10,6,18,0,9,2
2004,171191,1,1,0,0,22,0,0,0,0,0,9,0
2004,171191,2,1,0,0,0,0,0,0,0,0,0,0
2004,171192,1,1,27,27,27,27,27,27,27,27,27,27
2004,171193,1,1,14,14,14,14,14,14,14,14,14,14
2004,171193,2,1,0,0,0,0,0,0,0,0,0,0
2004,171194,1,1,0,0,0,0,0,0,0,0,5,0
2004,171194,2,1,7,21,16,0,0,0,0,16,14,22
2004,171194,3,1,0,0,0,0,0,0,0,0,0,0
2004,171195,1,1,0,0,0,0,0,0,0,0,0,0
2004,171195,2,1,0,0,0,0,0,0,0,0,0,0
2004,171197,1,1,0,0,0,0,0,0,0,0,0,0
2004,171199,0,1,22,22,22,22,22,22,22,22,22,22
2004,171199,1,1,0,0,0,0,0,0,0,0,0,0
2004,171201,1,1,0,0,0,0,0,0,0,0,0,0
2004,171202,1,1,3,3,3,3,3,3,3,3,3,3
2004,171203,1,1,14,14,14,14,14,14,14,14,14,14
2004,171204,0,1,0,0,0,0,0,0,0,0,0,0
2004,171204,1,1,10,0,0,0,17,0,0,0,0,0
2004,171205,0,1,0,25,20,0,0,0,0,0,0,0
2004,171205,1,1,27,27,27,27,27,27,27,27,27,27
2004,171206,0,1,25,0,0,16,0,22,0,17,29,25
2004,171206,1,1,0,0,0,0,0,0,0,0,0,0
2004,171207,0,1,0,0,0,0,0,0,0,0,0,0
2004,171207,1,1,0,0,0,0,0,0,0,0,0,0
2004,171208,1,1,0,0,0,0,0,0,0,0,0,0
2004,171209,0,1,0,0,0,0,0,0,0,0,0,0
2004,171209,1,1,0,0,0,10,0,0,0,0,0,0
2004,171210,1,1,0,19,20,22,11,11,8,18,14,0
2004,171211,1,1,14,14,14,14,14,14,14,14,14,14
2004,171211,2,1,0,0,0,8,0,0,0,0,0,0
2004,171212,0,1,0,0,0,0,0,0,0,0,0,0
2004,171212,1,1,0,0,0,0,0,0,0,0,0,0
2004,171213,1,1,12,0,10,0,0,0,0,0,0,0
2004,171213,2,1,0,0,0,0,0,0,0,0,0,0
2004,171214,1,1,0,0,0,0,0,0,0,0,0,0
2004,171215,1,1,7,16,0,0,0,0,0,0,0,6
2004,171216,1,1,0,0,0,0,0,0,0,0,0,0
2004,171217,1,1,0,0,0,0,0,0,0,0,0,0
2004,171218,1,1,6,6,6,6,6,6,6,6,6,6
2004,171219,0,1,0,0,0,0,0,0,0,0,0,0
2004,171219,1,1,0,0,0,0,0,0,0,0,0,0
2004,171220,1,1,0,0,0,0,0,6,0,0,0,0
2004,171220,2,1,0,0,0,0,0,0,0,0,0,0
2004,171220,3,1,0,0,0,0,0,0,0,0,0,0
2004,171221,1,1,0,0,0,0,0,0,0,0,0,0
2004,171221,2,1,0,0,0,0,0,0,0,0,0,0
2004,171222,1,1,0,0,0,0,0,0,0,0,0,0
2004,171223,0,1,0,0,0,0,0,0,0,0,0,0
2004,171223,1,1,0,14,0,0,0,0,0,16,20,0
2004,171224,1,1,15,20,0,0,24,0,0,0,0,21
2004,171224,2,1,0,0,0,13,0,0,0,0,0,0
2004,171224,3,1,0,0,0,0,0,0,0,0,0,0
2004,171225,1,1,17,17,17,17,17,17,17,17,17,17
2004,171225,2,1,0,0,0,0,0,0,0,0,0,0
2004,171226,0,1,0,0,0,0,0,0,0,0,0,0
2004,171226,1,1,0,0,0,0,0,0,0,0,0,0
2004,171227,1,1,20,20,20,20,20,20,20,20,20,20
2004,171227,2,1,0,0,0,0,0,0,0,0,0,0
2004,171228,1,1,0,0,0,0,0,0,0,0,0,0
2004,171228,2,1,0,0,0,0,0,0,0,0,0,0
2004,171229,0,1,0,0,0,0,0,0,0,0,0,0
2004,171229,0,2,22,0,0,0,0,0,0,0,0,0
2004,171229,0,3,0,0,0,0,0,0,0,0,0,0
2004,171229,0,4,0,0,0,0,0,0,0,0,0,0
2004,171229,1,1,18,18,18,18,18,18,18,18,18,18
2004,171230,1,1,0,0,12,0,0,0,0,10,0,0
2004,171230,2,1,0,0,0,0,0,0,0,0,0,0
2004,171231,1,1,0,17,0,0,0,11,0,0,0,0
2004,171232,1,1,0,0,0,0,0,0,0,0,0,0
2004,171232,2,1,0,0,0,0,0,0,0,0,0,0
2004,171233,1,1,0,0,8,0,8,0,0,0,0,0
2004,171233,2,1,0,0,0,0,0,0,0,0,0,0
2004,171234,1,1,29,29,29,29,29,29,29,29,29,29
2004,171234,2,1,0,0,0,0,0,0,0,0,0,0
2004,171235,0,1,0,0,0,0,0,0,0,0,0,0
2004,171235,1,1,0,0,0,0,0,0,0,0,0,0
2004,171236,1,1,30,30,30,30,30,30,30,30,30,30
2004,171236,2,1,0,0,0,0,0,12,0,0,5,0
2004,171237,1,1,15,15,15,15,15,15,15,15,15,15
2004,180001,1,1,0,0,0,0,0,0,0,0,0,0
2004,180002,1,1,23,23,23,23,23,23,23,23,23,23
2004,180003,0,1,0,0,0,0,0,0,0,0,23,0
2004,180003,1,1,0,0,0,0,0,0,0,0,0,0
2004,180004,1,1,14,0,0,0,0,19,24,0,21,0
2004,180005,1,1,14,0,0,0,0,0,0,0,18,0
2004,180006,1,1,0,0,0,0,0,0,0,0,0,0
2004,180006,2,1,0,0,0,0,0,0,0,0,0,0
2004,180007,1,1,0,0,0,0,0,0,0,0,0,0
2004,180008,1,1,0,0,0,0,0,0,0,0,0,0
2004,180009,1,1,0,0,0,0,0,0,0,0,0,0
2004,180009,2,1,0,0,0,0,0,14,0,0,0,0
2004,180009,3,1,7,0,0,0,0,0,0,0,0,0
2004,180010,1,1,12,12,12,12,12,12,12,12,12,12
2004,180011,1,1,0,0,0,0,0,0,0,0,0,0
2004,180011,2,1,0,0,0,0,0,0,0,0,0,0
2004,180012,1,1,0,0,0,0,0,0,0,0,0,0
2004,180012,2,1,0,0,0,0,0,0,0,0,0,0
2004,180013,1,1,0,0,0,0,0,0,0,0,0,0
2004,180013,2,1,0,0,0,0,0,0,0,0,0,0
2004,180013,3,1,0,0,0,0,0,0,0,0,0,0
2004,180014,1,1,14,14,14,14,14,14,14,14,14,14
2004,180015,1,1,0,0,0,0,0,23,0,0,0,0
2004,180015,2,1,0,0,0,0,0,0,0,0,0,0
2004,180016,1,1,16,16,16,16,16,16,16,16,16,16
2004,180017,1,1,11,11,11,11,11,11,11,11,11,11
2004,180017,2,1,0,0,0,0,0,0,0,0,0,0
2004,180018,1,1,33,33,33,33,33,33,33,33,33,33
2004,180019,1,1,0,0,0,0,0,0,0,0,0,0
2004,180020,1,1,0,0,0,0,0,0,0,0,0,0
2004,180020,2,1,0,0,0,0,0,0,0,0,0,0
2004,180021,0,1,0,0,0,0,0,0,0,0,0,0
2004,180021,0,2,0,0,0,0,0,0,0,0,0,0
2004,180021,2,1,0,0,0,0,0,0,0,0,0,0
2004,180022,1,1,0,0,0,0,0,0,0,0,0,0
2004,180022,2,1,0,0,0,0,0,0,0,0,0,0
2004,180023,1,1,0,0,0,0,0,0,0,0,0,0
2004,180023,2,1,0,0,0,0,0,0,0,0,0,0
2004,180024,0,1,5,5,5,5,5,5,5,5,5,5
2004,180024,1,1,10,10,10,10,10,10,10,10,10,10
2004,180025,1,1,0,0,0,0,0,0,0,0,0,0
2004,180026,1,1,0,0,0,0,0,0,0,0,0,0
2004,180026,2,1,0,0,0,0,0,0,0,0,0,0
2004,180027,1,1,0,0,0,0,0,0,0,0,0,0
2004,180027,2,1,0,0,0,0,0,0,0,0,0,0
2004,180028,1,1,17,0,14,15,0,0,0,0,0,24
2004,180029,1,1,0,0,0,0,0,0,0,0,0,0
2004,180029,2,1,0,0,0,0,0,0,0,0,0,0
2004,180030,1,1,0,0,0,0,0,0,0,0,0,0
2004,180030,2,1,0,0,0,0,0,0,0,0,0,0
2004,180030,3,1,0,0,0,0,0,0,0,0,0,0
2004,180031,1,1,0,0,0,0,0,0,0,0,0,0
2004,180031,2,1,0,0,0,0,0,0,0,0,0,0
2004,180032,1,1,0,0,0,0,0,0,0,0,0,0
2004,180033,1,1,0,0,0,0,0,0,0,0,0,0
2004,180034,1,1,0,0,0,0,0,0,0,0,0,0
2004,180034,2,1,0,0,0,0,0,0,0,0,0,0
2004,180036,1,1,0,0,0,0,0,0,0,0,0,0
2004,180036,2,1,0,0,0,0,0,0,0,0,0,0
2004,180037,1,1,22,22,22,22,22,22,22,22,22,22
2004,180038,1,1,8,0,0,0,0,0,0,0,0,0
2004,180039,1,1,19,19,19,19,19,19,19,19,19,19
2004,180040,1,1,18,18,18,18,18,18,18,18,18,18
2004,180041,1,1,0,0,0,0,0,0,0,0,0,0
2004,180041,2,1,0,0,0,0,0,0,0,0,0,0
2004,180041,3,1,0,0,0,0,0,0,0,0,0,0
2004,180042,1,1,13,0,8,0,0,0,8,0,0,0
2004,180042,2,1,0,0,0,0,0,0,0,0,0,0
2004,180043,1,1,0,0,0,0,0,0,0,0,0,0
2004,180044,1,1,0,0,0,0,0,0,0,0,0,0
2004,180044,2,1,0,0,0,0,0,0,0,0,0,0
2004,180045,1,1,0,0,0,0,0,0,0,0,0,0
2004,180046,1,1,20,20,20,20,20,20,20,20,20,20
2004,180047,1,1,0,0,0,0,0,0,0,0,0,0
2004,180047,2,1,0,0,0,0,0,0,0,0,0,0
2004,180048,1,1,0,0,0,0,0,0,0,0,0,0
2004,180049,1,1,0,0,0,0,0,0,0,0,0,0
2004,180050,0,1,0,5,0,0,0,0,0,0,0,0
2004,180050,1,1,15,15,15,15,15,15,15,15,15,15
2004,180051,1,1,0,0,0,0,0,0,0,0,0,12
2004,180052,1,1,12,12,12,12,12,12,12,12,12,12
2004,180053,1,1,4,4,4,4,4,4,4,4,4,4
2004,180053,2,1,0,0,0,0,0,0,0,0,0,20
2004,180054,1,1,0,0,0,0,0,0,0,0,0,0
2004,180054,2,1,0,0,0,0,0,0,0,0,0,0
2004,180055,1,1,0,0,0,0,0,0,0,0,0,0
2004,180056,1,1,4,4,4,4,4,4,4,4,4,4
2004,180056,2,1,0,0,0,0,0,0,0,0,0,0
2004,180057,1,1,32,32,32,32,32,32,32,32,32,32
2004,180058,1,1,0,0,0,0,0,0,0,0,0,0
2004,180058,2,1,0,0,0,0,0,0,0,0,0,0
2004,180059,1,1,0,0,0,0,0,0,0,0,0,0
2004,180060,0,1,0,0,0,0,0,0,0,0,0,0
2004,180060,1,1,0,0,0,22,0,0,0,0,0,0
2004,180061,1,1,0,0,0,0,7,0,0,0,0,0
2004,180062,1,1,0,0,0,0,0,0,0,0,0,0
2004,180063,0,1,0,0,0,0,0,0,0,0,0,0
2004,180063,1,1,0,0,0,0,0,0,0,0,0,0
2004,180064,1,1,0,0,0,0,0,0,0,0,0,0
2004,180064,2,1,0,0,0,0,0,0,0,0,0,0
2004,180065,1,1,0,0,0,0,0,0,0,0,0,0
2004,180066,1,1,0,0,0,0,0,0,0,0,15,0
2004,180067,1,1,2,2,2,2,2,2,2,2,2,2
2004,180068,1,1,0,0,0,0,0,0,0,0,0,0
2004,180069,1,1,0,0,0,0,0,0,0,0,0,0
2004,180069,2,1,0,0,0,0,0,0,0,0,0,0
2004,180070,1,1,24,24,24,24,24,24,24,24,24,24
2004,180071,1,1,0,0,0,0,0,0,0,0,0,0
2004,180072,1,1,23,23,23,23,23,23,23,23,23,23
2004,180073,1,1,0,0,0,0,0,0,0,0,0,0
2004,180074,1,1,0,0,0,0,0,0,0,0,0,0
2004,180076,1,1,0,0,0,0,0,0,0,0,0,0
2004,180076,2,1,0,0,0,0,0,0,0,0,0,0
2004,180077,1,1,0,0,23,0,0,0,0,0,0,0
2004,180077,2,1,0,0,0,0,0,0,0,0,0,0
2004,180079,0,1,19,19,19,19,19,19,19,19,19,19
2004,180079,1,1,0,12,0,0,0,0,0,0,0,0
2004,180080,1,1,16,16,16,16,16,16,16,16,16,16
2004,180080,2,1,0,0,0,0,0,0,0,0,0,0
2004,180081,1,1,0,0,0,0,0,0,0,0,0,0
2004,180082,1,1,0,0,0,0,0,0,0,0,0,0
2004,180083,0,1,9,9,9,9,9,9,9,9,9,9
2004,180083,1,1,0,0,0,0,0,0,0,0,0,0
2004,180084,1,1,18,18,18,18,18,18,18,18,18,18
2004,180085,1,1,0,0,0,0,0,0,0,0,0,0
2004,180085,2,1,0,0,0,0,0,0,0,0,0,0
2004,180086,1,1,8,8,8,8,8,8,8,8,8,8
2004,180086,2,1,0,0,0,0,0,0,0,0,0,0
2004,180087,1,1,0,0,0,0,0,0,0,0,0,0
2004,180087,2,1,0,0,0,0,0,0,0,0,0,0
2004,180087,3,1,0,0,0,0,0,0,0,0,0,0
2004,180088,1,1,0,0,0,0,0,0,0,0,0,0
2004,180088,2,1,0,0,0,0,0,0,0,0,0,0
2004,180089,1,1,0,0,0,0,0,0,0,0,0,0