YEAR,ST_CASE,veh_no,per_no,P1,P2,P3,P4,P5,P6,P7,P8,P9,P10
2004,180089,2,1,0,0,0,0,0,0,0,0,0,0
2004,180090,1,1,0,0,0,0,0,0,0,0,0,0
2004,180091,1,1,0,0,0,0,0,0,0,0,0,0
2004,180091,2,1,0,0,0,0,0,0,0,0,0,0
2004,180092,1,1,10,10,10,10,10,10,10,10,10,10
2004,180093,1,1,7,0,0,0,13,0,0,0,0,0
2004,180093,2,1,0,0,0,0,0,0,0,0,0,0
2004,180094,1,1,23,23,23,23,23,23,23,23,23,23
2004,180095,1,1,0,0,0,0,0,0,0,0,0,0
2004,180096,1,1,0,0,0,0,0,0,0,0,0,0
2004,180096,2,1,0,0,0,0,0,0,0,0,0,0
2004,180097,1,1,0,0,0,0,0,0,0,0,0,0
2004,180098,1,1,0,0,0,0,0,0,0,0,0,0
2004,180099,1,1,0,0,0,0,0,0,0,0,0,0
2004,180099,2,1,0,0,0,0,0,0,0,0,0,0
2004,180100,1,1,12,12,12,12,12,12,12,12,12,12
2004,180101,1,1,0,0,0,0,0,0,0,0,0,0
2004,180101,2,1,0,0,0,0,0,0,0,0,0,9
2004,180102,1,1,21,21,21,21,21,21,21,21,21,21
2004,180103,1,1,17,17,17,17,17,17,17,17,17,17
2004,180103,2,1,0,0,0,0,0,0,0,0,0,0
2004,180104,1,1,0,0,0,0,0,0,0,0,0,0
2004,180104,2,1,0,0,0,0,0,0,0,0,0,0
2004,180105,1,1,11,11,11,11,11,11,11,11,11,11
2004,180106,1,1,20,20,20,20,20,20,20,20,20,20
2004,180107,1,1,17,17,17,17,17,17,17,17,17,17
2004,180108,1,1,25,25,25,25,25,25,25,25,25,25
2004,180109,1,1,0,0,0,0,0,0,0,0,0,0
2004,180110,1,1,3,3,3,3,3,3,3,3,3,3
2004,180111,0,1,0,0,0,0,0,0,16,0,0,0
2004,180111,1,1,0,0,0,0,0,0,0,0,0,0
2004,180112,1,1,0,0,0,0,0,0,0,0,0,0
2004,180113,1,1,0,0,0,0,0,0,0,0,0,0
2004,180113,2,1,0,0,0,0,0,0,0,0,0,0
2004,180114,1,1,26,26,26,26,26,26,26,26,26,26
2004,180114,2,1,0,0,0,0,0,0,0,0,0,0
2004,180115,1,1,0,0,0,0,0,0,0,0,0,0
2004,180116,1,1,0,0,0,0,0,0,0,0,0,0
2004,180116,2,1,0,0,0,0,0,0,0,0,0,0
2004,180116,3,1,0,0,0,0,0,0,0,0,0,0
2004,180117,0,1,0,0,0,0,0,0,0,0,0,0
2004,180117,1,1,0,0,0,0,0,0,0,0,0,0
2004,180118,1,1,0,0,0,0,0,0,0,0,0,0
2004,180118,2,1,0,0,0,0,0,0,0,0,0,0
2004,180119,1,1,0,0,0,0,0,0,0,0,0,0
2004,180119,2,1,15,0,0,0,0,15,0,0,0,0
2004,180119,3,1,0,0,0,0,0,0,0,0,0,0
2004,180120,1,1,14,14,14,14,14,14,14,14,14,14
2004,180121,1,1,0,0,0,0,0,0,0,0,0,0
2004,180122,1,1,0,0,0,0,0,0,0,0,0,0
2004,180122,2,1,0,0,0,0,0,0,0,0,0,0
2004,180123,1,1,0,0,0,0,0,0,0,0,0,0
2004,180123,2,1,11,0,0,0,0,0,0,0,0,0
2004,180123,3,1,0,0,0,0,0,0,0,0,0,0
2004,180123,4,1,0,0,0,0,0,0,0,0,0,0
2004,180124,1,1,17,17,17,17,17,17,17,17,17,17
2004,180125,1,1,0,0,0,0,0,0,0,0,0,0
2004,180126,1,1,13,13,13,13,13,13,13,13,13,13
2004,180127,1,1,0,0,0,0,0,0,0,0,0,0
2004,180128,1,1,22,22,22,22,22,22,22,22,22,22
2004,180129,0,1,0,0,0,0,0,0,0,0,0,0
2004,180129,1,1,0,0,0,0,0,0,0,0,0,0
2004,180130,1,1,0,0,0,0,0,0,0,0,0,0
2004,180130,2,1,0,0,0,0,0,0,0,0,0,0
2004,180131,1,1,0,0,0,0,0,0,0,0,0,0
2004,180131,2,1,0,0,0,0,0,0,0,0,0,0
2004,180132,1,1,0,0,0,0,0,0,0,0,0,0
2004,180133,1,1,0,0,0,0,0,0,0,0,0,0
2004,180133,2,1,0,0,0,0,0,0,0,0,0,0
2004,180134,1,1,0,0,0,0,0,0,0,0,0,0
2004,180134,2,1,0,0,0,0,0,0,0,0,0,0
2004,180135,1,1,0,0,0,0,0,0,0,0,0,0
2004,180135,2,1,0,0,0,0,0,0,0,0,0,0
2004,180136,0,1,0,0,0,0,0,0,0,0,0,0
2004,180136,1,1,0,0,0,0,0,0,0,0,0,0
2004,180137,1,1,0,0,0,0,0,0,0,0,0,0
2004,180137,2,1,0,0,0,0,0,0,0,0,0,0
2004,180138,1,1,0,0,0,0,0,0,0,0,0,0
2004,180138,2,1,0,0,0,0,0,0,0,0,0,0
2004,180139,1,1,0,0,0,0,0,0,0,0,0,0
2004,180140,1,1,27,27,27,27,27,27,27,27,27,27
2004,180141,1,1,27,27,27,27,27,27,27,27,27,27
2004,180142,1,1,0,0,0,0,0,0,0,0,0,0
2004,180142,2,1,0,0,0,0,0,0,0,0,0,0
2004,180143,1,1,0,0,0,0,0,0,0,0,0,0
2004,180144,1,1,0,0,0,0,0,0,0,0,0,0
2004,180145,1,1,21,21,21,21,21,21,21,21,21,21
2004,180146,1,1,0,0,0,0,0,0,0,0,0,0
2004,180146,2,1,0,0,0,0,0,0,0,0,0,0
2004,180147,1,1,0,0,0,0,0,0,0,0,0,0
2004,180147,2,1,0,0,0,0,0,0,0,0,0,0
2004,180148,1,1,0,0,0,0,0,0,0,0,0,0
2004,180148,2,1,0,0,0,0,0,0,0,0,0,0
2004,180148,3,1,0,0,0,0,0,0,0,0,0,0
2004,180149,1,1,19,19,12,0,0,0,13,10,0,0
2004,180149,2,1,0,0,0,0,0,0,0,0,0,0
2004,180150,1,1,15,0,0,0,0,0,0,0,0,0
2004,180150,2,1,0,0,6,0,0,0,0,0,0,0
2004,180151,1,1,19,19,19,19,19,19,19,19,19,19
2004,180153,0,1,23,23,23,23,23,23,23,23,23,23
2004,180153,1,1,21,21,21,21,21,21,21,21,21,21
2004,180154,1,1,0,0,0,0,0,0,0,0,0,0
2004,180155,1,1,0,0,0,0,0,0,0,0,0,0
2004,180155,2,1,0,0,0,0,0,0,0,0,0,0
2004,180155,3,1,0,0,0,0,0,0,0,0,0,0
2004,180156,1,1,17,17,17,17,17,17,17,17,17,17
2004,180157,1,1,0,0,0,0,0,0,0,0,0,0
2004,180158,1,1,24,24,24,24,24,24,24,24,24,24
2004,180159,1,1,0,0,0,0,0,0,0,0,0,0
2004,180160,0,1,7,7,7,7,7,7,7,7,7,7
2004,180160,1,1,0,0,0,0,0,0,0,0,0,0
2004,180161,1,1,0,0,0,0,0,0,0,0,0,0
2004,180161,2,1,0,0,0,0,0,0,0,0,0,0
2004,180162,1,1,0,0,0,0,0,0,0,0,0,0
2004,180163,1,1,0,0,0,0,0,0,0,0,0,0
2004,180164,1,1,17,17,17,17,17,17,17,17,17,17
2004,180165,1,1,19,19,19,19,19,19,19,19,19,19
2004,180166,0,1,0,0,0,0,0,0,0,0,0,0
2004,180166,1,1,0,0,0,0,0,0,0,0,0,0
2004,180167,1,1,17,17,17,17,17,17,17,17,17,17
2004,180168,1,1,9,9,9,9,9,9,9,9,9,9
2004,180169,0,1,0,30,26,21,0,0,15,22,17,13
2004,180169,2,1,0,0,0,0,0,0,0,0,0,0
2004,180170,1,1,0,0,0,0,0,0,0,0,0,0
2004,180171,1,1,0,0,0,0,0,0,0,29,0,0
2004,180171,2,1,0,0,0,0,0,0,0,0,0,0
2004,180171,3,1,0,0,16,0,0,0,0,0,0,0
2004,180172,1,1,0,0,0,0,0,0,0,0,0,0
2004,180173,1,1,14,14,14,14,14,14,14,14,14,14
2004,180174,1,1,0,0,0,0,0,0,0,0,0,0
2004,180174,2,1,0,0,0,0,0,0,0,0,0,0
2004,180175,1,1,0,0,0,0,0,0,0,0,0,0
2004,180175,2,1,0,0,0,0,0,0,0,0,0,0
2004,180177,1,1,0,0,0,0,0,0,0,0,0,0
2004,180178,1,1,0,0,0,0,0,0,0,0,0,0
2004,180178,2,1,0,0,0,0,0,0,0,0,0,0
2004,180178,3,1,0,0,0,0,9,0,10,0,0,0
2004,180179,1,1,0,0,3,0,0,0,0,0,0,7
2004,180180,1,1,0,0,0,0,0,0,0,0,0,0
2004,180181,1,1,0,0,0,0,0,0,0,0,0,0
2004,180181,2,1,0,0,0,0,0,0,0,0,0,0
2004,180182,0,1,18,18,18,18,18,18,18,18,18,18
2004,180182,1,1,0,0,0,0,0,6,0,0,0,0
2004,180183,1,1,12,12,12,12,12,12,12,12,12,12
2004,180184,1,1,0,0,0,10,0,0,0,0,0,0
2004,180185,1,1,11,0,0,18,0,0,0,0,18,0
2004,180186,1,1,15,15,15,15,15,15,15,15,15,15
2004,180187,1,1,20,20,20,20,20,20,20,20,20,20
2004,180188,1,1,0,0,0,0,0,0,0,0,0,0
2004,180188,2,1,0,0,0,0,0,0,0,0,0,0
2004,180189,0,1,4,4,4,4,4,4,4,4,4,4
2004,180189,1,1,0,0,0,0,0,0,0,0,0,0
2004,180190,0,1,0,0,0,0,0,0,0,0,0,0
2004,180190,0,2,0,0,6,0,0,0,0,0,0,13
2004,180190,1,1,0,0,0,0,0,0,0,0,0,0
2004,180191,1,1,0,0,0,0,0,0,0,0,0,0
2004,180192,1,1,0,0,0,0,0,0,0,0,0,0
2004,180193,1,1,0,0,5,0,14,26,0,0,0,13
2004,180194,1,1,0,0,0,0,0,0,0,0,0,0
2004,180194,2,1,0,0,0,0,0,0,0,0,0,0
2004,180195,1,1,0,0,0,0,0,0,0,0,0,0
2004,180196,1,1,0,0,0,0,0,0,0,0,0,0
2004,180196,2,1,0,0,0,0,0,0,0,0,0,0
2004,180197,1,1,0,0,0,0,0,0,0,0,0,0
2004,180197,2,1,0,0,0,0,0,0,0,0,0,0
2004,180198,1,1,0,0,0,0,0,0,0,0,0,0
2004,180199,1,1,0,0,0,0,0,0,0,0,0,0
2004,180199,2,1,0,0,0,0,0,0,0,0,0,0
2004,180200,1,1,0,0,0,0,0,13,13,16,0,0
2004,180201,1,1,0,0,0,0,0,0,0,0,0,0
2004,180201,2,1,0,0,0,0,0,0,0,0,0,0
2004,180202,1,1,0,0,0,0,0,0,0,0,0,0
2004,180202,2,1,0,0,0,0,0,0,0,0,0,0
2004,180203,1,1,0,0,0,0,0,0,0,0,0,0
2004,180203,2,1,0,0,0,0,0,0,0,0,0,0
2004,180204,1,1,0,0,0,0,0,0,0,0,0,0
2004,180204,2,1,0,0,0,0,0,0,0,0,0,0
2004,180205,1,1,0,0,0,0,0,0,0,0,0,0
2004,180207,1,1,0,0,0,0,0,0,0,0,0,0
2004,180207,2,1,0,0,0,0,0,0,0,0,0,0
2004,180208,1,1,14,14,14,14,14,14,14,14,14,14
2004,180208,2,1,0,0,0,0,0,0,0,0,0,0
2004,180209,1,1,0,0,0,0,0,0,0,0,0,0
2004,180209,2,1,0,0,0,0,0,0,0,0,0,0
2004,180210,1,1,0,0,0,0,0,0,0,0,0,0
2004,180211,1,1,0,0,0,0,0,0,0,0,0,0
2004,180211,2,1,0,0,0,0,0,0,0,0,0,0
2004,180212,1,1,0,0,0,0,0,0,0,0,0,0
2004,180212,2,1,0,0,0,0,0,0,0,0,0,0
2004,180212,3,1,0,0,0,0,0,0,0,0,0,0
2004,180213,1,1,4,4,4,4,4,4,4,4,4,4
2004,180213,2,1,0,0,0,0,0,0,0,0,0,0
2004,180214,1,1,0,0,0,0,0,0,0,0,0,0
2004,180214,2,1,0,0,0,0,0,0,0,0,0,0
2004,180215,1,1,0,0,0,0,0,0,0,0,15,0
2004,180215,2,1,0,0,0,0,0,0,0,0,0,0
2004,180216,1,1,14,14,14,14,14,14,14,14,14,14
2004,180216,2,1,0,0,0,0,0,0,0,0,0,0
2004,180216,3,1,0,0,0,0,0,0,0,0,0,0
2004,180217,1,1,16,16,16,16,16,16,16,16,16,16
2004,180217,2,1,0,0,0,0,0,0,0,0,0,0
2004,180219,1,1,0,0,0,0,0,0,0,0,0,0
2004,180220,1,1,0,0,0,0,0,0,0,0,0,0
2004,180220,2,1,0,0,0,0,0,0,0,0,0,0
2004,180220,3,1,0,0,0,0,0,0,0,0,0,0
2004,180221,1,1,0,0,0,0,0,0,0,0,0,0
2004,180221,2,1,0,0,0,0,0,0,0,0,0,0
2004,180222,1,1,0,0,0,0,0,0,0,0,0,0
2004,180222,2,1,0,0,0,0,0,0,0,0,0,0
2004,180223,1,1,0,0,0,0,0,0,0,0,0,0
2004,180224,1,1,0,0,0,0,0,0,0,0,0,0
2004,180225,1,1,42,42,42,42,42,42,42,42,42,42
2004,180226,1,1,0,0,0,0,0,0,0,0,0,0
2004,180227,1,1,0,0,0,0,0,0,0,0,0,0
2004,180227,2,1,0,0,0,0,0,0,0,0,0,0
2004,180228,0,1,0,0,0,0,0,0,0,0,0,0
2004,180228,1,1,15,15,15,15,15,15,15,15,15,15
2004,180229,1,1,0,0,0,0,0,0,0,0,0,0
2004,180229,2,1,0,0,0,0,0,0,0,0,0,0
2004,180230,1,1,0,0,0,0,0,0,0,0,0,0
2004,180230,2,1,0,0,0,0,0,0,0,0,0,0
2004,180230,3,1,0,0,0,0,2,0,16,0,0,4
2004,180231,0,1,0,0,0,0,0,0,0,0,0,0
2004,180231,1,1,0,0,0,0,0,0,0,0,0,0
2004,180232,1,1,0,0,0,0,0,0,0,0,0,0
2004,180232,2,1,0,0,0,0,0,0,0,0,0,0
2004,180233,1,1,0,0,0,0,0,0,0,0,0,0
2004,180233,2,1,0,0,0,0,0,0,0,0,0,0
2004,180233,3,1,0,0,0,0,0,0,0,0,0,0
2004,180234,1,1,0,0,0,0,0,0,0,0,0,0
2004,180234,2,1,0,0,0,0,0,0,0,0,0,0
2004,180235,1,1,25,25,25,25,25,25,25,25,25,25
2004,180235,2,1,0,0,0,0,0,0,0,0,0,0
2004,180236,1,1,0,0,0,0,0,0,0,0,0,0
2004,180236,2,1,0,0,0,0,0,0,0,0,0,0
2004,180237,0,1,0,0,0,0,0,0,0,0,0,0
2004,180237,1,1,0,0,0,0,0,0,0,0,0,0
2004,180238,1,1,20,20,20,20,20,20,20,20,20,20
2004,180239,1,1,0,0,0,28,0,17,0,0,0,6
2004,180239,2,1,0,0,0,0,0,0,9,0,0,0
2004,180240,0,1,0,0,0,0,0,0,0,0,0,0
2004,180240,1,1,0,0,0,0,0,0,0,0,0,0
2004,180241,1,1,0,0,0,0,0,0,0,0,8,0
2004,180242,0,1,20,23,0,0,0,12,20,0,0,25
2004,180242,1,1,0,0,0,3,0,0,0,0,0,0
2004,180243,1,1,0,0,0,0,0,0,0,0,0,0
2004,180243,2,1,0,0,0,0,0,0,0,0,0,0
2004,180244,1,1,0,0,0,0,0,0,0,0,0,0
2004,180244,2,1,0,0,0,0,0,0,0,0,0,0
2004,180245,1,1,18,18,18,18,18,18,18,18,18,18
2004,180247,1,1,0,0,0,0,0,0,0,0,0,0
2004,180247,2,1,0,0,0,0,0,0,0,0,0,0
2004,180248,0,1,0,0,0,0,0,0,0,0,0,0
2004,180248,1,1,0,0,0,25,0,10,0,0,0,10
2004,180249,1,1,0,0,0,0,0,0,0,0,0,0
2004,180249,2,1,0,0,0,0,0,0,0,0,0,0
2004,180249,3,1,0,0,0,0,0,0,0,0,0,0
2004,180250,1,1,0,0,0,0,0,0,0,0,0,0
2004,180250,2,1,0,0,0,0,0,0,0,0,0,0
2004,180251,1,1,0,0,0,0,0,0,0,0,0,0
2004,180251,2,1,0,0,0,0,0,0,0,0,0,0
2004,180251,3,1,0,0,0,0,0,0,0,0,0,0
2004,180252,1,1,0,0,0,0,0,0,0,0,0,0
2004,180253,0,1,0,22,0,7,0,0,0,0,0,0
2004,180253,1,1,0,0,0,0,0,0,0,0,0,0
2004,180253,2,1,0,0,0,0,0,0,0,0,0,0
2004,180253,3,1,0,0,0,0,0,0,0,0,0,0
2004,180254,1,1,12,12,12,12,12,12,12,12,12,12
2004,180255,1,1,0,0,0,0,0,0,0,0,0,0
2004,180255,2,1,0,0,0,0,0,0,0,0,0,0
2004,180256,1,1,11,11,11,11,11,11,11,11,11,11
2004,180257,1,1,0,0,0,0,0,0,0,0,0,0
2004,180257,2,1,0,0,0,0,0,0,0,0,0,0
2004,180258,1,1,18,3,5,2,0,0,0,0,0,0
2004,180259,0,1,0,0,0,0,0,0,0,0,0,0
2004,180259,1,1,0,0,0,0,0,0,0,0,0,0
2004,180260,1,1,0,0,0,0,0,0,0,0,0,0
2004,180260,2,1,0,0,0,0,0,0,0,0,0,0
2004,180261,1,1,0,0,0,0,0,0,0,0,0,0
2004,180261,2,1,0,0,26,0,9,0,15,0,0,0
2004,180262,1,1,11,11,11,11,11,11,11,11,11,11
2004,180263,1,1,0,0,0,0,0,0,0,0,0,0
2004,180264,1,1,18,18,18,18,18,18,18,18,18,18
2004,180265,1,1,10,10,10,10,10,10,10,10,10,10
2004,180266,0,1,2,2,2,2,2,2,2,2,2,2
2004,180266,1,1,0,0,0,0,0,0,0,0,0,0
2004,180267,1,1,0,7,0,0,0,0,0,0,0,0
2004,180267,2,1,0,0,0,0,0,0,0,0,0,0
2004,180268,1,1,0,0,0,0,0,0,0,0,0,0
2004,180269,1,1,16,16,16,16,16,16,16,16,16,16
2004,180270,1,1,0,0,0,0,0,0,0,0,0,0
2004,180270,2,1,0,0,0,0,0,0,0,0,0,0
2004,180271,0,1,24,24,24,24,24,24,24,24,24,24
2004,180271,1,1,0,0,15,0,22,0,12,0,0,15
2004,180272,0,1,0,0,0,0,0,0,0,0,0,0
2004,180272,1,1,0,0,0,0,0,0,0,0,0,0
2004,180273,1,1,0,0,0,0,0,0,0,0,0,0
2004,180274,0,1,35,35,35,35,35,35,35,35,35,35
2004,180274,1,1,0,0,0,0,0,0,0,0,0,0
2004,180275,1,1,0,0,0,0,0,0,0,0,0,0
2004,180275,2,1,0,0,0,0,0,0,0,0,0,0
2004,180276,1,1,0,0,0,0,0,0,0,0,0,0
2004,180276,2,1,0,0,0,0,0,0,0,0,0,0
2004,180276,3,1,0,0,0,0,0,0,0,0,0,0
2004,180277,1,1,0,0,0,0,0,0,0,0,0,0
2004,180277,2,1,0,0,0,0,0,0,0,0,0,0
2004,180277,3,1,0,0,0,0,0,0,0,0,0,0
2004,180278,1,1,0,0,0,0,0,0,0,0,0,0
2004,180278,2,1,0,0,0,0,0,0,0,0,0,0
2004,180279,1,1,7,7,7,7,7,7,7,7,7,7
2004,180280,1,1,16,16,16,16,16,16,16,16,16,16
2004,180281,1,1,0,0,0,0,0,0,0,0,0,0
2004,180281,2,1,0,0,0,0,0,0,0,0,0,0
2004,180282,1,1,11,11,11,11,11,11,11,11,11,11
2004,180283,1,1,0,0,0,0,0,0,0,0,0,0
2004,180283,2,1,0,0,0,0,0,0,0,0,0,0
2004,180283,3,1,0,0,0,0,0,0,0,0,0,0
2004,180284,1,1,23,23,23,23,23,23,23,23,23,23
2004,180285,0,1,0,0,11,20,0,21,0,0,14,18
2004,180285,1,1,0,0,0,0,0,0,0,0,0,0
2004,180286,1,1,0,0,0,0,0,0,0,0,0,0
2004,180287,1,1,0,0,0,0,0,0,0,0,0,0
2004,180287,2,1,0,0,0,0,0,0,0,0,0,0
2004,180288,1,1,0,0,0,0,0,0,0,0,0,0
2004,180288,2,1,0,0,0,0,0,0,0,0,0,0
2004,180289,1,1,0,0,0,0,0,0,0,0,0,0
2004,180289,2,1,0,0,0,0,0,0,0,0,0,0
2004,180290,1,1,22,22,22,22,22,22,22,22,22,22
2004,180291,1,1,0,0,0,0,0,0,0,0,0,0
2004,180292,1,1,0,0,0,0,0,0,0,0,0,0
2004,180293,1,1,0,0,0,0,0,0,0,0,0,0
2004,180293,2,1,0,0,0,0,0,0,0,0,0,0
2004,180294,1,1,0,0,0,0,0,0,0,0,0,0
2004,180294,2,1,0,0,0,0,0,0,0,0,0,0
2004,180295,1,1,0,0,0,0,0,0,0,0,0,0
2004,180295,2,1,0,0,0,0,0,0,0,0,0,0
2004,180296,1,1,30,30,30,30,30,30,30,30,30,30
2004,180297,1,1,19,19,19,19,19,19,19,19,19,19
2004,180298,1,1,6,6,6,6,6,6,6,6,6,6
2004,180299,1,1,8,8,8,8,8,8,8,8,8,8
2004,180300,1,1,0,13,0,12,0,14,13,16,0,4
2004,180301,1,1,0,0,0,0,0,0,0,0,0,0
2004,180301,2,1,0,0,0,0,0,0,0,0,0,0
2004,180302,1,1,0,0,0,0,0,0,0,0,0,0
2004,180302,2,1,0,0,0,0,0,15,0,0,0,0
2004,180303,0,1,0,0,0,0,0,0,0,0,0,0
2004,180303,1,1,0,0,0,0,0,0,0,0,0,0
2004,180304,1,1,0,0,0,0,0,0,0,0,16,0
2004,180304,2,1,0,0,0,0,0,0,0,0,0,0
2004,180305,1,1,27,27,27,27,27,27,27,27,27,27
2004,180306,1,1,0,0,0,0,0,0,0,0,0,0
2004,180306,2,1,0,0,0,0,0,0,0,0,0,0
2004,180307,1,1,0,0,0,0,0,0,10,0,0,0
2004,180308,1,1,0,0,0,0,0,0,0,0,0,0
2004,180308,2,1,0,0,0,0,0,0,0,0,0,0
2004,180309,1,1,0,14,0,0,0,0,0,0,0,0
2004,180310,1,1,0,0,0,0,0,0,0,0,0,0
2004,180310,2,1,0,0,0,0,0,0,0,0,0,0
2004,180311,0,1,0,0,0,0,0,0,0,0,0,0
2004,180311,0,2,0,0,0,0,0,0,0,0,0,0
2004,180311,0,3,0,0,0,0,0,0,0,0,0,0
2004,180311,0,4,0,0,0,0,0,0,0,7,0,0
2004,180311,0,5,0,0,18,0,0,0,0,0,22,0
2004,180311,0,6,0,10,0,0,0,0,0,0,0,0
2004,180311,0,7,21,0,10,0,0,0,0,3,8,0
2004,180311,0,8,0,0,0,0,0,0,0,0,0,0
2004,180311,0,9,0,0,0,0,0,0,0,0,0,0
2004,180311,0,10,0,0,0,0,0,0,0,0,0,0
2004,180311,1,1,0,0,0,0,0,0,0,0,0,0
2004,180311,2,1,0,0,0,0,0,0,0,0,0,0
2004,180311,3,1,0,0,0,0,0,0,0,0,0,0
2004,180312,1,1,30,30,30,30,30,30,30,30,30,30
2004,180313,1,1,0,0,0,0,0,0,0,0,0,0
2004,180313,2,1,0,0,0,0,0,0,0,0,0,0
2004,180313,3,1,0,0,0,5,0,21,0,0,0,0
2004,180314,1,1,14,14,14,14,14,14,14,14,14,14
2004,180315,1,1,0,0,0,0,0,0,0,0,0,0
2004,180316,0,1,0,0,0,0,0,0,0,0,0,0
2004,180316,1,1,0,0,0,0,0,0,0,0,0,0
2004,180317,1,1,0,0,0,30,0,9,0,15,20,0
2004,180318,0,1,0,0,0,0,0,0,0,0,0,0
2004,180318,1,1,0,0,0,0,0,0,0,0,0,0
2004,180319,0,1,0,0,5,0,0,30,22,0,0,0
2004,180319,1,1,0,0,0,0,0,0,0,0,0,22
2004,180320,1,1,21,21,21,21,21,21,21,21,21,21
2004,180320,2,1,0,0,0,0,0,0,0,0,0,0
2004,180321,1,1,0,0,0,0,0,0,0,0,0,0
2004,180322,1,1,15,15,15,15,15,15,15,15,15,15
2004,180322,2,1,0,0,0,0,0,0,0,0,0,0
2004,180323,1,1,0,0,0,0,0,0,0,0,0,0
2004,180323,2,1,0,0,0,0,0,0,0,0,0,0
2004,180324,1,1,0,0,0,0,0,0,0,0,0,0
2004,180325,0,1,0,0,0,0,0,0,0,0,0,0
2004,180325,1,1,0,0,0,0,0,0,0,0,0,0
2004,180326,1,1,0,0,0,0,0,0,0,0,0,0
2004,180326,2,1,0,0,0,0,0,0,0,0,0,0
2004,180326,3,1,0,0,0,0,0,0,0,0,0,0
2004,180327,1,1,0,0,0,0,0,0,0,0,0,0
2004,180327,2,1,0,0,0,0,0,0,0,0,0,0
2004,180328,1,1,0,0,0,0,0,0,0,0,0,0
2004,180328,2,1,0,0,0,0,0,0,0,0,0,0
2004,180329,1,1,0,0,0,0,0,11,0,23,9,0
2004,180329,2,1,0,0,0,0,0,0,0,0,0,0
2004,180330,1,1,0,0,0,0,0,0,0,0,0,0
2004,180330,2,1,0,0,0,0,0,0,0,0,0,0
2004,180331,1,1,2,2,2,2,2,2,2,2,2,2
2004,180332,1,1,0,0,0,0,0,0,0,0,0,0
2004,180332,2,1,0,0,0,0,0,0,0,0,0,0
2004,180333,0,1,0,0,0,0,0,0,0,0,0,0
2004,180333,1,1,0,0,0,0,0,0,0,0,0,0
2004,180334,1,1,0,0,0,0,0,0,0,0,0,0
2004,180335,1,1,11,11,11,11,11,11,11,11,11,11
2004,180336,1,1,0,0,0,0,0,0,0,0,0,0
2004,180336,2,1,0,0,0,0,0,0,0,0,0,0
2004,180337,1,1,33,33,33,33,33,33,33,33,33,33
2004,180338,1,1,0,0,0,0,0,0,0,0,0,0
2004,180339,1,1,0,0,0,0,0,0,0,0,0,0
2004,180340,1,1,14,14,14,14,14,14,14,14,14,14
2004,180341,1,1,0,0,0,0,0,0,0,0,0,0
2004,180341,2,1,0,0,0,0,0,0,0,0,0,0
2004,180343,1,1,0,0,0,0,0,0,0,0,0,0
2004,180344,1,1,0,0,0,0,0,0,0,0,0,0
2004,180345,0,1,15,15,15,15,15,15,15,15,15,15
2004,180345,1,1,0,0,0,0,0,0,0,0,0,0
2004,180346,1,1,0,0,0,0,0,0,0,0,0,0
2004,180347,1,1,18,18,18,18,18,18,18,18,18,18
2004,180348,1,1,0,0,0,0,0,0,0,0,0,0
2004,180348,2,1,0,0,0,0,0,0,0,0,0,0
2004,180349,1,1,14,14,14,14,14,14,14,14,14,14
2004,180350,1,1,0,0,0,0,0,0,0,0,0,0
2004,180350,2,1,0,0,0,0,0,0,0,0,0,0
2004,180351,1,1,26,26,26,26,26,26,26,26,26,26
2004,180352,1,1,0,0,0,0,0,0,0,0,0,0
2004,180352,2,1,0,0,0,0,0,0,0,0,0,0
2004,180353,1,1,0,0,0,0,0,0,0,0,0,0
2004,180354,1,1,10,10,10,10,10,10,10,10,10,10
2004,180355,1,1,0,0,0,0,0,0,0,0,0,0
2004,180356,1,1,0,0,0,0,0,0,0,0,0,0
2004,180356,2,1,0,0,0,0,0,0,0,0,0,0
2004,180356,3,1,0,0,0,0,0,0,0,0,0,0
2004,180357,1,1,27,27,27,27,27,27,27,27,27,27
2004,180358,1,1,0,0,0,0,0,0,0,0,0,0
2004,180358,2,1,0,0,0,0,0,0,0,0,0,0
2004,180359,1,1,20,20,20,20,20,20,20,20,20,20
2004,180360,1,1,0,0,0,0,0,0,0,0,0,0
2004,180361,1,1,21,21,21,21,21,21,21,21,21,21
2004,180362,1,1,0,0,0,0,0,0,0,0,0,0
2004,180363,1,1,18,18,18,18,18,18,18,18,18,18
2004,180364,1,1,0,0,0,0,0,0,0,0,0,0
2004,180365,1,1,0,0,0,0,0,0,0,0,0,0
2004,180366,1,1,0,0,0,0,0,0,0,0,0,0
2004,180366,2,1,0,0,0,0,0,0,0,0,0,0
2004,180367,1,1,0,0,0,0,0,0,0,0,0,0
2004,180367,2,1,0,6,0,0,0,0,0,0,0,0
2004,180368,1,1,32,0,0,0,20,0,14,0,9,0
2004,180369,1,1,0,0,0,0,0,0,0,0,0,0
2004,180370,1,1,0,0,0,0,0,0,0,0,0,0
2004,180370,2,1,0,0,0,0,0,0,0,0,0,0
2004,180371,1,1,6,6,6,6,6,6,6,6,6,6
2004,180371,2,1,0,0,0,0,0,0,0,0,0,0
2004,180372,1,1,9,10,11,31,22,0,0,0,31,0
2004,180373,1,1,2,2,2,2,2,2,2,2,2,2
2004,180374,1,1,0,0,0,0,0,0,0,0,0,0
2004,180374,2,1,0,0,0,0,0,0,0,0,0,0
2004,180375,1,1,0,0,0,0,0,0,0,0,0,0
2004,180376,1,1,0,0,0,0,0,0,0,0,0,0