YEAR,ST_CASE,veh_no,per_no,P1,P2,P3,P4,P5,P6,P7,P8,P9,P10
2004,180377,1,1,0,0,0,0,0,0,0,0,0,0
2004,180378,0,1,22,22,22,22,22,22,22,22,22,22
2004,180378,1,1,0,0,0,0,0,0,0,0,0,0
2004,180379,1,1,40,23,32,18,10,24,0,36,17,0
2004,180380,1,1,0,0,0,0,0,0,0,0,0,0
2004,180381,1,1,30,30,30,30,30,30,30,30,30,30
2004,180382,1,1,6,6,6,6,6,6,6,6,6,6
2004,180382,2,1,0,0,0,0,0,0,0,0,0,0
2004,180383,1,1,0,0,0,0,0,0,0,0,0,0
2004,180384,1,1,0,0,0,0,0,0,0,0,0,0
2004,180384,2,1,0,0,0,0,0,0,0,0,0,0
2004,180385,1,1,0,0,0,0,0,0,0,0,0,0
2004,180385,2,1,0,0,0,0,0,0,0,0,0,0
2004,180386,1,1,0,0,0,0,0,0,0,0,0,0
2004,180386,2,1,0,0,0,0,0,0,0,0,0,0
2004,180387,1,1,0,0,0,0,0,0,0,0,0,0
2004,180387,2,1,0,0,0,0,0,0,0,0,0,0
2004,180387,3,1,0,0,0,0,0,0,0,0,0,0
2004,180388,1,1,0,0,0,0,0,0,0,0,0,0
2004,180389,1,1,14,27,22,17,21,25,17,15,24,17
2004,180390,1,1,13,0,0,0,0,0,0,0,0,0
2004,180391,1,1,0,0,0,0,0,0,0,0,0,0
2004,180391,2,1,0,0,0,0,0,0,0,0,0,0
2004,180392,1,1,0,0,0,0,0,0,0,0,0,0
2004,180392,2,1,0,0,0,0,0,0,0,0,0,0
2004,180393,1,1,11,11,11,11,11,11,11,11,11,11
2004,180394,1,1,0,0,0,0,0,0,0,0,0,0
2004,180394,2,1,0,0,0,0,0,0,0,0,0,0
2004,180395,1,1,0,0,0,0,0,0,0,0,0,0
2004,180396,1,1,18,17,11,0,13,0,15,0,22,11
2004,180397,1,1,22,22,22,22,22,22,22,22,22,22
2004,180398,1,1,12,12,12,12,12,12,12,12,12,12
2004,180399,1,1,0,0,0,0,0,0,0,0,0,0
2004,180399,2,1,0,0,0,0,0,0,0,0,0,0
2004,180400,1,1,16,16,16,16,16,16,16,16,16,16
2004,180401,1,1,0,0,0,0,0,0,0,0,0,0
2004,180401,2,1,1,1,1,1,1,1,1,1,1,1
2004,180402,1,1,16,16,16,16,16,16,16,16,16,16
2004,180402,2,1,0,0,0,0,0,0,0,0,0,0
2004,180403,1,1,16,16,16,16,16,16,16,16,16,16
2004,180403,2,1,0,0,0,0,0,0,0,0,0,0
2004,180404,1,1,0,0,0,0,0,0,0,0,0,0
2004,180404,2,1,0,0,0,0,0,0,0,0,0,0
2004,180405,1,1,0,0,0,0,0,0,0,0,0,0
2004,180405,2,1,0,0,0,0,0,0,0,0,0,0
2004,180406,1,1,0,0,0,0,0,0,0,0,0,0
2004,180406,2,1,0,0,0,0,0,0,0,0,0,0
2004,180407,1,1,0,0,0,0,0,10,0,0,0,0
2004,180408,0,1,13,0,5,0,0,0,0,0,0,0
2004,180408,0,2,16,20,0,0,14,11,0,4,7,0
2004,180408,1,1,0,0,0,11,0,0,21,0,0,16
2004,180409,1,1,0,0,0,0,0,0,0,0,0,0
2004,180409,2,1,0,0,0,0,0,0,0,0,0,0
2004,180410,1,1,0,0,0,0,0,0,0,0,0,0
2004,180411,1,1,0,0,0,0,0,0,0,0,0,0
2004,180411,2,1,0,0,0,0,0,0,0,0,0,0
2004,180412,1,1,0,0,0,0,0,0,0,0,0,0
2004,180412,2,1,0,0,0,0,0,0,0,0,0,0
2004,180413,1,1,11,11,16,0,0,0,0,0,0,21
2004,180413,2,1,0,0,0,0,0,0,0,0,0,0
2004,180414,1,1,14,14,14,14,14,14,14,14,14,14
2004,180415,0,1,2,2,2,2,2,2,2,2,2,2
2004,180415,1,1,0,0,0,0,0,0,0,0,0,0
2004,180415,2,1,0,0,0,0,0,0,0,0,0,0
2004,180416,1,1,0,0,0,0,0,0,0,0,0,0
2004,180417,1,1,0,0,0,0,0,10,0,0,0,0
2004,180418,1,1,0,0,0,0,0,0,0,0,0,0
2004,180418,2,1,0,0,0,0,0,0,0,0,0,0
2004,180419,1,1,0,0,0,0,0,0,0,0,0,0
2004,180419,2,1,0,0,0,0,0,0,0,0,0,0
2004,180420,1,1,16,0,18,0,0,0,19,0,13,0
2004,180421,1,1,0,0,0,0,0,0,0,0,0,0
2004,180422,1,1,14,14,14,14,14,14,14,14,14,14
2004,180423,1,1,0,0,0,0,0,0,0,0,0,0
2004,180423,2,1,0,0,0,0,0,11,18,0,3,0
2004,180424,1,1,0,0,0,0,0,0,0,0,0,0
2004,180424,2,1,28,28,28,28,28,28,28,28,28,28
2004,180425,1,1,0,0,0,0,0,0,0,0,0,0
2004,180425,2,1,0,0,0,0,0,0,0,0,0,0
2004,180425,3,1,0,0,0,0,0,0,0,0,0,0
2004,180426,1,1,0,0,0,0,0,0,0,0,0,0
2004,180426,2,1,0,0,0,0,0,0,0,0,0,0
2004,180427,1,1,7,7,7,7,7,7,7,7,7,7
2004,180428,1,1,0,0,0,0,0,0,0,0,0,0
2004,180428,2,1,0,0,0,0,0,0,0,0,0,0
2004,180428,3,1,0,0,0,0,0,0,0,0,0,0
2004,180429,1,1,6,6,6,6,6,6,6,6,6,6
2004,180430,0,1,0,0,0,0,0,0,0,0,0,0
2004,180430,1,1,0,0,0,0,0,0,0,0,0,0
2004,180431,1,1,0,0,0,0,0,0,0,0,0,0
2004,180432,1,1,0,0,0,0,0,0,0,0,0,0
2004,180432,2,1,0,0,0,0,0,0,0,0,0,0
2004,180433,1,1,12,12,12,12,12,12,12,12,12,12
2004,180434,1,1,0,0,0,0,0,0,0,0,0,0
2004,180435,1,1,0,0,0,0,0,0,0,0,0,0
2004,180436,1,1,0,0,0,0,0,0,0,0,0,0
2004,180437,1,1,0,0,0,0,0,0,0,24,0,0
2004,180437,2,1,0,0,0,0,15,0,0,0,0,0
2004,180438,1,1,0,0,0,0,0,0,0,0,0,0
2004,180439,1,1,0,0,0,0,0,0,0,0,0,0
2004,180440,1,1,0,0,0,0,0,0,0,0,0,0
2004,180440,2,1,18,18,18,18,18,18,18,18,18,18
2004,180441,1,1,10,10,10,10,10,10,10,10,10,10
2004,180442,1,1,21,21,21,21,21,21,21,21,21,21
2004,180442,2,1,6,6,6,6,6,6,6,6,6,6
2004,180443,1,1,0,0,0,0,0,0,0,0,0,0
2004,180443,2,1,0,0,0,0,0,0,0,0,0,0
2004,180443,3,1,0,0,0,0,0,0,0,0,0,0
2004,180444,1,1,19,19,19,19,19,19,19,19,19,19
2004,180444,2,1,0,0,0,0,0,0,0,0,0,0
2004,180445,1,1,0,0,0,0,0,0,0,0,0,0
2004,180445,2,1,0,0,0,0,0,0,0,0,0,0
2004,180446,1,1,0,0,0,0,0,0,0,0,0,0
2004,180447,1,1,13,13,13,13,13,13,13,13,13,13
2004,180448,1,1,0,0,0,0,0,0,0,0,0,7
2004,180449,1,1,13,13,13,13,13,13,13,13,13,13
2004,180450,1,1,0,0,0,0,0,0,0,0,0,0
2004,180451,1,1,0,0,0,0,0,0,0,0,0,0
2004,180451,2,1,0,0,0,0,0,0,0,0,0,0
2004,180452,1,1,0,0,0,0,0,0,0,0,0,0
2004,180453,1,1,0,0,0,0,0,0,0,0,0,0
2004,180454,1,1,0,0,0,0,0,0,0,0,0,0
2004,180454,2,1,0,0,0,0,0,0,0,0,0,0
2004,180455,1,1,27,27,27,27,27,27,27,27,27,27
2004,180456,1,1,9,16,0,0,0,16,0,0,0,19
2004,180457,1,1,0,0,0,0,0,0,0,0,0,0
2004,180457,2,1,0,0,15,0,0,0,6,0,0,0
2004,180458,1,1,0,0,0,0,0,0,0,0,0,0
2004,180458,2,1,0,0,0,0,0,0,0,0,0,0
2004,180458,3,1,0,4,0,0,0,0,5,5,0,0
2004,180459,1,1,0,0,0,0,0,0,0,0,0,0
2004,180459,2,1,0,0,0,0,0,0,0,0,0,0
2004,180460,1,1,0,0,0,0,0,0,0,0,0,12
2004,180461,1,1,0,0,0,0,0,0,0,0,0,0
2004,180461,2,1,0,0,0,0,0,0,0,0,0,0
2004,180462,1,1,0,0,0,0,0,0,0,0,0,0
2004,180463,1,1,9,9,9,9,9,9,9,9,9,9
2004,180464,1,1,0,0,0,0,0,0,0,0,0,0
2004,180464,2,1,0,0,0,0,0,0,0,0,0,0
2004,180465,0,1,9,9,9,9,9,9,9,9,9,9
2004,180465,1,1,0,17,0,15,44,0,0,0,10,0
2004,180466,1,1,0,0,0,0,0,0,0,0,0,0
2004,180467,1,1,6,6,6,6,6,6,6,6,6,6
2004,180467,2,1,0,0,0,0,0,0,0,0,0,0
2004,180468,1,1,0,0,0,0,0,0,0,0,0,0
2004,180469,1,1,0,0,0,0,0,0,0,0,0,0
2004,180469,2,1,0,0,0,0,0,0,0,0,0,0
2004,180470,1,1,0,0,0,0,0,0,0,0,0,0
2004,180470,2,1,0,0,0,0,0,0,0,0,0,0
2004,180471,1,1,0,0,0,0,0,0,0,0,0,0
2004,180471,2,1,0,0,0,0,0,0,0,0,0,0
2004,180472,1,1,0,0,0,0,0,0,0,0,0,0
2004,180472,2,1,0,0,0,0,0,0,0,0,0,0
2004,180472,3,1,0,0,0,0,0,0,0,0,0,0
2004,180472,4,1,0,0,0,9,0,0,0,0,0,0
2004,180472,5,1,0,0,0,0,0,0,0,0,0,0
2004,180472,6,1,0,0,0,0,0,0,0,0,0,0
2004,180473,1,1,0,0,0,0,0,0,0,0,0,0
2004,180473,2,1,0,0,0,0,0,0,0,0,0,0
2004,180474,0,1,0,0,0,0,0,0,0,0,0,0
2004,180474,1,1,23,23,23,23,23,23,23,23,23,23
2004,180475,1,1,0,0,0,0,0,0,0,0,0,0
2004,180475,2,1,0,0,0,0,0,0,0,0,0,0
2004,180475,3,1,0,0,0,0,0,0,0,0,0,0
2004,180476,1,1,10,18,16,19,19,0,6,38,12,15
2004,180476,2,1,0,0,0,0,0,0,0,0,0,0
2004,180477,1,1,0,0,0,0,0,0,0,0,0,0
2004,180477,2,1,0,0,0,0,0,0,0,0,0,0
2004,180478,1,1,0,0,0,0,0,0,0,0,0,0
2004,180478,2,1,0,0,0,0,0,0,0,0,0,0
2004,180479,1,1,0,0,0,0,0,0,0,0,0,0
2004,180479,2,1,0,0,0,0,0,0,0,0,0,0
2004,180480,1,1,0,0,0,0,0,0,0,0,0,0
2004,180480,2,1,0,0,0,0,0,0,0,0,0,0
2004,180481,1,1,15,15,15,15,15,15,15,15,15,15
2004,180482,1,1,26,26,26,26,26,26,26,26,26,26
2004,180483,1,1,0,0,0,0,0,0,0,0,0,0
2004,180483,2,1,0,0,0,0,0,0,0,0,0,0
2004,180484,1,1,0,0,0,0,0,0,0,0,0,0
2004,180484,2,1,0,0,0,0,0,0,0,0,0,0
2004,180484,3,1,0,0,0,0,0,0,0,0,0,0
2004,180484,4,1,0,0,0,0,0,0,0,0,0,0
2004,180484,5,1,0,0,0,0,0,0,0,0,0,0
2004,180484,6,1,0,0,0,0,0,0,0,0,0,0
2004,180484,7,1,0,0,0,0,0,0,0,0,0,0
2004,180484,8,1,0,0,0,0,0,0,0,0,0,0
2004,180484,9,1,0,0,0,0,0,0,0,0,0,0
2004,180485,0,1,0,0,0,0,0,0,0,0,0,0
2004,180485,1,1,28,0,0,0,0,0,0,0,0,0
2004,180486,1,1,0,0,0,0,0,0,0,0,0,0
2004,180487,1,1,0,0,0,0,0,0,0,0,0,0
2004,180487,2,1,0,0,8,0,0,0,0,15,0,0
2004,180488,1,1,30,12,25,0,0,0,0,18,0,0
2004,180488,2,1,0,0,0,0,0,0,0,0,0,0
2004,180489,1,1,21,12,20,21,21,28,14,22,13,32
2004,180490,1,1,23,23,23,23,23,23,23,23,23,23
2004,180491,1,1,0,0,0,0,0,0,0,0,0,0
2004,180491,2,1,0,0,0,0,0,0,0,0,0,0
2004,180492,0,1,0,0,0,0,0,0,0,0,0,0
2004,180492,1,1,0,0,0,0,0,0,0,0,0,0
2004,180493,0,1,0,0,0,0,0,0,0,0,0,0
2004,180493,1,1,0,0,0,0,0,0,0,0,0,0
2004,180494,1,1,0,0,0,0,0,4,0,0,0,17
2004,180495,1,1,0,0,0,0,0,0,0,0,0,0
2004,180495,2,1,0,0,0,0,0,0,0,0,0,0
2004,180496,1,1,0,0,0,0,0,0,0,0,0,0
2004,180496,2,1,0,0,0,0,0,0,0,0,0,0
2004,180497,1,1,0,0,0,0,0,0,0,0,0,0
2004,180497,2,1,0,0,0,0,0,0,0,0,0,0
2004,180498,1,1,0,0,0,0,0,0,0,0,0,0
2004,180498,2,1,0,0,0,0,0,0,0,0,0,0
2004,180499,1,1,0,0,0,0,0,0,0,0,0,0
2004,180499,2,1,0,0,0,0,0,0,0,0,0,0
2004,180500,0,1,0,0,0,30,0,20,0,0,0,0
2004,180500,1,1,0,0,0,0,0,0,0,0,0,0
2004,180501,0,1,0,0,0,0,0,0,0,0,0,0
2004,180501,1,1,0,0,0,0,0,0,0,0,0,0
2004,180502,1,1,9,9,9,9,9,9,9,9,9,9
2004,180502,2,1,0,0,0,0,0,0,0,0,0,0
2004,180503,1,1,15,15,15,15,15,15,15,15,15,15
2004,180504,1,1,11,11,11,11,11,11,11,11,11,11
2004,180505,1,1,0,0,0,13,0,0,0,0,28,0
2004,180506,1,1,0,0,0,0,0,0,0,0,0,0
2004,180506,2,1,0,0,0,0,0,0,0,0,0,0
2004,180507,0,1,22,22,22,22,22,22,22,22,22,22
2004,180507,1,1,8,0,0,0,0,21,0,0,0,0
2004,180508,1,1,11,11,11,11,11,11,11,11,11,11
2004,180509,1,1,0,0,0,0,0,0,0,0,0,0
2004,180509,2,1,0,0,0,0,0,0,0,0,0,0
2004,180510,0,1,8,8,8,8,8,8,8,8,8,8
2004,180510,1,1,16,16,16,16,16,16,16,16,16,16
2004,180511,1,1,7,7,7,7,7,7,7,7,7,7
2004,180512,1,1,0,0,0,0,0,0,0,0,0,0
2004,180513,1,1,0,0,0,0,0,0,0,0,0,0
2004,180513,2,1,0,0,0,0,0,0,0,0,0,0
2004,180514,1,1,0,0,0,0,0,0,0,0,0,0
2004,180514,2,1,0,0,0,0,0,0,0,0,0,0
2004,180515,1,1,0,0,0,0,0,0,0,0,0,0
2004,180515,2,1,0,0,0,0,0,0,0,0,0,0
2004,180517,1,1,0,0,0,0,0,0,0,0,0,0
2004,180517,2,1,0,0,14,0,0,0,0,0,0,0
2004,180517,3,1,0,0,0,0,0,0,0,0,0,0
2004,180517,4,1,0,0,0,0,0,0,0,0,0,0
2004,180517,5,1,0,0,0,0,0,0,0,0,0,0
2004,180517,6,1,0,0,0,0,0,0,0,0,0,0
2004,180517,7,1,0,0,0,0,0,0,0,0,0,0
2004,180517,8,1,0,0,0,0,0,0,0,0,0,0
2004,180519,1,1,0,0,0,0,0,0,0,0,0,0
2004,180519,2,1,0,0,0,0,0,0,0,0,0,0
2004,180520,1,1,0,0,0,0,0,0,0,0,0,0
2004,180521,0,1,0,0,0,0,0,17,0,0,0,0
2004,180521,1,1,26,26,26,26,26,26,26,26,26,26
2004,180522,1,1,0,0,0,0,0,0,0,0,0,0
2004,180522,2,1,0,0,0,0,0,0,0,0,0,0
2004,180523,1,1,0,0,0,0,0,0,0,0,11,0
2004,180524,1,1,0,0,0,0,0,0,0,0,0,0
2004,180524,2,1,0,0,0,0,0,0,0,0,0,0
2004,180525,1,1,0,0,0,0,0,0,0,0,0,0
2004,180525,2,1,5,5,5,5,5,5,5,5,5,5
2004,180527,1,1,21,21,21,21,21,21,21,21,21,21
2004,180528,1,1,21,21,21,21,21,21,21,21,21,21
2004,180528,2,1,0,0,0,0,0,0,0,0,0,0
2004,180529,0,1,15,0,0,0,0,0,15,0,0,21
2004,180529,1,1,0,0,0,0,0,0,0,0,0,0
2004,180530,0,1,0,0,0,0,0,0,0,0,0,0
2004,180530,1,1,0,0,0,0,0,0,0,0,0,0
2004,180531,1,1,0,0,0,0,0,0,0,0,0,0
2004,180532,1,1,3,3,3,3,3,3,3,3,3,3
2004,180532,2,1,3,3,3,3,3,3,3,3,3,3
2004,180533,0,1,17,17,17,17,17,17,17,17,17,17
2004,180533,1,1,0,0,0,0,0,0,0,0,0,0
2004,180534,0,1,4,4,4,4,4,4,4,4,4,4
2004,180534,1,1,0,0,0,0,0,0,0,0,0,0
2004,180535,1,1,0,0,0,0,0,0,0,0,0,0
2004,180536,1,1,5,5,5,5,5,5,5,5,5,5
2004,180537,1,1,0,0,0,0,0,0,0,0,0,0
2004,180537,2,1,0,0,0,0,0,0,0,0,0,0
2004,180538,1,1,0,0,0,20,0,0,0,0,0,0
2004,180538,2,1,0,0,0,0,0,0,0,0,0,0
2004,180539,1,1,0,0,0,0,0,0,0,0,0,0
2004,180540,1,1,13,13,13,13,13,13,13,13,13,13
2004,180540,2,1,0,0,0,0,0,0,0,0,0,0
2004,180541,0,1,0,0,0,0,0,0,0,0,0,0
2004,180541,1,1,0,0,0,0,0,0,0,0,0,0
2004,180542,1,1,0,0,0,0,0,0,0,0,0,0
2004,180543,0,1,0,0,0,0,0,0,0,0,0,0
2004,180543,1,1,0,0,0,0,0,0,0,0,0,0
2004,180544,1,1,12,12,12,12,12,12,12,12,12,12
2004,180545,1,1,0,0,0,0,0,0,0,0,0,0
2004,180545,2,1,1,1,1,1,1,1,1,1,1,1
2004,180546,1,1,0,0,0,0,0,0,12,0,0,0
2004,180547,1,1,0,0,0,0,0,0,0,0,0,0
2004,180547,2,1,0,0,0,0,0,0,0,0,0,0
2004,180548,0,1,0,0,0,0,0,0,0,0,0,0
2004,180548,1,1,0,0,0,0,0,0,0,0,0,0
2004,180550,1,1,0,28,0,0,0,11,18,0,0,0
2004,180551,1,1,0,0,0,0,0,0,0,0,0,0
2004,180551,2,1,0,0,0,0,0,0,0,0,0,0
2004,180551,3,1,0,0,0,0,0,0,0,0,0,0
2004,180551,4,1,0,0,0,0,0,0,0,0,0,0
2004,180551,5,1,0,0,0,0,0,0,0,0,0,0
2004,180552,0,1,0,0,0,0,0,0,0,0,0,0
2004,180552,1,1,0,0,0,0,0,0,0,0,0,0
2004,180553,1,1,0,0,0,0,0,0,0,0,0,0
2004,180553,2,1,0,0,0,0,0,0,0,0,0,0
2004,180554,1,1,13,13,13,13,13,13,13,13,13,13
2004,180554,2,1,0,0,0,0,0,0,0,0,0,0
2004,180555,1,1,0,0,0,0,0,0,0,0,0,0
2004,180556,1,1,9,9,9,9,9,9,9,9,9,9
2004,180557,1,1,0,0,0,0,0,0,0,0,0,0
2004,180557,2,1,0,0,0,0,0,0,0,0,0,0
2004,180558,1,1,0,0,0,0,0,0,0,0,0,0
2004,180559,1,1,0,0,0,0,0,0,0,0,0,0
2004,180559,2,1,0,0,0,0,0,0,0,0,0,0
2004,180560,1,1,21,21,21,21,21,21,21,21,21,21
2004,180561,1,1,0,0,0,0,0,0,0,0,0,0
2004,180561,2,1,0,0,0,0,0,0,0,0,0,0
2004,180562,1,1,19,19,19,19,19,19,19,19,19,19
2004,180562,2,1,0,0,0,0,0,0,0,0,0,0
2004,180562,3,1,0,0,0,0,0,0,0,0,0,0
2004,180563,1,1,6,6,6,6,6,6,6,6,6,6
2004,180564,1,1,0,0,0,0,0,0,0,0,0,0
2004,180564,2,1,0,0,0,0,0,0,0,0,0,0
2004,180565,1,1,0,0,0,0,0,0,0,0,0,0
2004,180566,1,1,0,0,0,0,0,0,0,0,0,0
2004,180566,2,1,0,0,0,0,0,0,0,0,0,0
2004,180567,0,1,0,0,0,0,0,0,0,0,0,0
2004,180567,1,1,0,0,0,0,0,0,0,0,0,0
2004,180568,0,1,20,20,20,20,20,20,20,20,20,20
2004,180568,1,1,5,5,5,5,5,5,5,5,5,5
2004,180569,1,1,20,20,20,20,20,20,20,20,20,20
2004,180570,1,1,20,20,20,20,20,20,20,20,20,20
2004,180571,1,1,0,0,0,29,0,28,11,24,0,20
2004,180572,1,1,0,0,0,0,0,0,0,0,0,0
2004,180572,2,1,0,0,0,0,0,0,0,0,0,0
2004,180573,1,1,0,0,0,0,0,0,0,0,0,0
2004,180573,2,1,0,0,0,0,0,0,0,0,0,0
2004,180574,1,1,0,0,0,0,0,0,0,0,0,0
2004,180574,2,1,0,0,0,0,0,0,0,0,0,0
2004,180575,1,1,0,0,0,0,0,0,0,0,0,0
2004,180575,2,1,0,0,0,0,0,0,0,0,0,0
2004,180577,1,1,0,0,0,0,0,0,0,0,0,0
2004,180577,2,1,0,0,0,0,0,0,0,0,0,0
2004,180577,3,1,0,0,0,0,0,0,0,0,0,0
2004,180578,1,1,0,0,0,0,0,0,0,0,0,0
2004,180579,1,1,22,22,22,22,22,22,22,22,22,22
2004,180579,2,1,0,0,0,0,0,0,0,0,0,0
2004,180580,1,1,27,0,0,25,0,0,22,0,0,0
2004,180581,0,1,0,0,0,0,0,0,0,0,0,0
2004,180581,1,1,0,0,0,0,0,0,0,0,0,0
2004,180582,1,1,0,0,0,0,0,0,0,0,0,0
2004,180582,2,1,0,0,0,0,0,0,0,0,0,0
2004,180583,1,1,0,0,0,0,0,0,0,0,0,0
2004,180583,2,1,0,2,0,0,0,0,0,0,0,0
2004,180584,1,1,11,0,0,0,13,0,0,9,0,0
2004,180585,1,1,14,14,14,14,14,14,14,14,14,14
2004,180586,1,1,0,0,0,0,0,0,0,0,0,0
2004,180587,1,1,0,0,0,0,0,0,0,0,0,0
2004,180587,2,1,0,0,0,0,0,0,0,0,0,0
2004,180588,1,1,0,0,0,0,0,0,0,0,0,0
2004,180588,2,1,0,0,0,0,0,0,0,0,0,0
2004,180589,1,1,20,20,20,20,20,20,20,20,20,20
2004,180589,2,1,0,0,0,0,0,0,0,0,0,0
2004,180590,1,1,0,0,0,0,0,0,0,0,0,0
2004,180590,2,1,18,0,0,0,0,0,0,0,0,0
2004,180591,1,1,0,0,0,0,0,0,0,0,0,0
2004,180591,2,1,0,0,0,0,0,0,0,0,0,0
2004,180592,0,1,7,7,7,7,7,7,7,7,7,7
2004,180592,1,1,0,0,0,0,0,0,0,0,0,0
2004,180593,1,1,0,0,0,0,0,0,0,0,0,0
2004,180593,2,1,0,0,0,0,0,0,0,0,0,0
2004,180594,1,1,21,0,0,0,0,0,0,14,19,0
2004,180594,2,1,0,0,0,0,0,0,0,0,0,0
2004,180595,1,1,0,0,0,0,0,20,0,0,0,0
2004,180595,2,1,0,0,0,0,0,0,0,0,0,0
2004,180596,1,1,0,0,0,0,0,0,0,0,0,0
2004,180597,1,1,0,0,0,0,0,0,0,0,0,0
2004,180598,1,1,0,0,0,0,0,0,0,0,0,0
2004,180599,1,1,0,0,0,0,0,0,0,0,0,0
2004,180599,2,1,0,0,0,0,0,0,0,0,0,0
2004,180600,1,1,25,25,25,25,25,25,25,25,25,25
2004,180601,1,1,0,0,0,0,0,0,0,0,0,0
2004,180601,2,1,0,0,0,0,0,0,0,0,0,0
2004,180602,1,1,0,0,0,0,0,0,0,0,0,0
2004,180603,1,1,0,0,0,0,0,0,0,0,0,0
2004,180604,1,1,0,0,0,0,0,0,0,0,0,0
2004,180604,2,1,0,0,0,0,0,0,0,0,0,0
2004,180605,1,1,0,0,0,0,0,0,0,0,0,0
2004,180605,2,1,0,0,0,0,0,0,0,0,0,0
2004,180605,3,1,0,0,0,0,0,0,0,0,0,0
2004,180606,1,1,32,32,32,32,32,32,32,32,32,32
2004,180607,0,1,0,0,0,0,0,0,0,0,0,0
2004,180607,1,1,0,0,0,0,0,0,0,0,0,0
2004,180608,1,1,12,12,12,12,12,12,12,12,12,12
2004,180609,1,1,0,0,0,0,0,0,0,0,0,0
2004,180610,1,1,25,25,25,25,25,25,25,25,25,25
2004,180611,1,1,0,0,0,0,0,0,0,0,0,0
2004,180612,1,1,0,0,0,0,0,0,0,0,0,0
2004,180612,2,1,0,0,0,0,0,0,0,0,0,0
2004,180613,1,1,0,0,0,0,0,0,0,0,0,0
2004,180613,2,1,0,0,0,0,0,0,0,0,0,0
2004,180614,1,1,0,0,0,0,0,0,0,0,0,0
2004,180614,2,1,0,0,0,0,0,0,0,0,0,0
2004,180615,1,1,21,21,21,21,21,21,21,21,21,21
2004,180616,1,1,0,0,0,0,0,0,0,0,0,0
2004,180616,2,1,0,0,0,0,0,0,0,0,0,0
2004,180617,1,1,0,0,0,0,0,0,0,0,0,0
2004,180617,2,1,0,0,0,0,0,0,0,0,0,0
2004,180618,1,1,0,0,0,0,0,0,0,0,0,0
2004,180618,2,1,0,0,0,0,0,0,0,0,0,0
2004,180619,1,1,0,0,0,0,0,0,0,0,0,0
2004,180619,2,1,0,0,0,0,0,0,0,0,0,0
2004,180620,1,1,0,0,0,0,0,0,0,0,0,0
2004,180621,1,1,0,0,0,0,0,0,0,0,0,0
2004,180623,1,1,0,0,0,0,0,0,0,0,0,0
2004,180623,2,1,0,0,0,0,0,0,0,0,0,0
2004,180624,1,1,0,0,0,0,0,0,0,0,0,0
2004,180625,1,1,0,0,0,0,0,0,0,0,0,0
2004,180625,2,1,0,0,0,0,0,0,0,7,0,0
2004,180626,1,1,0,0,0,0,0,0,0,0,0,0
2004,180626,2,1,0,0,0,0,0,0,0,0,0,0
2004,180626,3,1,0,0,0,0,0,0,0,0,0,0
2004,180626,4,1,0,0,0,0,0,0,0,0,0,0
2004,180627,1,1,0,0,0,0,0,0,19,0,0,0
2004,180628,1,1,16,0,0,0,0,0,0,0,22,0
2004,180628,2,1,0,0,0,0,0,0,0,0,0,0
2004,180629,1,1,0,0,0,0,0,0,0,0,0,0
2004,180629,2,1,0,0,0,0,0,0,0,0,0,0
2004,180630,1,1,19,19,19,19,19,19,19,19,19,19
2004,180630,2,1,0,0,0,0,0,0,0,0,0,0
2004,180630,3,1,13,13,13,13,13,13,13,13,13,13
2004,180631,1,1,0,0,0,0,0,0,0,0,0,0
2004,180631,2,1,0,0,0,0,0,0,0,0,0,0
2004,180632,1,1,0,0,0,0,0,0,0,0,0,0
2004,180633,1,1,0,0,0,0,0,0,0,0,0,0
2004,180634,1,1,0,22,0,0,0,0,0,0,0,0
2004,180635,1,1,0,0,0,0,0,0,0,0,0,7
2004,180635,2,1,0,0,0,0,0,0,0,0,0,0
2004,180635,3,1,0,0,0,0,0,0,0,0,0,0
2004,180636,1,1,7,7,7,7,7,7,7,7,7,7
2004,180637,1,1,13,13,13,13,13,13,13,13,13,13
2004,180638,1,1,0,0,0,0,0,0,0,0,0,0
2004,180638,2,1,0,0,0,0,0,0,0,0,0,0
2004,180638,3,1,0,0,0,0,0,0,0,0,0,0
2004,180639,1,1,0,0,0,0,0,0,0,0,0,0
2004,180639,2,1,0,0,0,0,0,0,0,0,0,0
2004,180640,1,1,15,15,15,15,15,15,15,15,15,15
2004,180641,1,1,0,0,0,0,0,0,0,0,0,0
2004,180642,1,1,0,0,0,0,0,0,0,0,0,0
2004,180642,2,1,0,0,0,0,0,0,0,0,0,0
2004,180643,1,1,0,0,0,0,0,0,0,0,0,0
2004,180644,1,1,25,25,25,25,25,25,25,25,25,25
2004,180645,0,1,0,0,0,0,0,0,0,0,0,0
2004,180645,1,1,0,0,0,0,0,0,0,0,0,0
2004,180646,1,1,0,0,0,0,0,0,0,0,0,0
2004,180647,1,1,11,11,11,11,11,11,11,11,11,11
2004,180648,0,1,0,0,0,0,0,0,0,0,0,0
2004,180648,1,1,0,0,0,0,0,0,0,0,0,0
2004,180649,1,1,24,24,24,24,24,24,24,24,24,24
2004,180650,1,1,9,9,9,9,9,9,9,9,9,9
2004,180651,1,1,0,0,0,0,0,0,0,0,0,0
2004,180651,2,1,0,0,0,0,0,0,0,0,0,0
2004,180651,3,1,0,0,0,0,0,0,0,0,0,0
2004,180652,1,1,0,0,0,0,0,0,0,0,0,0
2004,180653,1,1,0,0,0,0,0,0,0,0,0,0
2004,180653,2,1,0,0,0,0,0,0,0,0,0,0
2004,180654,1,1,0,0,0,0,0,0,0,0,0,0
2004,180655,1,1,0,0,0,0,0,0,0,0,0,0
2004,180655,2,1,0,0,0,0,0,0,0,0,0,0