YEAR,ST_CASE,veh_no,per_no,P1,P2,P3,P4,P5,P6,P7,P8,P9,P10
2004,180655,3,1,0,0,0,0,0,0,0,0,0,0
2004,180656,1,1,0,0,0,0,0,0,0,0,0,0
2004,180656,2,1,0,0,0,0,0,0,0,0,0,0
2004,180656,3,1,0,0,0,0,0,0,0,0,0,0
2004,180657,1,1,0,0,0,0,0,0,0,0,0,0
2004,180658,1,1,0,0,0,0,0,0,0,0,0,0
2004,180659,1,1,0,0,0,0,0,0,0,0,0,0
2004,180659,2,1,0,0,0,0,0,0,0,0,0,0
2004,180660,0,1,3,3,3,3,3,3,3,3,3,3
2004,180660,1,1,4,4,4,4,4,4,4,4,4,4
2004,180661,1,1,0,10,20,17,0,12,37,0,0,25
2004,180662,2,1,0,0,0,0,0,0,0,0,0,0
2004,180662,3,1,0,0,0,0,0,0,0,0,0,0
2004,180663,1,1,0,0,0,0,0,0,0,0,0,0
2004,180664,1,1,0,11,0,0,0,0,0,0,0,0
2004,180664,2,1,0,0,0,0,0,0,0,0,0,0
2004,180665,1,1,26,26,26,26,26,26,26,26,26,26
2004,180666,1,1,0,0,0,0,0,0,0,0,0,0
2004,180666,2,1,0,0,0,0,0,0,0,0,0,0
2004,180667,1,1,27,27,27,27,27,27,27,27,27,27
2004,180668,1,1,0,0,0,0,0,0,0,0,0,0
2004,180669,1,1,0,0,0,0,0,0,0,0,0,0
2004,180669,2,1,0,0,0,0,0,0,0,0,0,0
2004,180669,3,1,0,0,0,0,0,0,0,0,0,0
2004,180669,4,1,0,0,0,0,0,0,0,0,0,0
2004,180670,1,1,15,15,15,15,15,15,15,15,15,15
2004,180671,1,1,0,0,0,0,0,0,0,0,0,0
2004,180672,0,1,0,0,0,0,0,0,0,0,0,0
2004,180672,1,1,0,0,0,0,0,0,0,0,0,0
2004,180673,1,1,7,7,7,7,7,7,7,7,7,7
2004,180674,1,1,0,0,4,0,0,0,0,0,5,0
2004,180674,2,1,0,0,0,0,0,0,0,0,0,0
2004,180674,3,1,0,11,0,0,0,0,0,0,0,7
2004,180676,1,1,0,0,0,0,0,0,0,0,0,0
2004,180676,2,1,0,0,0,0,0,0,0,0,0,0
2004,180676,3,1,0,0,0,0,0,0,0,0,0,0
2004,180677,1,1,0,0,0,0,0,0,0,0,0,0
2004,180677,2,1,0,0,0,0,0,0,0,0,0,13
2004,180678,1,1,3,3,3,3,3,3,3,3,3,3
2004,180678,2,1,0,0,0,0,0,11,0,0,0,0
2004,180679,1,1,0,0,0,0,0,0,0,0,0,0
2004,180679,2,1,0,0,0,0,0,0,0,0,0,0
2004,180680,1,1,0,0,0,0,0,0,14,0,0,0
2004,180680,2,1,0,0,0,0,0,0,0,0,0,0
2004,180681,1,1,0,0,0,0,0,0,0,0,0,0
2004,180681,2,1,0,0,0,0,0,0,0,0,0,0
2004,180682,1,1,0,0,0,0,0,0,0,0,0,0
2004,180683,1,1,0,0,0,0,0,0,0,0,0,0
2004,180683,2,1,0,0,0,0,0,0,0,0,0,0
2004,180684,1,1,22,22,22,22,22,22,22,22,22,22
2004,180685,1,1,0,0,0,0,0,0,0,0,0,0
2004,180685,2,1,3,0,0,0,0,0,0,0,0,0
2004,180685,3,1,0,18,0,18,0,7,0,10,0,23
2004,180685,4,1,0,0,0,0,0,0,0,0,0,0
2004,180685,5,1,0,0,0,10,0,0,0,0,0,0
2004,180685,6,1,0,0,0,0,0,0,0,0,0,0
2004,180686,1,1,0,0,17,28,40,37,0,0,18,0
2004,180687,1,1,22,22,22,22,22,22,22,22,22,22
2004,180687,2,1,0,0,0,0,0,0,0,0,0,0
2004,180689,1,1,0,0,0,0,0,0,0,0,0,0
2004,180690,1,1,0,0,0,0,0,0,0,0,0,0
2004,180690,2,1,0,0,0,0,0,0,0,0,0,0
2004,180691,1,1,0,0,0,0,0,0,0,0,0,0
2004,180691,2,1,0,0,0,0,0,0,0,0,0,0
2004,180692,1,1,0,0,0,0,0,0,0,8,13,0
2004,180693,1,1,0,0,0,0,0,0,0,0,0,0
2004,180693,2,1,0,0,0,0,12,0,0,0,0,0
2004,180694,1,1,0,0,0,0,0,0,0,0,0,0
2004,180695,0,1,0,0,0,0,0,0,0,0,0,0
2004,180695,1,1,0,0,0,0,0,0,0,0,12,0
2004,180696,1,1,0,0,0,0,0,0,0,0,0,0
2004,180696,2,1,0,0,0,0,0,0,0,0,0,0
2004,180697,1,1,0,0,0,0,0,0,0,0,0,0
2004,180697,2,1,0,0,0,0,0,0,0,0,0,0
2004,180699,0,1,22,0,34,15,0,0,19,6,0,4
2004,180699,0,2,17,17,17,17,17,17,17,17,17,17
2004,180699,1,1,0,0,0,0,0,0,0,0,0,0
2004,180700,1,1,0,0,0,0,0,0,0,0,0,0
2004,180700,2,1,0,0,0,0,0,0,0,0,0,0
2004,180701,1,1,0,0,0,0,0,0,0,0,0,0
2004,180701,2,1,0,0,0,0,0,0,0,0,0,0
2004,180701,3,1,0,0,0,0,0,0,0,0,0,0
2004,180701,4,1,0,0,0,0,0,0,0,0,0,0
2004,180701,5,1,0,12,0,0,0,0,0,0,0,0
2004,180701,6,1,0,0,0,0,0,0,0,0,0,0
2004,180702,1,1,0,0,0,0,0,0,0,0,0,0
2004,180702,2,1,13,0,0,0,0,0,0,0,0,13
2004,180703,1,1,0,0,0,0,0,0,0,0,0,0
2004,180703,2,1,0,0,0,0,0,0,0,0,0,0
2004,180704,1,1,11,11,11,11,11,11,11,11,11,11
2004,180705,1,1,0,0,0,0,0,0,0,0,0,0
2004,180706,1,1,14,14,14,14,14,14,14,14,14,14
2004,180707,1,1,0,0,0,0,0,0,0,0,0,0
2004,180707,2,1,0,0,0,0,0,0,0,0,0,0
2004,180708,1,1,0,0,0,0,0,0,0,0,0,0
2004,180708,2,1,0,0,0,0,0,0,0,0,0,0
2004,180709,1,1,0,32,0,17,13,0,17,0,0,0
2004,180710,1,1,0,0,0,0,0,0,0,0,0,0
2004,180710,2,1,0,0,0,0,0,0,0,0,22,3
2004,180711,0,1,0,0,0,0,0,0,0,0,0,0
2004,180711,1,1,0,0,0,0,0,0,0,0,0,0
2004,180712,1,1,0,0,0,0,0,0,0,0,0,0
2004,180713,1,1,0,0,0,0,0,0,0,0,0,0
2004,180713,2,1,0,0,0,0,0,0,0,0,0,0
2004,180714,1,1,0,0,0,0,0,0,0,0,0,0
2004,180714,2,1,0,0,0,0,0,0,0,0,0,0
2004,180715,1,1,0,0,0,0,0,0,0,0,0,0
2004,180715,2,1,0,0,0,0,0,0,0,0,0,0
2004,180716,1,1,0,0,0,0,0,0,0,0,0,0
2004,180716,2,1,0,0,0,0,0,0,0,0,0,0
2004,180717,1,1,0,0,0,0,0,0,0,0,22,0
2004,180718,1,1,22,22,22,22,22,22,22,22,22,22
2004,180719,1,1,0,0,0,0,0,0,0,0,0,0
2004,180719,2,1,0,0,0,0,0,0,0,0,0,0
2004,180720,1,1,0,0,0,0,0,0,0,0,0,0
2004,180720,2,1,0,0,0,0,0,0,0,0,0,0
2004,180721,1,1,0,0,0,0,0,0,0,7,0,0
2004,180722,1,1,13,0,0,16,0,0,0,0,0,0
2004,180723,1,1,21,9,8,17,15,7,0,0,0,0
2004,180724,1,1,0,0,0,0,0,0,0,0,0,0
2004,180725,1,1,0,0,0,0,0,0,0,0,0,0
2004,180725,2,1,0,0,0,0,0,0,0,0,12,0
2004,180725,3,1,0,0,0,0,0,0,0,0,0,0
2004,180726,1,1,0,0,0,0,0,0,0,0,0,0
2004,180726,2,1,0,0,0,0,0,0,0,0,0,0
2004,180727,1,1,0,0,0,0,0,0,0,0,0,0
2004,180728,1,1,0,0,0,0,10,0,0,0,0,0
2004,180728,2,1,0,0,0,0,0,0,0,0,0,0
2004,180728,3,1,0,23,0,0,0,0,0,0,0,0
2004,180729,1,1,0,0,0,0,0,0,0,0,0,0
2004,180729,2,1,0,0,0,0,0,0,0,0,0,0
2004,180730,1,1,0,0,0,0,0,0,0,0,0,0
2004,180730,2,1,0,0,0,0,0,0,0,0,0,0
2004,180731,1,1,18,18,18,18,18,18,18,18,18,18
2004,180732,1,1,0,0,0,0,0,0,0,0,25,0
2004,180734,1,1,0,0,0,0,0,0,0,0,0,0
2004,180734,2,1,0,0,0,0,0,0,0,0,0,0
2004,180735,1,1,16,16,16,16,16,16,16,16,16,16
2004,180736,1,1,0,0,0,0,0,0,0,0,0,0
2004,180736,2,1,0,0,0,0,0,0,0,0,0,0
2004,180737,1,1,15,15,15,15,15,15,15,15,15,15
2004,180738,1,1,0,0,0,0,0,0,0,0,0,0
2004,180738,2,1,0,0,0,0,0,0,0,0,0,0
2004,180739,1,1,27,27,27,27,27,27,27,27,27,27
2004,180740,1,1,1,1,1,1,1,1,1,1,1,1
2004,180740,2,1,0,0,0,0,0,0,0,0,0,0
2004,180741,1,1,0,0,0,0,0,14,0,0,13,0
2004,180741,2,1,0,0,0,0,0,0,0,0,0,0
2004,180742,1,1,0,0,0,0,0,0,0,0,0,0
2004,180742,2,1,0,0,0,0,0,0,0,0,0,0
2004,180742,3,1,0,0,0,0,0,0,0,0,0,0
2004,180743,1,1,0,0,0,0,0,0,0,0,0,0
2004,180743,2,1,0,0,0,0,0,0,0,0,0,0
2004,180743,3,1,0,0,0,0,0,5,0,0,0,0
2004,180744,1,1,0,0,0,0,0,0,0,0,0,0
2004,180745,1,1,14,14,14,14,14,14,14,14,14,14
2004,180746,1,1,0,0,0,0,0,0,0,0,0,0
2004,180747,1,1,0,0,0,0,0,0,0,0,0,0
2004,180747,2,1,0,0,0,0,0,0,0,0,0,0
2004,180748,1,1,0,0,0,0,0,0,0,0,0,0
2004,180748,2,1,0,0,0,0,0,0,0,0,0,0
2004,180749,1,1,0,0,0,0,0,0,0,0,0,0
2004,180750,1,1,0,21,0,7,0,0,8,27,0,0
2004,180751,1,1,0,0,0,0,0,0,0,14,17,0
2004,180752,1,1,15,15,15,15,15,15,15,15,15,15
2004,180753,1,1,0,0,0,0,0,0,0,0,0,14
2004,180754,0,1,32,32,32,32,32,32,32,32,32,32
2004,180754,1,1,0,0,0,0,0,0,0,0,0,0
2004,180755,1,1,0,0,0,0,0,0,0,0,0,0
2004,180756,1,1,0,0,0,0,0,0,0,0,0,0
2004,180756,2,1,0,0,0,0,0,0,0,0,0,0
2004,180757,0,1,0,0,0,0,0,0,0,0,0,0
2004,180757,1,1,0,0,0,0,0,0,0,0,0,0
2004,180758,1,1,0,0,0,0,0,0,0,0,0,0
2004,180758,2,1,11,11,11,11,11,11,11,11,11,11
2004,180758,3,1,0,0,8,0,0,0,0,0,0,0
2004,180758,4,1,0,26,0,0,0,0,0,0,0,0
2004,180758,5,1,3,0,0,0,5,0,0,0,0,0
2004,180759,0,1,0,0,0,0,0,0,0,0,0,0
2004,180759,1,1,0,0,0,0,0,0,0,0,0,0
2004,180759,2,1,0,0,0,0,0,0,0,0,0,0
2004,180760,0,1,0,0,0,0,0,0,0,0,0,0
2004,180760,1,1,0,0,0,0,0,0,0,0,0,0
2004,180761,0,1,0,8,0,0,0,0,0,0,0,0
2004,180761,1,1,0,0,0,0,0,0,0,0,0,0
2004,180762,0,1,13,21,0,0,0,14,0,0,12,5
2004,180762,1,1,0,0,0,0,0,0,0,2,0,0
2004,180763,1,1,0,0,0,0,0,0,0,0,0,0
2004,180764,1,1,0,0,0,0,0,0,0,0,0,0
2004,180764,2,1,0,0,0,0,0,0,0,0,0,0
2004,180765,1,1,0,0,13,0,22,0,0,0,26,0
2004,180766,1,1,0,2,0,18,0,0,0,23,0,0
2004,180766,2,1,0,0,0,0,0,0,0,0,0,0
2004,180767,1,1,0,0,0,0,0,0,0,0,0,0
2004,180767,2,1,0,0,0,0,0,0,0,0,0,0
2004,180768,1,1,12,12,12,12,12,12,12,12,12,12
2004,180769,1,1,20,20,20,20,20,20,20,20,20,20
2004,180769,2,1,0,0,0,0,0,0,0,0,0,0
2004,180769,3,1,0,0,0,0,0,0,0,0,0,0
2004,180769,4,1,0,0,0,0,0,0,0,0,0,0
2004,180770,1,1,0,0,0,0,0,0,0,0,0,0
2004,180771,1,1,0,0,0,0,0,0,0,0,0,0
2004,180771,2,1,0,0,0,0,0,0,0,0,0,0
2004,180771,3,1,0,0,0,0,0,0,0,0,0,0
2004,180772,1,1,0,0,0,0,0,8,0,0,0,0
2004,180773,1,1,0,0,0,0,0,0,0,0,0,0
2004,180773,2,1,0,0,0,0,0,0,0,0,0,0
2004,180774,0,1,0,0,22,0,0,0,0,0,0,3
2004,180774,1,1,0,0,0,0,0,0,0,0,0,0
2004,180775,1,1,8,0,0,0,0,0,0,0,0,0
2004,180775,2,1,0,0,0,0,0,0,0,0,0,0
2004,180776,1,1,0,0,0,0,0,0,0,0,0,0
2004,180776,2,1,0,0,0,0,0,0,0,0,0,0
2004,180777,1,1,6,6,6,6,6,6,6,6,6,6
2004,180778,1,1,0,0,0,0,0,0,0,0,0,0
2004,180778,2,1,0,0,0,0,0,0,0,0,0,0
2004,180779,1,1,17,17,17,17,17,17,17,17,17,17
2004,180779,2,1,0,0,0,0,0,0,0,0,0,0
2004,180780,1,1,0,0,0,0,0,0,0,0,0,0
2004,180780,2,1,0,0,0,0,0,0,0,0,0,0
2004,180780,3,1,0,0,0,0,0,0,0,0,3,0
2004,180781,1,1,0,0,0,0,0,0,0,0,0,0
2004,180781,2,1,0,0,0,0,0,0,0,0,0,0
2004,180782,1,1,0,0,0,0,0,0,0,0,0,0
2004,180782,2,1,0,0,0,0,0,0,0,0,0,0
2004,180783,1,1,18,18,18,18,18,18,18,18,18,18
2004,180784,1,1,19,19,19,19,19,19,19,19,19,19
2004,180784,2,1,0,0,0,0,0,0,0,0,0,0
2004,180785,1,1,0,0,0,0,0,0,0,0,0,0
2004,180786,1,1,0,0,0,0,0,0,0,0,0,0
2004,180786,2,1,0,0,0,0,0,0,0,0,0,0
2004,180786,3,1,0,0,0,0,0,0,0,0,0,0
2004,180787,1,1,15,15,15,15,15,15,15,15,15,15
2004,180788,1,1,18,18,18,18,18,18,18,18,18,18
2004,180788,2,1,0,0,0,0,0,0,0,0,0,0
2004,180789,1,1,0,0,0,0,0,0,0,0,0,0
2004,180790,1,1,32,17,0,0,16,30,23,19,0,11
2004,180791,1,1,0,0,0,0,0,0,0,0,0,0
2004,180791,2,1,0,0,0,0,0,0,0,0,0,0
2004,180792,1,1,1,1,1,1,1,1,1,1,1,1
2004,180792,2,1,0,0,0,0,0,0,0,0,0,0
2004,180793,1,1,0,0,0,0,0,0,0,0,0,0
2004,180793,2,1,0,0,0,0,0,0,0,0,0,0
2004,180794,1,1,18,18,18,18,18,18,18,18,18,18
2004,180795,1,1,0,16,16,0,0,0,0,0,0,12
2004,180796,1,1,0,0,0,0,0,0,0,0,0,0
2004,180797,1,1,12,12,12,12,12,12,12,12,12,12
2004,180798,0,1,0,0,0,0,0,0,0,0,0,0
2004,180798,1,1,0,0,0,0,0,0,0,0,0,0
2004,180799,1,1,28,23,22,13,39,17,13,19,24,11
2004,180800,1,1,0,0,0,0,0,0,0,0,0,0
2004,180801,1,1,27,27,27,27,27,27,27,27,27,27
2004,180802,1,1,23,23,23,23,23,23,23,23,23,23
2004,180803,1,1,0,0,0,0,12,0,0,0,0,0
2004,180803,2,1,0,0,0,0,0,0,0,0,0,0
2004,180804,1,1,0,0,0,0,0,0,0,0,0,0
2004,180804,2,1,0,0,0,0,0,0,0,0,0,0
2004,180804,3,1,0,0,0,0,0,0,0,13,0,0
2004,180805,1,1,0,0,0,0,0,0,0,0,0,0
2004,180805,2,1,0,0,0,0,0,0,0,0,0,0
2004,180806,1,1,0,0,0,0,0,0,0,0,0,0
2004,180807,1,1,0,0,0,0,0,0,0,0,0,0
2004,180808,1,1,0,0,0,0,0,0,0,0,0,0
2004,180808,2,1,0,0,20,0,0,0,0,0,0,0
2004,180809,1,1,0,0,0,0,0,0,0,0,0,0
2004,180809,2,1,0,0,0,0,0,0,0,0,0,0
2004,180810,0,1,0,0,0,0,0,0,0,0,0,0
2004,180810,1,1,0,0,0,0,0,0,0,0,0,0
2004,180810,2,1,0,0,0,0,0,0,0,0,0,0
2004,180811,1,1,6,6,6,6,6,6,6,6,6,6
2004,180812,1,1,0,0,0,0,0,0,0,0,0,0
2004,180813,1,1,0,17,6,20,0,0,0,25,12,0
2004,180813,2,1,0,0,0,13,15,7,0,0,0,0
2004,180814,1,1,0,0,0,0,0,0,0,0,0,0
2004,180815,1,1,0,0,0,0,0,0,0,0,0,0
2004,180815,2,1,0,0,0,0,0,0,0,0,0,0
2004,180816,1,1,24,24,24,24,24,24,24,24,24,24
2004,180817,1,1,13,13,13,13,13,13,13,13,13,13
2004,180819,1,1,11,11,11,11,11,11,11,11,11,11
2004,180820,1,1,0,0,0,0,0,0,0,0,0,0
2004,180821,1,1,4,4,4,4,4,4,4,4,4,4
2004,180822,1,1,0,0,0,0,0,0,0,0,0,0
2004,180822,2,1,0,0,0,0,0,0,0,0,0,0
2004,180822,3,1,0,0,0,0,0,0,0,0,0,0
2004,180823,1,1,0,0,0,0,0,0,0,0,0,0
2004,180823,2,1,0,0,0,0,0,0,0,0,0,0
2004,180823,3,1,0,0,0,0,0,0,0,0,0,0
2004,180824,1,1,23,23,23,23,23,23,23,23,23,23
2004,180825,0,1,0,0,0,0,0,0,0,0,0,0
2004,180825,1,1,0,0,0,0,7,0,0,0,0,0
2004,180826,1,1,0,14,0,0,0,14,26,0,7,30
2004,180827,1,1,34,34,34,34,34,34,34,34,34,34
2004,180828,1,1,18,18,18,18,18,18,18,18,18,18
2004,180828,2,1,0,0,0,0,0,0,0,0,0,0
2004,180829,1,1,0,0,0,0,0,0,0,0,7,0
2004,180830,1,1,0,0,0,0,0,0,0,0,0,0
2004,180830,2,1,0,0,0,0,0,0,0,0,0,0
2004,180831,1,1,0,0,0,0,0,0,0,0,0,0
2004,180831,2,1,0,6,0,0,0,0,0,0,0,0
2004,180832,1,1,0,8,0,0,0,0,0,0,0,0
2004,180833,1,1,0,0,0,0,19,0,16,0,0,0
2004,180833,2,1,0,0,0,0,0,0,0,0,0,0
2004,180834,1,1,0,0,0,0,0,0,0,0,0,0
2004,180834,2,1,0,0,0,0,0,0,0,0,0,0
2004,180835,1,1,32,0,18,0,0,0,0,13,0,0
2004,180836,1,1,0,0,0,0,0,0,0,0,0,0
2004,180837,1,1,22,22,22,22,22,22,22,22,22,22
2004,180838,1,1,0,0,0,0,0,0,0,0,0,0
2004,180838,2,1,0,0,0,0,0,0,0,0,0,0
2004,180839,0,1,4,4,4,4,4,4,4,4,4,4
2004,180839,1,1,0,0,0,0,0,0,0,0,0,0
2004,180840,1,1,0,0,0,0,0,0,0,0,0,0
2004,180840,2,1,0,0,0,0,0,0,0,0,0,0
2004,180841,1,1,0,0,0,0,0,0,0,0,0,0
2004,180841,2,1,0,0,0,0,0,0,0,0,0,0
2004,180842,1,1,0,0,0,0,0,0,0,0,0,0
2004,180842,2,1,0,0,0,0,0,0,0,0,0,0
2004,180843,0,1,0,21,18,0,0,0,0,0,0,0
2004,180843,1,1,0,0,0,0,0,0,0,0,0,0
2004,180844,1,1,0,0,0,0,0,0,0,19,0,0
2004,180844,2,1,0,0,0,0,0,0,0,0,0,0
2004,180845,1,1,18,18,18,18,18,18,18,18,18,18
2004,180845,2,1,0,0,0,0,0,0,0,0,0,0
2004,180846,1,1,11,11,11,11,11,11,11,11,11,11
2004,180846,2,1,0,0,0,0,0,0,0,0,0,0
2004,180847,1,1,8,0,0,0,0,0,12,17,0,0
2004,180847,2,1,0,0,0,0,0,0,0,0,0,0
2004,180848,1,1,21,0,6,15,0,0,14,13,9,18
2004,180849,1,1,10,10,10,10,10,10,10,10,10,10
2004,180850,1,1,20,20,20,20,20,20,20,20,20,20
2004,180851,1,1,0,0,0,0,0,0,0,0,0,0
2004,180851,2,1,0,0,0,0,0,0,0,0,0,0
2004,180852,1,1,0,34,0,0,0,0,0,14,0,13
2004,180852,2,1,0,0,0,0,0,0,0,0,0,0
2004,180853,1,1,0,0,0,0,0,0,0,0,0,0
2004,180853,2,1,12,12,12,12,12,12,12,12,12,12
2004,180854,1,1,15,0,9,0,0,0,0,0,0,0
2004,180854,2,1,0,0,0,0,0,0,0,2,0,0
2004,180855,1,1,0,0,0,0,0,0,0,0,0,0
2004,180856,1,1,17,17,17,17,17,17,17,17,17,17
2004,180857,1,1,0,0,0,0,0,0,0,0,0,0
2004,180857,2,1,0,0,0,0,0,0,0,0,0,0
2004,180858,1,1,25,0,20,0,10,0,0,0,0,0
2004,180858,2,1,0,0,0,0,0,0,0,0,0,0
2004,180859,1,1,0,0,0,0,0,0,0,0,0,0
2004,180859,2,1,4,4,4,4,4,4,4,4,4,4
2004,180860,1,1,24,24,24,24,24,24,24,24,24,24
2004,180860,2,1,0,0,0,0,0,0,0,0,0,0
2004,180861,2,1,0,0,0,0,0,0,0,0,0,0
2004,180862,1,1,0,0,0,0,0,0,0,0,0,0
2004,180862,2,1,0,0,0,0,0,0,0,0,0,0
2004,180863,1,1,6,6,6,6,6,6,6,6,6,6
2004,180864,0,1,0,0,0,0,0,0,0,0,0,0
2004,180864,1,1,0,0,0,0,0,0,0,0,0,0
2004,180865,1,1,0,0,0,0,0,0,0,0,0,0
2004,180865,2,1,0,0,0,0,0,0,0,0,0,0
2004,180866,1,1,0,0,0,0,0,0,0,0,0,0
2004,180866,2,1,0,0,0,0,0,0,0,0,0,0
2004,180867,1,1,16,16,16,16,16,16,16,16,16,16
2004,180868,1,1,0,0,0,0,0,0,0,0,0,0
2004,180869,1,1,0,0,0,0,53,0,33,0,0,0
2004,180870,1,1,0,0,0,0,0,0,0,0,0,0
2004,180870,2,1,0,0,0,0,0,0,0,0,0,0
2004,180871,0,1,0,0,0,0,0,0,0,0,0,0
2004,180871,1,1,0,0,0,0,0,0,0,0,0,0
2004,180872,1,1,12,12,12,12,12,12,12,12,12,12
2004,180872,2,1,0,0,0,0,0,0,0,0,0,0
2004,180873,1,1,0,0,0,0,0,0,0,0,0,0
2004,180874,1,3,0,0,0,0,0,0,0,8,0,0
2004,180875,1,1,0,0,0,0,0,0,0,0,0,0
2004,180875,2,1,0,0,0,0,0,0,0,5,0,0
2004,180876,1,1,0,0,0,0,0,0,0,0,0,0
2004,180876,2,1,0,0,0,0,0,0,0,0,0,0
2004,180876,3,1,0,0,0,0,0,0,0,0,0,0
2004,180876,4,1,0,0,0,0,0,0,0,0,0,0
2004,180877,1,1,0,0,0,0,0,0,0,0,0,0
2004,190001,1,1,0,0,0,0,0,0,0,0,0,0
2004,190002,1,1,0,0,0,0,0,0,0,0,0,0
2004,190002,2,1,1,1,1,1,1,1,1,1,1,1
2004,190003,1,1,0,0,0,0,0,0,0,0,0,0
2004,190003,2,1,0,0,0,0,0,0,0,0,0,0
2004,190003,3,1,0,0,0,0,0,0,0,0,0,0
2004,190004,1,1,0,32,0,13,0,0,0,0,29,0
2004,190005,1,1,0,0,0,0,0,0,0,0,0,0
2004,190005,2,1,0,0,0,0,24,0,0,0,0,0
2004,190006,1,1,0,0,0,0,0,0,0,0,0,0
2004,190006,2,1,4,4,4,4,4,4,4,4,4,4
2004,190007,0,1,0,0,0,0,0,0,11,0,0,0
2004,190007,1,1,0,0,0,0,0,0,0,0,0,0
2004,190008,1,1,0,19,0,0,0,0,0,0,0,0
2004,190008,2,1,0,0,0,0,0,0,0,0,0,0
2004,190009,1,1,0,0,0,0,0,0,0,0,0,0
2004,190009,2,1,0,0,0,0,0,0,0,0,0,0
2004,190010,1,1,0,0,0,0,0,6,0,0,0,0
2004,190011,1,1,0,0,0,0,0,0,0,0,0,0
2004,190011,2,1,0,0,0,0,0,0,0,0,0,0
2004,190012,1,1,25,25,25,25,25,25,25,25,25,25
2004,190013,1,1,0,0,0,0,0,0,0,0,0,0
2004,190013,2,1,0,0,0,0,0,0,0,0,0,0
2004,190014,1,1,0,0,0,0,0,0,0,0,0,0
2004,190015,1,1,0,0,7,0,17,0,20,0,23,0
2004,190015,2,1,0,0,0,0,0,4,0,0,0,0
2004,190016,1,1,0,0,0,0,11,0,0,0,0,0
2004,190017,1,1,0,0,0,0,0,0,0,0,0,0
2004,190017,2,1,0,0,0,0,0,0,0,0,0,0
2004,190019,1,1,0,0,0,0,0,0,0,0,0,0
2004,190019,2,1,0,0,0,0,0,0,0,0,0,0
2004,190019,3,1,0,0,0,0,0,0,0,0,0,0
2004,190020,1,1,0,0,0,0,0,0,0,0,0,0
2004,190020,2,1,0,0,0,0,0,0,0,0,0,0
2004,190021,1,1,0,0,0,0,0,0,0,0,0,0
2004,190022,1,1,21,21,21,21,21,21,21,21,21,21
2004,190023,1,1,0,0,0,0,8,0,0,0,0,0
2004,190023,2,1,0,0,0,0,0,0,0,0,0,0
2004,190024,1,1,0,0,0,0,0,0,0,0,0,0
2004,190024,2,1,0,0,0,0,0,0,0,0,0,0
2004,190025,1,1,0,12,29,0,0,0,0,0,0,5
2004,190025,2,1,0,0,0,0,0,0,0,0,0,0
2004,190026,1,1,0,0,0,0,0,0,0,0,0,0
2004,190026,2,1,0,0,0,0,0,0,0,0,0,0
2004,190027,1,1,0,0,0,0,0,0,0,0,0,0
2004,190028,1,1,0,0,0,0,0,0,0,0,0,0
2004,190028,2,1,0,0,0,0,0,0,0,0,0,0
2004,190029,1,1,0,0,0,0,0,0,0,0,0,0
2004,190029,2,1,0,0,0,0,0,0,0,0,0,0
2004,190030,1,1,0,0,0,0,0,0,0,0,0,0
2004,190030,2,1,0,0,0,0,0,0,0,0,0,0
2004,190031,0,1,0,28,0,0,0,0,0,11,4,13
2004,190031,1,1,0,0,0,0,0,0,0,0,0,0
2004,190032,1,1,0,0,0,0,0,0,0,0,0,0
2004,190032,2,1,0,0,0,0,0,0,0,0,0,0
2004,190033,1,1,0,0,0,0,0,0,0,0,0,0
2004,190033,2,1,0,0,0,0,0,0,0,0,0,0
2004,190034,1,1,0,0,0,0,0,0,0,0,0,0
2004,190034,2,1,18,18,18,18,18,18,18,18,18,18
2004,190035,1,1,0,0,0,0,0,0,0,0,0,0
2004,190035,2,1,0,0,0,0,0,0,0,0,0,0
2004,190036,1,1,0,0,0,0,0,0,0,0,0,0
2004,190036,2,1,0,0,0,0,0,0,0,0,0,0
2004,190036,3,1,0,0,0,0,0,0,0,0,0,0
2004,190037,0,1,0,0,0,0,0,0,0,0,0,0
2004,190037,1,1,0,0,0,0,0,0,0,0,0,0
2004,190038,1,1,0,0,0,0,0,0,0,0,0,0
2004,190039,1,1,0,0,0,0,0,0,0,0,0,0
2004,190039,2,1,0,0,0,0,0,0,0,0,0,0
2004,190040,1,1,0,0,0,0,0,0,0,8,0,0
2004,190040,2,1,0,0,0,0,0,0,0,0,0,0
2004,190041,0,1,24,24,24,24,24,24,24,24,24,24
2004,190041,1,1,0,0,0,18,14,0,0,0,0,0
2004,190042,1,1,0,0,0,0,0,0,0,0,0,0
2004,190042,2,1,0,0,0,0,0,0,0,0,0,0
2004,190043,1,1,23,23,23,23,23,23,23,23,23,23
2004,190044,1,1,25,25,25,25,25,25,25,25,25,25
2004,190045,1,1,0,0,0,0,0,0,0,0,0,0
2004,190045,2,1,0,0,0,0,0,0,0,0,0,0
2004,190046,1,1,0,0,0,0,0,0,0,0,0,0
2004,190047,0,1,0,0,0,0,0,0,0,0,18,0
2004,190047,1,1,0,0,0,0,0,0,0,0,0,0
2004,190048,1,1,0,0,0,0,0,18,0,0,0,0
2004,190048,2,1,0,0,0,0,0,0,0,21,0,0
2004,190049,1,1,0,0,0,0,0,0,0,0,0,0
2004,190050,1,1,0,0,0,0,0,0,11,0,0,0
2004,190050,2,1,0,0,0,0,0,0,0,0,0,0
2004,190051,1,1,0,21,0,0,0,0,0,0,0,0
2004,190052,1,1,0,0,0,3,0,0,14,17,0,13
2004,190053,1,1,0,0,0,0,0,0,0,0,0,0
2004,190053,2,1,0,0,0,0,0,0,0,0,0,0
2004,190054,1,1,0,0,0,0,0,0,0,0,0,0
2004,190054,2,1,0,0,0,0,0,0,0,0,0,0