YEAR,ST_CASE,veh_no,per_no,P1,P2,P3,P4,P5,P6,P7,P8,P9,P10
2004,190055,1,1,0,18,0,20,36,19,0,17,13,21
2004,190056,1,1,0,0,0,0,0,0,0,0,0,0
2004,190056,2,1,0,0,0,0,0,0,0,0,0,0
2004,190057,1,1,0,0,0,0,0,0,0,0,0,0
2004,190058,1,1,0,0,0,10,0,0,0,0,0,0
2004,190059,1,1,0,0,0,0,0,0,0,0,0,0
2004,190059,2,1,0,0,0,0,0,0,0,0,0,0
2004,190060,1,1,0,0,0,0,0,0,0,0,0,0
2004,190060,2,1,0,0,0,0,0,0,0,0,0,0
2004,190061,1,1,0,0,0,0,0,0,0,0,0,0
2004,190061,2,1,0,0,0,0,0,0,0,0,0,0
2004,190062,1,1,0,0,0,0,0,0,0,0,0,0
2004,190062,2,1,0,0,0,0,0,0,0,0,0,0
2004,190063,1,1,0,0,0,0,0,0,0,0,0,0
2004,190063,2,1,0,0,0,6,0,0,0,0,0,9
2004,190064,0,1,18,0,0,0,0,0,15,0,0,0
2004,190064,1,1,19,19,19,19,19,19,19,19,19,19
2004,190065,1,1,18,18,18,18,18,18,18,18,18,18
2004,190066,1,1,26,26,26,26,26,26,26,26,26,26
2004,190067,1,1,16,17,24,0,6,20,21,11,18,7
2004,190068,1,1,15,15,15,15,15,15,15,15,15,15
2004,190069,1,1,0,0,0,0,0,0,0,0,0,0
2004,190069,2,1,0,0,0,0,0,0,0,0,0,0
2004,190070,1,1,0,0,0,0,0,0,0,0,0,0
2004,190070,2,1,0,0,0,0,0,0,0,0,0,0
2004,190071,1,1,0,0,0,0,0,0,0,0,0,0
2004,190071,2,1,0,0,0,0,0,14,0,0,0,0
2004,190072,1,1,0,0,0,0,0,0,0,0,0,0
2004,190072,2,1,0,0,0,0,0,0,0,0,0,0
2004,190073,1,1,0,0,0,0,0,0,0,0,0,0
2004,190073,2,1,0,0,7,0,0,16,0,3,0,0
2004,190074,1,1,12,12,12,12,12,12,12,12,12,12
2004,190075,1,1,0,0,0,0,0,0,0,0,0,0
2004,190075,2,1,0,0,0,0,0,0,26,0,0,0
2004,190076,1,1,0,0,0,0,0,0,0,0,0,0
2004,190076,2,1,0,0,0,7,0,0,0,0,0,0
2004,190077,1,1,0,0,9,0,0,0,0,0,0,0
2004,190077,2,1,0,0,0,0,0,0,0,0,0,0
2004,190079,1,1,23,23,23,23,23,23,23,23,23,23
2004,190080,1,1,0,0,0,0,0,0,0,0,0,0
2004,190080,2,1,0,0,0,0,0,0,0,0,0,0
2004,190081,1,1,0,0,0,0,0,0,0,0,0,0
2004,190081,2,1,0,0,0,0,0,0,0,0,0,0
2004,190082,1,1,25,25,25,25,25,25,25,25,25,25
2004,190083,1,1,29,29,29,29,29,29,29,29,29,29
2004,190084,0,1,0,14,31,0,6,0,0,12,0,0
2004,190084,1,1,0,0,0,0,0,0,0,0,0,0
2004,190085,1,1,0,0,0,0,0,0,0,0,0,0
2004,190085,2,1,0,0,0,0,0,0,0,0,0,13
2004,190087,0,1,0,0,0,0,0,0,0,0,0,0
2004,190087,1,1,0,0,0,0,0,0,0,0,0,0
2004,190088,1,1,4,4,4,4,4,4,4,4,4,4
2004,190089,1,1,0,0,0,0,0,0,0,0,0,0
2004,190089,2,1,0,0,0,0,0,9,0,14,0,10
2004,190090,1,1,0,0,0,0,0,0,0,0,0,0
2004,190090,2,1,0,0,0,0,0,0,0,0,0,0
2004,190090,3,1,0,0,0,0,0,0,0,0,0,0
2004,190091,1,1,0,12,0,0,0,0,0,0,0,0
2004,190091,2,1,0,0,0,0,0,0,0,0,0,0
2004,190092,1,1,25,25,25,25,25,25,25,25,25,25
2004,190092,2,1,0,0,0,0,0,0,0,0,0,0
2004,190092,3,1,0,0,0,0,0,0,0,0,0,18
2004,190093,0,1,0,0,0,0,0,0,0,0,0,0
2004,190093,1,1,0,0,0,0,0,0,0,0,0,0
2004,190094,1,1,11,11,11,11,11,11,11,11,11,11
2004,190095,1,1,0,0,0,0,0,3,0,0,0,0
2004,190096,1,1,0,0,0,0,0,0,0,0,0,0
2004,190096,2,1,2,0,0,11,13,0,0,0,0,0
2004,190097,1,1,0,0,0,0,0,0,0,0,0,0
2004,190097,2,1,0,0,0,0,0,0,0,0,0,0
2004,190098,1,1,0,0,0,0,0,0,0,0,0,16
2004,190099,1,1,0,0,0,0,0,0,0,0,0,0
2004,190099,2,1,0,0,0,16,0,0,0,0,0,5
2004,190100,1,1,12,12,12,12,12,12,12,12,12,12
2004,190100,2,1,0,0,0,0,0,0,0,0,0,0
2004,190101,0,1,0,0,0,0,0,0,0,0,0,0
2004,190101,0,2,0,0,0,0,0,0,0,0,0,0
2004,190101,1,1,0,0,0,0,0,0,0,0,0,0
2004,190102,1,1,17,17,17,17,17,17,17,17,17,17
2004,190103,1,1,0,0,0,0,0,0,0,0,0,0
2004,190103,2,1,0,0,0,0,0,0,0,0,0,0
2004,190104,0,1,18,0,23,30,0,0,0,18,0,0
2004,190104,1,1,0,0,0,0,0,0,0,0,0,0
2004,190105,1,1,11,19,0,0,0,0,0,11,0,0
2004,190106,1,1,23,23,23,23,23,23,23,23,23,23
2004,190107,1,1,2,2,2,2,2,2,2,2,2,2
2004,190108,1,1,0,0,0,0,0,0,0,0,0,0
2004,190109,1,1,0,0,0,0,0,0,0,0,0,0
2004,190109,2,1,0,0,0,0,0,0,0,0,0,0
2004,190110,1,1,13,13,13,13,13,13,13,13,13,13
2004,190111,1,1,0,0,0,0,0,4,0,0,0,0
2004,190112,1,1,0,0,0,0,0,0,0,0,0,0
2004,190113,1,1,0,0,0,0,0,0,0,0,0,0
2004,190114,1,1,28,28,28,28,28,28,28,28,28,28
2004,190115,1,1,0,0,0,0,0,0,0,0,0,0
2004,190115,2,1,0,0,0,0,0,0,0,0,0,0
2004,190116,1,1,27,27,27,27,27,27,27,27,27,27
2004,190117,1,1,0,0,0,0,0,0,0,0,0,0
2004,190117,2,1,0,0,0,0,0,0,0,0,0,0
2004,190118,1,1,0,0,0,0,0,0,0,0,0,0
2004,190118,2,1,0,0,0,0,0,0,0,0,0,0
2004,190119,1,1,26,26,26,26,26,26,26,26,26,26
2004,190120,1,1,0,0,0,0,0,0,0,0,0,0
2004,190120,2,1,0,0,0,0,0,0,0,0,0,0
2004,190121,1,1,0,0,0,0,0,0,0,0,0,0
2004,190121,2,1,0,0,0,0,0,0,0,0,0,0
2004,190122,1,1,16,16,16,16,16,16,16,16,16,16
2004,190123,1,1,18,18,18,18,18,18,18,18,18,18
2004,190123,2,1,0,0,0,0,10,0,0,0,0,0
2004,190124,1,1,0,0,0,0,0,0,0,0,0,0
2004,190125,1,1,17,17,17,17,17,17,17,17,17,17
2004,190126,1,1,22,0,0,0,0,0,0,0,0,0
2004,190126,2,1,0,0,0,0,0,0,0,0,0,0
2004,190127,1,1,14,14,14,14,14,14,14,14,14,14
2004,190128,1,1,0,0,7,0,0,0,0,0,0,17
2004,190129,1,1,0,0,0,0,0,0,0,0,0,0
2004,190129,2,1,0,0,0,0,0,8,0,0,0,0
2004,190130,1,1,0,10,0,0,14,0,0,16,0,0
2004,190131,1,1,14,14,14,14,14,14,14,14,14,14
2004,190131,2,1,0,19,0,0,0,0,20,0,0,0
2004,190132,0,1,0,0,0,0,0,0,0,0,0,0
2004,190132,1,1,0,0,0,0,0,0,0,0,0,0
2004,190133,1,1,27,27,27,27,27,27,27,27,27,27
2004,190134,1,1,0,0,0,0,0,0,0,0,0,0
2004,190134,2,1,0,0,0,0,0,0,0,0,0,0
2004,190134,3,1,0,0,0,0,0,0,0,0,0,0
2004,190135,1,1,0,0,0,0,0,0,0,17,0,0
2004,190136,1,1,15,32,22,14,26,0,13,32,0,33
2004,190137,1,1,1,1,1,1,1,1,1,1,1,1
2004,190138,1,1,11,11,11,11,11,11,11,11,11,11
2004,190138,2,1,0,0,0,0,0,0,0,0,0,0
2004,190139,1,1,0,0,0,0,0,0,0,0,0,0
2004,190139,2,1,0,0,14,23,15,11,0,0,0,0
2004,190141,1,1,0,0,0,0,0,0,0,0,0,0
2004,190142,1,1,15,15,15,15,15,15,15,15,15,15
2004,190142,2,1,0,19,0,0,6,0,24,0,0,0
2004,190143,1,1,11,11,11,11,11,11,11,11,11,11
2004,190143,2,1,13,0,0,0,0,0,12,0,0,7
2004,190144,1,1,0,0,0,0,13,0,0,0,0,0
2004,190144,2,1,0,0,0,0,0,0,0,0,0,0
2004,190145,1,1,0,0,0,0,0,0,0,0,0,0
2004,190145,2,1,0,0,0,0,0,0,0,0,0,0
2004,190146,1,1,0,0,0,0,0,0,0,0,0,0
2004,190146,2,1,0,0,0,0,0,0,0,0,0,0
2004,190147,1,1,0,0,0,0,0,0,0,0,0,0
2004,190147,2,1,11,11,11,11,11,11,11,11,11,11
2004,190148,1,1,0,0,0,0,0,0,0,0,0,0
2004,190149,1,1,0,0,0,7,0,0,0,0,0,0
2004,190149,2,1,0,0,0,0,0,0,0,0,0,0
2004,190150,1,1,0,0,0,0,0,0,0,0,0,0
2004,190150,2,1,0,0,0,0,0,0,0,0,0,0
2004,190151,1,1,0,0,0,0,0,0,0,0,0,0
2004,190151,2,1,0,0,0,0,0,0,0,0,0,0
2004,190152,1,1,0,0,0,0,0,0,0,0,0,0
2004,190153,1,1,0,0,0,0,0,0,0,0,0,0
2004,190153,2,1,0,0,0,0,0,0,0,0,0,0
2004,190154,1,1,0,0,0,0,0,0,0,0,0,0
2004,190154,2,1,0,0,0,0,0,0,0,0,0,0
2004,190155,1,1,0,0,0,0,11,0,0,0,0,0
2004,190155,2,1,0,0,0,17,0,0,0,0,0,0
2004,190156,1,1,0,0,0,11,0,0,0,0,0,0
2004,190157,1,1,0,0,0,0,0,4,0,0,0,0
2004,190158,1,1,0,0,0,0,0,0,0,0,0,0
2004,190158,2,1,0,0,0,0,0,0,0,0,0,0
2004,190159,1,1,0,14,16,18,14,14,0,0,34,0
2004,190160,1,1,0,0,0,0,0,0,0,0,0,0
2004,190161,1,1,0,0,0,0,0,0,0,0,0,0
2004,190161,2,1,0,0,0,0,0,0,0,0,0,0
2004,190162,1,1,0,0,0,0,0,0,0,0,0,0
2004,190162,2,1,0,0,0,0,0,0,0,0,0,0
2004,190163,1,1,0,0,0,0,0,0,0,0,0,0
2004,190163,2,1,0,0,0,0,0,0,0,0,0,0
2004,190164,1,1,0,0,0,0,0,0,0,0,0,0
2004,190164,2,1,0,0,0,0,0,0,0,0,0,0
2004,190165,1,1,0,0,0,0,0,0,0,0,0,0
2004,190165,2,1,0,0,0,0,0,0,0,0,0,0
2004,190165,3,1,0,0,0,0,0,0,0,0,0,0
2004,190166,1,1,0,0,0,0,0,0,0,0,0,0
2004,190166,2,1,0,0,0,0,0,0,0,0,0,0
2004,190167,1,1,0,0,0,0,0,0,0,0,0,0
2004,190167,2,1,0,0,0,0,0,0,0,0,0,0
2004,190168,0,1,0,0,0,0,0,0,0,0,0,0
2004,190168,1,1,0,0,0,0,0,0,0,0,0,0
2004,190169,1,1,0,0,0,0,0,0,0,0,0,0
2004,190169,2,1,0,0,0,0,0,0,0,0,0,0
2004,190170,0,1,0,0,0,0,0,0,0,0,0,31
2004,190170,0,2,0,0,0,15,0,0,0,0,9,0
2004,190170,1,1,10,10,10,10,10,10,10,10,10,10
2004,190171,1,1,0,16,0,0,0,19,0,26,0,0
2004,190172,1,1,0,0,0,14,18,0,7,0,10,23
2004,190172,2,1,4,4,4,4,4,4,4,4,4,4
2004,190173,1,1,0,0,0,0,0,0,0,0,0,0
2004,190173,2,1,0,0,0,0,0,0,0,0,0,0
2004,190174,1,1,0,0,0,0,12,0,0,0,0,0
2004,190175,1,1,18,0,0,0,0,0,0,0,0,11
2004,190176,1,1,0,0,0,0,0,0,0,0,0,0
2004,190177,1,1,0,0,0,0,0,0,0,9,0,0
2004,190177,2,1,2,2,2,2,2,2,2,2,2,2
2004,190178,1,1,0,0,0,0,0,0,0,0,0,0
2004,190179,0,1,0,0,0,0,16,0,0,0,0,0
2004,190179,1,1,0,0,0,0,0,23,0,0,0,14
2004,190180,0,1,0,0,15,0,37,0,21,37,0,17
2004,190180,1,1,0,0,0,0,0,0,0,0,0,0
2004,190181,1,1,14,14,14,14,14,14,14,14,14,14
2004,190182,0,1,0,0,8,0,0,0,0,0,0,0
2004,190182,1,1,0,0,0,0,0,0,0,5,0,0
2004,190183,1,1,0,0,0,0,0,0,0,0,0,0
2004,190183,2,1,0,0,0,0,8,0,0,25,0,0
2004,190184,1,1,0,14,0,20,0,20,15,19,0,0
2004,190185,1,1,0,0,0,0,0,0,0,0,0,0
2004,190185,2,1,0,0,0,0,0,0,0,0,0,0
2004,190186,1,1,0,0,0,5,0,0,0,0,0,0
2004,190186,2,1,0,0,0,0,0,0,0,0,0,0
2004,190187,1,1,0,0,0,0,0,0,0,0,0,0
2004,190187,2,1,0,0,0,0,0,0,0,0,0,0
2004,190188,1,1,0,0,0,0,0,0,0,0,0,0
2004,190188,2,1,0,0,0,0,0,0,0,0,0,0
2004,190189,1,1,0,8,0,0,0,0,0,0,0,0
2004,190189,2,1,0,0,0,0,0,0,0,0,0,0
2004,190190,1,1,0,0,0,0,0,0,0,0,0,0
2004,190190,2,1,0,0,0,0,0,0,0,0,0,0
2004,190191,1,1,0,0,0,0,0,0,0,0,0,7
2004,190192,1,1,0,0,0,0,0,0,0,0,0,0
2004,190193,0,1,0,0,0,0,0,0,0,0,0,0
2004,190193,0,2,14,0,0,2,0,0,0,4,0,0
2004,190193,1,1,0,0,0,0,0,0,0,0,0,0
2004,190194,1,1,0,0,0,0,0,0,0,0,0,0
2004,190194,2,1,0,0,0,0,0,0,0,7,0,0
2004,190195,1,1,11,11,11,11,11,11,11,11,11,11
2004,190196,1,1,0,0,0,0,0,0,0,0,0,0
2004,190196,2,1,0,0,0,0,0,0,0,0,0,0
2004,190197,1,1,0,0,0,0,0,0,0,0,0,0
2004,190197,2,1,0,0,0,0,0,0,0,0,0,0
2004,190198,1,1,0,0,0,0,0,0,0,0,0,0
2004,190199,1,1,0,0,0,0,0,0,26,0,0,0
2004,190199,2,1,0,0,0,0,0,0,0,0,0,0
2004,190200,1,1,0,0,0,0,0,0,0,0,0,0
2004,190200,2,1,0,0,0,0,0,0,0,0,0,0
2004,190201,1,1,0,0,0,0,0,0,0,0,0,0
2004,190202,1,1,0,2,0,0,0,12,0,24,12,0
2004,190203,1,1,0,0,0,0,0,20,0,0,0,0
2004,190204,1,1,25,25,25,25,25,25,25,25,25,25
2004,190205,1,1,2,2,2,2,2,2,2,2,2,2
2004,190206,1,1,0,0,0,2,0,0,0,0,0,0
2004,190207,1,1,0,0,0,0,0,0,0,0,0,0
2004,190207,2,1,0,0,0,0,0,0,0,0,0,0
2004,190208,1,1,0,0,0,0,0,0,0,0,0,0
2004,190209,1,1,0,0,0,0,0,0,0,0,0,0
2004,190210,1,1,24,24,24,24,24,24,24,24,24,24
2004,190211,1,1,6,17,12,23,0,25,0,32,19,0
2004,190212,1,1,0,0,0,0,0,0,0,0,0,0
2004,190212,2,1,0,0,0,0,0,0,0,0,0,0
2004,190213,1,1,0,0,0,0,0,0,0,0,0,0
2004,190214,0,1,9,20,13,5,3,12,25,7,6,13
2004,190214,0,2,0,12,14,0,0,0,0,29,0,0
2004,190214,1,1,7,7,7,7,7,7,7,7,7,7
2004,190215,1,1,0,0,0,0,0,0,0,0,0,0
2004,190215,2,1,0,0,0,0,0,0,0,0,0,0
2004,190216,1,1,0,0,0,0,0,0,0,16,0,0
2004,190216,2,1,0,0,0,0,0,0,0,0,0,0
2004,190216,3,1,0,0,0,0,0,0,0,0,0,0
2004,190217,1,1,0,0,0,0,0,0,0,0,0,0
2004,190217,2,1,0,0,0,0,0,0,0,0,0,0
2004,190218,1,1,13,13,13,13,13,13,13,13,13,13
2004,190219,1,1,0,0,0,0,0,0,0,0,0,0
2004,190219,2,1,0,0,0,0,0,0,0,0,0,0
2004,190220,1,1,0,0,0,0,0,0,0,0,0,0
2004,190220,2,1,0,0,0,0,0,0,0,0,0,0
2004,190221,1,1,0,0,0,0,0,0,0,0,0,0
2004,190222,1,1,0,0,0,0,0,0,0,0,0,0
2004,190222,2,1,0,0,0,0,0,0,0,0,0,0
2004,190223,1,1,0,0,0,0,0,0,0,0,0,0
2004,190223,2,1,0,0,0,0,0,0,0,0,0,0
2004,190224,1,1,0,0,0,0,0,0,0,0,0,0
2004,190224,2,1,0,0,0,0,0,0,0,0,0,0
2004,190224,3,1,0,0,0,0,0,0,0,0,0,0
2004,190225,1,1,0,0,0,0,0,0,0,17,0,0
2004,190226,1,1,0,0,21,0,6,10,0,0,0,0
2004,190227,1,1,0,0,0,0,0,0,0,0,0,0
2004,190227,2,1,13,13,13,13,13,13,13,13,13,13
2004,190228,1,1,11,11,11,11,11,11,11,11,11,11
2004,190229,1,1,30,30,30,30,30,30,30,30,30,30
2004,190229,2,1,0,0,0,0,0,0,0,0,0,0
2004,190230,1,1,0,0,0,0,0,0,0,0,0,0
2004,190231,1,1,0,0,0,0,0,0,0,0,0,0
2004,190231,2,1,0,0,0,0,0,0,0,0,0,0
2004,190232,1,1,0,0,0,0,0,0,0,0,0,0
2004,190232,2,1,28,28,28,28,28,28,28,28,28,28
2004,190233,1,1,7,0,0,0,0,0,0,0,0,0
2004,190233,2,1,0,0,0,0,0,0,0,0,0,0
2004,190234,1,1,0,0,0,0,0,0,10,0,0,0
2004,190234,2,1,0,0,0,0,0,0,0,0,0,0
2004,190235,1,1,0,0,0,0,0,0,0,0,0,0
2004,190236,1,1,0,0,0,0,0,0,0,0,0,0
2004,190236,2,1,0,0,0,0,0,0,0,0,0,0
2004,190237,1,1,0,0,0,0,0,0,0,0,0,0
2004,190238,1,1,0,0,0,0,0,0,0,0,0,0
2004,190238,2,1,0,0,0,0,0,0,0,0,0,0
2004,190238,3,1,0,0,0,0,0,0,0,0,0,0
2004,190239,1,1,0,15,0,0,0,0,0,9,0,0
2004,190240,1,1,22,22,22,22,22,22,22,22,22,22
2004,190241,1,1,0,0,0,0,0,0,0,0,0,0
2004,190242,0,1,0,0,0,0,0,6,0,0,0,0
2004,190242,1,1,0,0,0,0,0,0,0,0,0,0
2004,190243,1,1,0,0,0,0,0,0,0,0,0,0
2004,190243,2,1,0,0,0,0,0,0,0,0,0,0
2004,190244,0,1,0,0,0,0,0,0,0,0,0,0
2004,190244,0,2,24,14,30,6,0,24,0,31,0,0
2004,190244,1,1,0,0,0,0,0,0,0,0,0,0
2004,190245,1,1,8,8,8,8,8,8,8,8,8,8
2004,190246,0,1,0,14,0,0,15,34,0,0,0,0
2004,190246,1,1,0,0,0,5,0,0,0,0,0,0
2004,190247,0,1,0,19,23,30,38,15,33,0,0,0
2004,190247,1,1,0,22,4,25,0,0,0,0,0,0
2004,190247,2,1,0,0,0,0,0,0,0,0,17,0
2004,190247,3,1,0,0,0,0,0,0,0,0,0,0
2004,190248,1,1,0,0,0,0,0,0,0,0,0,0
2004,190249,0,1,0,0,0,0,0,0,0,0,0,0
2004,190249,1,1,0,0,0,0,23,0,0,0,0,0
2004,190250,1,1,0,0,0,0,0,0,0,0,0,0
2004,190250,2,1,0,0,0,0,0,0,0,0,0,0
2004,190250,3,1,0,0,0,0,0,0,0,0,0,0
2004,190251,1,1,0,0,0,0,0,0,0,0,0,0
2004,190252,1,1,10,0,0,0,0,0,0,0,0,0
2004,190252,2,1,0,0,0,0,0,0,0,0,0,0
2004,190253,1,1,0,0,0,0,0,0,0,0,0,5
2004,190254,1,1,0,0,0,0,0,0,0,0,0,0
2004,190254,2,1,0,0,0,0,0,0,0,0,0,0
2004,190255,1,1,0,0,0,0,0,0,0,0,0,0
2004,190255,2,1,0,0,0,0,0,0,0,0,0,0
2004,190256,1,1,0,0,0,0,0,0,0,0,0,0
2004,190257,1,1,0,0,0,0,0,0,0,0,0,0
2004,190257,2,1,0,0,0,0,0,0,0,0,0,0
2004,190258,1,1,0,0,0,0,0,0,0,0,0,0
2004,190258,2,1,0,0,0,0,0,0,0,0,0,0
2004,190259,1,1,0,16,27,0,0,0,19,24,0,14
2004,190260,1,1,0,0,0,0,0,0,0,0,0,0
2004,190260,2,1,0,0,0,0,0,0,0,0,0,0
2004,190261,1,1,0,22,0,0,0,0,0,0,0,0
2004,190261,2,1,0,0,0,0,0,0,0,0,0,0
2004,190262,0,1,0,36,31,0,0,0,0,11,0,0
2004,190262,1,1,0,0,0,0,0,0,0,0,0,0
2004,190263,1,1,0,0,0,0,0,0,0,0,0,0
2004,190263,2,1,14,0,0,0,0,0,0,0,0,0
2004,190264,1,1,0,0,0,0,0,0,0,0,0,0
2004,190265,1,1,0,0,0,0,0,0,0,0,0,0
2004,190265,2,1,0,0,0,0,0,0,0,0,0,0
2004,190266,1,1,28,28,28,28,28,28,28,28,28,28
2004,190266,2,1,0,0,0,0,0,0,0,0,0,0
2004,190267,1,1,0,0,0,0,0,0,0,0,0,0
2004,190268,1,1,0,0,0,0,0,0,0,0,0,0
2004,190268,2,1,0,0,0,0,0,0,0,0,0,0
2004,190269,0,1,0,0,0,16,0,0,0,0,0,0
2004,190269,0,2,0,0,0,0,0,0,0,0,0,0
2004,190269,1,1,0,0,0,0,0,0,18,0,0,0
2004,190269,2,1,0,0,0,0,0,0,0,0,0,0
2004,190270,1,1,0,0,0,0,0,0,0,0,0,0
2004,190270,2,1,0,0,0,0,0,0,0,0,0,0
2004,190270,3,1,0,0,0,0,0,0,0,0,0,0
2004,190271,1,1,0,0,0,0,0,0,0,0,0,0
2004,190272,1,1,0,0,0,0,0,0,0,0,0,0
2004,190272,2,1,0,0,0,0,0,0,0,0,0,0
2004,190273,1,1,0,0,0,0,0,0,0,0,0,0
2004,190273,2,1,0,0,0,0,0,0,0,0,0,0
2004,190274,1,1,0,0,0,0,0,0,0,0,0,0
2004,190274,2,1,0,0,0,0,0,0,0,0,0,0
2004,190275,1,1,0,0,0,0,0,0,8,0,0,0
2004,190276,1,1,0,0,0,0,0,0,0,0,0,0
2004,190277,1,1,0,0,0,0,0,0,0,0,0,0
2004,190277,2,1,0,0,0,0,0,0,0,0,0,0
2004,190278,1,1,0,0,0,0,0,0,0,0,0,0
2004,190279,1,1,0,24,22,0,8,0,0,0,0,0
2004,190280,1,1,12,26,16,25,11,20,15,28,17,24
2004,190281,1,1,3,3,3,3,3,3,3,3,3,3
2004,190282,1,1,0,0,0,0,0,0,0,0,0,0
2004,190282,2,1,0,0,0,0,0,0,0,0,0,0
2004,190283,1,1,0,0,0,0,0,11,0,0,0,0
2004,190283,2,1,0,0,0,0,0,0,0,0,0,0
2004,190284,1,1,36,14,23,20,9,23,16,16,19,22
2004,190285,1,1,0,0,0,0,0,0,0,0,0,0
2004,190285,2,1,0,0,0,0,0,0,0,0,0,0
2004,190286,1,1,0,0,0,0,0,0,0,0,0,0
2004,190287,1,1,15,36,32,20,9,18,19,13,23,14
2004,190288,0,1,0,0,21,0,0,4,0,0,0,0
2004,190288,1,1,0,0,0,0,0,0,0,0,0,0
2004,190289,1,1,25,36,27,9,19,19,23,21,0,19
2004,190290,1,1,0,0,0,0,0,0,0,0,0,0
2004,190290,2,1,0,0,0,0,20,0,0,0,0,0
2004,190291,1,1,0,0,0,0,0,0,0,0,0,0
2004,190291,2,1,0,0,0,0,0,0,0,0,0,0
2004,190292,1,1,0,0,0,0,0,0,0,0,0,0
2004,190293,1,1,4,4,4,4,4,4,4,4,4,4
2004,190293,2,1,0,0,0,0,0,0,0,13,0,0
2004,190294,1,1,0,0,0,0,0,0,0,18,0,0
2004,190295,1,1,26,26,26,26,26,26,26,26,26,26
2004,190296,1,1,0,0,19,36,4,10,23,0,0,17
2004,190297,1,1,0,0,0,0,0,0,0,0,0,0
2004,190297,2,1,0,0,0,0,0,0,0,0,0,0
2004,190298,1,1,0,0,0,0,0,0,0,0,0,0
2004,190298,2,1,0,0,0,0,0,0,0,9,0,0
2004,190299,1,1,0,0,0,0,0,0,0,0,21,0
2004,190300,0,1,0,0,0,0,0,0,0,0,0,0
2004,190300,1,1,0,0,0,0,0,0,0,0,0,0
2004,190301,1,1,0,0,0,0,0,0,0,0,0,0
2004,190301,2,1,0,0,0,0,0,0,0,0,0,14
2004,190302,1,1,25,25,25,25,25,25,25,25,25,25
2004,190303,1,1,0,0,0,0,0,0,0,0,0,0
2004,190303,2,1,0,0,0,0,0,0,0,0,0,0
2004,190304,1,1,0,0,0,0,0,0,0,0,0,0
2004,190304,2,1,0,0,0,0,0,0,0,0,0,0
2004,190305,1,1,0,29,0,0,0,0,17,0,0,0
2004,190306,1,1,0,0,0,0,0,0,0,0,0,0
2004,190306,2,1,0,0,0,0,0,0,0,0,0,0
2004,190307,1,1,21,21,21,21,21,21,21,21,21,21
2004,190308,1,1,0,0,0,0,0,0,0,0,0,0
2004,190308,2,1,0,0,0,0,0,9,0,0,0,15
2004,190309,1,1,0,0,0,0,0,0,0,0,0,0
2004,190310,0,1,0,0,0,0,0,0,0,0,0,0
2004,190310,1,1,19,0,0,0,0,0,0,0,0,0
2004,190311,1,1,0,0,0,0,0,0,0,0,0,0
2004,190312,1,1,0,0,0,0,0,0,0,0,0,0
2004,190312,2,1,0,0,0,0,0,0,0,0,0,0
2004,190313,1,1,0,0,0,0,0,0,0,0,0,0
2004,190313,2,1,0,0,0,0,0,0,0,0,0,0
2004,190314,1,1,15,0,0,0,0,16,0,0,23,0
2004,190315,1,1,0,0,0,17,0,0,0,0,0,0
2004,190316,1,1,0,0,0,0,0,0,0,0,0,0
2004,190316,2,1,0,0,0,0,0,0,0,0,0,0
2004,190317,1,1,0,0,0,0,0,0,0,10,0,0
2004,190317,2,1,0,0,0,0,0,0,0,0,0,0
2004,190318,1,1,3,3,3,3,3,3,3,3,3,3
2004,190318,2,1,0,0,0,0,0,0,0,0,0,0
2004,190319,1,1,26,0,0,0,0,13,0,0,0,0
2004,190320,1,1,0,0,0,0,0,0,0,0,0,0
2004,190321,1,1,1,1,1,1,1,1,1,1,1,1
2004,190322,1,1,0,0,0,0,0,0,0,0,0,0
2004,190322,2,1,11,11,11,11,11,11,11,11,11,11
2004,190323,1,1,0,0,0,0,4,0,0,0,0,20
2004,190323,2,1,0,0,0,0,0,0,0,0,0,0
2004,190324,1,1,9,0,0,0,0,0,0,13,0,0
2004,190324,2,1,0,0,0,0,0,0,0,0,0,0
2004,190325,1,1,5,0,0,18,11,0,15,16,12,28
2004,190326,1,1,4,4,4,4,4,4,4,4,4,4
2004,190326,2,1,0,0,0,0,0,0,0,0,0,0
2004,190327,1,1,6,6,6,6,6,6,6,6,6,6
2004,190328,0,1,0,0,0,0,0,0,0,0,0,0
2004,190328,1,1,0,0,0,0,0,0,0,0,0,0
2004,190329,1,1,0,0,0,0,0,0,0,0,0,0
2004,190330,1,1,0,0,0,0,14,0,0,0,0,0
2004,190331,1,1,2,0,0,0,0,0,21,0,0,3
2004,190332,1,1,12,12,12,12,12,12,12,12,12,12
2004,190332,2,1,0,0,0,0,0,0,0,0,0,0
2004,190333,1,1,0,0,0,10,0,0,0,0,0,0
2004,190333,2,1,0,0,0,0,0,0,0,0,0,0
2004,190333,3,1,0,0,0,0,0,0,0,0,0,0
2004,190334,1,1,0,0,0,0,0,0,0,0,0,0
2004,190334,2,1,0,0,0,0,0,0,0,0,0,0
2004,190335,1,1,0,0,0,0,0,0,0,0,0,0
2004,190335,2,1,0,0,0,0,0,0,0,0,0,0
2004,190336,1,1,11,0,0,5,0,0,27,10,28,8
2004,190337,1,1,0,0,0,8,0,0,0,0,0,0
2004,190338,1,1,0,0,0,0,0,0,0,0,0,0
2004,190338,2,1,0,0,0,0,0,0,0,0,0,0
2004,190339,0,1,0,0,0,0,0,0,0,0,0,0
2004,190339,1,1,0,0,0,0,0,0,0,0,0,0
2004,190340,1,1,12,12,12,12,12,12,12,12,12,12
2004,190341,1,1,0,0,0,0,0,0,0,0,0,0
2004,190342,1,1,0,12,0,0,0,0,0,0,0,0
2004,190342,2,1,0,0,0,0,0,0,0,0,0,0