YEAR,ST_CASE,veh_no,per_no,P1,P2,P3,P4,P5,P6,P7,P8,P9,P10
2004,190343,1,1,0,0,0,0,0,0,0,0,0,0
2004,190343,2,1,0,0,0,0,0,0,0,0,0,0
2004,190344,1,1,0,12,0,13,0,0,26,20,29,16
2004,190345,1,1,0,0,0,26,0,22,0,0,0,0
2004,190346,1,1,20,20,20,20,20,20,20,20,20,20
2004,190347,1,1,0,0,0,0,0,0,0,0,0,0
2004,190347,2,1,0,0,0,0,0,0,0,0,0,0
2004,190348,1,1,10,10,10,10,10,10,10,10,10,10
2004,190349,1,1,0,0,0,0,0,0,0,0,0,0
2004,190350,1,1,12,12,12,12,12,12,12,12,12,12
2004,190350,2,1,0,0,0,0,0,0,0,0,0,0
2004,190351,1,1,0,0,0,0,21,22,11,0,7,7
2004,190352,1,1,0,0,0,0,0,0,0,0,0,0
2004,190353,1,1,0,0,0,0,0,0,0,0,0,0
2004,190353,2,1,0,0,0,0,13,0,0,0,0,0
2004,190354,1,4,23,18,0,0,0,0,0,0,12,0
2004,190355,1,1,0,0,0,0,0,0,0,0,0,0
2004,190356,1,1,0,0,0,0,0,0,0,0,0,0
2004,190356,2,1,0,0,0,0,0,0,0,0,0,0
2004,190357,1,1,13,0,0,0,22,0,29,0,0,0
2004,190358,1,1,0,0,0,0,0,0,0,0,0,0
2004,200001,1,1,20,20,20,20,20,20,20,20,20,20
2004,200001,2,1,0,0,0,0,0,0,0,0,0,0
2004,200002,1,1,0,0,0,0,0,0,0,0,0,0
2004,200002,2,1,0,0,0,0,0,0,0,0,0,0
2004,200002,3,1,0,0,0,0,0,0,0,0,0,0
2004,200003,1,1,17,25,19,26,15,10,20,13,5,13
2004,200004,1,1,0,0,0,0,0,0,0,0,0,0
2004,200004,2,1,0,0,0,0,0,0,0,0,0,0
2004,200005,1,1,0,0,19,41,11,32,0,25,0,29
2004,200006,1,1,0,0,0,14,0,10,0,0,0,21
2004,200006,2,1,0,0,0,0,0,0,0,0,0,0
2004,200007,1,1,15,0,0,0,0,0,0,0,0,0
2004,200007,2,1,0,0,0,0,0,0,0,2,0,0
2004,200008,1,1,0,0,0,0,0,0,0,0,0,0
2004,200009,1,1,0,0,0,0,0,0,0,0,0,7
2004,200010,1,1,0,0,0,11,10,0,0,0,0,0
2004,200011,1,1,0,0,0,0,0,0,0,0,0,0
2004,200012,1,1,0,0,0,0,0,28,0,0,23,0
2004,200012,2,1,0,0,0,0,0,0,0,0,0,0
2004,200013,1,1,0,0,0,0,0,0,0,0,0,0
2004,200014,1,1,22,22,22,22,22,22,22,22,22,22
2004,200015,1,1,0,0,0,0,0,0,0,0,0,0
2004,200015,2,1,0,0,0,0,0,0,0,0,0,0
2004,200016,1,1,7,7,7,7,7,7,7,7,7,7
2004,200016,2,1,0,0,0,0,0,0,0,0,0,0
2004,200017,1,1,0,0,0,0,0,0,10,0,18,0
2004,200018,1,1,22,22,22,22,22,22,22,22,22,22
2004,200019,1,1,42,42,42,42,42,42,42,42,42,42
2004,200020,1,1,8,8,8,8,8,8,8,8,8,8
2004,200021,1,1,0,0,0,0,0,0,0,0,0,0
2004,200022,1,1,0,0,0,0,0,15,0,12,21,0
2004,200023,1,1,0,0,0,0,0,0,0,0,0,0
2004,200024,1,1,0,0,0,0,0,0,0,0,0,0
2004,200024,2,1,0,0,0,0,0,0,0,0,0,0
2004,200025,1,1,0,0,0,0,0,0,0,0,0,0
2004,200026,1,1,0,0,0,0,0,0,0,0,0,22
2004,200027,1,1,0,0,0,0,17,0,26,0,0,5
2004,200028,1,1,9,9,9,9,9,9,9,9,9,9
2004,200029,1,1,0,0,0,0,0,0,0,0,0,0
2004,200029,2,1,0,0,0,0,0,0,0,0,0,0
2004,200029,3,1,0,0,0,0,0,0,0,0,0,0
2004,200030,0,1,0,0,0,0,0,0,0,0,0,0
2004,200030,1,1,0,0,0,0,0,0,0,0,0,0
2004,200031,0,1,0,0,0,0,0,4,0,0,0,0
2004,200031,1,1,0,0,0,0,0,0,0,0,0,0
2004,200032,1,1,0,0,0,0,0,0,0,0,0,0
2004,200032,2,1,0,0,0,0,0,0,0,0,0,0
2004,200033,1,1,23,0,0,0,0,0,0,0,18,29
2004,200034,1,1,0,0,0,0,0,0,19,0,0,0
2004,200035,0,1,0,0,0,0,0,0,0,0,0,0
2004,200035,1,1,20,7,14,19,22,0,0,0,0,0
2004,200036,1,1,0,0,0,0,0,0,0,0,0,0
2004,200036,2,1,0,0,0,0,0,0,0,0,0,0
2004,200036,3,1,0,0,0,0,0,0,0,0,0,0
2004,200037,1,1,0,0,0,0,0,0,0,0,0,0
2004,200037,2,1,0,0,0,0,0,0,0,0,0,0
2004,200038,0,1,0,0,0,0,0,0,0,0,0,0
2004,200038,1,1,0,0,0,0,0,0,0,0,0,0
2004,200039,1,1,0,0,0,0,0,0,0,0,0,0
2004,200039,2,1,0,0,0,0,0,0,0,0,0,0
2004,200040,1,1,4,4,4,4,4,4,4,4,4,4
2004,200040,2,1,0,0,0,0,0,0,0,0,0,0
2004,200041,1,1,0,0,0,0,0,0,0,0,0,0
2004,200042,1,1,0,0,0,0,0,0,0,0,0,0
2004,200042,2,1,2,2,2,2,2,2,2,2,2,2
2004,200043,1,1,0,0,0,0,0,0,0,0,0,0
2004,200043,2,1,0,0,0,0,0,0,0,0,0,0
2004,200044,1,1,0,0,0,0,0,0,0,0,0,0
2004,200044,2,1,0,0,0,0,0,0,0,0,0,0
2004,200045,1,1,22,22,22,22,22,22,22,22,22,22
2004,200046,1,1,0,0,0,0,0,0,0,0,0,0
2004,200047,1,1,0,0,0,0,0,0,0,0,0,5
2004,200047,2,1,0,0,0,0,0,0,0,0,0,0
2004,200048,1,1,0,0,0,0,0,0,0,0,0,0
2004,200048,2,1,0,15,0,0,0,0,0,5,12,10
2004,200049,1,1,28,28,28,28,28,28,28,28,28,28
2004,200050,1,1,17,17,17,17,17,17,17,17,17,17
2004,200051,1,1,0,0,0,0,0,0,0,0,0,0
2004,200051,2,1,0,0,0,0,0,0,0,0,0,2
2004,200053,0,1,14,14,14,14,14,14,14,14,14,14
2004,200053,1,1,0,0,0,0,0,0,0,0,0,0
2004,200054,1,1,0,0,0,0,0,0,0,0,0,0
2004,200055,1,1,23,23,23,23,23,23,23,23,23,23
2004,200055,2,1,20,20,20,20,20,20,20,20,20,20
2004,200056,1,1,0,0,0,10,0,11,0,0,0,0
2004,200056,2,1,0,0,0,0,0,0,0,0,0,0
2004,200057,1,1,0,0,0,0,0,0,0,0,0,0
2004,200057,2,1,0,0,0,0,0,0,0,0,0,0
2004,200057,3,1,0,0,0,0,0,0,0,0,0,0
2004,200058,1,1,0,0,0,0,6,0,0,0,0,11
2004,200059,1,1,0,0,0,0,0,0,0,0,0,0
2004,200059,2,1,0,0,0,0,0,0,0,0,0,0
2004,200060,1,1,0,0,0,0,0,0,0,0,0,0
2004,200060,2,1,0,0,0,0,0,0,0,0,0,0
2004,200061,1,1,0,0,0,0,0,0,0,0,0,0
2004,200061,2,1,0,0,0,0,0,0,0,0,0,0
2004,200062,1,1,3,3,3,3,3,3,3,3,3,3
2004,200063,1,1,15,15,15,15,15,15,15,15,15,15
2004,200064,1,1,15,15,15,15,15,15,15,15,15,15
2004,200065,0,1,0,0,0,0,0,0,0,0,0,0
2004,200065,1,1,0,0,0,0,0,0,0,0,26,0
2004,200066,1,1,35,35,35,35,35,35,35,35,35,35
2004,200067,1,1,0,0,0,0,0,0,0,0,0,0
2004,200067,2,1,0,0,0,0,0,0,0,0,0,0
2004,200068,1,1,0,0,0,0,0,0,0,0,0,0
2004,200068,2,1,0,0,0,0,0,0,0,0,0,0
2004,200069,0,1,10,0,0,0,0,0,24,0,0,0
2004,200069,1,1,0,0,0,0,0,0,0,0,0,0
2004,200070,1,1,0,0,0,0,0,0,0,0,0,0
2004,200070,2,1,0,0,0,0,0,0,0,0,0,0
2004,200070,3,1,0,0,0,0,0,0,0,0,0,0
2004,200071,1,1,0,0,0,14,0,0,0,0,0,0
2004,200071,2,1,0,0,0,0,0,0,0,16,0,0
2004,200072,1,1,16,16,16,16,16,16,16,16,16,16
2004,200073,1,1,22,38,14,28,14,34,19,0,21,25
2004,200074,1,1,24,0,35,0,0,0,11,0,0,0
2004,200075,1,1,26,26,26,26,26,26,26,26,26,26
2004,200077,1,1,9,9,9,9,9,9,9,9,9,9
2004,200078,1,1,0,0,0,0,0,0,0,0,0,0
2004,200078,2,1,0,0,0,0,0,0,0,0,0,0
2004,200078,3,1,0,0,0,0,0,0,0,0,0,0
2004,200079,1,1,0,0,0,0,0,0,0,0,0,0
2004,200080,1,1,0,0,0,0,0,0,0,0,0,0
2004,200080,2,1,0,0,0,0,0,0,0,0,0,0
2004,200081,1,1,25,25,25,25,25,25,25,25,25,25
2004,200081,2,1,24,24,24,24,24,24,24,24,24,24
2004,200082,1,1,7,7,7,7,7,7,7,7,7,7
2004,200083,1,1,0,0,0,0,0,0,0,0,0,0
2004,200084,1,1,0,0,0,0,0,0,0,0,0,0
2004,200084,2,1,0,0,0,0,0,0,0,0,0,0
2004,200085,1,1,0,0,0,0,0,0,0,0,0,0
2004,200085,2,1,0,0,0,0,0,0,0,0,0,0
2004,200086,1,1,0,0,0,0,0,0,0,20,0,15
2004,200086,2,1,0,0,0,0,5,10,0,0,0,0
2004,200087,1,1,0,11,0,3,0,0,0,11,0,0
2004,200088,1,1,0,0,0,0,0,0,0,0,0,0
2004,200088,2,1,0,0,0,0,0,0,0,0,0,0
2004,200089,1,1,0,0,0,0,0,0,0,0,0,0
2004,200089,2,1,0,0,0,0,0,0,0,0,0,2
2004,200090,1,1,0,0,0,0,0,0,0,0,0,0
2004,200091,1,1,20,20,20,20,20,20,20,20,20,20
2004,200092,1,1,0,0,0,0,0,0,0,0,12,0
2004,200093,1,1,0,0,0,0,0,0,0,0,0,0
2004,200093,2,1,0,0,0,0,0,0,0,0,0,0
2004,200094,1,1,0,0,0,0,0,0,0,0,0,0
2004,200094,2,1,1,1,1,1,1,1,1,1,1,1
2004,200095,1,1,0,0,0,0,0,0,0,0,0,0
2004,200095,2,1,0,0,0,0,0,0,0,0,0,0
2004,200096,1,1,0,0,0,0,0,0,0,0,0,0
2004,200096,2,1,0,0,0,0,0,0,0,0,0,0
2004,200097,1,1,13,13,13,13,13,13,13,13,13,13
2004,200098,1,1,0,0,0,0,0,0,0,0,0,0
2004,200098,2,1,0,0,0,0,0,0,0,0,0,0
2004,200098,3,1,0,0,0,0,0,0,0,0,0,0
2004,200099,1,1,0,0,0,0,0,0,0,0,0,0
2004,200099,2,1,0,0,0,0,0,0,0,0,0,0
2004,200100,1,1,21,14,19,7,29,16,19,9,26,29
2004,200102,1,1,17,0,0,0,0,0,0,0,0,0
2004,200103,1,1,17,17,17,17,17,17,17,17,17,17
2004,200104,0,1,0,0,0,0,0,23,17,0,0,0
2004,200104,1,1,0,0,0,0,0,0,0,0,0,0
2004,200105,1,1,5,5,5,5,5,5,5,5,5,5
2004,200106,1,1,0,0,0,0,13,0,0,0,0,15
2004,200107,1,1,0,0,0,6,0,0,0,0,0,0
2004,200107,2,1,0,0,0,0,0,0,0,0,0,0
2004,200108,1,1,0,0,0,0,0,0,0,0,0,0
2004,200108,2,1,0,13,0,0,0,0,0,27,0,12
2004,200109,0,1,0,0,0,0,0,0,0,0,0,0
2004,200109,0,2,0,0,0,0,0,0,0,0,0,0
2004,200109,1,1,0,0,0,0,0,0,0,0,0,0
2004,200110,1,1,0,0,0,0,0,0,0,0,0,0
2004,200110,2,1,0,0,0,0,0,0,0,0,0,0
2004,200110,3,1,2,0,0,0,0,0,0,0,0,0
2004,200110,4,1,0,0,0,0,0,0,0,0,0,0
2004,200111,1,1,0,0,0,0,0,0,0,0,0,0
2004,200111,2,1,0,0,0,0,0,0,0,0,0,0
2004,200112,1,1,0,0,0,0,0,0,0,0,0,0
2004,200112,2,1,0,0,0,0,0,0,0,0,0,0
2004,200113,1,1,19,19,19,19,19,19,19,19,19,19
2004,200114,1,1,0,0,0,0,0,0,0,0,0,0
2004,200114,2,1,0,0,0,0,0,0,0,0,0,0
2004,200114,3,1,0,0,0,0,0,0,0,0,0,0
2004,200115,1,1,0,0,0,0,0,0,0,0,10,14
2004,200115,2,1,0,0,14,0,0,0,0,0,0,0
2004,200116,1,1,10,10,10,10,10,10,10,10,10,10
2004,200116,2,1,0,0,0,0,0,0,0,0,0,0
2004,200117,1,1,0,0,0,0,0,0,0,0,0,0
2004,200117,2,1,0,0,0,0,0,0,0,0,0,0
2004,200118,1,1,0,0,0,0,0,0,0,0,0,0
2004,200118,2,1,0,0,0,0,0,0,0,0,0,0
2004,200119,1,1,24,24,24,24,24,24,24,24,24,24
2004,200120,1,1,0,24,9,12,0,0,18,31,0,23
2004,200121,1,1,0,0,0,0,0,0,0,0,0,0
2004,200121,2,1,0,0,0,0,0,0,0,0,0,0
2004,200122,1,1,0,0,0,0,0,0,0,0,0,0
2004,200122,2,1,0,0,0,0,17,0,0,0,0,0
2004,200122,3,1,0,0,0,0,0,0,0,0,0,0
2004,200123,1,1,0,0,0,0,0,0,0,0,0,0
2004,200123,2,1,20,0,0,0,0,0,0,0,0,0
2004,200123,3,1,0,0,0,0,0,0,0,0,0,0
2004,200124,1,1,0,0,0,0,0,0,0,0,0,0
2004,200124,2,1,0,0,0,0,0,0,0,0,0,0
2004,200125,1,1,0,0,0,0,0,0,0,0,0,22
2004,200126,1,1,0,0,0,0,0,0,0,0,0,0
2004,200126,2,1,0,0,0,0,0,0,0,0,0,0
2004,200127,1,1,0,0,0,0,0,0,0,0,0,0
2004,200127,2,1,0,0,0,0,0,0,0,0,0,0
2004,200127,3,1,0,0,0,0,0,0,0,0,0,0
2004,200128,1,1,10,10,10,10,10,10,10,10,10,10
2004,200129,1,1,0,0,0,0,0,0,0,0,0,0
2004,200129,2,1,0,0,0,0,0,0,0,0,0,0
2004,200130,1,1,23,23,23,23,23,23,23,23,23,23
2004,200131,1,1,0,0,0,0,0,0,0,0,0,0
2004,200131,2,1,0,0,0,0,0,0,0,0,0,0
2004,200132,1,1,0,13,0,18,0,0,0,8,0,0
2004,200133,1,1,19,19,19,19,19,19,19,19,19,19
2004,200134,1,1,0,0,0,0,0,0,0,0,0,0
2004,200135,1,1,5,5,5,5,5,5,5,5,5,5
2004,200136,1,1,32,32,32,32,32,32,32,32,32,32
2004,200137,1,1,0,0,0,0,0,0,0,0,0,0
2004,200137,2,1,0,0,0,0,0,0,0,0,0,0
2004,200138,1,1,0,0,0,0,0,0,0,0,0,0
2004,200138,2,1,7,7,7,7,7,7,7,7,7,7
2004,200139,1,1,0,0,0,0,0,0,0,0,0,0
2004,200139,2,1,0,0,0,0,0,0,0,0,0,0
2004,200140,1,1,0,0,0,0,0,0,0,0,0,0
2004,200141,1,1,0,0,0,0,0,30,0,7,0,0
2004,200141,2,1,0,0,0,0,0,0,0,0,0,0
2004,200142,1,1,0,0,0,0,0,0,0,0,0,0
2004,200142,2,1,0,0,0,0,0,0,0,0,0,0
2004,200143,1,1,0,0,22,0,0,0,0,0,0,0
2004,200143,2,1,0,0,0,0,0,0,0,0,0,0
2004,200144,0,1,0,8,0,7,16,0,0,13,0,0
2004,200144,1,1,0,0,0,0,0,0,0,0,0,0
2004,200145,1,1,0,0,0,0,0,0,0,0,0,0
2004,200145,2,1,0,0,0,0,0,0,0,0,0,0
2004,200145,3,1,0,0,0,0,0,0,0,0,0,0
2004,200146,1,1,0,0,0,0,15,0,14,0,0,29
2004,200147,1,1,0,0,0,0,0,0,0,0,0,0
2004,200147,2,1,0,0,0,0,0,0,0,0,0,0
2004,200148,1,1,26,26,26,26,26,26,26,26,26,26
2004,200148,2,1,0,0,0,0,0,0,0,0,0,0
2004,200149,1,1,0,0,0,0,0,0,0,0,0,0
2004,200149,2,1,0,0,0,0,0,0,0,0,0,0
2004,200150,1,1,0,0,0,0,0,0,0,0,0,0
2004,200151,1,1,0,0,0,0,0,0,0,0,0,0
2004,200151,2,1,0,0,0,0,0,0,0,0,0,0
2004,200152,1,1,18,18,18,18,18,18,18,18,18,18
2004,200153,1,1,0,0,0,0,0,0,0,0,0,0
2004,200154,1,1,0,0,0,0,13,0,0,0,0,0
2004,200154,2,1,0,0,0,0,0,0,0,0,0,0
2004,200155,1,1,0,0,0,0,0,0,0,0,0,0
2004,200155,2,1,0,0,0,0,0,0,0,0,0,0
2004,200156,1,1,22,22,22,22,22,22,22,22,22,22
2004,200157,1,1,0,0,0,0,0,0,0,0,0,0
2004,200157,2,1,0,0,0,0,0,0,0,0,0,0
2004,200158,1,1,26,26,26,26,26,26,26,26,26,26
2004,200159,1,1,18,0,0,0,0,17,0,0,0,0
2004,200160,0,1,0,33,9,0,0,0,0,0,0,0
2004,200160,1,1,0,0,0,0,9,0,0,0,0,0
2004,200161,1,1,0,0,0,0,0,0,0,0,0,0
2004,200161,2,1,9,9,9,9,9,9,9,9,9,9
2004,200162,1,1,0,0,0,0,0,0,0,0,0,0
2004,200163,1,1,0,0,25,26,0,0,0,0,27,0
2004,200164,1,1,0,0,0,0,0,0,0,0,0,0
2004,200164,2,1,0,0,0,0,0,0,0,0,0,0
2004,200165,1,1,0,0,0,0,0,0,0,0,0,0
2004,200165,2,1,0,0,0,0,0,0,0,0,0,0
2004,200165,3,1,0,0,0,0,0,0,0,0,0,0
2004,200165,4,1,0,0,0,0,0,0,0,0,0,0
2004,200166,1,1,25,25,25,25,25,25,25,25,25,25
2004,200167,1,1,0,0,0,0,17,0,16,0,0,0
2004,200167,2,1,0,0,0,0,0,0,0,0,0,0
2004,200168,1,1,0,0,0,0,0,0,0,0,0,0
2004,200168,2,1,0,0,0,0,0,0,0,0,0,0
2004,200169,1,1,0,0,0,0,0,0,0,0,0,0
2004,200169,2,1,0,0,0,0,0,0,0,0,0,0
2004,200170,0,1,0,0,0,0,0,0,0,0,0,0
2004,200170,1,1,5,5,5,5,5,5,5,5,5,5
2004,200171,1,1,0,0,0,0,0,0,0,0,0,0
2004,200171,2,1,0,0,0,0,0,0,0,0,0,0
2004,200172,0,1,0,0,0,12,0,0,0,0,0,0
2004,200172,1,1,0,0,0,0,0,0,0,0,0,0
2004,200173,1,1,0,0,0,0,0,0,0,0,0,0
2004,200173,2,1,0,0,0,0,0,0,0,0,0,0
2004,200174,1,1,0,0,0,0,0,0,0,0,0,0
2004,200174,2,1,21,21,21,21,21,21,21,21,21,21
2004,200174,3,1,0,0,0,0,0,0,0,0,0,0
2004,200175,1,1,19,19,19,19,19,19,19,19,19,19
2004,200175,2,1,0,0,0,0,0,0,0,0,0,0
2004,200176,1,1,0,0,0,0,0,0,0,0,0,0
2004,200176,2,1,0,0,0,0,0,0,0,0,0,0
2004,200176,3,1,0,0,0,0,0,0,0,0,0,0
2004,200176,4,1,0,0,0,0,0,0,0,0,0,0
2004,200176,5,1,0,0,0,0,0,0,0,0,0,0
2004,200176,6,1,0,0,0,0,0,0,0,0,0,0
2004,200177,1,1,0,0,0,0,0,0,0,0,0,0
2004,200177,2,1,0,0,0,0,0,0,0,9,0,0
2004,200178,1,1,0,0,0,0,0,0,0,0,0,0
2004,200178,2,1,0,0,0,0,0,0,0,0,0,0
2004,200179,1,1,0,0,0,0,0,0,0,0,0,0
2004,200180,1,1,0,0,0,0,6,0,0,14,0,20
2004,200181,1,1,0,0,0,0,0,0,0,25,0,0
2004,200182,1,1,0,0,0,0,0,0,0,0,0,0
2004,200183,1,1,0,0,0,0,0,0,0,0,0,0
2004,200183,2,1,0,0,0,0,0,0,0,0,0,0
2004,200184,1,1,0,0,0,0,0,0,0,0,0,0
2004,200184,2,1,0,0,0,0,0,0,0,0,0,0
2004,200185,1,1,11,11,11,11,11,11,11,11,11,11
2004,200186,1,1,0,0,0,0,0,0,0,0,0,0
2004,200187,1,1,0,0,0,0,0,14,0,0,0,0
2004,200187,2,1,0,0,0,0,0,0,0,0,0,0
2004,200188,1,1,0,0,0,0,0,0,0,0,0,0
2004,200189,1,1,0,0,0,0,0,0,0,0,0,0
2004,200189,2,1,0,0,0,0,0,0,0,0,0,0
2004,200189,3,1,0,0,0,0,0,0,0,0,0,0
2004,200190,1,1,0,0,3,0,17,0,0,0,32,0
2004,200191,1,1,13,13,13,13,13,13,13,13,13,13
2004,200192,1,1,16,0,0,21,0,0,0,16,32,22
2004,200193,1,1,31,31,31,31,31,31,31,31,31,31
2004,200193,2,1,0,0,0,0,0,0,0,0,0,0
2004,200194,1,1,10,21,0,0,0,10,0,0,0,0
2004,200195,1,1,0,0,0,0,0,0,7,0,0,0
2004,200196,0,1,0,0,0,0,0,0,0,0,0,0
2004,200196,1,1,0,0,0,0,0,0,0,0,0,0
2004,200197,1,1,0,0,0,0,0,0,0,0,0,0
2004,200197,2,1,0,0,0,0,0,0,0,0,0,0
2004,200198,1,1,0,0,0,0,0,0,0,0,0,0
2004,200199,1,1,0,0,0,0,0,0,0,0,0,0
2004,200200,1,1,0,0,0,0,0,0,0,0,0,0
2004,200201,1,1,0,0,0,0,0,0,0,0,0,0
2004,200202,1,1,24,24,24,24,24,24,24,24,24,24
2004,200202,2,1,0,0,0,0,0,0,0,0,0,0
2004,200203,1,1,19,19,19,19,19,19,19,19,19,19
2004,200204,1,1,0,0,0,16,0,0,0,0,0,0
2004,200205,1,1,0,0,0,0,0,23,0,0,0,0
2004,200205,2,1,0,0,0,0,0,0,0,0,0,0
2004,200205,3,1,0,0,0,0,0,0,0,0,0,0
2004,200206,1,1,23,23,23,23,23,23,23,23,23,23
2004,200207,1,1,12,12,12,12,12,12,12,12,12,12
2004,200208,1,1,0,0,0,0,0,0,0,0,0,0
2004,200209,1,1,0,0,0,0,0,0,0,0,0,0
2004,200209,2,1,0,0,0,0,0,0,0,0,0,0
2004,200210,1,1,0,0,0,0,0,0,0,0,0,0
2004,200210,2,1,0,0,0,0,0,0,0,0,0,0
2004,200210,3,1,0,0,0,0,0,0,0,12,0,0
2004,200211,0,1,6,6,6,6,6,6,6,6,6,6
2004,200211,1,1,0,10,0,0,0,0,0,0,11,0
2004,200212,1,1,0,0,0,0,0,0,0,0,0,0
2004,200212,2,1,0,0,0,0,0,0,0,0,0,0
2004,200213,1,1,0,0,0,0,0,0,0,0,10,0
2004,200213,2,1,0,0,0,0,0,0,0,0,0,0
2004,200214,1,1,0,0,0,0,0,0,0,0,0,0
2004,200214,2,1,0,0,0,0,0,0,0,0,0,0
2004,200214,3,1,0,0,0,0,0,0,0,0,0,0
2004,200215,1,1,0,0,25,0,0,0,0,0,0,0
2004,200216,1,1,12,12,12,12,12,12,12,12,12,12
2004,200216,2,1,0,0,0,0,0,0,0,0,0,0
2004,200217,1,1,0,0,0,0,0,0,0,0,0,0
2004,200217,2,1,0,0,0,0,0,0,0,0,0,0
2004,200218,1,1,0,0,0,0,0,0,0,0,0,0
2004,200218,2,1,0,0,0,0,0,0,0,0,0,0
2004,200219,1,1,0,0,0,0,0,0,0,0,0,0
2004,200219,2,1,0,0,0,0,0,0,0,0,0,0
2004,200219,3,1,0,0,0,0,0,0,0,0,0,0
2004,200220,1,1,0,0,0,0,0,0,0,0,18,0
2004,200220,2,1,0,0,0,0,0,0,0,0,0,0
2004,200221,1,1,0,0,0,0,0,23,0,0,0,0
2004,200222,1,1,0,0,0,0,0,0,0,0,0,0
2004,200222,2,1,0,0,0,0,0,0,0,0,0,0
2004,200223,0,1,0,0,0,0,0,0,0,0,0,0
2004,200223,1,1,0,0,0,0,0,0,0,0,0,0
2004,200225,1,1,17,17,17,17,17,17,17,17,17,17
2004,200226,1,1,1,1,1,1,1,1,1,1,1,1
2004,200227,1,1,0,0,0,0,0,0,0,0,0,0
2004,200227,2,1,0,0,0,0,0,0,0,0,0,0
2004,200228,1,1,0,0,0,0,0,0,0,0,0,0
2004,200229,1,1,0,0,0,0,0,0,0,0,0,0
2004,200229,2,1,0,0,0,0,0,0,0,0,0,0
2004,200230,1,1,0,0,0,0,0,0,0,0,0,0
2004,200231,1,1,0,0,0,0,0,0,0,0,0,0
2004,200232,1,1,0,0,0,0,0,0,0,0,0,0
2004,200232,2,1,0,0,0,0,0,0,0,0,0,0
2004,200233,1,1,0,0,0,0,0,0,0,0,0,0
2004,200233,2,1,0,0,0,0,0,0,0,0,0,0
2004,200234,1,1,0,0,0,0,0,0,0,0,0,0
2004,200235,1,1,27,27,27,27,27,27,27,27,27,27
2004,200236,1,1,0,0,0,0,0,0,0,0,0,0
2004,200236,2,1,0,0,0,0,0,0,0,0,0,0
2004,200237,1,1,0,0,0,0,0,0,0,0,0,0
2004,200238,1,1,0,0,0,0,0,0,0,0,0,0
2004,200239,0,1,0,0,0,0,0,0,0,0,0,0
2004,200239,1,1,0,0,0,0,0,0,0,0,0,0
2004,200240,1,1,0,0,0,0,0,0,0,0,0,0
2004,200240,2,1,0,0,0,0,0,0,0,0,0,0
2004,200241,1,1,0,0,0,0,0,0,0,0,0,0
2004,200242,1,1,24,24,24,24,24,24,24,24,24,24
2004,200243,1,1,0,0,0,0,0,0,0,0,0,0
2004,200243,2,1,0,0,0,0,0,0,0,0,0,0
2004,200244,1,1,0,0,0,0,0,0,0,0,0,0
2004,200245,1,1,0,0,0,0,0,0,0,0,0,0
2004,200246,1,1,0,0,0,0,0,0,0,0,0,0
2004,200246,2,1,0,0,0,0,0,0,0,0,0,0
2004,200247,1,1,0,0,0,0,0,0,0,0,0,0
2004,200248,1,1,0,0,0,0,0,0,0,0,0,0
2004,200248,2,1,0,0,0,0,0,0,0,0,0,0
2004,200249,1,1,0,0,0,0,0,0,0,0,0,0
2004,200249,2,1,0,0,0,0,0,0,0,0,0,0
2004,200250,1,1,23,23,23,23,23,23,23,23,23,23
2004,200250,2,1,0,0,0,0,0,0,0,0,0,0
2004,200251,1,1,0,0,0,9,12,18,12,24,16,15
2004,200252,1,1,18,14,0,0,23,0,0,0,0,0
2004,200253,1,1,39,39,39,39,39,39,39,39,39,39
2004,200254,1,1,0,0,0,0,0,0,0,0,0,0
2004,200254,2,1,11,11,11,11,11,11,11,11,11,11
2004,200255,1,1,10,10,10,10,10,10,10,10,10,10
2004,200256,1,1,16,16,16,16,16,16,16,16,16,16
2004,200257,1,1,1,1,1,1,1,1,1,1,1,1
2004,200258,1,1,0,0,0,0,0,0,0,0,0,0
2004,200259,1,1,14,14,14,14,14,14,14,14,14,14
2004,200259,2,1,0,0,0,0,0,0,0,0,0,0
2004,200259,3,1,0,0,0,0,0,0,0,0,0,0
2004,200260,1,1,0,0,0,0,0,0,0,0,0,0
2004,200260,2,1,0,0,0,0,0,0,0,0,0,0
2004,200261,1,1,1,1,1,1,1,1,1,1,1,1
2004,200262,1,1,14,14,14,14,14,14,14,14,14,14
2004,200263,1,1,0,0,0,0,0,0,0,0,0,0
2004,200263,2,1,0,0,0,0,0,0,0,0,0,0
2004,200264,1,1,0,0,0,0,0,0,0,0,0,0
2004,200264,2,1,0,0,0,0,0,0,0,0,0,0
2004,200265,1,1,0,0,0,0,0,0,0,0,0,0
2004,200265,2,1,0,0,0,0,0,0,0,0,0,0
2004,200266,1,1,2,2,2,2,2,2,2,2,2,2
2004,200267,1,1,0,0,0,0,0,0,0,0,0,0
2004,200267,2,1,0,0,0,0,0,0,0,0,0,0
2004,200268,1,1,0,0,0,0,0,0,0,0,0,0
2004,200268,2,1,0,0,0,0,0,0,0,0,0,0
2004,200270,1,1,16,16,16,16,16,16,16,16,16,16
2004,200271,1,1,0,0,0,0,0,0,0,0,0,0
2004,200272,0,1,14,0,0,0,0,0,0,0,0,0
2004,200272,1,1,0,0,0,0,0,0,0,0,0,0
2004,200272,2,1,0,0,0,0,0,0,0,0,0,0
2004,200273,1,1,0,0,0,0,0,0,0,0,0,0
2004,200274,1,1,33,33,33,33,33,33,33,33,33,33
2004,200275,1,1,0,0,0,0,0,0,0,0,0,0
2004,200275,2,1,0,0,0,6,0,0,0,0,0,0