YEAR,ST_CASE,veh_no,per_no,P1,P2,P3,P4,P5,P6,P7,P8,P9,P10
2004,210465,2,1,0,0,0,0,0,0,0,0,0,0
2004,210466,1,1,13,13,13,13,13,13,13,13,13,13
2004,210467,1,1,0,0,0,0,0,0,0,0,0,0
2004,210467,2,1,0,0,0,0,0,0,0,0,0,0
2004,210468,1,1,0,0,0,0,0,0,0,0,0,0
2004,210468,2,1,0,0,0,0,0,0,0,0,0,0
2004,210469,1,1,0,0,0,0,0,0,0,0,0,0
2004,210470,0,1,2,2,2,2,2,2,2,2,2,2
2004,210470,1,1,7,7,7,7,7,7,7,7,7,7
2004,210471,1,1,0,0,0,0,0,0,0,0,0,0
2004,210472,1,1,18,18,18,18,18,18,18,18,18,18
2004,210472,2,1,0,0,0,0,0,0,0,0,0,0
2004,210473,1,1,0,0,0,0,0,0,0,0,0,0
2004,210474,1,1,0,0,0,0,0,0,0,0,0,0
2004,210475,1,1,0,0,0,0,0,0,0,0,0,0
2004,210476,1,1,12,12,12,12,12,12,12,12,12,12
2004,210476,2,1,0,0,0,0,0,0,0,0,0,0
2004,210477,1,1,0,0,0,0,0,0,0,0,0,0
2004,210477,2,1,0,0,0,0,0,0,0,0,0,0
2004,210477,3,1,0,0,0,0,0,6,0,0,0,0
2004,210478,1,1,13,10,0,0,0,0,0,0,0,10
2004,210479,1,1,0,0,0,0,0,0,0,0,0,0
2004,210479,2,1,0,0,0,0,0,0,0,0,0,0
2004,210480,1,1,0,0,0,0,0,0,0,0,0,0
2004,210480,2,1,0,21,0,0,17,0,0,0,0,0
2004,210480,3,1,0,0,0,0,0,0,0,0,0,0
2004,210481,1,1,0,19,0,0,0,0,0,0,15,19
2004,210482,1,1,0,0,0,0,0,0,0,0,0,0
2004,210483,1,1,0,0,0,0,0,0,0,0,0,0
2004,210483,2,1,0,0,0,0,0,0,0,0,0,0
2004,210484,1,1,0,0,0,0,0,0,0,0,0,0
2004,210485,1,1,0,8,0,0,8,11,7,7,0,16
2004,210486,1,1,0,0,0,0,0,0,0,18,0,0
2004,210486,2,1,0,0,0,0,0,0,0,0,0,0
2004,210487,1,1,0,0,0,0,0,0,0,0,0,0
2004,210487,2,1,0,0,0,0,0,0,0,0,0,0
2004,210487,3,1,0,0,0,0,0,0,0,0,0,0
2004,210488,1,1,0,0,0,0,0,0,0,0,0,0
2004,210488,2,1,17,17,17,17,17,17,17,17,17,17
2004,210489,0,1,4,0,0,0,0,45,21,8,0,6
2004,210489,1,1,0,0,0,0,0,0,0,0,21,0
2004,210489,2,1,0,0,0,0,0,0,0,0,0,0
2004,210490,1,1,0,0,0,0,0,0,0,0,0,0
2004,210490,2,1,0,0,0,0,0,0,0,0,0,0
2004,210491,1,1,0,16,2,35,14,8,25,0,20,33
2004,210492,1,1,19,16,7,10,12,14,11,15,16,22
2004,210493,1,1,0,0,0,0,0,0,0,0,0,0
2004,210493,2,1,0,0,0,0,0,0,0,0,0,0
2004,210494,1,1,9,9,9,9,9,9,9,9,9,9
2004,210495,1,1,0,0,0,0,0,0,0,0,0,0
2004,210495,2,1,0,0,0,0,0,0,0,0,0,0
2004,210496,1,1,17,17,17,17,17,17,17,17,17,17
2004,210497,1,1,0,0,0,0,0,0,0,0,0,0
2004,210498,1,1,0,0,0,0,0,0,0,0,0,0
2004,210498,2,1,0,0,0,0,0,0,0,0,0,0
2004,210499,1,1,13,21,17,19,17,15,11,6,20,4
2004,210500,1,1,0,0,0,0,0,0,0,0,0,0
2004,210501,1,1,0,0,0,0,0,0,0,0,0,0
2004,210501,2,1,0,0,0,0,0,0,0,0,0,0
2004,210502,1,1,17,17,17,17,17,17,17,17,17,17
2004,210502,2,1,2,2,2,2,2,2,2,2,2,2
2004,210503,1,1,34,34,34,34,34,34,34,34,34,34
2004,210503,2,1,0,0,0,0,0,0,0,0,0,0
2004,210503,3,1,0,0,0,0,0,0,0,0,0,0
2004,210504,1,1,13,17,21,27,25,22,7,13,9,28
2004,210505,0,1,0,0,0,0,0,0,0,0,0,0
2004,210505,1,1,0,0,0,0,0,0,0,0,0,0
2004,210506,1,1,0,0,0,0,0,0,0,0,0,0
2004,210506,2,1,0,0,0,0,0,0,0,0,0,0
2004,210507,1,1,0,0,0,0,10,10,0,0,13,0
2004,210508,1,1,0,0,0,0,0,0,0,0,0,0
2004,210509,1,1,0,0,0,0,0,0,0,0,0,0
2004,210509,2,1,0,0,0,0,0,0,0,0,0,0
2004,210510,0,1,0,0,0,0,0,0,0,0,0,0
2004,210510,1,1,0,0,0,0,0,0,0,0,0,0
2004,210511,1,1,0,0,0,0,0,0,0,0,0,0
2004,210511,2,1,0,0,0,0,0,0,0,0,0,0
2004,210512,1,1,0,0,0,0,0,0,0,0,0,0
2004,210512,2,1,0,0,0,0,0,0,0,0,0,0
2004,210513,1,1,0,0,0,0,0,0,0,0,0,0
2004,210514,1,1,0,0,0,0,0,0,0,0,0,0
2004,210515,1,1,15,17,8,28,11,17,19,27,30,13
2004,210516,1,1,20,20,20,20,20,20,20,20,20,20
2004,210517,1,1,9,9,9,9,9,9,9,9,9,9
2004,210518,1,1,0,0,0,0,0,0,0,0,0,0
2004,210518,2,1,0,0,0,0,0,0,0,0,0,0
2004,210519,1,1,16,16,16,16,16,16,16,16,16,16
2004,210520,1,1,10,10,10,10,10,10,10,10,10,10
2004,210521,1,1,16,16,16,16,16,16,16,16,16,16
2004,210522,1,1,12,0,13,0,0,25,18,0,0,0
2004,210522,2,1,0,0,0,0,0,0,0,0,0,0
2004,210523,1,1,0,0,0,0,0,0,0,0,0,0
2004,210523,2,1,0,0,0,0,0,0,0,0,0,0
2004,210524,1,1,20,0,0,0,0,0,0,9,0,0
2004,210525,0,1,21,21,15,0,0,0,0,0,0,26
2004,210525,1,1,0,0,4,0,0,0,0,0,0,0
2004,210526,1,1,0,0,0,0,0,0,0,0,0,0
2004,210526,2,1,0,0,0,0,0,0,0,0,0,0
2004,210527,1,1,0,0,0,0,0,0,0,0,0,0
2004,210528,1,1,0,0,0,0,0,0,0,0,0,0
2004,210528,2,1,0,0,0,0,0,0,11,0,0,0
2004,210529,1,1,0,0,0,0,0,0,0,0,0,0
2004,210529,2,1,0,0,0,0,0,0,0,0,0,0
2004,210530,1,1,0,0,0,0,0,0,0,0,0,0
2004,210531,1,1,0,0,0,0,0,0,0,0,0,0
2004,210531,2,1,0,0,0,0,0,0,0,0,0,0
2004,210532,1,1,0,0,0,20,0,15,0,0,0,0
2004,210533,1,1,20,20,20,20,20,20,20,20,20,20
2004,210534,1,1,0,0,0,0,0,0,0,0,0,0
2004,210535,1,1,0,0,0,0,0,0,0,0,0,0
2004,210535,2,1,0,0,0,0,0,0,0,0,0,0
2004,210536,1,1,0,0,0,0,26,6,10,9,0,0
2004,210537,1,1,0,0,0,0,0,0,0,0,0,0
2004,210537,2,1,0,0,0,0,0,0,0,0,0,0
2004,210538,1,1,0,0,0,0,0,0,0,0,0,0
2004,210539,1,1,9,9,9,9,9,9,9,9,9,9
2004,210540,1,1,0,0,0,0,0,0,0,0,0,0
2004,210540,2,1,0,0,0,0,0,0,0,0,0,0
2004,210541,1,1,0,0,0,0,0,0,0,0,0,0
2004,210541,2,1,0,0,0,0,0,0,0,0,0,0
2004,210542,1,1,23,23,23,23,23,23,23,23,23,23
2004,210543,1,1,0,0,0,0,0,0,0,0,0,0
2004,210543,2,1,0,0,0,0,0,0,0,0,0,0
2004,210544,1,1,0,0,0,0,0,0,0,0,0,0
2004,210544,2,1,0,0,0,17,0,0,0,0,0,0
2004,210544,3,1,0,0,0,0,0,0,0,0,0,0
2004,210545,1,1,15,15,15,15,15,15,15,15,15,15
2004,210547,1,1,0,0,0,0,0,0,0,0,0,0
2004,210548,1,1,0,0,0,0,0,0,0,0,0,0
2004,210548,2,1,0,0,0,0,0,0,0,0,0,0
2004,210549,1,1,0,0,0,0,0,0,0,0,0,0
2004,210550,1,1,0,13,29,0,8,0,15,21,21,0
2004,210551,1,1,0,0,18,0,0,0,0,0,0,0
2004,210552,1,1,19,19,19,19,19,19,19,19,19,19
2004,210553,1,1,8,0,0,0,0,0,0,0,0,0
2004,210553,2,1,0,0,0,0,0,0,0,0,0,0
2004,210554,1,1,21,18,16,22,34,36,6,31,28,24
2004,210555,1,1,0,0,0,0,0,0,0,0,0,0
2004,210556,1,1,10,0,0,0,0,0,0,0,0,0
2004,210556,2,1,0,0,0,0,0,0,0,0,0,0
2004,210557,1,1,0,0,0,0,0,0,0,0,0,0
2004,210557,2,1,0,0,0,0,0,0,0,0,0,0
2004,210558,1,1,17,18,31,29,31,21,22,11,14,24
2004,210559,1,1,0,0,0,0,0,0,0,0,0,0
2004,210560,1,1,0,0,0,0,0,0,0,0,0,0
2004,210561,1,1,13,13,13,13,13,13,13,13,13,13
2004,210561,2,1,0,0,0,0,0,0,0,0,0,0
2004,210562,1,1,0,0,24,19,18,0,22,0,0,0
2004,210563,1,1,0,5,0,0,0,0,0,0,0,0
2004,210563,2,1,0,0,0,0,0,0,0,0,0,0
2004,210564,1,1,0,0,0,0,0,0,0,0,0,0
2004,210564,2,1,0,0,0,0,0,0,0,0,0,0
2004,210565,1,1,0,0,0,0,0,0,0,0,0,0
2004,210565,2,1,0,0,0,0,0,22,0,14,0,0
2004,210566,1,1,0,0,0,0,0,0,0,0,0,0
2004,210566,2,1,0,0,0,0,0,0,0,0,0,0
2004,210567,1,1,0,0,0,0,12,0,0,0,7,11
2004,210568,1,1,0,0,0,0,0,0,0,0,0,0
2004,210568,2,1,0,0,0,0,0,0,0,0,0,0
2004,210569,1,1,0,0,0,0,0,0,0,0,0,0
2004,210570,1,1,0,0,0,0,0,0,0,0,0,0
2004,210570,2,1,0,0,0,0,0,0,0,0,0,0
2004,210570,3,1,0,0,0,0,0,0,0,0,0,0
2004,210571,1,1,0,0,0,0,0,0,0,0,0,0
2004,210572,1,1,0,0,0,0,0,0,0,0,0,0
2004,210573,1,1,14,14,14,14,14,14,14,14,14,14
2004,210573,2,1,0,0,0,0,0,0,0,0,0,0
2004,210574,1,1,19,12,0,0,0,0,0,0,0,0
2004,210574,2,1,0,0,0,0,0,0,0,0,0,0
2004,210575,1,1,27,0,0,16,0,0,0,0,0,0
2004,210576,1,1,17,12,11,19,19,19,33,20,18,22
2004,210577,1,1,0,0,0,0,0,0,0,0,0,0
2004,210577,2,1,0,0,0,0,0,0,0,0,0,0
2004,210578,1,1,0,0,0,0,0,0,0,0,0,0
2004,210578,2,1,0,0,0,0,0,0,0,0,0,0
2004,210579,1,1,0,0,0,0,0,0,0,0,0,0
2004,210579,2,1,0,0,0,0,0,0,0,0,0,0
2004,210580,1,1,4,4,4,4,4,4,4,4,4,4
2004,210581,1,1,28,28,28,28,28,28,28,28,28,28
2004,210582,1,1,0,0,0,0,0,0,0,0,0,0
2004,210583,1,1,0,0,0,0,0,0,0,0,0,0
2004,210584,1,1,0,0,0,0,0,0,0,0,0,0
2004,210585,1,1,0,0,0,0,19,0,0,0,12,0
2004,210586,1,1,0,0,0,0,0,0,0,0,0,0
2004,210587,1,1,0,0,0,0,0,0,0,0,0,0
2004,210587,2,1,0,0,0,0,0,0,0,0,0,0
2004,210588,1,1,0,0,0,0,0,0,0,0,0,0
2004,210589,1,1,0,0,0,0,0,0,0,0,0,6
2004,210589,2,1,0,0,0,0,0,0,0,0,0,0
2004,210590,1,1,0,0,0,0,0,0,0,0,0,0
2004,210590,2,1,0,0,0,0,0,0,0,0,0,0
2004,210591,1,1,0,0,0,0,0,0,0,0,0,0
2004,210592,0,1,0,0,0,0,0,0,0,0,0,0
2004,210592,1,1,0,0,0,0,0,0,0,0,0,0
2004,210593,1,1,13,0,0,0,0,0,0,0,0,0
2004,210593,2,1,0,0,0,0,0,0,0,0,0,0
2004,210594,1,1,16,16,16,16,16,16,16,16,16,16
2004,210595,0,1,30,12,0,26,4,31,0,0,0,0
2004,210595,1,1,0,0,0,0,9,0,0,0,0,0
2004,210595,2,1,0,0,0,0,0,0,0,0,0,0
2004,210596,1,1,0,0,0,0,0,0,0,0,0,0
2004,210597,1,1,16,0,0,0,28,20,0,11,0,0
2004,210598,1,1,34,34,34,34,34,34,34,34,34,34
2004,210599,1,1,0,0,0,0,0,0,0,0,0,0
2004,210599,2,1,0,0,0,0,0,0,0,0,0,0
2004,210600,1,1,6,6,6,6,6,6,6,6,6,6
2004,210601,1,1,0,0,0,0,0,0,0,0,0,0
2004,210602,1,1,0,0,0,0,0,0,0,0,0,0
2004,210603,1,1,0,0,0,0,0,0,0,0,0,0
2004,210604,0,1,15,0,0,12,35,21,0,17,26,10
2004,210604,1,1,0,0,0,0,0,0,20,0,0,0
2004,210605,1,1,0,0,0,0,0,0,0,0,0,0
2004,210605,2,1,0,0,0,0,0,0,0,0,0,0
2004,210605,3,1,0,0,0,0,0,0,0,0,0,0
2004,210606,1,1,0,0,0,0,0,0,0,0,0,0
2004,210606,2,1,0,0,0,0,0,0,0,0,0,0
2004,210606,3,1,0,0,0,0,0,0,0,0,0,0
2004,210606,4,1,0,0,0,0,0,0,18,0,0,0
2004,210606,5,1,0,0,0,0,0,0,0,0,0,0
2004,210606,6,1,0,0,0,0,0,0,0,0,0,0
2004,210607,1,1,16,18,13,19,12,11,19,22,12,8
2004,210608,0,1,0,0,0,0,0,0,0,0,0,0
2004,210608,1,1,0,0,0,0,10,0,0,0,0,0
2004,210609,1,1,21,21,21,21,21,21,21,21,21,21
2004,210610,1,1,13,4,15,9,0,0,15,0,9,0
2004,210611,1,1,20,11,10,3,23,12,20,9,14,37
2004,210612,1,1,14,14,14,14,14,14,14,14,14,14
2004,210612,2,1,21,0,0,0,0,0,0,13,0,13
2004,210613,1,1,12,12,12,12,12,12,12,12,12,12
2004,210614,0,1,0,0,0,0,0,5,0,0,0,0
2004,210614,1,1,0,0,0,0,0,0,0,0,0,0
2004,210615,1,1,6,6,6,6,6,6,6,6,6,6
2004,210616,1,1,0,0,0,0,0,0,0,0,0,0
2004,210617,1,1,0,0,0,0,0,0,0,0,0,0
2004,210618,1,1,0,0,0,0,0,0,0,0,0,0
2004,210619,0,1,0,0,0,0,0,0,0,0,0,0
2004,210619,1,1,0,0,0,27,0,0,5,0,0,0
2004,210620,0,1,27,20,0,7,23,26,10,26,0,13
2004,210620,1,1,0,0,0,0,0,0,0,0,0,0
2004,210621,1,1,0,0,0,0,0,0,0,0,0,0
2004,210622,1,1,0,10,0,0,0,0,0,0,0,0
2004,210622,2,1,0,0,0,0,0,0,0,0,0,0
2004,210623,1,1,18,12,35,24,37,0,0,0,0,0
2004,210624,1,1,22,0,0,0,0,0,0,0,0,0
2004,210625,1,1,27,27,27,27,27,27,27,27,27,27
2004,210626,1,1,14,21,17,14,39,0,12,9,15,14
2004,210627,1,1,0,0,0,0,0,0,0,0,0,0
2004,210628,1,1,0,0,0,0,0,0,0,0,0,0
2004,210628,2,1,0,0,0,0,0,0,0,0,0,0
2004,210629,1,1,0,0,0,0,9,0,0,0,0,0
2004,210630,0,1,35,35,35,35,35,35,35,35,35,35
2004,210630,1,1,0,0,0,0,0,0,0,0,0,0
2004,210631,1,1,15,15,15,15,15,15,15,15,15,15
2004,210631,2,1,0,0,0,0,0,0,0,0,0,0
2004,210632,1,1,18,18,18,18,18,18,18,18,18,18
2004,210633,1,1,28,28,28,28,28,28,28,28,28,28
2004,210634,1,1,0,0,0,0,0,0,0,0,0,0
2004,210635,1,1,0,0,0,0,0,0,0,0,0,0
2004,210635,2,1,0,0,0,0,0,0,0,0,0,0
2004,210636,1,1,0,0,0,0,0,0,0,0,0,0
2004,210636,2,1,0,0,0,0,0,0,0,0,0,0
2004,210637,1,1,0,0,0,18,0,0,0,0,11,0
2004,210637,2,1,0,0,0,0,0,0,0,0,0,0
2004,210638,1,1,18,18,18,18,18,18,18,18,18,18
2004,210638,2,1,0,0,0,0,0,0,0,0,0,0
2004,210639,1,1,0,0,0,0,0,0,0,0,0,0
2004,210639,2,1,0,0,0,0,0,0,0,0,0,0
2004,210640,1,1,0,0,0,0,0,0,0,0,0,0
2004,210640,2,1,0,0,0,0,0,0,0,0,0,0
2004,210641,1,1,0,0,0,0,0,0,0,0,0,0
2004,210642,1,1,16,22,29,22,14,16,14,25,19,15
2004,210643,1,1,0,0,0,0,0,0,0,0,0,0
2004,210644,1,1,0,0,0,0,0,0,0,0,0,0
2004,210645,1,1,0,0,0,0,0,0,0,0,0,0
2004,210646,1,1,0,0,0,0,0,0,0,0,0,0
2004,210647,1,1,0,0,0,0,0,14,0,0,0,0
2004,210647,2,1,0,0,0,0,0,0,0,0,0,0
2004,210647,3,1,0,0,0,0,0,0,0,0,0,0
2004,210648,1,1,22,22,22,22,22,22,22,22,22,22
2004,210649,1,1,0,0,0,0,0,0,0,0,0,0
2004,210650,1,1,0,0,0,0,0,0,6,0,0,0
2004,210650,2,1,0,0,0,0,0,0,0,0,0,0
2004,210651,1,1,23,19,19,15,21,11,0,22,35,13
2004,210652,1,1,0,0,0,0,0,0,0,0,0,0
2004,210652,2,1,0,0,0,0,0,0,0,0,0,0
2004,210653,1,1,0,0,0,0,0,0,0,0,0,0
2004,210653,2,1,0,0,11,0,0,0,0,0,0,0
2004,210654,1,1,0,0,0,0,0,13,0,6,18,0
2004,210655,1,1,0,0,0,7,0,0,0,0,0,0
2004,210655,2,1,0,0,0,0,0,0,0,0,0,0
2004,210655,3,1,0,0,0,0,0,0,0,0,0,0
2004,210656,1,1,0,0,0,0,0,0,0,0,0,0
2004,210656,2,1,0,0,0,0,0,0,7,0,0,0
2004,210657,1,1,0,0,0,0,0,0,0,0,0,0
2004,210657,2,1,0,0,0,0,0,0,0,0,0,0
2004,210657,3,1,0,0,0,0,0,0,0,0,0,0
2004,210657,4,1,0,0,0,0,0,0,0,0,0,0
2004,210658,1,1,14,14,14,14,14,14,14,14,14,14
2004,210659,0,1,7,7,7,7,7,7,7,7,7,7
2004,210659,1,1,0,0,0,0,0,0,0,0,0,4
2004,210660,1,1,0,0,18,0,0,0,0,0,0,17
2004,210660,2,1,0,0,0,0,0,0,0,0,0,0
2004,210661,1,1,0,0,0,0,0,0,0,0,0,0
2004,210661,2,1,0,0,0,0,0,0,0,0,0,0
2004,210662,0,1,0,0,0,0,0,0,0,0,0,0
2004,210662,1,1,0,0,0,0,0,0,0,0,0,0
2004,210663,0,1,0,0,0,0,0,0,0,10,0,0
2004,210663,1,1,0,0,0,0,0,0,0,0,0,0
2004,210664,1,1,0,0,7,0,0,0,13,0,0,0
2004,210664,2,1,0,0,0,0,0,0,0,0,0,0
2004,210665,1,1,0,0,0,0,0,0,0,0,0,0
2004,210666,1,1,15,15,15,15,15,15,15,15,15,15
2004,210667,1,1,20,20,20,20,20,20,20,20,20,20
2004,210668,1,1,0,0,0,0,0,0,0,0,0,0
2004,210668,2,1,0,0,0,0,0,0,0,0,0,0
2004,210669,1,1,0,0,0,0,0,0,0,0,0,0
2004,210669,2,1,0,0,0,0,0,0,0,0,0,0
2004,210669,3,1,0,13,0,0,0,0,0,0,0,0
2004,210670,1,1,15,5,8,15,12,21,13,20,11,6
2004,210671,1,1,11,0,15,0,0,0,0,0,0,0
2004,210672,1,1,0,0,0,12,0,0,0,0,0,0
2004,210673,1,1,0,0,0,0,0,0,0,0,0,0
2004,210673,2,1,0,0,0,0,0,0,0,0,0,0
2004,210674,1,1,0,0,0,0,0,0,0,0,0,0
2004,210674,2,1,0,0,0,0,0,0,0,0,0,0
2004,210675,1,1,0,0,0,0,0,0,0,0,0,0
2004,210675,2,1,15,0,0,0,0,0,12,0,0,0
2004,210676,1,1,23,23,23,23,23,23,23,23,23,23
2004,210677,1,1,0,0,0,0,0,0,0,0,0,0
2004,210677,2,1,0,0,0,0,0,0,0,0,0,0
2004,210678,1,1,0,0,0,0,0,0,0,0,0,0
2004,210678,2,1,0,0,0,0,0,0,0,0,0,0
2004,210679,1,1,0,0,0,0,0,0,0,0,0,0
2004,210679,2,1,0,0,0,0,0,0,0,0,0,0
2004,210680,1,1,11,19,28,18,13,0,15,7,20,14
2004,210680,2,1,0,0,0,0,0,0,0,0,0,0
2004,210680,3,1,0,0,7,0,26,13,0,0,0,0
2004,210680,4,1,0,8,8,0,0,0,0,0,0,0
2004,210681,1,1,0,0,0,0,0,0,0,0,0,0
2004,210681,2,1,0,0,0,0,0,0,0,0,0,0
2004,210682,1,1,0,0,0,22,0,0,0,0,0,0
2004,210683,0,1,20,21,5,8,41,17,9,23,5,25
2004,210683,1,1,10,10,10,10,10,10,10,10,10,10
2004,210684,1,1,0,0,0,0,0,0,0,0,0,0
2004,210685,1,1,0,0,0,0,0,0,0,0,0,0
2004,210685,2,1,0,0,0,0,0,0,0,0,0,0
2004,210686,1,1,14,14,14,14,14,14,14,14,14,14
2004,210687,1,1,0,0,0,0,0,0,0,0,0,0
2004,210687,2,1,0,0,0,0,0,0,0,0,0,0
2004,210688,1,1,0,0,0,0,0,0,0,0,0,0
2004,210688,2,1,0,0,0,0,0,0,0,0,0,0
2004,210689,1,1,0,0,0,0,0,0,0,0,0,0
2004,210689,2,1,0,0,0,0,0,0,0,0,0,0
2004,210690,1,1,0,0,0,0,0,0,0,0,0,0
2004,210691,1,1,0,0,0,0,0,0,0,0,0,0
2004,210692,1,1,0,0,0,0,0,0,0,0,0,0
2004,210692,2,1,0,0,0,0,0,0,0,0,0,0
2004,210693,1,1,0,0,0,0,0,0,0,17,0,0
2004,210694,1,1,0,0,0,0,0,0,0,0,0,0
2004,210695,1,1,0,0,0,0,0,0,0,0,0,0
2004,210695,2,1,0,0,0,0,0,0,0,0,0,0
2004,210696,0,1,0,0,11,0,13,0,0,0,15,0
2004,210696,1,1,0,0,0,0,0,0,0,0,0,0
2004,210697,1,1,0,0,0,0,0,0,0,0,0,0
2004,210697,2,1,0,0,0,0,0,0,0,0,0,0
2004,210698,0,1,0,0,0,18,0,0,0,0,0,0
2004,210698,1,1,0,0,0,0,0,0,0,0,0,0
2004,210699,1,1,0,0,0,0,0,0,0,0,0,0
2004,210699,2,1,0,0,0,0,0,0,0,0,0,0
2004,210700,1,1,0,0,0,0,0,0,0,0,0,0
2004,210701,0,1,0,0,0,0,0,0,0,0,0,0
2004,210701,1,1,0,0,0,0,0,0,0,0,0,0
2004,210702,1,1,0,0,0,0,0,0,0,0,0,0
2004,210702,2,1,0,0,0,0,0,0,0,0,0,10
2004,210703,1,1,0,0,0,0,0,0,0,0,0,0
2004,210703,2,1,0,0,0,0,0,0,0,0,0,0
2004,210704,1,1,0,0,0,0,0,0,0,0,0,0
2004,210704,2,1,0,0,0,0,0,0,0,0,0,0
2004,210705,1,1,20,20,20,20,20,20,20,20,20,20
2004,210706,1,1,0,0,0,0,0,4,0,0,0,0
2004,210706,2,1,0,0,0,0,0,0,0,0,0,0
2004,210707,1,1,0,0,0,0,0,0,3,14,0,0
2004,210707,2,1,0,0,0,0,0,0,0,8,0,0
2004,210708,1,1,0,0,0,0,0,0,0,0,0,0
2004,210708,2,1,0,0,0,0,0,0,0,0,0,0
2004,210709,1,1,0,0,0,0,0,0,0,0,0,0
2004,210709,2,1,0,0,0,0,0,0,0,0,0,0
2004,210710,1,1,0,0,0,0,0,0,0,0,0,0
2004,210710,2,1,0,0,0,0,0,0,0,0,0,0
2004,210710,3,1,0,0,0,0,0,0,0,0,0,0
2004,210711,0,1,0,0,0,0,0,0,0,0,0,0
2004,210711,1,1,0,0,0,0,28,0,0,0,0,0
2004,210712,1,1,0,0,7,17,0,12,7,22,3,0
2004,210713,1,1,0,0,0,0,0,0,0,0,0,0
2004,210713,2,1,0,0,0,0,0,0,0,0,0,0
2004,210714,1,1,0,0,0,8,0,0,0,0,0,0
2004,210714,2,1,0,0,0,0,0,0,0,0,0,0
2004,210715,1,1,8,27,16,36,19,25,27,27,28,26
2004,210716,1,1,0,0,0,0,0,0,0,0,0,0
2004,210717,1,1,0,0,0,0,0,0,0,0,0,0
2004,210717,2,1,0,0,0,0,0,0,0,0,0,0
2004,210718,1,1,24,24,24,24,24,24,24,24,24,24
2004,210719,1,1,18,23,18,19,13,29,0,25,22,0
2004,210720,1,1,0,0,0,0,0,0,0,0,0,0
2004,210720,2,1,0,0,0,0,0,0,0,0,0,0
2004,210721,1,1,0,0,0,0,0,0,0,0,0,0
2004,210722,1,1,0,0,0,0,0,0,0,15,0,0
2004,210722,2,1,0,0,0,0,0,0,0,0,0,0
2004,210723,1,1,0,0,0,0,0,0,0,0,0,0
2004,210723,2,1,0,0,0,0,0,0,0,0,0,0
2004,210724,1,1,25,25,25,25,25,25,25,25,25,25
2004,210725,1,1,0,0,0,0,0,0,0,0,0,0
2004,210725,2,1,0,6,0,0,0,0,0,0,0,0
2004,210726,1,1,0,0,0,0,0,0,0,0,0,0
2004,210727,1,1,0,0,0,0,0,0,0,0,0,0
2004,210727,2,1,0,0,0,0,0,0,0,0,0,0
2004,210728,1,1,0,0,0,0,0,0,0,0,0,0
2004,210728,2,1,0,0,0,0,0,0,0,0,0,0
2004,210729,1,1,0,0,0,0,0,0,0,0,0,0
2004,210729,2,1,0,0,0,0,0,0,0,0,0,0
2004,210730,1,1,0,0,0,0,0,0,0,0,0,0
2004,210730,2,1,0,0,0,0,0,0,0,21,0,0
2004,210730,3,1,0,0,0,0,0,0,0,0,0,0
2004,210731,1,1,0,0,0,0,0,0,0,0,0,0
2004,210731,2,1,0,0,0,0,0,0,0,0,0,0
2004,210731,3,1,0,0,0,0,0,0,0,0,0,0
2004,210732,1,1,23,23,23,23,23,23,23,23,23,23
2004,210733,1,1,0,0,0,0,0,0,0,0,0,0
2004,210733,2,1,0,0,0,0,0,0,0,0,0,0
2004,210734,1,1,0,13,0,0,18,0,5,0,0,0
2004,210735,1,1,0,0,0,0,0,0,20,0,0,0
2004,210735,2,1,0,0,0,0,0,0,0,0,0,0
2004,210735,3,1,0,0,0,0,0,0,0,0,0,0
2004,210736,1,1,20,20,20,20,20,20,20,20,20,20
2004,210736,2,1,0,0,7,0,13,0,0,0,0,0
2004,210736,3,1,0,0,0,0,0,0,0,0,0,0
2004,210736,4,1,0,0,5,0,0,0,0,0,14,0
2004,210737,1,1,0,0,0,0,0,0,0,0,0,0
2004,210738,1,1,0,0,0,0,0,0,0,0,0,0
2004,210738,2,1,0,0,0,0,0,0,0,0,0,0
2004,210739,1,1,0,0,0,0,0,0,0,0,0,0
2004,210739,2,1,0,0,0,0,0,0,0,0,0,0
2004,210740,0,1,0,0,0,0,0,0,0,0,0,23
2004,210740,1,1,0,0,0,0,0,0,0,0,0,0
2004,210741,1,1,0,0,0,0,0,0,0,24,15,0
2004,210742,1,1,24,24,24,24,24,24,24,24,24,24
2004,210742,2,1,0,0,0,0,0,0,0,0,0,0
2004,210743,1,1,0,0,0,0,0,0,0,5,0,0
2004,210744,1,1,0,0,0,0,0,0,0,0,0,0
2004,210744,2,1,0,0,0,0,0,0,0,0,0,0
2004,210744,3,1,0,0,0,0,0,0,0,0,0,0
2004,210745,1,1,0,0,0,0,0,0,0,0,0,0
2004,210745,2,1,0,0,0,0,0,0,0,0,0,0
2004,210746,1,1,0,0,0,0,0,0,0,0,0,0
2004,210746,2,1,0,0,0,0,0,0,0,0,0,0
2004,210747,1,1,0,0,0,0,0,0,0,0,0,0
2004,210747,2,1,0,0,0,0,0,0,0,0,0,0
2004,210748,1,1,0,0,0,0,0,0,0,0,0,0
2004,210749,1,1,0,0,16,0,0,0,0,0,0,0
2004,210749,2,1,0,0,0,0,0,0,0,0,0,0
2004,210749,3,1,0,0,0,0,0,0,0,0,0,0
2004,210750,1,1,17,17,17,17,17,17,17,17,17,17
2004,210750,2,1,12,12,12,12,12,12,12,12,12,12
2004,210751,1,1,0,0,0,0,0,0,0,0,0,0
2004,210752,1,1,0,0,0,0,0,0,0,0,0,22
2004,210752,2,1,0,0,0,0,23,0,0,0,4,0
2004,210753,1,1,0,0,0,0,0,0,0,0,10,0