YEAR,ST_CASE,veh_no,per_no,P1,P2,P3,P4,P5,P6,P7,P8,P9,P10
2004,210753,2,1,0,0,0,0,0,0,0,0,0,0
2004,210754,1,1,8,4,23,20,9,35,19,34,9,25
2004,210754,2,1,0,0,0,0,0,0,0,0,0,0
2004,210755,1,1,0,25,0,0,0,0,0,0,0,17
2004,210755,2,1,0,0,0,0,0,0,0,0,0,0
2004,210756,1,1,0,0,0,0,0,0,0,0,0,0
2004,210756,2,1,0,0,0,0,0,0,0,0,0,0
2004,210757,1,1,0,0,0,11,0,0,0,15,0,0
2004,210757,2,1,0,0,0,0,0,0,0,0,0,0
2004,210758,1,1,0,0,0,0,0,4,0,0,0,0
2004,210759,0,1,0,0,0,0,0,11,0,0,0,0
2004,210759,1,1,0,0,0,0,0,0,0,0,0,0
2004,210760,1,1,21,26,8,23,28,27,12,7,15,20
2004,210760,2,1,0,0,0,0,0,0,0,0,0,0
2004,210761,1,1,0,0,0,16,6,29,0,15,0,12
2004,210762,1,1,0,0,0,0,0,0,0,0,0,0
2004,210762,2,1,0,0,0,0,0,0,0,0,0,0
2004,210762,3,1,0,0,0,0,0,0,0,0,0,0
2004,210763,1,1,0,0,0,0,0,0,0,0,0,0
2004,210763,2,1,0,0,0,0,0,0,0,0,0,0
2004,210764,1,1,15,15,15,15,15,15,15,15,15,15
2004,210764,2,1,0,0,0,0,0,0,0,0,0,0
2004,210765,1,1,7,7,7,7,7,7,7,7,7,7
2004,210766,1,1,0,0,0,0,0,11,0,26,0,10
2004,210766,2,1,17,0,0,0,0,0,0,0,0,0
2004,210767,0,1,0,0,0,0,0,0,0,0,0,0
2004,210767,1,1,0,0,0,0,0,0,0,0,0,0
2004,210768,1,1,0,0,0,0,0,0,0,0,0,0
2004,210769,1,1,8,15,12,20,11,11,11,15,14,7
2004,210769,2,1,6,21,18,16,12,13,21,22,12,0
2004,210770,1,1,0,0,0,0,23,0,0,23,0,0
2004,210771,1,1,0,0,0,0,0,0,0,0,0,0
2004,210772,1,1,0,0,0,0,0,0,0,8,0,0
2004,210772,2,1,0,0,0,0,0,0,0,0,0,0
2004,210772,3,1,0,0,0,0,0,0,0,0,0,3
2004,210773,1,1,0,0,0,0,0,0,0,0,0,0
2004,210773,2,1,0,0,0,45,0,0,0,0,0,0
2004,210774,1,1,0,0,0,0,0,0,0,0,0,0
2004,210774,2,1,0,0,0,0,0,0,0,0,0,0
2004,210775,1,1,0,16,0,28,0,3,0,0,8,0
2004,210776,1,1,0,0,0,0,0,0,0,0,0,0
2004,210777,1,1,0,0,0,0,0,0,0,0,0,0
2004,210778,1,1,38,24,12,27,24,26,9,13,19,17
2004,210779,1,1,0,0,0,0,0,0,0,0,0,0
2004,210779,2,1,0,0,0,0,0,0,0,0,0,0
2004,210780,1,1,0,0,0,0,0,0,0,0,0,0
2004,210781,1,1,0,0,0,0,0,0,0,0,0,0
2004,210781,2,1,0,0,0,0,0,0,0,0,0,0
2004,210782,1,1,0,0,0,0,0,0,0,0,0,0
2004,210782,2,1,0,0,0,0,0,0,0,0,0,18
2004,210783,1,1,0,0,0,0,0,14,0,0,0,0
2004,210783,2,1,0,0,0,0,0,0,0,0,21,0
2004,210784,1,1,27,27,27,27,27,27,27,27,27,27
2004,210784,2,1,0,21,0,0,0,11,0,0,0,0
2004,210785,1,1,0,0,0,0,0,0,0,0,0,0
2004,210785,2,1,0,0,0,0,0,0,0,0,0,0
2004,210786,1,1,0,0,0,0,0,0,0,0,0,0
2004,210787,1,1,0,0,0,0,0,0,0,0,0,0
2004,210787,2,1,0,0,0,0,13,16,0,0,0,0
2004,210788,1,1,0,0,0,0,0,0,0,0,0,0
2004,210788,2,1,0,0,0,0,0,0,0,0,0,0
2004,210789,1,1,24,24,24,24,24,24,24,24,24,24
2004,210790,1,1,0,14,11,0,0,0,0,0,0,32
2004,210791,1,1,0,0,0,0,0,14,0,0,0,0
2004,210792,1,1,0,0,0,0,0,0,0,0,0,0
2004,210793,1,1,31,31,31,31,31,31,31,31,31,31
2004,210794,1,1,0,0,0,0,0,0,0,0,0,0
2004,210794,2,1,0,0,0,0,0,0,0,0,0,0
2004,210795,1,1,0,0,0,0,0,0,0,0,0,0
2004,210795,2,1,0,0,0,0,0,0,0,0,0,0
2004,210796,1,1,0,0,0,0,0,0,0,0,0,0
2004,210796,2,1,0,0,0,0,0,23,0,0,0,0
2004,210797,1,1,10,10,10,10,10,10,10,10,10,10
2004,210798,1,1,24,24,24,24,24,24,24,24,24,24
2004,210799,1,1,0,0,0,0,0,0,0,0,0,0
2004,210800,1,1,16,16,16,16,16,16,16,16,16,16
2004,210800,2,1,0,0,0,0,0,0,0,0,0,0
2004,210801,1,1,0,0,0,0,0,0,0,0,0,0
2004,210802,1,1,0,0,0,0,0,0,0,0,0,0
2004,210802,2,1,0,0,0,0,0,0,0,0,0,0
2004,210803,1,1,0,0,25,0,0,0,0,0,0,22
2004,210804,1,1,0,0,0,0,0,17,0,0,0,0
2004,210804,2,1,0,0,0,0,0,0,0,0,0,0
2004,210805,0,1,0,0,0,0,0,0,0,0,0,0
2004,210805,1,1,0,0,0,0,0,0,0,0,0,0
2004,210806,1,1,0,0,0,0,0,0,0,0,0,2
2004,210806,2,1,0,0,0,0,0,0,0,0,0,0
2004,210806,3,1,0,0,0,0,0,0,0,0,0,0
2004,210807,1,1,0,0,0,0,0,0,0,0,0,0
2004,210808,1,1,28,28,28,28,28,28,28,28,28,28
2004,210809,1,1,0,0,0,0,0,0,0,0,0,0
2004,210810,1,1,0,0,0,0,0,0,0,0,0,0
2004,210810,2,1,0,0,0,0,0,0,0,0,0,0
2004,210810,3,1,0,0,0,0,0,0,0,0,0,0
2004,210811,0,1,32,14,0,0,21,21,15,16,15,0
2004,210811,1,1,0,0,0,0,0,0,0,0,0,0
2004,210812,1,1,0,0,0,0,0,0,0,0,0,0
2004,210813,1,1,0,0,0,0,0,0,0,0,0,0
2004,210814,1,1,0,0,0,0,0,0,0,0,0,0
2004,210815,1,1,0,0,0,0,0,0,0,0,0,0
2004,210816,1,1,0,0,0,0,0,0,0,12,0,0
2004,210816,2,1,0,0,0,0,0,0,0,0,18,0
2004,210817,1,1,0,0,0,0,0,0,0,0,0,0
2004,210817,2,1,0,0,0,0,0,0,0,0,0,0
2004,210817,3,1,0,0,0,0,0,0,0,0,0,0
2004,210818,1,1,20,20,20,20,20,20,20,20,20,20
2004,210819,1,1,0,0,0,0,0,0,0,0,0,0
2004,210819,2,1,0,0,0,0,0,0,0,0,0,0
2004,210819,3,1,0,0,0,0,0,0,0,0,0,0
2004,210819,4,1,0,0,0,0,0,0,0,0,0,0
2004,210819,5,1,0,0,0,0,0,0,0,0,0,0
2004,210819,6,1,0,0,0,0,0,0,0,0,0,0
2004,210820,1,1,19,19,19,19,19,19,19,19,19,19
2004,210821,1,1,0,0,0,0,0,0,0,0,0,0
2004,210821,2,1,0,0,0,0,0,0,0,0,0,0
2004,210822,1,1,0,0,0,0,0,0,0,0,25,0
2004,210822,2,1,0,0,0,0,0,0,0,0,0,0
2004,210823,1,1,21,21,21,21,21,21,21,21,21,21
2004,210823,2,1,0,0,0,0,0,0,0,0,0,0
2004,210824,1,1,0,0,0,0,0,0,19,0,0,0
2004,210825,1,1,0,0,0,0,0,0,0,0,0,0
2004,210826,1,1,11,11,11,11,11,11,11,11,11,11
2004,210826,2,1,0,0,0,0,0,0,0,0,0,0
2004,210827,1,1,24,24,24,24,24,24,24,24,24,24
2004,210828,0,1,6,6,6,6,6,6,6,6,6,6
2004,210828,1,1,8,0,0,18,0,0,0,0,0,0
2004,210829,1,1,41,0,0,0,0,8,12,11,0,0
2004,210829,2,1,0,0,0,0,0,0,0,0,0,0
2004,210830,1,1,22,15,25,22,37,0,25,0,15,18
2004,210831,1,1,0,0,0,0,0,0,0,0,0,0
2004,210832,1,1,0,0,0,0,0,0,0,0,0,0
2004,210832,2,1,0,0,0,0,0,0,0,0,0,0
2004,210832,3,1,0,0,0,0,0,0,0,0,0,0
2004,210833,1,1,0,0,0,0,0,0,0,0,0,0
2004,210834,0,1,21,21,21,21,21,21,21,21,21,21
2004,210834,1,1,0,0,0,0,0,0,0,0,0,0
2004,210835,1,1,0,0,0,0,0,0,0,0,0,0
2004,210835,2,1,0,0,0,0,0,0,0,0,0,0
2004,210836,0,1,0,22,0,0,16,0,8,0,0,0
2004,210836,1,1,20,0,10,0,0,14,0,0,0,16
2004,210837,1,1,0,0,0,0,0,0,0,0,0,0
2004,210838,1,1,21,21,21,21,21,21,21,21,21,21
2004,210839,1,1,0,0,0,0,0,0,0,0,0,0
2004,210839,2,1,0,0,0,0,0,0,0,0,0,0
2004,210840,1,1,0,0,0,0,0,0,0,0,0,0
2004,210840,2,1,0,0,0,0,0,0,0,0,0,0
2004,210841,1,1,0,0,0,0,0,0,0,0,0,0
2004,210841,2,1,0,0,0,0,0,0,0,0,0,0
2004,210842,1,1,0,0,0,0,0,0,0,0,0,0
2004,210842,2,1,0,0,0,0,0,0,0,0,0,10
2004,210843,1,1,0,0,0,0,0,0,0,0,0,0
2004,210844,1,1,0,25,0,0,12,16,0,0,10,8
2004,210845,1,1,0,0,0,0,0,8,0,0,0,0
2004,210846,1,1,0,0,0,0,0,0,0,0,0,0
2004,210846,2,1,0,0,0,0,0,0,0,0,0,0
2004,210847,1,1,0,0,0,0,0,0,0,0,0,0
2004,210848,1,1,0,0,0,0,0,0,0,0,0,0
2004,210848,2,1,0,0,0,0,0,0,0,0,0,0
2004,210849,1,1,18,18,18,18,18,18,18,18,18,18
2004,210849,2,1,0,0,0,0,0,0,0,0,0,0
2004,210850,1,1,12,12,12,12,12,12,12,12,12,12
2004,210851,1,1,0,0,0,0,0,0,0,0,0,0
2004,210852,1,1,0,0,0,0,0,0,0,0,0,0
2004,210852,2,1,0,0,0,0,0,0,0,0,0,0
2004,210852,3,1,0,0,0,0,0,0,0,0,0,0
2004,210853,1,1,0,0,19,0,0,9,0,0,0,16
2004,210854,1,1,0,0,0,3,0,0,21,0,36,0
2004,210855,1,1,0,11,0,0,0,12,0,0,0,0
2004,220001,0,1,0,0,4,0,0,0,0,51,14,0
2004,220001,1,1,0,0,0,0,0,0,0,0,0,0
2004,220002,1,1,13,22,20,0,27,15,9,15,30,27
2004,220003,1,1,0,0,0,0,0,0,0,0,0,0
2004,220003,2,1,0,0,0,0,0,0,0,0,0,0
2004,220004,1,1,8,0,15,21,6,23,0,21,30,19
2004,220005,1,1,0,0,0,0,0,0,0,0,0,0
2004,220005,2,1,0,0,0,0,0,0,0,0,0,0
2004,220006,1,1,0,0,0,0,0,0,0,0,0,0
2004,220007,1,1,19,19,19,19,19,19,19,19,19,19
2004,220008,0,1,0,0,0,10,0,0,0,0,0,0
2004,220008,1,1,0,0,0,0,5,17,0,0,0,0
2004,220009,1,1,0,0,0,0,0,0,0,0,0,18
2004,220010,1,1,12,12,12,12,12,12,12,12,12,12
2004,220011,1,1,71,71,71,71,71,71,71,71,71,71
2004,220012,1,1,25,36,9,11,0,13,19,20,6,20
2004,220013,1,1,0,0,0,0,0,0,0,0,0,0
2004,220013,2,1,0,0,0,0,0,0,20,0,0,0
2004,220014,1,1,12,12,12,12,12,12,12,12,12,12
2004,220014,2,1,0,0,0,0,0,0,0,0,0,0
2004,220015,1,1,0,0,0,0,0,0,0,0,0,0
2004,220015,2,1,0,0,0,0,0,0,0,0,0,0
2004,220016,1,1,5,5,5,5,5,5,5,5,5,5
2004,220016,2,1,6,6,6,6,6,6,6,6,6,6
2004,220017,1,1,13,13,13,13,13,13,13,13,13,13
2004,220017,2,1,0,0,0,0,0,0,0,0,0,0
2004,220018,1,1,12,12,12,12,12,12,12,12,12,12
2004,220018,2,1,0,0,0,0,0,0,0,0,0,0
2004,220019,0,1,20,20,20,20,20,20,20,20,20,20
2004,220019,1,1,0,0,0,0,0,0,0,0,0,0
2004,220019,2,1,0,0,0,0,0,0,0,0,0,0
2004,220020,1,1,0,0,0,0,0,0,0,0,0,0
2004,220020,2,1,0,0,0,0,0,0,0,0,0,0
2004,220021,1,1,0,0,0,0,0,0,0,0,0,0
2004,220021,2,1,0,0,0,0,0,0,0,0,0,0
2004,220022,1,1,0,0,16,0,0,0,0,0,0,0
2004,220022,2,1,0,0,0,0,0,0,0,0,0,0
2004,220023,1,1,12,12,12,12,12,12,12,12,12,12
2004,220023,2,1,0,0,0,0,0,0,0,0,0,0
2004,220024,1,1,0,0,0,0,0,0,0,0,0,0
2004,220025,1,1,5,0,0,9,0,0,0,0,0,0
2004,220025,2,1,0,0,0,0,0,0,0,0,0,0
2004,220026,1,1,0,0,0,0,0,0,0,0,0,0
2004,220026,2,1,0,0,0,0,0,0,0,0,0,0
2004,220027,0,1,0,0,0,0,0,0,0,0,0,0
2004,220027,1,1,0,0,0,0,0,0,0,0,0,0
2004,220028,1,1,22,22,22,22,22,22,22,22,22,22
2004,220029,1,1,20,4,13,18,12,5,25,6,17,25
2004,220030,1,1,0,0,0,27,0,32,0,11,10,0
2004,220031,1,1,0,0,0,0,0,0,0,0,0,0
2004,220032,1,1,6,6,6,6,6,6,6,6,6,6
2004,220033,0,1,11,15,39,18,14,7,9,30,0,34
2004,220033,1,1,0,0,0,0,0,0,0,0,0,0
2004,220034,1,1,0,10,6,0,21,0,13,14,13,0
2004,220034,2,1,0,20,14,0,0,0,0,3,0,0
2004,220035,1,1,22,22,22,22,22,22,22,22,22,22
2004,220035,2,1,0,0,0,0,0,0,0,0,0,0
2004,220036,1,1,0,0,0,0,0,0,0,0,0,0
2004,220036,2,1,4,4,4,4,4,4,4,4,4,4
2004,220037,1,1,9,9,9,9,9,9,9,9,9,9
2004,220038,1,1,54,54,54,54,54,54,54,54,54,54
2004,220038,2,1,0,0,0,0,0,0,0,0,0,0
2004,220039,1,1,22,22,22,22,22,22,22,22,22,22
2004,220040,1,1,0,0,0,0,0,0,0,0,0,0
2004,220040,2,1,0,0,0,0,0,0,0,0,0,0
2004,220040,3,1,0,0,0,0,0,0,0,0,0,0
2004,220041,1,1,0,19,0,0,11,0,0,17,0,6
2004,220041,2,1,0,0,0,0,0,0,0,0,0,0
2004,220042,1,1,0,0,15,0,0,0,0,14,0,0
2004,220042,2,1,0,0,0,0,0,0,0,0,0,0
2004,220043,1,1,26,26,26,26,26,26,26,26,26,26
2004,220044,1,1,0,0,0,0,0,0,0,0,0,0
2004,220044,2,1,0,0,0,0,0,0,0,0,0,0
2004,220044,3,1,0,0,0,0,0,0,0,0,0,0
2004,220045,1,1,12,12,12,12,12,12,12,12,12,12
2004,220046,1,1,24,24,24,24,24,24,24,24,24,24
2004,220047,0,1,31,31,31,31,31,31,31,31,31,31
2004,220047,1,1,14,0,0,0,0,0,0,0,0,0
2004,220047,2,1,2,2,2,2,2,2,2,2,2,2
2004,220048,0,1,35,21,33,0,42,10,35,33,12,0
2004,220048,1,1,0,0,0,0,0,0,0,0,0,0
2004,220048,2,1,0,0,0,0,0,0,0,0,0,0
2004,220048,3,1,0,0,0,0,0,0,0,0,0,0
2004,220049,1,1,10,23,19,23,18,22,22,8,0,9
2004,220050,1,1,21,0,0,0,0,0,0,0,0,0
2004,220051,1,1,0,0,0,0,0,0,0,0,0,0
2004,220052,1,1,32,13,10,16,38,23,21,26,17,21
2004,220053,1,1,22,17,14,18,34,26,8,20,15,26
2004,220054,1,1,0,0,13,0,0,15,19,0,0,25
2004,220055,1,1,0,0,0,0,0,0,0,0,0,0
2004,220055,2,1,0,0,0,0,0,0,0,0,0,0
2004,220056,1,1,9,12,21,30,23,23,26,18,17,45
2004,220057,1,1,15,28,10,6,14,20,10,12,6,18
2004,220058,1,1,0,0,0,0,0,0,0,0,0,0
2004,220059,0,1,3,3,3,3,3,3,3,3,3,3
2004,220059,1,1,0,0,0,0,0,0,0,0,0,0
2004,220060,1,1,0,0,0,0,0,0,0,0,0,0
2004,220060,2,1,0,0,0,0,0,0,0,0,0,0
2004,220060,3,1,0,0,0,0,0,0,0,0,0,0
2004,220060,4,1,0,0,0,0,0,0,0,0,0,0
2004,220060,5,1,0,0,0,0,0,0,0,0,0,0
2004,220061,1,1,17,7,17,12,15,14,20,11,13,18
2004,220062,1,1,15,15,22,7,0,15,0,0,30,0
2004,220062,2,1,0,14,4,0,15,8,0,0,0,10
2004,220063,1,1,0,0,0,0,0,0,0,8,0,0
2004,220064,1,1,0,0,0,0,0,0,0,0,0,0
2004,220064,2,1,0,0,0,0,0,0,0,0,0,0
2004,220065,1,1,24,24,24,24,24,24,24,24,24,24
2004,220066,1,1,24,24,24,24,24,24,24,24,24,24
2004,220066,2,1,0,0,0,0,0,0,0,0,0,0
2004,220066,3,1,0,0,0,0,0,0,0,0,0,0
2004,220067,1,1,0,0,0,0,0,0,0,0,0,0
2004,220067,2,1,0,0,0,0,0,15,0,0,0,0
2004,220068,1,1,8,18,0,0,23,0,21,16,0,0
2004,220069,1,1,0,0,0,0,0,0,0,0,0,0
2004,220070,1,1,0,13,11,0,0,14,0,10,15,9
2004,220070,2,1,13,15,16,11,0,9,14,10,12,18
2004,220070,3,1,0,0,0,0,0,0,0,0,0,0
2004,220071,1,1,0,0,0,0,0,0,0,0,0,0
2004,220071,2,1,0,0,0,0,0,0,0,0,0,0
2004,220072,1,1,6,8,12,17,27,4,20,13,15,10
2004,220072,2,1,5,5,5,5,5,5,5,5,5,5
2004,220072,3,1,0,0,0,8,0,0,0,0,19,11
2004,220073,1,1,6,6,6,6,6,6,6,6,6,6
2004,220073,2,1,0,0,0,0,0,0,24,0,0,24
2004,220073,3,1,0,0,22,0,0,0,14,0,0,0
2004,220074,1,1,21,8,0,21,39,0,18,0,0,16
2004,220075,1,1,21,21,21,21,21,21,21,21,21,21
2004,220075,2,1,0,14,0,0,8,9,7,6,10,38
2004,220076,1,1,10,10,10,10,10,10,10,10,10,10
2004,220076,2,1,0,0,0,0,0,0,0,0,0,0
2004,220077,1,1,0,0,0,0,0,0,0,0,0,0
2004,220078,1,1,15,15,15,15,15,15,15,15,15,15
2004,220079,1,1,0,0,0,0,0,0,0,0,0,0
2004,220080,1,1,0,0,0,0,0,0,0,0,0,0
2004,220080,2,1,0,0,0,0,0,0,0,0,0,0
2004,220081,1,1,0,0,0,0,0,0,0,0,0,0
2004,220082,1,1,2,2,2,2,2,2,2,2,2,2
2004,220083,1,1,6,6,6,6,6,6,6,6,6,6
2004,220084,0,1,8,16,44,18,33,16,13,19,25,15
2004,220084,1,1,0,6,0,16,0,0,0,0,17,0
2004,220085,0,1,0,0,0,0,0,26,0,0,0,0
2004,220085,0,2,0,0,0,0,0,0,0,0,0,0
2004,220085,1,1,0,0,0,0,0,0,0,0,14,0
2004,220085,2,1,0,0,0,0,0,0,0,0,0,0
2004,220086,0,1,0,0,0,0,0,0,0,0,0,0
2004,220086,0,2,0,0,14,0,0,0,19,0,0,27
2004,220086,1,1,13,13,13,13,13,13,13,13,13,13
2004,220087,1,1,10,10,10,10,10,10,10,10,10,10
2004,220087,2,1,0,0,0,0,0,0,0,0,0,0
2004,220088,1,1,0,0,0,0,0,0,0,0,0,0
2004,220089,1,1,0,0,0,0,0,0,0,0,0,0
2004,220089,2,1,0,0,0,0,0,0,0,0,0,0
2004,220090,1,1,0,0,0,0,0,0,0,0,0,0
2004,220090,2,1,0,0,0,0,0,9,0,0,0,0
2004,220091,1,1,30,30,30,30,30,30,30,30,30,30
2004,220091,2,1,0,0,0,0,0,0,0,0,0,0
2004,220092,1,1,0,0,0,0,0,0,0,0,0,0
2004,220093,1,1,0,0,0,0,0,0,0,0,0,0
2004,220094,1,1,0,31,0,0,0,0,0,0,11,9
2004,220094,2,1,0,0,0,0,0,0,0,0,0,0
2004,220094,3,1,0,0,0,0,0,0,0,0,0,0
2004,220095,1,1,0,0,0,0,0,0,0,0,0,0
2004,220095,2,1,0,0,0,0,0,0,0,0,0,0
2004,220096,1,1,0,0,0,0,0,0,0,0,0,0
2004,220096,2,1,0,0,0,0,0,0,0,0,0,0
2004,220097,1,1,19,7,0,15,0,12,19,20,0,0
2004,220098,1,1,0,0,0,0,0,0,0,0,0,0
2004,220098,2,1,0,0,0,0,0,0,0,0,0,0
2004,220099,0,1,0,0,0,0,0,0,0,0,0,0
2004,220099,2,1,0,0,0,0,0,0,0,0,0,0
2004,220099,3,1,0,0,0,0,0,0,0,0,0,0
2004,220100,1,1,1,1,1,1,1,1,1,1,1,1
2004,220100,2,1,0,0,0,0,0,0,0,0,0,0
2004,220101,1,1,14,14,14,14,14,14,14,14,14,14
2004,220102,1,1,0,0,0,0,0,0,0,0,0,0
2004,220102,2,1,0,0,0,0,0,0,0,0,0,0
2004,220103,1,1,0,0,6,0,0,0,0,18,0,0
2004,220103,2,1,0,0,0,0,0,0,0,0,0,0
2004,220104,1,1,4,4,4,4,4,4,4,4,4,4
2004,220104,2,1,0,0,0,0,0,0,0,0,0,0
2004,220105,0,1,31,31,31,31,31,31,31,31,31,31
2004,220105,1,1,0,0,0,0,0,0,0,0,0,0
2004,220106,1,1,0,0,0,0,0,0,0,0,0,0
2004,220106,2,1,0,0,0,0,6,0,0,0,5,0
2004,220107,1,1,0,0,0,0,0,0,0,0,0,0
2004,220107,2,1,0,0,0,0,0,0,0,0,0,0
2004,220107,3,1,0,0,0,0,0,0,0,0,0,0
2004,220107,4,1,0,0,0,0,0,0,0,0,0,0
2004,220107,5,1,0,0,0,0,0,0,0,0,0,0
2004,220108,1,1,2,2,2,2,2,2,2,2,2,2
2004,220109,1,1,14,13,15,6,10,8,19,6,5,4
2004,220109,2,1,0,0,0,0,0,0,0,9,0,0
2004,220110,1,1,5,5,5,5,5,5,5,5,5,5
2004,220110,2,1,2,2,2,2,2,2,2,2,2,2
2004,220110,3,1,2,2,2,2,2,2,2,2,2,2
2004,220110,4,1,0,0,0,0,0,0,0,0,0,0
2004,220110,5,1,0,0,0,0,0,0,0,0,0,0
2004,220111,1,1,0,0,0,0,0,0,0,0,0,0
2004,220111,2,1,0,0,0,0,0,0,0,0,0,0
2004,220112,1,1,0,0,0,0,0,0,0,0,0,0
2004,220113,1,1,0,0,0,0,0,0,0,0,0,0
2004,220114,1,1,0,0,10,0,0,0,0,0,8,0
2004,220115,1,1,0,0,0,0,0,0,0,0,0,0
2004,220115,2,1,0,0,0,0,0,0,0,0,0,0
2004,220116,1,1,0,0,0,0,0,0,0,0,0,0
2004,220116,2,1,0,20,10,0,9,0,22,0,0,0
2004,220116,3,1,0,0,0,0,0,0,0,0,0,0
2004,220117,1,1,0,0,0,2,23,0,14,22,0,14
2004,220118,1,1,0,15,0,11,23,0,0,0,0,0
2004,220119,1,1,11,11,11,11,11,11,11,11,11,11
2004,220119,2,1,0,19,17,0,0,15,12,12,0,0
2004,220120,1,1,0,0,0,0,0,0,0,0,0,0
2004,220120,2,1,0,0,0,33,0,9,0,0,0,21
2004,220121,1,1,7,15,25,20,30,10,24,14,15,13
2004,220122,1,1,13,17,12,18,21,7,25,18,12,10
2004,220122,2,1,0,0,0,0,0,0,0,0,0,0
2004,220123,0,1,0,0,0,0,0,0,0,0,0,0
2004,220123,1,1,0,0,0,2,12,0,0,0,0,0
2004,220124,1,1,0,0,0,0,0,0,0,0,0,0
2004,220124,2,1,0,0,0,0,0,0,0,0,0,0
2004,220125,1,1,0,0,0,0,0,0,0,0,0,0
2004,220125,2,1,0,0,0,0,0,0,0,0,0,0
2004,220126,1,1,0,0,0,0,0,0,0,0,0,0
2004,220126,2,1,0,0,0,0,0,0,0,0,0,0
2004,220127,1,1,19,10,0,0,6,0,6,0,34,0
2004,220128,1,1,30,30,30,30,30,30,30,30,30,30
2004,220129,1,1,24,24,24,24,24,24,24,24,24,24
2004,220130,0,1,0,0,0,0,0,0,0,0,0,0
2004,220130,1,1,25,25,25,25,25,25,25,25,25,25
2004,220131,1,1,8,0,0,0,0,0,0,0,0,17
2004,220132,0,1,0,0,0,0,0,0,0,0,0,0
2004,220132,1,1,0,0,0,0,0,0,0,0,0,0
2004,220133,1,1,0,0,0,0,0,0,0,0,0,0
2004,220133,2,1,0,0,0,0,0,0,0,0,0,0
2004,220134,1,1,0,0,0,0,0,0,0,0,22,0
2004,220135,1,1,0,0,0,0,0,0,0,0,0,0
2004,220135,2,1,0,0,0,0,0,10,0,11,0,11
2004,220136,1,1,0,0,0,0,0,0,0,0,9,0
2004,220136,2,1,0,0,0,0,0,0,0,0,0,18
2004,220137,0,1,20,0,27,21,4,7,2,28,0,26
2004,220137,1,1,13,13,13,13,13,13,13,13,13,13
2004,220138,1,1,13,0,29,0,11,3,0,0,0,0
2004,220139,1,1,0,0,0,0,0,0,0,0,0,0
2004,220140,1,1,0,0,26,15,26,18,14,8,0,0
2004,220141,0,1,0,0,10,0,0,0,0,0,0,0
2004,220141,1,1,16,0,0,0,0,18,6,0,0,0
2004,220142,1,1,15,16,16,16,22,11,21,15,12,31
2004,220143,1,1,0,0,0,0,0,0,0,0,0,0
2004,220143,2,1,0,0,0,0,0,0,0,0,0,0
2004,220144,1,1,12,12,12,12,12,12,12,12,12,12
2004,220145,1,1,0,0,0,0,0,0,0,0,0,0
2004,220146,1,1,0,9,0,0,0,0,10,0,23,0
2004,220147,1,1,0,22,0,0,0,14,0,0,0,15
2004,220148,1,1,0,0,0,9,0,7,0,0,0,0
2004,220149,1,1,14,0,9,0,0,20,0,0,14,19
2004,220149,2,1,0,0,0,0,0,0,0,0,0,0
2004,220150,1,1,0,0,0,0,0,0,0,0,0,0
2004,220150,2,1,0,0,0,0,0,0,0,0,0,0
2004,220151,1,1,31,31,31,31,31,31,31,31,31,31
2004,220151,2,1,0,0,0,0,0,0,0,0,0,0
2004,220152,1,1,6,25,14,0,34,33,14,26,16,17
2004,220153,1,1,0,0,0,0,0,0,0,0,0,0
2004,220153,2,1,0,2,0,0,0,0,0,0,0,0
2004,220154,1,1,30,24,26,20,10,24,22,41,15,15
2004,220155,1,1,0,12,22,0,0,15,0,0,0,0
2004,220156,1,1,24,24,24,24,24,24,24,24,24,24
2004,220157,1,1,14,14,14,14,14,14,14,14,14,14
2004,220158,1,1,0,0,13,34,0,0,7,10,0,0
2004,220159,1,1,30,30,30,30,30,30,30,30,30,30
2004,220160,0,1,21,0,21,36,0,17,25,0,10,25
2004,220160,1,1,4,17,16,16,18,0,0,16,0,0
2004,220161,1,1,20,20,20,20,20,20,20,20,20,20
2004,220161,2,1,0,0,0,0,0,0,0,0,0,0
2004,220162,1,1,13,13,13,13,13,13,13,13,13,13
2004,220163,1,1,16,16,16,16,16,16,16,16,16,16
2004,220164,1,1,0,0,0,0,0,0,0,0,0,0
2004,220165,1,1,31,31,31,31,31,31,31,31,31,31
2004,220165,2,1,5,5,5,5,5,5,5,5,5,5
2004,220165,3,1,0,0,0,0,0,0,0,0,0,0
2004,220166,1,1,13,25,0,12,7,11,6,0,2,11
2004,220166,2,1,17,0,0,0,0,0,0,14,0,0
2004,220167,1,1,0,0,0,0,13,0,12,0,0,0
2004,220168,1,1,0,0,0,0,0,0,0,0,0,0
2004,220168,2,1,0,0,0,0,0,0,0,0,0,0
2004,220169,1,1,0,0,0,0,0,0,0,0,0,0
2004,220170,1,1,0,0,0,14,42,5,20,0,34,0
2004,220171,0,1,0,13,0,0,0,0,0,0,28,0
2004,220171,1,1,0,0,0,0,0,0,0,0,0,0
2004,220172,1,1,15,15,15,15,15,15,15,15,15,15
2004,220174,1,1,0,0,0,0,0,0,0,9,0,0