YEAR,ST_CASE,veh_no,per_no,P1,P2,P3,P4,P5,P6,P7,P8,P9,P10
2004,220175,1,1,0,6,15,8,15,14,14,19,0,0
2004,220176,1,1,20,11,26,3,7,11,12,0,25,9
2004,220177,1,1,15,15,15,15,15,15,15,15,15,15
2004,220177,2,1,0,0,0,0,0,0,0,0,0,0
2004,220178,1,1,0,0,0,0,0,0,0,0,0,0
2004,220178,2,1,0,0,0,0,0,0,0,0,0,0
2004,220179,1,1,0,0,15,15,0,16,0,0,0,0
2004,220179,2,1,9,9,9,9,9,9,9,9,9,9
2004,220180,1,1,21,21,21,21,21,21,21,21,21,21
2004,220181,1,1,14,14,14,14,14,14,14,14,14,14
2004,220182,1,1,20,20,20,20,20,20,20,20,20,20
2004,220183,1,1,0,0,0,0,0,0,0,0,0,0
2004,220183,2,1,0,0,0,0,0,0,0,0,0,0
2004,220184,1,1,20,13,0,20,9,15,16,9,24,10
2004,220184,2,1,0,0,0,0,0,0,0,0,0,0
2004,220185,0,1,25,25,25,25,25,25,25,25,25,25
2004,220185,1,1,0,0,0,0,0,0,0,0,0,0
2004,220185,2,1,0,0,0,0,0,0,0,0,0,0
2004,220185,3,1,38,0,0,28,0,14,0,9,4,0
2004,220186,1,1,20,33,24,26,22,11,14,18,20,13
2004,220187,0,1,0,0,0,0,0,0,0,0,0,0
2004,220187,1,1,0,5,0,0,0,0,0,0,0,0
2004,220188,1,1,30,30,30,30,30,30,30,30,30,30
2004,220189,1,1,23,38,23,9,15,9,19,25,9,16
2004,220190,1,1,18,18,18,18,18,18,18,18,18,18
2004,220191,1,1,0,0,0,0,0,0,0,0,0,0
2004,220191,2,1,0,11,0,0,0,0,0,0,0,0
2004,220192,1,1,0,0,0,0,0,0,0,0,0,0
2004,220192,2,1,0,0,0,0,0,0,0,0,0,0
2004,220193,1,1,12,13,7,17,12,12,17,11,8,18
2004,220193,2,1,0,0,0,0,0,0,0,0,0,0
2004,220194,1,1,0,0,0,0,0,0,0,0,0,0
2004,220194,2,1,0,0,0,0,0,0,0,0,0,0
2004,220195,0,1,0,0,0,0,0,0,0,0,0,0
2004,220195,0,2,0,0,13,0,0,23,0,9,0,37
2004,220195,1,1,0,0,0,0,0,0,0,16,12,0
2004,220196,1,1,23,0,0,0,18,0,0,0,0,0
2004,220196,2,1,0,0,0,0,0,0,0,0,0,0
2004,220197,1,1,0,0,0,0,0,0,0,0,0,0
2004,220197,2,1,0,0,0,0,0,0,0,0,0,0
2004,220198,1,1,16,16,16,16,16,16,16,16,16,16
2004,220199,1,1,15,15,15,15,15,15,15,15,15,15
2004,220200,1,1,18,9,7,8,8,16,13,0,16,8
2004,220200,2,1,0,0,0,0,0,0,0,0,0,0
2004,220201,1,1,0,0,0,0,0,0,0,0,0,0
2004,220201,2,1,0,0,0,0,0,0,0,0,0,0
2004,220202,1,1,13,0,17,12,0,0,17,34,0,0
2004,220203,1,1,0,0,0,0,0,0,0,0,0,0
2004,220203,2,1,5,5,5,5,5,5,5,5,5,5
2004,220204,1,1,0,0,0,0,0,0,0,0,0,0
2004,220205,1,1,25,7,0,7,0,23,16,27,11,23
2004,220206,1,1,0,0,0,0,0,0,0,0,0,0
2004,220206,2,1,0,0,0,0,0,0,0,0,0,0
2004,220206,3,1,0,0,0,0,13,0,0,0,0,0
2004,220207,1,1,10,21,21,0,21,14,0,0,21,20
2004,220208,1,1,0,0,0,0,0,0,0,0,0,0
2004,220208,2,1,0,0,0,0,0,0,0,0,0,0
2004,220209,1,1,0,0,0,0,0,0,0,0,0,0
2004,220210,1,1,7,17,31,0,0,0,24,23,0,0
2004,220210,2,1,0,0,0,0,0,0,0,0,0,0
2004,220211,1,1,10,27,29,18,27,17,0,31,0,7
2004,220212,0,1,0,13,9,0,15,0,17,0,0,0
2004,220212,1,1,11,11,11,11,11,11,11,11,11,11
2004,220213,0,1,0,0,0,0,0,0,0,0,0,0
2004,220213,1,1,0,0,0,0,0,0,0,0,0,0
2004,220214,1,1,2,2,2,2,2,2,2,2,2,2
2004,220214,2,1,0,0,0,0,0,0,0,0,0,0
2004,220215,1,1,17,17,17,17,17,17,17,17,17,17
2004,220216,1,1,0,0,0,0,0,0,0,0,0,0
2004,220216,2,1,0,0,0,0,0,0,0,0,0,7
2004,220217,1,1,0,0,0,0,0,0,19,0,0,0
2004,220217,2,1,0,0,0,0,0,0,0,0,0,0
2004,220218,1,1,0,0,0,0,0,5,10,13,0,0
2004,220218,2,1,0,0,0,0,0,0,0,0,0,0
2004,220219,1,1,23,17,23,44,21,13,19,17,19,22
2004,220220,1,1,0,0,10,0,0,0,0,0,0,0
2004,220221,1,1,0,0,0,0,0,0,0,0,6,0
2004,220221,2,1,0,0,0,0,0,0,0,6,0,0
2004,220222,1,1,0,19,0,0,0,0,0,0,0,0
2004,220223,1,1,0,0,0,0,0,0,11,0,0,22
2004,220223,2,1,0,0,0,0,0,0,0,0,0,0
2004,220224,1,1,21,21,21,21,21,21,21,21,21,21
2004,220224,2,1,0,0,0,0,0,0,0,0,0,0
2004,220224,3,1,0,0,0,0,0,0,0,0,0,0
2004,220225,1,1,0,0,0,0,0,0,0,0,0,0
2004,220225,2,1,0,0,0,0,0,0,0,0,0,0
2004,220226,1,1,8,15,14,14,8,25,19,22,27,5
2004,220227,1,1,0,0,0,0,0,0,0,0,0,0
2004,220227,2,1,0,0,0,0,0,0,0,0,0,0
2004,220228,1,1,0,0,0,0,0,21,0,0,0,0
2004,220229,1,1,0,0,0,0,0,0,0,0,0,24
2004,220229,2,1,0,0,0,0,0,0,0,6,0,0
2004,220230,1,1,0,0,0,0,0,0,0,0,0,0
2004,220230,2,1,19,0,8,0,21,0,19,0,6,31
2004,220231,1,1,0,0,0,0,0,0,0,0,0,0
2004,220231,2,1,0,0,0,0,0,0,0,0,0,0
2004,220231,3,1,0,0,0,0,0,0,0,0,0,0
2004,220231,4,1,0,0,0,0,0,0,0,0,0,0
2004,220232,1,1,11,0,18,24,0,0,29,12,0,0
2004,220233,0,1,16,0,10,0,0,0,0,0,0,0
2004,220233,1,1,0,13,0,9,0,0,0,0,0,0
2004,220234,1,1,0,0,0,0,0,0,0,0,0,0
2004,220234,2,1,0,0,0,0,0,0,0,0,0,0
2004,220235,1,1,6,0,16,0,0,15,5,25,0,17
2004,220236,1,1,0,0,0,0,0,0,0,0,0,0
2004,220236,2,1,0,0,0,0,0,0,0,0,0,0
2004,220237,1,1,7,7,7,7,7,7,7,7,7,7
2004,220238,1,1,0,0,0,0,0,0,0,0,0,0
2004,220239,1,1,0,0,0,12,0,0,0,16,0,0
2004,220240,1,1,0,0,19,0,0,27,0,0,18,11
2004,220240,2,1,0,0,0,0,0,0,0,0,0,0
2004,220240,3,1,19,4,13,32,20,10,0,12,5,25
2004,220240,4,1,0,0,0,0,0,0,0,0,0,0
2004,220240,5,1,0,0,0,0,0,0,0,0,0,25
2004,220241,1,1,0,0,0,0,0,4,0,0,0,0
2004,220242,0,1,0,0,0,0,0,0,0,0,0,0
2004,220242,1,1,0,0,0,0,0,0,0,0,0,0
2004,220243,1,1,0,0,0,0,0,0,0,0,0,0
2004,220243,2,1,0,0,0,0,0,0,0,0,0,0
2004,220243,3,1,0,0,0,0,0,0,0,0,11,0
2004,220243,4,1,0,0,0,0,0,0,0,0,0,0
2004,220244,1,1,0,0,0,0,0,0,0,0,0,0
2004,220244,2,1,0,0,0,0,0,0,0,0,0,0
2004,220244,3,1,0,0,0,0,0,0,0,0,0,0
2004,220245,1,1,0,0,0,0,0,0,0,0,0,0
2004,220246,0,1,0,0,0,0,0,0,0,0,0,0
2004,220246,0,2,0,0,0,0,0,0,0,0,0,0
2004,220246,1,1,0,0,0,0,0,0,0,0,0,0
2004,220247,0,1,13,13,13,13,13,13,13,13,13,13
2004,220247,1,1,0,0,0,0,0,0,0,0,0,0
2004,220248,1,1,0,0,0,0,0,0,0,0,0,0
2004,220248,2,1,18,18,18,18,18,18,18,18,18,18
2004,220248,3,1,25,8,17,0,0,0,0,5,0,0
2004,220249,1,1,10,15,25,16,16,13,23,12,7,14
2004,220250,1,1,8,8,8,8,8,8,8,8,8,8
2004,220251,1,1,12,12,12,12,12,12,12,12,12,12
2004,220251,2,1,0,17,7,26,27,0,0,11,0,13
2004,220252,1,1,0,0,0,0,0,0,0,0,0,0
2004,220252,2,1,0,4,0,0,0,0,0,0,0,0
2004,220253,1,1,0,0,0,0,0,0,0,0,0,0
2004,220253,2,1,0,0,0,0,0,0,0,0,0,0
2004,220254,1,1,0,0,0,0,0,0,0,0,0,0
2004,220254,2,1,0,0,0,0,0,0,7,0,0,0
2004,220254,3,1,0,0,0,0,0,0,0,0,0,0
2004,220255,1,1,0,0,0,0,0,0,0,0,0,0
2004,220255,2,1,5,5,5,5,5,5,5,5,5,5
2004,220256,1,1,0,0,0,0,0,0,0,0,0,0
2004,220257,1,1,0,0,0,0,0,0,0,0,0,0
2004,220257,2,1,0,0,0,0,0,0,0,0,0,0
2004,220258,0,1,0,0,0,0,6,0,0,0,0,29
2004,220258,0,2,0,0,0,0,0,9,0,0,0,0
2004,220258,1,1,0,0,0,0,0,0,0,0,0,0
2004,220259,0,1,0,0,0,0,0,11,0,7,6,0
2004,220259,1,1,0,2,0,0,0,0,0,31,20,0
2004,220260,0,1,0,11,0,7,26,18,0,29,0,0
2004,220260,0,2,0,0,25,22,0,0,4,0,12,5
2004,220260,1,1,0,0,0,0,0,0,0,0,0,0
2004,220261,1,1,0,0,0,0,0,0,0,0,0,0
2004,220261,2,1,5,5,5,5,5,5,5,5,5,5
2004,220262,1,1,32,32,32,32,32,32,32,32,32,32
2004,220263,1,1,0,0,0,0,0,0,0,0,0,0
2004,220263,2,1,0,14,0,0,23,0,0,0,0,15
2004,220264,0,1,0,0,0,0,0,0,0,0,0,0
2004,220264,1,1,6,6,6,6,6,6,6,6,6,6
2004,220265,1,1,0,0,0,0,0,0,0,0,0,0
2004,220265,2,1,2,7,0,0,10,0,0,27,37,8
2004,220266,1,1,0,0,0,0,0,0,0,0,0,0
2004,220266,2,1,0,0,0,0,0,0,0,0,0,0
2004,220267,1,1,22,22,22,22,22,22,22,22,22,22
2004,220268,1,1,5,5,5,5,5,5,5,5,5,5
2004,220269,1,1,0,8,5,0,0,0,0,0,5,12
2004,220270,1,1,0,0,0,0,0,0,0,0,0,0
2004,220271,1,1,0,0,0,0,0,0,0,0,0,0
2004,220271,2,1,0,0,0,0,0,0,0,0,0,0
2004,220272,1,1,0,0,0,0,0,0,0,0,0,0
2004,220272,2,1,0,0,0,0,0,0,0,0,0,0
2004,220273,1,1,0,0,0,0,0,0,0,0,13,0
2004,220274,1,1,13,0,39,10,39,0,12,11,33,0
2004,220275,1,1,0,0,0,0,0,0,0,0,0,0
2004,220275,2,1,0,0,0,0,0,0,0,0,0,0
2004,220275,3,1,0,0,0,0,0,0,0,0,0,0
2004,220276,1,1,28,7,27,13,20,21,13,7,20,7
2004,220276,2,1,0,0,0,0,0,0,0,0,0,0
2004,220276,3,1,0,0,0,0,0,0,0,0,0,0
2004,220277,1,1,0,0,27,0,18,0,0,0,0,0
2004,220277,2,1,0,0,0,0,0,0,0,0,0,0
2004,220278,1,1,0,0,0,0,0,0,0,0,0,0
2004,220278,2,1,0,0,0,0,0,0,0,0,0,0
2004,220279,1,1,25,25,25,25,25,25,25,25,25,25
2004,220279,2,1,12,12,12,12,12,12,12,12,12,12
2004,220280,1,1,0,0,0,0,0,28,0,0,13,0
2004,220281,1,1,13,13,13,13,13,13,13,13,13,13
2004,220282,1,1,0,0,0,0,0,0,0,0,0,0
2004,220283,1,1,0,0,0,0,0,0,0,0,0,0
2004,220283,2,1,27,27,27,27,27,27,27,27,27,27
2004,220283,3,1,23,0,0,0,0,0,0,0,0,0
2004,220283,4,1,0,14,0,0,0,0,3,0,11,13
2004,220283,5,1,0,0,0,0,24,17,6,0,19,0
2004,220284,1,1,0,0,0,0,0,0,0,0,0,0
2004,220284,2,1,0,0,0,0,0,0,0,0,0,0
2004,220284,3,1,0,0,0,0,0,0,0,0,0,0
2004,220285,0,1,0,11,42,0,0,0,0,0,0,0
2004,220285,0,2,0,0,0,0,0,0,0,0,0,0
2004,220285,1,1,0,0,0,0,36,0,8,0,0,0
2004,220286,1,1,0,10,0,0,0,0,0,0,0,0
2004,220286,2,1,0,0,0,0,0,0,0,0,0,0
2004,220287,1,1,34,26,36,47,18,14,0,14,39,0
2004,220288,0,1,0,0,0,0,0,0,20,0,0,0
2004,220288,1,1,6,0,11,16,13,28,0,22,20,0
2004,220289,1,1,0,0,0,2,0,9,0,0,0,0
2004,220289,2,1,0,4,0,0,0,0,0,0,0,0
2004,220289,3,1,0,0,0,0,0,0,0,0,0,0
2004,220290,1,1,0,0,0,0,0,3,15,0,20,7
2004,220291,1,1,15,13,0,0,13,0,0,0,0,10
2004,220291,2,1,0,0,0,0,0,0,0,0,0,0
2004,220292,1,1,16,19,15,17,0,18,0,22,17,17
2004,220293,1,1,16,16,16,16,16,16,16,16,16,16
2004,220293,2,1,0,0,0,0,0,0,0,0,0,0
2004,220294,1,1,17,17,17,17,17,17,17,17,17,17
2004,220294,2,1,3,3,3,3,3,3,3,3,3,3
2004,220295,1,1,22,15,0,13,17,20,7,0,28,23
2004,220296,1,1,0,0,0,0,0,0,0,0,0,0
2004,220296,2,1,0,0,0,0,0,0,0,0,0,0
2004,220296,3,1,0,0,0,0,0,0,0,0,0,0
2004,220297,1,1,0,0,0,0,0,0,0,0,0,0
2004,220298,1,1,0,0,0,0,0,0,0,0,0,0
2004,220299,1,1,0,0,0,0,0,0,0,0,0,0
2004,220300,1,1,0,0,0,0,0,0,0,0,0,0
2004,220301,1,1,0,0,0,0,0,0,0,0,0,0
2004,220301,2,1,0,0,0,0,0,0,0,0,0,0
2004,220302,1,1,0,0,0,0,0,15,0,0,0,0
2004,220303,1,1,0,0,0,0,0,0,0,0,0,0
2004,220304,1,1,0,0,16,0,0,0,0,0,0,17
2004,220304,2,1,0,0,0,0,0,0,0,0,0,0
2004,220305,1,1,0,0,0,0,0,0,0,0,0,0
2004,220305,2,1,0,0,0,0,0,0,0,0,0,0
2004,220306,1,1,0,0,0,0,0,0,0,0,0,0
2004,220306,2,1,0,0,0,0,0,0,0,0,0,0
2004,220307,1,1,0,0,0,0,0,0,0,0,0,0
2004,220307,2,1,0,0,0,0,0,0,0,0,0,0
2004,220307,3,1,0,0,0,0,0,0,0,0,0,0
2004,220307,4,1,0,0,0,0,0,0,0,0,0,0
2004,220308,1,1,0,8,0,0,0,0,4,0,17,0
2004,220309,1,1,0,23,0,0,0,0,0,0,0,0
2004,220309,2,1,0,0,0,0,0,0,0,0,0,0
2004,220310,1,1,0,0,0,0,0,0,0,0,0,0
2004,220310,2,1,0,0,0,0,0,0,0,0,0,0
2004,220311,1,1,0,0,0,0,0,0,0,0,0,0
2004,220312,0,1,0,0,0,0,0,0,0,0,0,0
2004,220312,1,1,0,0,0,0,0,0,0,0,0,0
2004,220313,1,1,0,0,0,0,0,0,0,0,0,0
2004,220314,1,1,31,14,11,16,21,11,21,16,9,18
2004,220315,1,1,23,23,23,23,23,23,23,23,23,23
2004,220316,1,1,24,24,24,24,24,24,24,24,24,24
2004,220316,2,1,0,0,0,0,9,0,0,0,0,0
2004,220316,3,1,0,0,0,0,0,0,0,0,0,0
2004,220316,4,1,0,0,0,9,0,0,0,0,0,0
2004,220317,1,1,0,0,0,0,0,0,0,0,0,0
2004,220317,2,1,4,4,4,4,4,4,4,4,4,4
2004,220318,0,1,0,0,0,0,0,0,0,0,0,0
2004,220318,0,2,15,17,19,10,0,20,17,25,26,16
2004,220318,1,1,0,0,0,0,0,0,0,0,0,0
2004,220319,1,1,1,1,1,1,1,1,1,1,1,1
2004,220319,2,1,0,0,0,0,0,0,0,0,0,0
2004,220320,1,1,0,0,0,0,0,0,0,0,0,0
2004,220320,2,1,6,6,6,6,6,6,6,6,6,6
2004,220321,1,1,0,0,0,0,0,0,0,0,0,0
2004,220321,2,1,3,3,3,3,3,3,3,3,3,3
2004,220322,1,1,14,14,14,14,14,14,14,14,14,14
2004,220323,1,1,0,0,20,0,0,0,6,0,0,0
2004,220324,1,1,0,0,0,0,0,0,0,0,0,0
2004,220325,1,1,0,0,0,0,0,0,0,0,0,0
2004,220325,2,1,0,0,0,0,0,0,0,0,0,0
2004,220326,0,1,46,46,46,46,46,46,46,46,46,46
2004,220326,1,1,0,0,0,0,0,0,0,0,0,0
2004,220327,0,1,0,0,0,0,0,0,0,0,0,0
2004,220327,1,1,0,0,0,0,0,0,0,0,0,0
2004,220328,1,1,28,28,28,28,28,28,28,28,28,28
2004,220329,1,1,0,0,0,0,0,0,0,0,0,0
2004,220330,0,1,0,0,0,0,0,0,0,0,0,0
2004,220330,1,1,25,25,25,25,25,25,25,25,25,25
2004,220331,1,1,0,0,0,5,0,0,0,0,0,0
2004,220331,2,1,0,0,0,0,0,0,0,0,0,0
2004,220331,3,1,0,11,0,0,0,0,16,0,0,9
2004,220332,1,1,18,18,18,18,18,18,18,18,18,18
2004,220332,2,1,0,0,0,0,0,0,0,0,0,0
2004,220333,1,1,0,0,0,0,0,0,0,0,0,0
2004,220334,1,1,0,0,0,0,0,0,0,0,0,0
2004,220335,1,1,0,0,0,0,0,0,0,0,0,0
2004,220335,2,1,14,0,0,0,0,0,0,0,0,0
2004,220336,1,1,0,0,0,0,0,0,0,0,0,0
2004,220336,2,1,4,12,0,0,7,11,0,0,0,0
2004,220337,0,1,0,0,0,0,0,0,0,0,0,0
2004,220337,1,1,0,5,0,0,0,0,23,0,0,7
2004,220339,0,1,0,0,0,0,0,0,0,0,0,0
2004,220339,1,1,0,0,0,0,0,0,0,0,0,0
2004,220340,1,1,3,3,3,3,3,3,3,3,3,3
2004,220341,1,1,0,9,0,0,0,0,0,0,6,0
2004,220341,2,1,0,2,0,0,0,0,0,0,0,0
2004,220342,1,1,5,5,5,5,5,5,5,5,5,5
2004,220343,1,1,0,0,0,0,0,0,0,0,0,0
2004,220344,1,1,17,17,17,17,17,17,17,17,17,17
2004,220344,2,1,0,0,0,0,0,0,0,0,0,0
2004,220345,1,1,0,0,0,0,0,0,0,0,0,0
2004,220346,0,1,28,28,28,28,28,28,28,28,28,28
2004,220346,1,1,26,0,0,0,25,10,26,0,16,30
2004,220347,1,1,0,0,0,0,0,0,0,0,0,0
2004,220348,1,1,0,0,0,0,0,0,0,0,0,0
2004,220348,2,1,0,0,0,0,0,0,0,0,0,0
2004,220349,1,1,12,0,6,8,21,20,16,14,13,20
2004,220350,1,1,0,15,14,16,16,15,0,0,14,0
2004,220350,2,1,0,0,0,0,0,0,0,0,0,0
2004,220351,1,1,0,0,0,0,0,0,0,0,0,0
2004,220352,1,1,0,0,0,0,0,0,0,0,0,0
2004,220353,1,1,0,0,0,0,0,0,0,0,0,0
2004,220353,2,1,0,0,0,0,0,0,0,0,0,0
2004,220354,1,1,0,13,0,0,0,0,0,0,0,0
2004,220354,2,1,0,0,0,0,16,0,0,0,0,0
2004,220355,1,1,0,15,8,9,0,6,18,17,10,0
2004,220356,1,1,0,0,0,0,0,0,0,0,0,0
2004,220356,2,1,0,0,0,0,0,0,0,0,0,0
2004,220356,3,1,0,0,0,0,0,0,0,0,0,0
2004,220356,4,1,0,0,0,0,0,0,0,0,0,0
2004,220356,5,1,0,0,0,0,0,0,0,0,0,0
2004,220357,1,1,15,15,15,15,15,15,15,15,15,15
2004,220357,2,1,14,14,14,14,14,14,14,14,14,14
2004,220358,1,1,0,0,0,0,0,0,0,0,0,0
2004,220358,2,1,0,0,0,0,0,0,0,0,0,0
2004,220358,3,1,0,0,0,0,0,0,0,0,0,0
2004,220358,4,1,0,0,0,0,0,0,0,0,0,0
2004,220359,1,1,0,0,0,0,0,0,0,0,0,0
2004,220360,1,1,0,0,0,0,0,0,0,0,0,0
2004,220360,2,1,0,0,0,0,0,0,0,0,0,0
2004,220361,0,1,0,23,33,0,28,0,0,18,0,0
2004,220361,1,1,0,0,0,0,0,0,0,0,0,0
2004,220362,1,1,0,0,0,0,0,0,0,0,0,0
2004,220362,2,1,0,20,12,5,0,0,0,18,0,0
2004,220363,1,1,0,0,7,0,0,0,0,0,0,0
2004,220363,2,1,0,0,0,0,0,0,0,0,0,0
2004,220364,1,1,0,0,0,0,0,0,0,0,0,0
2004,220365,1,1,0,0,0,0,0,0,0,0,0,0
2004,220365,2,1,0,0,0,0,0,0,0,0,0,0
2004,220365,3,1,0,0,0,0,0,0,0,0,0,0
2004,220366,1,1,0,7,29,0,0,0,0,25,35,0
2004,220367,1,1,7,7,7,7,7,7,7,7,7,7
2004,220368,1,1,0,0,0,0,0,0,0,0,0,0
2004,220369,1,1,0,0,0,0,0,0,0,0,0,0
2004,220369,2,1,0,0,0,0,0,0,0,0,0,0
2004,220369,3,1,0,0,0,0,0,0,0,0,0,0
2004,220369,4,1,0,0,0,0,0,0,0,0,0,0
2004,220369,5,1,0,0,0,0,0,0,0,0,0,0
2004,220370,1,1,12,0,0,21,0,0,0,0,0,0
2004,220371,1,1,0,0,0,0,0,0,0,0,0,0
2004,220372,1,1,0,0,0,0,0,0,0,0,0,0
2004,220372,2,1,0,0,0,0,0,12,0,0,0,0
2004,220372,3,1,0,0,0,0,0,0,0,0,0,0
2004,220372,4,1,0,0,0,0,0,0,0,0,0,0
2004,220373,1,1,0,0,0,0,0,0,0,0,0,0
2004,220373,2,1,0,0,0,0,0,0,0,0,0,0
2004,220374,1,1,0,0,0,0,0,0,0,0,0,0
2004,220374,2,1,0,0,0,0,0,0,0,0,0,0
2004,220375,1,1,16,0,0,0,0,0,0,0,0,0
2004,220376,1,1,31,31,31,31,31,31,31,31,31,31
2004,220376,2,1,0,0,0,0,0,0,6,0,0,0
2004,220377,1,1,0,0,0,0,0,0,0,0,0,0
2004,220377,2,1,0,0,0,0,0,0,0,0,0,0
2004,220378,1,1,0,0,0,0,0,0,0,0,0,0
2004,220378,2,1,0,12,0,0,0,0,0,15,0,14
2004,220379,0,1,0,17,0,0,0,0,0,0,0,0
2004,220379,1,1,13,13,13,13,13,13,13,13,13,13
2004,220380,1,1,14,14,14,14,14,14,14,14,14,14
2004,220381,1,1,0,0,0,0,0,0,0,0,0,0
2004,220381,2,1,0,0,0,0,0,0,0,0,0,0
2004,220382,1,1,0,0,0,23,0,0,0,0,8,0
2004,220383,1,1,0,0,0,0,0,0,0,0,0,0
2004,220383,2,1,0,0,0,0,0,0,0,0,0,0
2004,220384,0,1,15,15,15,15,15,15,15,15,15,15
2004,220384,1,1,0,0,0,0,0,0,0,13,0,0
2004,220385,0,1,0,0,0,0,0,0,0,0,0,0
2004,220385,1,1,19,19,19,19,19,19,19,19,19,19
2004,220386,1,1,22,22,22,22,22,22,22,22,22,22
2004,220386,2,1,0,0,24,0,0,18,0,6,0,0
2004,220387,1,1,23,22,0,0,29,0,11,11,0,9
2004,220388,0,1,0,0,21,25,0,24,23,17,29,0
2004,220388,1,1,41,16,13,0,0,27,0,18,0,9
2004,220389,1,1,21,21,21,21,21,21,21,21,21,21
2004,220390,1,1,0,0,0,0,0,0,0,0,0,0
2004,220391,1,1,0,0,0,0,0,0,0,0,0,0
2004,220391,2,1,0,0,0,0,0,0,0,0,0,0
2004,220392,1,1,0,0,0,0,0,0,0,0,0,0
2004,220393,1,1,6,22,0,12,15,10,19,18,16,20
2004,220394,1,1,0,0,0,0,0,0,0,0,0,0
2004,220394,2,1,0,0,0,0,0,0,0,0,0,0
2004,220395,1,1,16,0,0,12,18,15,0,0,0,0
2004,220396,1,1,20,20,20,20,20,20,20,20,20,20
2004,220397,1,1,0,0,0,0,0,0,0,0,0,0
2004,220397,2,1,0,0,0,0,0,0,0,0,0,0
2004,220398,1,1,0,0,0,0,0,0,0,0,0,0
2004,220399,1,1,0,0,0,0,0,0,0,0,0,0
2004,220400,1,1,16,39,11,30,8,13,8,10,9,27
2004,220401,1,1,0,0,0,0,0,0,0,0,0,0
2004,220401,2,1,0,0,0,0,0,0,0,0,0,0
2004,220402,1,1,0,0,0,0,0,0,0,0,0,0
2004,220402,2,1,0,0,0,0,0,0,0,26,7,0
2004,220403,1,1,0,0,0,0,0,0,0,0,0,0
2004,220404,1,1,0,18,0,2,0,8,0,0,5,0
2004,220405,1,1,0,0,0,0,0,0,0,0,0,0
2004,220405,2,1,0,0,0,0,0,0,0,0,0,0
2004,220406,1,1,0,0,0,0,0,0,0,0,0,0
2004,220407,1,1,5,5,0,19,11,24,11,11,0,5
2004,220408,1,1,0,0,0,9,0,0,0,0,10,0
2004,220409,1,1,0,0,0,0,0,0,0,0,0,0
2004,220409,2,1,0,0,0,0,0,0,0,0,0,0
2004,220410,1,1,2,2,2,2,2,2,2,2,2,2
2004,220410,2,1,0,0,0,0,0,0,0,0,0,0
2004,220411,1,1,0,0,0,0,0,0,0,0,0,0
2004,220411,2,1,0,0,0,0,0,0,0,0,0,0
2004,220412,1,1,10,10,10,10,10,10,10,10,10,10
2004,220413,1,1,0,0,0,0,0,0,0,0,0,0
2004,220413,2,1,0,0,0,0,0,0,0,0,0,0
2004,220414,1,1,22,0,18,17,0,20,0,0,23,0
2004,220415,1,1,0,0,0,0,0,0,0,0,0,0
2004,220415,2,1,0,0,0,0,0,0,0,0,0,0
2004,220416,1,1,17,17,17,17,17,17,17,17,17,17
2004,220417,1,1,0,0,0,0,0,0,0,0,0,0
2004,220417,2,1,0,0,0,0,0,0,0,0,0,0
2004,220417,3,1,0,0,0,0,0,0,0,0,0,0
2004,220418,1,1,0,33,0,0,0,20,25,0,16,0
2004,220419,1,1,0,32,16,0,0,14,27,16,11,23
2004,220420,1,1,7,5,0,12,21,12,13,14,30,11
2004,220421,1,1,7,7,7,7,7,7,7,7,7,7
2004,220422,1,1,0,0,0,0,0,0,0,0,0,0
2004,220423,1,1,0,0,0,0,0,0,0,0,0,0
2004,220423,2,1,0,0,0,0,0,0,0,0,0,0
2004,220424,1,1,0,0,0,0,0,0,0,0,0,0
2004,220424,2,1,0,0,0,0,0,0,0,0,0,0
2004,220425,1,1,0,0,0,0,0,10,0,0,0,0
2004,220425,2,1,0,0,0,0,0,0,0,0,0,0
2004,220425,3,1,0,0,0,0,0,0,0,0,0,0
2004,220426,1,1,0,0,0,0,0,0,0,0,0,0
2004,220427,0,1,0,0,0,0,0,0,0,0,0,0
2004,220427,1,1,0,0,0,0,0,0,0,0,0,0
2004,220428,1,1,0,0,15,0,0,0,14,0,17,0
2004,220429,1,1,22,22,22,22,22,22,22,22,22,22
2004,220429,2,1,21,21,21,21,21,21,21,21,21,21
2004,220430,1,1,19,10,13,30,19,20,22,19,15,27
2004,220431,1,1,0,0,0,0,0,0,0,0,0,0
2004,220432,1,1,0,0,0,0,0,0,11,0,0,0
2004,220432,2,1,0,0,0,0,0,0,0,0,0,0
2004,220433,1,1,0,0,0,0,0,0,0,0,0,0
2004,220434,1,1,31,25,0,0,15,0,0,0,0,16
2004,220434,2,1,9,22,0,24,24,11,34,0,7,18
2004,220435,1,1,0,0,0,0,0,0,0,0,0,0
2004,220436,1,1,0,0,0,0,0,0,0,0,0,0
2004,220436,2,1,0,0,0,0,0,0,0,0,0,0
2004,220437,1,1,0,0,0,0,0,0,0,0,0,0
2004,220438,1,1,10,26,7,12,19,27,6,18,16,12
2004,220439,1,1,14,7,23,8,19,34,19,0,17,0
2004,220440,1,1,7,7,7,7,7,7,7,7,7,7
2004,220441,1,1,0,0,0,0,0,0,0,0,0,0
2004,220442,1,1,0,0,15,0,0,0,0,0,0,15
2004,220443,1,1,6,0,0,13,0,0,0,5,0,13