YEAR,ST_CASE,veh_no,per_no,P1,P2,P3,P4,P5,P6,P7,P8,P9,P10
2004,220444,1,1,10,10,10,10,10,10,10,10,10,10
2004,220445,1,1,0,25,14,19,0,9,0,18,8,34
2004,220446,0,1,16,16,16,16,16,16,16,16,16,16
2004,220446,1,1,0,0,0,0,0,0,0,0,0,0
2004,220447,1,1,0,0,0,0,0,0,0,0,0,0
2004,220448,0,1,16,16,16,16,16,16,16,16,16,16
2004,220448,2,1,0,0,0,0,0,0,0,0,0,0
2004,220449,1,1,0,17,0,20,7,28,0,0,0,0
2004,220450,1,1,0,0,0,0,0,0,0,0,0,0
2004,220450,2,1,0,0,0,0,0,0,0,0,0,0
2004,220451,1,1,0,0,0,0,0,0,0,0,0,0
2004,220452,1,1,13,13,13,13,13,13,13,13,13,13
2004,220452,2,1,0,0,0,0,0,0,0,0,0,0
2004,220453,1,1,23,23,23,23,23,23,23,23,23,23
2004,220453,2,1,0,0,0,0,0,0,0,0,9,0
2004,220454,0,1,5,0,0,0,0,0,0,0,0,21
2004,220454,1,1,0,0,0,0,0,0,0,0,0,0
2004,220455,1,1,0,0,0,0,0,0,0,0,0,0
2004,220456,1,1,2,2,2,2,2,2,2,2,2,2
2004,220457,1,1,0,15,26,17,17,12,26,18,13,16
2004,220458,1,1,0,0,0,0,0,0,0,0,0,0
2004,220459,1,1,27,27,27,27,27,27,27,27,27,27
2004,220460,1,1,0,0,0,0,0,0,0,0,0,0
2004,220460,2,1,0,0,0,0,0,0,0,0,0,0
2004,220461,1,1,0,0,14,0,14,0,0,0,0,0
2004,220462,0,1,0,0,0,0,0,0,0,0,0,0
2004,220462,1,1,0,0,0,0,0,0,0,0,0,0
2004,220463,1,1,14,14,14,14,14,14,14,14,14,14
2004,220464,0,1,25,25,25,25,25,25,25,25,25,25
2004,220464,1,1,0,0,0,11,0,0,0,0,0,15
2004,220465,1,1,0,0,0,0,0,0,0,0,0,0
2004,220465,2,1,0,0,0,0,0,0,0,0,0,0
2004,220466,1,1,0,0,0,0,0,0,0,0,0,0
2004,220466,2,1,0,0,0,0,0,0,0,0,0,0
2004,220467,1,1,0,0,0,0,0,0,0,0,0,0
2004,220467,2,1,14,14,14,14,14,14,14,14,14,14
2004,220468,1,1,15,15,15,15,15,15,15,15,15,15
2004,220469,1,1,7,0,0,0,0,12,0,0,0,0
2004,220470,1,1,0,0,0,0,0,0,0,0,0,0
2004,220471,1,1,0,0,0,0,0,0,0,0,0,0
2004,220471,2,1,0,0,0,0,0,0,0,0,0,0
2004,220471,3,1,0,0,0,0,0,0,0,0,0,0
2004,220472,1,1,0,0,0,11,0,21,0,0,0,0
2004,220472,2,1,0,0,0,0,0,0,0,0,0,0
2004,220473,1,1,12,12,12,12,12,12,12,12,12,12
2004,220474,1,1,0,11,19,18,16,15,16,26,19,0
2004,220474,2,1,16,18,8,14,6,0,0,0,32,0
2004,220475,1,1,0,0,0,0,0,0,0,0,0,0
2004,220475,2,1,0,0,0,0,0,0,0,0,0,0
2004,220475,3,1,0,0,0,0,0,0,0,0,0,0
2004,220476,1,1,0,0,0,0,0,0,0,0,0,0
2004,220477,1,1,0,0,0,0,0,0,0,0,0,0
2004,220478,1,1,0,29,0,0,0,0,0,18,0,0
2004,220479,1,1,0,0,0,0,0,0,0,0,0,0
2004,220479,2,1,0,0,0,0,0,0,0,0,0,0
2004,220480,1,1,0,0,0,0,8,0,0,9,0,0
2004,220480,2,1,0,0,0,0,0,0,0,0,0,0
2004,220481,1,1,10,13,0,0,0,0,29,10,13,0
2004,220482,1,1,4,4,4,4,4,4,4,4,4,4
2004,220482,2,1,0,0,0,0,0,0,0,0,0,0
2004,220482,3,1,0,0,0,0,0,0,0,0,0,0
2004,220483,0,1,28,33,7,16,23,0,0,0,25,0
2004,220483,1,1,0,0,0,0,0,0,0,0,0,0
2004,220484,1,1,0,0,0,17,0,0,0,23,10,0
2004,220485,1,1,1,1,1,1,1,1,1,1,1,1
2004,220485,2,1,0,0,0,0,8,0,0,0,0,10
2004,220486,1,1,0,0,0,0,0,0,0,0,0,0
2004,220486,2,1,0,0,0,0,0,0,0,0,0,0
2004,220486,3,1,0,0,0,0,0,0,0,0,0,0
2004,220487,1,1,31,31,31,31,31,31,31,31,31,31
2004,220488,1,1,19,19,19,19,19,19,19,19,19,19
2004,220489,1,1,0,0,0,0,0,0,0,0,0,0
2004,220489,2,1,0,0,0,0,0,0,0,0,3,0
2004,220490,1,1,1,1,1,1,1,1,1,1,1,1
2004,220491,1,1,35,15,24,0,9,0,20,15,8,30
2004,220491,2,1,0,0,0,0,0,0,0,0,0,0
2004,220491,3,1,0,0,0,0,0,0,0,0,0,0
2004,220492,1,1,0,35,27,13,0,0,20,33,23,0
2004,220493,1,1,3,3,3,3,3,3,3,3,3,3
2004,220493,2,1,0,0,0,0,0,0,0,0,14,0
2004,220494,1,1,24,24,24,24,24,24,24,24,24,24
2004,220494,2,1,0,0,0,0,0,0,0,0,0,0
2004,220494,3,1,0,0,0,5,3,0,0,0,0,0
2004,220494,4,1,0,0,0,0,0,0,0,0,0,0
2004,220495,1,1,0,0,0,0,0,0,0,0,0,0
2004,220496,1,1,0,0,0,0,0,0,0,0,0,0
2004,220496,2,1,0,0,0,0,0,0,0,0,0,0
2004,220497,1,1,8,15,14,24,30,11,0,15,0,0
2004,220498,0,1,0,0,0,0,0,0,0,0,0,0
2004,220498,1,1,0,0,0,0,0,0,0,17,0,0
2004,220498,2,1,0,0,0,0,0,0,0,0,0,0
2004,220499,1,1,0,10,0,27,23,0,14,11,8,22
2004,220499,2,1,0,0,0,0,0,0,0,0,0,0
2004,220500,1,1,0,0,0,0,0,0,0,0,0,0
2004,220500,2,1,0,0,0,0,0,0,0,0,0,0
2004,220501,1,1,0,0,0,0,0,0,11,0,0,0
2004,220501,2,1,0,0,0,0,0,0,0,0,0,0
2004,220501,3,1,0,0,0,0,0,0,0,0,0,0
2004,220502,1,1,0,0,0,0,0,0,0,0,0,0
2004,220502,2,1,1,1,1,1,1,1,1,1,1,1
2004,220502,3,1,0,0,0,0,0,0,0,0,0,0
2004,220502,4,1,0,0,0,0,0,0,0,0,0,0
2004,220503,1,1,0,0,0,0,0,0,0,0,0,0
2004,220503,2,1,0,0,0,0,0,0,0,0,0,0
2004,220503,3,1,0,0,0,0,0,0,0,0,0,0
2004,220503,4,1,0,0,0,0,0,0,0,0,0,0
2004,220503,5,1,0,0,0,0,0,0,0,0,0,0
2004,220503,6,1,0,0,0,0,0,0,0,0,0,0
2004,220503,7,1,0,0,13,0,0,0,0,0,0,0
2004,220503,8,1,0,0,0,0,0,0,0,0,0,0
2004,220503,9,1,0,0,0,0,0,0,0,0,0,0
2004,220504,1,1,0,0,0,0,0,0,0,0,0,0
2004,220504,2,1,0,0,0,0,0,0,0,0,0,0
2004,220505,1,1,0,0,0,0,0,0,0,0,0,0
2004,220506,0,1,0,0,0,0,0,0,0,0,0,0
2004,220506,1,1,0,0,0,0,0,0,0,0,0,0
2004,220506,2,1,0,7,25,18,0,0,0,0,0,0
2004,220507,1,1,0,0,0,0,0,0,0,0,0,0
2004,220507,2,1,0,0,0,0,0,0,0,0,0,0
2004,220507,3,1,0,0,0,0,0,0,0,0,0,0
2004,220508,1,1,27,27,27,27,27,27,27,27,27,27
2004,220509,1,1,0,0,0,0,0,0,0,0,0,0
2004,220509,2,1,0,0,23,0,18,0,0,0,0,0
2004,220510,1,1,0,0,0,0,0,0,0,0,0,0
2004,220510,2,1,0,0,0,0,0,0,0,0,0,0
2004,220511,1,1,18,18,18,18,18,18,18,18,18,18
2004,220512,1,1,25,25,25,25,25,25,25,25,25,25
2004,220513,1,1,8,8,8,8,8,8,8,8,8,8
2004,220513,2,1,18,18,18,18,18,18,18,18,18,18
2004,220514,0,1,0,0,0,0,0,0,0,0,0,0
2004,220514,1,1,0,0,0,0,0,0,0,0,0,0
2004,220515,1,1,0,0,0,0,0,0,0,0,0,0
2004,220515,2,1,0,0,0,0,0,0,0,0,0,0
2004,220516,1,1,0,0,0,0,0,0,0,0,0,0
2004,220517,1,1,0,0,0,0,0,0,0,0,0,0
2004,220517,2,1,0,0,0,0,0,0,0,0,0,0
2004,220518,1,1,0,0,0,0,0,0,0,0,0,0
2004,220518,2,1,0,0,0,0,0,0,0,0,0,0
2004,220519,1,1,18,18,18,18,18,18,18,18,18,18
2004,220519,2,1,0,0,0,0,0,0,0,0,0,0
2004,220520,1,1,0,21,24,0,0,0,0,29,12,0
2004,220521,1,1,0,0,0,0,0,0,0,0,0,0
2004,220521,2,1,0,0,0,0,0,0,0,0,0,0
2004,220521,3,1,0,0,0,0,0,0,0,0,0,0
2004,220521,4,1,0,0,0,0,0,0,0,0,0,0
2004,220522,1,1,0,0,0,0,0,0,0,0,0,0
2004,220523,1,1,11,11,11,11,11,11,11,11,11,11
2004,220523,2,1,0,0,0,0,0,0,0,0,0,0
2004,220523,3,1,0,0,0,0,0,0,0,0,0,0
2004,220524,1,1,0,0,0,0,0,0,0,0,0,0
2004,220524,2,1,0,0,0,0,0,0,0,0,0,0
2004,220525,1,1,9,0,25,0,0,0,10,0,0,0
2004,220526,1,1,0,0,0,13,23,0,0,18,15,0
2004,220526,2,1,0,0,0,0,0,0,0,0,0,0
2004,220527,1,1,10,15,0,22,8,22,0,0,14,8
2004,220528,1,1,0,0,0,0,0,0,0,0,0,0
2004,220529,1,1,26,5,0,27,6,15,15,15,26,0
2004,220530,0,1,0,0,14,0,0,15,0,0,0,0
2004,220530,1,1,0,0,0,0,0,13,0,0,0,0
2004,220531,1,1,0,0,0,6,0,0,26,0,0,0
2004,220532,1,1,0,0,0,0,16,0,0,0,0,0
2004,220532,2,1,0,0,0,0,0,0,0,0,0,0
2004,220533,1,1,0,0,0,0,0,0,18,0,0,19
2004,220533,2,1,0,0,0,0,0,0,0,0,0,0
2004,220533,3,1,0,0,0,0,0,0,0,0,0,0
2004,220534,1,1,0,0,0,0,0,0,0,0,0,0
2004,220534,2,1,10,0,0,0,0,0,0,8,0,0
2004,220534,3,1,0,0,0,0,0,0,0,0,0,0
2004,220535,1,1,0,0,0,0,0,0,0,0,0,0
2004,220535,2,1,0,0,0,0,0,0,0,0,0,0
2004,220535,3,1,0,0,0,0,0,0,0,0,0,0
2004,220535,4,1,0,0,0,0,0,0,0,0,0,0
2004,220536,1,1,14,14,14,14,14,14,14,14,14,14
2004,220536,2,1,0,0,0,0,0,0,0,0,0,0
2004,220537,1,1,0,0,0,0,0,0,0,0,0,0
2004,220537,2,1,0,0,0,0,0,0,0,0,0,0
2004,220538,1,1,12,12,12,12,12,12,12,12,12,12
2004,220538,2,1,0,0,0,0,0,0,0,0,0,0
2004,220539,1,1,14,14,14,14,14,14,14,14,14,14
2004,220540,1,1,1,1,1,1,1,1,1,1,1,1
2004,220540,2,1,0,0,0,0,0,0,0,0,0,0
2004,220541,0,1,0,22,15,13,0,0,5,9,28,5
2004,220541,1,1,0,0,0,0,0,0,0,0,0,0
2004,220542,1,1,13,13,13,13,13,13,13,13,13,13
2004,220543,1,1,0,0,0,0,0,0,0,0,0,0
2004,220543,2,1,0,0,18,0,0,0,0,0,0,0
2004,220544,1,1,0,0,0,0,0,0,0,0,0,0
2004,220544,2,1,0,0,0,0,0,0,0,0,0,0
2004,220545,1,1,9,16,8,24,24,16,26,19,7,8
2004,220545,2,1,0,0,0,0,0,0,0,0,5,0
2004,220546,1,1,0,25,0,0,0,0,0,0,0,0
2004,220547,1,1,0,0,0,0,0,0,0,0,0,0
2004,220548,1,1,0,0,0,0,0,0,0,0,0,0
2004,220548,2,1,0,0,0,0,0,0,0,0,0,0
2004,220549,1,1,0,0,0,0,0,0,0,0,0,0
2004,220549,2,1,0,0,0,0,0,0,0,0,0,0
2004,220550,1,1,23,23,23,23,23,23,23,23,23,23
2004,220551,1,1,0,26,0,0,8,24,20,15,19,20
2004,220552,1,1,0,0,0,0,0,0,0,0,0,0
2004,220553,1,1,43,0,0,0,16,18,17,14,0,0
2004,220554,1,1,0,0,0,16,0,0,0,0,0,0
2004,220555,1,1,38,41,17,7,25,21,11,25,0,0
2004,220555,2,1,0,0,7,0,0,0,0,0,0,0
2004,220555,3,1,2,2,2,2,2,2,2,2,2,2
2004,220556,1,1,25,0,20,0,14,10,0,0,0,0
2004,220556,2,1,0,0,0,0,0,0,0,0,0,0
2004,220557,1,1,0,0,0,0,0,0,0,0,0,0
2004,220558,1,1,0,0,0,0,4,0,6,12,0,0
2004,220559,1,1,25,25,25,25,25,25,25,25,25,25
2004,220560,1,1,0,0,0,0,0,0,0,0,0,0
2004,220560,2,1,0,0,0,0,0,0,0,0,0,0
2004,220561,1,1,20,20,20,20,20,20,20,20,20,20
2004,220562,1,1,4,4,4,4,4,4,4,4,4,4
2004,220563,1,1,0,0,0,0,0,0,0,0,0,0
2004,220563,2,1,0,0,0,0,0,0,16,0,0,0
2004,220564,1,1,0,0,0,0,0,0,18,0,0,0
2004,220565,0,1,0,0,0,0,0,0,0,0,0,0
2004,220565,1,1,17,17,17,17,17,17,17,17,17,17
2004,220566,0,1,0,0,8,17,0,24,0,0,0,0
2004,220566,1,1,0,0,0,0,0,0,0,0,0,0
2004,220567,1,1,0,13,0,0,0,0,0,0,0,0
2004,220567,2,1,16,9,0,0,0,15,0,0,15,0
2004,220568,1,1,0,0,0,0,0,0,0,0,0,0
2004,220569,1,1,23,23,23,23,23,23,23,23,23,23
2004,220569,2,1,0,0,0,0,0,0,0,0,0,0
2004,220570,0,1,2,2,2,2,2,2,2,2,2,2
2004,220570,1,1,0,0,0,0,0,0,0,0,0,0
2004,220570,2,1,7,7,7,7,7,7,7,7,7,7
2004,220571,1,1,14,14,14,14,14,14,14,14,14,14
2004,220572,1,1,0,0,0,13,8,0,0,13,0,21
2004,220573,1,1,8,12,30,23,0,27,15,13,36,0
2004,220574,1,1,0,16,17,0,20,0,0,7,0,0
2004,220575,1,1,0,0,0,0,0,0,0,0,0,0
2004,220575,2,1,0,0,0,0,0,0,0,0,0,0
2004,220576,0,1,2,2,2,2,2,2,2,2,2,2
2004,220576,1,1,0,18,16,0,0,0,14,0,0,0
2004,220577,1,1,20,20,20,20,20,20,20,20,20,20
2004,220578,1,1,0,0,0,0,0,0,0,0,0,0
2004,220578,2,1,0,0,0,0,0,0,0,0,0,0
2004,220578,3,1,0,0,0,0,0,0,0,0,0,0
2004,220579,1,1,0,11,18,24,7,0,20,15,0,14
2004,220580,1,1,0,12,0,5,6,0,0,18,22,11
2004,220580,2,1,14,14,14,14,14,14,14,14,14,14
2004,220581,1,1,0,11,14,0,11,30,0,0,7,0
2004,220582,1,1,26,26,26,26,26,26,26,26,26,26
2004,220583,1,1,0,0,0,0,0,0,0,0,0,0
2004,220584,1,1,8,0,0,17,0,15,0,5,0,13
2004,220584,2,1,0,0,0,0,0,0,0,0,0,0
2004,220585,1,1,26,15,0,9,0,4,4,25,0,10
2004,220586,0,1,24,0,0,9,7,25,0,14,0,22
2004,220586,1,1,4,0,0,0,0,0,0,0,0,0
2004,220587,1,1,19,19,19,19,19,19,19,19,19,19
2004,220587,2,1,0,0,0,0,0,0,0,0,0,0
2004,220588,1,1,0,0,0,0,0,7,0,0,0,0
2004,220589,1,1,0,0,0,0,0,0,0,0,0,0
2004,220589,2,1,0,0,0,0,0,0,0,0,0,0
2004,220590,1,1,21,16,18,0,8,24,13,25,17,0
2004,220591,1,1,18,18,18,18,18,18,18,18,18,18
2004,220592,1,1,0,0,0,0,0,0,0,0,0,0
2004,220592,2,1,0,0,0,0,0,0,0,0,0,0
2004,220593,1,1,0,0,0,0,0,0,0,0,0,0
2004,220593,2,1,9,9,9,9,9,9,9,9,9,9
2004,220593,3,1,0,0,0,0,0,0,0,0,0,0
2004,220593,4,1,0,0,0,0,0,0,0,0,0,0
2004,220594,1,1,0,0,0,0,0,0,0,0,0,0
2004,220595,1,1,0,0,0,0,0,0,0,0,0,0
2004,220595,2,1,0,0,0,0,0,0,0,0,0,0
2004,220596,1,1,0,0,0,0,0,0,0,0,0,0
2004,220596,2,1,0,0,0,0,0,0,0,0,0,0
2004,220597,1,1,5,5,5,5,5,5,5,5,5,5
2004,220598,1,1,0,0,0,0,0,0,0,0,0,0
2004,220599,1,1,0,0,0,0,0,0,0,0,0,0
2004,220600,1,1,18,0,0,0,11,5,0,0,13,0
2004,220601,1,1,0,0,12,18,0,0,0,0,0,0
2004,220602,1,1,0,5,8,0,0,0,0,0,0,0
2004,220602,2,1,0,0,0,18,0,22,0,0,26,0
2004,220602,3,1,18,0,0,0,16,0,20,0,0,0
2004,220603,1,1,0,0,0,0,0,0,0,0,0,0
2004,220603,2,1,0,0,0,5,0,0,0,0,0,0
2004,220604,1,1,0,0,8,0,0,0,0,0,0,0
2004,220605,1,1,21,0,0,0,12,0,0,0,0,0
2004,220605,2,1,0,0,0,0,0,0,0,0,0,0
2004,220606,1,1,0,0,0,0,0,0,0,0,0,0
2004,220606,2,1,0,0,0,0,0,0,0,0,0,0
2004,220607,0,1,28,28,28,28,28,28,28,28,28,28
2004,220607,1,1,0,0,11,0,0,0,0,0,0,0
2004,220608,1,1,21,21,21,21,21,21,21,21,21,21
2004,220608,2,1,0,10,0,0,0,15,0,0,0,4
2004,220609,1,1,26,26,26,26,26,26,26,26,26,26
2004,220610,1,1,0,7,0,0,0,0,0,0,0,0
2004,220610,2,1,0,0,0,0,0,0,0,0,0,0
2004,220611,1,1,13,13,13,13,13,13,13,13,13,13
2004,220611,2,1,0,0,0,0,0,0,0,0,0,0
2004,220612,0,1,11,11,11,11,11,11,11,11,11,11
2004,220612,1,1,0,0,0,0,0,0,0,0,0,0
2004,220613,1,1,21,21,21,21,21,21,21,21,21,21
2004,220614,1,1,0,0,0,0,0,0,0,0,0,0
2004,220615,0,1,0,0,0,0,0,0,0,0,27,0
2004,220615,1,1,18,18,18,18,18,18,18,18,18,18
2004,220616,1,1,0,0,0,0,0,13,10,0,0,0
2004,220616,2,1,0,0,0,0,0,0,0,0,0,0
2004,220617,1,1,0,0,0,0,0,0,0,0,0,0
2004,220617,2,1,0,0,0,0,0,0,0,0,0,0
2004,220617,3,1,0,0,0,0,0,0,0,0,0,0
2004,220618,1,1,0,13,0,0,0,0,0,0,0,0
2004,220618,2,1,0,0,0,0,0,0,0,0,0,0
2004,220619,1,1,0,0,0,0,0,0,2,0,0,0
2004,220619,2,1,0,0,0,0,0,0,0,0,0,0
2004,220620,0,1,26,12,0,0,0,0,0,0,0,0
2004,220620,1,1,0,0,0,0,0,0,0,0,0,0
2004,220621,1,1,0,0,0,0,0,0,0,0,0,0
2004,220621,2,1,0,0,0,0,0,0,0,6,0,0
2004,220622,1,1,0,33,0,0,0,0,21,0,0,23
2004,220623,1,1,8,8,8,8,8,8,8,8,8,8
2004,220624,1,1,0,0,0,0,0,0,0,0,0,0
2004,220625,1,1,21,21,21,21,21,21,21,21,21,21
2004,220626,1,1,0,0,0,0,0,0,16,0,0,13
2004,220626,2,1,0,0,0,0,0,0,0,0,0,0
2004,220627,1,1,29,29,29,29,29,29,29,29,29,29
2004,220628,1,1,14,14,14,14,14,14,14,14,14,14
2004,220628,2,1,0,0,0,0,0,0,0,0,0,0
2004,220629,1,1,15,15,15,15,15,15,15,15,15,15
2004,220629,2,1,2,2,2,2,2,2,2,2,2,2
2004,220630,0,1,0,0,24,26,0,15,23,0,0,0
2004,220630,1,1,0,0,0,0,0,0,0,0,0,0
2004,220631,1,1,16,0,0,0,0,20,0,0,0,0
2004,220631,2,1,0,0,0,0,0,0,0,4,0,0
2004,220632,1,1,14,0,25,0,20,0,0,0,0,10
2004,220632,2,1,0,0,0,0,0,0,0,0,0,0
2004,220633,1,1,0,0,0,0,0,0,0,0,0,0
2004,220633,2,1,0,0,0,0,0,0,0,0,0,0
2004,220634,1,1,0,0,0,0,0,0,0,0,0,0
2004,220634,2,1,0,0,0,0,0,0,0,0,0,0
2004,220635,1,1,0,0,0,0,0,0,0,0,0,0
2004,220635,2,1,0,0,0,0,0,0,0,0,0,0
2004,220636,1,1,15,15,15,15,15,15,15,15,15,15
2004,220636,2,1,0,0,0,0,0,0,0,0,0,0
2004,220636,3,1,13,13,13,13,13,13,13,13,13,13
2004,220637,0,1,11,0,0,0,6,0,0,0,0,0
2004,220637,0,2,9,0,0,8,18,21,18,0,0,0
2004,220637,0,3,23,0,0,0,34,11,25,25,0,34
2004,220637,1,1,4,15,16,27,7,17,14,9,17,13
2004,220638,2,1,15,0,33,14,39,15,20,0,0,0
2004,220639,1,1,14,0,23,13,8,24,25,0,18,28
2004,220640,1,1,24,10,20,13,19,24,28,18,22,27
2004,220641,1,1,0,0,0,0,0,0,0,0,0,0
2004,220642,1,1,9,9,9,9,9,9,9,9,9,9
2004,220643,1,1,0,0,0,0,0,0,0,0,0,0
2004,220643,2,1,0,0,0,0,0,0,0,0,0,0
2004,220644,0,1,0,15,0,10,0,0,0,0,33,0
2004,220644,1,1,0,0,0,0,0,0,0,0,0,0
2004,220645,1,1,19,0,0,0,17,0,16,20,0,26
2004,220646,0,1,12,0,0,0,15,0,0,0,0,0
2004,220646,1,1,0,0,0,0,0,0,0,0,0,0
2004,220647,1,1,0,0,0,0,0,0,0,0,0,0
2004,220647,2,1,0,0,0,0,0,0,0,0,0,0
2004,220648,1,1,14,0,11,25,22,19,5,16,0,25
2004,220649,1,1,0,0,0,0,0,0,0,0,0,0
2004,220650,0,1,0,0,0,0,0,0,0,0,0,0
2004,220650,1,1,0,0,0,0,0,0,0,0,0,0
2004,220651,1,1,0,0,0,0,0,0,0,0,0,0
2004,220652,0,1,6,20,28,16,27,18,23,20,5,9
2004,220652,0,2,0,0,15,21,15,8,0,17,0,17
2004,220652,1,1,0,0,0,0,0,0,0,0,0,0
2004,220653,1,1,0,0,0,10,0,0,11,0,0,0
2004,220653,2,1,0,0,0,0,7,0,0,13,8,0
2004,220654,1,1,27,27,27,27,27,27,27,27,27,27
2004,220655,1,1,25,18,7,18,0,17,17,0,17,0
2004,220655,2,1,2,8,18,23,14,8,13,17,21,13
2004,220656,1,1,26,21,23,15,19,0,12,29,0,20
2004,220657,1,1,0,0,0,0,0,0,0,0,0,0
2004,220658,1,1,5,0,0,0,0,9,0,0,0,0
2004,220659,1,1,15,23,21,0,23,9,21,14,31,21
2004,220660,1,1,0,0,0,0,0,7,0,0,0,0
2004,220661,1,1,0,0,0,0,0,0,0,16,0,0
2004,220661,2,1,0,0,0,0,0,0,0,0,0,0
2004,220662,0,1,12,0,0,0,0,36,16,0,0,26
2004,220662,1,1,21,9,16,8,0,19,21,13,7,26
2004,220663,0,1,0,19,0,0,17,0,21,0,0,10
2004,220663,1,1,0,0,0,0,0,0,0,0,0,0
2004,220664,1,1,11,12,10,0,0,0,22,0,9,0
2004,220664,2,1,0,0,0,0,0,0,0,0,0,0
2004,220665,1,1,23,5,16,19,14,8,31,19,15,19
2004,220666,1,1,0,0,0,0,0,0,0,0,0,0
2004,220666,2,1,0,0,0,0,21,0,16,7,12,0
2004,220667,1,1,0,0,0,19,0,0,0,0,0,0
2004,220667,2,1,0,0,11,0,0,0,0,0,7,0
2004,220668,1,1,0,0,0,0,0,0,0,0,0,0
2004,220668,2,1,0,0,0,0,0,0,0,0,0,0
2004,220669,1,1,13,15,0,17,0,0,0,0,0,0
2004,220669,2,1,0,0,0,0,0,0,0,0,0,0
2004,220670,0,1,16,0,11,0,0,0,6,0,20,17
2004,220670,1,1,0,0,0,0,0,0,0,0,0,0
2004,220670,2,1,0,0,0,0,0,0,0,0,0,0
2004,220671,1,1,6,6,6,6,6,6,6,6,6,6
2004,220672,1,1,14,16,14,14,22,18,0,21,0,38
2004,220673,1,1,20,0,18,11,35,28,13,34,0,13
2004,220674,0,1,0,0,0,0,0,0,0,0,0,0
2004,220674,1,1,0,0,0,0,0,0,0,0,0,0
2004,220675,1,1,13,23,12,12,18,25,27,32,19,11
2004,220676,1,1,0,0,0,0,0,0,0,0,0,0
2004,220676,2,1,0,0,0,0,0,0,0,0,12,0
2004,220676,3,1,0,0,0,0,0,0,0,0,0,0
2004,220677,1,1,0,0,31,0,23,0,26,23,0,0
2004,220678,1,1,0,0,0,0,0,0,0,27,0,0
2004,220678,2,1,0,0,0,0,0,0,0,0,0,0
2004,220679,0,1,0,0,0,0,0,0,0,0,0,0
2004,220679,1,1,0,0,0,0,0,0,0,0,0,0
2004,220680,1,1,0,27,0,0,0,6,0,0,0,0
2004,220680,2,1,0,0,0,0,0,0,0,0,0,0
2004,220680,3,1,0,0,0,0,0,0,0,0,0,0
2004,220681,1,1,37,23,38,32,0,0,0,14,23,0
2004,220682,0,1,14,14,14,14,14,14,14,14,14,14
2004,220682,1,1,0,0,0,0,0,0,0,0,0,0
2004,220683,1,1,5,5,5,5,5,5,5,5,5,5
2004,220684,1,1,18,19,17,28,17,11,32,20,0,32
2004,220685,1,1,15,15,15,15,15,15,15,15,15,15
2004,220686,1,1,39,26,28,28,0,31,13,0,19,26
2004,220687,1,1,27,0,0,18,27,0,12,25,30,27
2004,220688,1,1,0,0,0,0,0,0,0,0,0,0
2004,220688,2,1,0,0,0,0,0,0,0,0,0,0
2004,220689,1,1,0,0,0,34,0,0,0,0,0,0
2004,220689,2,1,27,18,28,0,25,24,20,0,0,0
2004,220690,1,1,0,0,3,0,0,21,0,0,0,0
2004,220690,2,1,0,28,0,14,11,14,10,6,20,0
2004,220691,1,1,0,0,0,0,0,0,0,0,0,0
2004,220691,2,1,12,0,0,0,0,0,0,0,0,0
2004,220692,1,1,10,10,10,10,10,10,10,10,10,10
2004,220693,1,1,19,11,0,13,0,9,22,22,5,14
2004,220694,1,1,26,0,22,0,13,11,0,29,0,28
2004,220695,1,1,0,0,5,0,23,0,17,0,0,0
2004,220695,2,1,0,0,0,0,0,0,0,0,0,0
2004,220696,1,1,0,0,8,0,0,0,0,0,0,0
2004,220696,2,1,0,0,0,0,0,0,0,0,0,0
2004,220697,1,1,0,0,0,13,0,0,0,0,0,0
2004,220698,1,1,0,0,0,28,25,0,0,0,0,12
2004,220699,1,1,0,0,0,0,0,0,0,0,0,0
2004,220699,2,1,0,0,5,0,0,0,0,0,0,0
2004,220700,1,1,0,10,0,0,0,11,15,0,0,0
2004,220700,2,1,0,0,0,0,0,0,0,0,0,0
2004,220701,1,1,0,0,0,0,0,0,0,0,0,0
2004,220701,2,1,0,0,0,0,0,0,0,0,0,0
2004,220702,1,1,1,1,1,1,1,1,1,1,1,1
2004,220703,1,1,11,21,35,28,6,29,23,25,25,25
2004,220704,1,1,0,0,17,0,0,0,0,0,0,4
2004,220704,2,1,0,0,0,0,0,0,0,0,0,0
2004,220704,3,1,0,0,0,0,0,0,0,0,0,0
2004,220705,1,1,0,0,0,0,0,0,0,0,0,0
2004,220705,2,1,0,0,0,0,0,0,0,10,0,0
2004,220706,1,1,0,0,0,0,0,0,0,0,0,0
2004,220706,2,1,0,0,0,0,0,0,0,0,0,0
2004,220707,1,1,31,31,31,31,31,31,31,31,31,31
2004,220707,2,1,0,0,0,0,0,0,0,0,0,0
2004,220708,1,1,0,0,0,0,0,0,0,0,0,0
2004,220708,2,1,0,0,0,0,0,0,0,0,0,0
2004,220709,1,1,0,0,0,0,0,0,20,0,0,0
2004,220710,0,1,0,0,0,0,0,0,0,0,0,0
2004,220710,1,1,0,0,0,0,0,0,0,0,0,0
2004,220711,1,1,0,0,0,0,0,0,0,0,0,0