YEAR,ST_CASE,veh_no,per_no,P1,P2,P3,P4,P5,P6,P7,P8,P9,P10
2004,220712,1,1,0,0,0,0,0,0,0,0,21,16
2004,220712,2,1,0,0,0,0,0,0,0,0,0,0
2004,220713,0,1,0,15,11,0,10,16,14,16,0,0
2004,220713,1,1,0,0,0,0,0,0,0,0,0,0
2004,220714,0,1,0,0,0,0,31,18,0,0,0,30
2004,220714,1,1,0,0,0,0,0,0,0,0,0,0
2004,220715,1,1,10,0,17,11,26,6,18,9,13,14
2004,220716,1,1,0,0,0,0,0,0,0,0,0,0
2004,220716,2,1,0,0,0,0,0,0,0,0,0,0
2004,220716,3,1,0,0,0,0,0,0,0,0,0,0
2004,220716,4,1,0,0,0,0,0,0,0,0,0,0
2004,220717,1,1,0,0,0,0,0,0,0,0,0,0
2004,220718,1,1,0,0,0,0,0,0,0,0,0,0
2004,220718,2,1,0,0,0,0,0,0,0,0,0,0
2004,220719,1,1,0,0,9,3,0,0,0,0,0,0
2004,220720,1,1,0,0,0,0,0,14,33,0,0,8
2004,220721,1,1,11,0,21,0,0,0,0,33,0,0
2004,220722,0,1,0,0,0,0,0,0,0,0,0,0
2004,220722,1,1,0,0,0,0,0,0,0,0,0,0
2004,220723,1,1,0,0,0,0,0,0,12,0,0,0
2004,220724,1,1,0,21,14,12,29,11,25,0,18,27
2004,220725,1,1,0,0,0,0,0,0,0,0,0,0
2004,220725,2,1,0,0,0,0,0,0,0,0,0,0
2004,220726,1,1,0,0,0,0,0,0,0,9,0,0
2004,220726,2,1,0,0,0,0,0,0,0,0,0,0
2004,220727,1,1,21,24,0,0,0,0,0,14,0,0
2004,220728,0,1,0,0,0,0,0,0,0,0,0,0
2004,220728,0,2,0,0,0,0,0,0,0,0,0,0
2004,220728,1,1,4,4,4,4,4,4,4,4,4,4
2004,220729,1,1,17,17,17,17,17,17,17,17,17,17
2004,220729,2,1,11,11,11,11,11,11,11,11,11,11
2004,220730,1,1,0,0,0,0,8,0,16,0,8,0
2004,220730,2,1,21,21,21,21,21,21,21,21,21,21
2004,220731,1,1,0,0,0,0,0,0,0,0,0,0
2004,220731,2,1,0,0,0,0,0,0,0,0,0,0
2004,220732,1,1,0,0,0,0,0,0,0,0,0,0
2004,220733,1,1,0,0,0,0,0,0,0,0,0,0
2004,220734,1,1,0,0,0,0,0,0,0,0,0,0
2004,220734,2,1,0,0,0,0,0,0,0,0,0,0
2004,220735,1,1,0,0,0,0,0,0,0,0,0,0
2004,220735,2,1,0,0,0,0,0,0,0,9,0,0
2004,220736,1,1,23,23,23,23,23,23,23,23,23,23
2004,220737,1,1,0,12,0,22,0,0,0,0,0,0
2004,220738,1,1,0,0,0,0,0,0,0,0,7,0
2004,220738,2,1,0,31,0,16,0,0,0,0,0,0
2004,220739,1,1,0,0,0,0,0,0,0,0,0,17
2004,220739,2,1,0,0,0,0,0,0,0,0,0,0
2004,220740,1,1,0,0,17,0,0,0,19,17,4,0
2004,220741,1,1,19,19,19,19,19,19,19,19,19,19
2004,220742,1,1,0,0,0,0,0,0,0,0,0,0
2004,220742,2,1,0,0,0,0,0,0,0,0,0,0
2004,220742,3,1,0,0,0,0,0,0,0,0,0,0
2004,220743,1,1,0,0,0,0,0,0,0,0,0,0
2004,220744,1,1,28,25,0,0,25,20,0,42,0,0
2004,220745,1,1,0,0,0,24,20,0,0,0,0,0
2004,220746,1,1,28,15,17,11,27,19,0,14,8,17
2004,220746,2,1,0,0,0,0,0,0,0,0,0,0
2004,220747,1,1,20,0,7,22,13,11,18,18,15,29
2004,220748,0,1,12,20,39,14,44,36,14,19,34,8
2004,220749,1,1,13,14,12,14,21,22,25,25,21,0
2004,220750,0,1,3,0,0,11,5,16,0,0,0,0
2004,220750,1,1,13,13,13,13,13,13,13,13,13,13
2004,220751,1,1,16,16,16,16,16,16,16,16,16,16
2004,220752,1,1,5,0,0,0,0,0,0,0,0,0
2004,220753,0,1,0,0,0,12,45,18,24,0,9,17
2004,220753,1,1,0,0,0,0,0,0,0,0,0,0
2004,220754,1,1,9,9,9,9,9,9,9,9,9,9
2004,220754,2,1,0,0,0,0,0,0,0,0,0,0
2004,220754,3,1,0,0,0,0,0,0,0,0,0,0
2004,220754,4,1,0,0,0,0,0,0,0,0,0,0
2004,220755,1,1,0,0,0,0,0,0,0,0,0,0
2004,220755,2,1,0,4,0,0,0,0,0,0,0,0
2004,220756,1,1,0,0,0,0,11,0,0,0,0,0
2004,220756,2,1,0,0,0,0,27,0,0,0,0,0
2004,220757,1,1,11,11,11,11,11,11,11,11,11,11
2004,220757,2,1,0,0,0,0,0,0,0,0,0,0
2004,220758,0,1,20,0,0,20,28,11,12,4,24,4
2004,220758,1,1,18,26,19,19,39,26,22,0,15,0
2004,220759,1,1,21,36,15,6,11,30,23,38,9,36
2004,220760,0,1,0,0,0,0,0,0,0,0,0,0
2004,220760,1,1,0,0,0,0,0,0,0,0,0,0
2004,220761,1,1,15,15,15,15,15,15,15,15,15,15
2004,220762,1,1,36,9,0,18,35,0,0,7,0,26
2004,220763,1,1,0,0,0,22,20,0,0,0,0,0
2004,220763,2,1,0,0,0,0,0,0,0,0,0,0
2004,220764,0,1,23,23,23,23,23,23,23,23,23,23
2004,220764,1,1,0,0,0,0,0,0,0,0,0,0
2004,220765,1,1,14,14,14,14,14,14,14,14,14,14
2004,220766,0,1,16,21,31,47,15,24,13,37,40,52
2004,220766,1,1,25,0,28,22,13,3,13,18,0,16
2004,220766,2,1,0,0,0,0,0,0,0,0,0,0
2004,220767,0,1,28,0,0,29,23,0,0,19,0,13
2004,220767,1,1,0,0,0,0,0,0,0,0,0,0
2004,220768,0,1,0,0,0,0,0,0,0,0,0,0
2004,220768,0,2,0,0,0,0,0,0,0,0,0,0
2004,220768,0,3,0,0,0,0,0,0,0,0,0,0
2004,220768,0,4,0,0,0,0,0,0,0,0,0,0
2004,220768,1,1,0,0,0,0,0,0,0,0,0,0
2004,220768,2,1,0,0,10,0,0,0,0,0,0,0
2004,220768,3,1,0,0,0,0,0,0,0,0,0,0
2004,220769,1,1,0,0,0,0,0,0,0,0,0,0
2004,220769,2,1,0,0,0,0,0,0,0,0,0,0
2004,220770,0,1,0,34,0,0,0,0,0,0,0,0
2004,220770,1,1,0,0,0,0,0,0,0,0,0,0
2004,220771,1,1,0,0,0,0,0,0,0,0,0,0
2004,220772,1,1,0,0,0,0,0,0,0,0,0,0
2004,220773,0,1,0,0,0,0,0,0,0,0,0,0
2004,220774,1,1,21,21,21,21,21,21,21,21,21,21
2004,220775,1,1,0,0,19,0,4,0,0,0,0,24
2004,220776,0,1,5,27,0,0,23,38,0,0,14,0
2004,220777,1,1,0,0,0,15,21,15,0,0,0,0
2004,220777,2,1,0,0,0,0,0,0,0,0,0,27
2004,220777,3,1,0,0,0,0,0,0,0,0,0,0
2004,220777,4,1,0,0,0,0,0,0,0,0,0,0
2004,220777,5,1,0,0,0,0,0,0,0,0,0,0
2004,220778,1,1,0,0,11,0,0,0,0,0,0,3
2004,220778,2,1,0,0,0,0,0,0,0,0,0,0
2004,220778,3,1,0,0,0,0,0,0,0,0,0,0
2004,220778,4,1,0,0,0,0,0,0,0,0,0,6
2004,220779,1,1,0,0,0,0,0,0,0,0,0,0
2004,220779,2,1,0,0,0,0,0,0,0,0,0,0
2004,220780,1,1,0,0,0,0,0,0,0,0,0,0
2004,220781,1,1,0,0,0,0,0,0,0,0,9,0
2004,220781,2,1,0,0,0,0,21,0,0,0,0,0
2004,220782,0,1,20,20,20,20,20,20,20,20,20,20
2004,220782,0,2,0,31,0,0,0,13,0,35,0,29
2004,220782,0,3,0,0,0,0,0,42,0,18,0,20
2004,220782,1,1,23,0,0,0,0,12,0,0,0,0
2004,220783,1,1,10,10,10,10,10,10,10,10,10,10
2004,220783,2,1,0,0,0,0,0,0,0,0,0,0
2004,220783,3,1,0,0,0,0,0,0,0,0,0,0
2004,220784,0,1,0,0,7,0,0,23,0,0,0,0
2004,220784,1,1,0,0,10,0,0,0,50,0,0,0
2004,220784,2,1,0,0,0,0,0,0,0,0,0,0
2004,220785,1,1,0,0,0,0,0,0,0,0,0,0
2004,220785,2,1,0,0,0,0,0,0,0,0,0,0
2004,220786,0,1,0,0,23,0,0,0,15,0,0,0
2004,220786,1,1,0,0,0,0,0,0,0,0,0,0
2004,220787,1,1,0,0,0,0,0,0,0,0,0,9
2004,220787,2,1,0,0,0,0,0,0,0,0,0,0
2004,220788,1,1,0,0,0,0,0,6,0,0,0,0
2004,220788,2,1,0,0,0,0,33,0,0,9,27,16
2004,220789,1,1,0,0,0,0,0,0,0,0,0,0
2004,220789,2,1,20,0,0,6,0,27,0,0,0,0
2004,220790,0,1,11,21,5,16,39,14,21,17,17,19
2004,220790,1,1,16,16,16,16,16,16,16,16,16,16
2004,220791,0,1,0,26,10,16,11,0,33,0,0,0
2004,220791,1,1,7,7,7,7,7,7,7,7,7,7
2004,220792,0,1,0,0,0,0,0,0,0,0,0,0
2004,220792,1,1,0,0,0,0,0,0,0,0,0,0
2004,220793,1,1,21,14,0,25,16,7,11,19,40,0
2004,220794,0,1,0,0,11,41,0,0,20,0,0,14
2004,220794,1,1,0,0,0,0,0,0,0,0,0,0
2004,220794,2,1,0,0,0,0,0,0,0,0,0,0
2004,220795,1,1,0,0,0,0,0,0,0,0,0,0
2004,220796,1,1,0,0,0,0,0,0,0,5,0,0
2004,220796,2,1,0,0,0,0,0,0,0,0,0,0
2004,220797,1,1,20,0,8,16,8,17,30,3,21,16
2004,220798,0,1,12,0,35,0,0,18,47,9,30,18
2004,220798,1,1,0,0,0,0,0,0,0,0,0,0
2004,220799,0,1,0,0,0,0,0,0,0,0,0,0
2004,220799,1,1,6,13,0,0,0,0,0,0,0,0
2004,220800,1,1,0,0,0,0,0,0,0,0,0,0
2004,220801,1,1,0,0,0,0,0,0,0,0,0,0
2004,220802,0,1,0,0,0,0,0,0,0,0,0,0
2004,220802,1,1,5,5,5,5,5,5,5,5,5,5
2004,220803,1,1,0,0,0,0,0,0,0,0,0,0
2004,220803,2,1,7,0,0,0,0,0,0,0,0,0
2004,220803,3,1,0,0,0,0,0,0,0,0,0,0
2004,220804,0,1,32,32,32,32,32,32,32,32,32,32
2004,220804,1,1,17,17,17,17,17,17,17,17,17,17
2004,220805,1,1,0,0,0,0,0,0,0,0,0,0
2004,220805,2,1,0,0,0,0,0,0,0,0,0,0
2004,220806,0,1,0,0,0,0,0,0,0,0,0,0
2004,220806,1,1,0,0,0,0,0,0,0,0,0,0
2004,220807,1,1,0,12,6,16,23,8,15,31,17,13
2004,220807,2,1,0,0,0,0,0,0,0,0,0,0
2004,220808,1,1,0,19,17,0,17,0,18,0,14,0
2004,220808,2,1,0,0,0,0,0,0,0,0,0,0
2004,220809,1,1,0,0,0,0,0,0,0,0,0,0
2004,220809,2,1,0,0,0,0,0,0,0,16,0,0
2004,220810,0,1,0,0,0,0,0,0,0,0,0,0
2004,220810,1,1,0,0,0,0,0,0,0,0,0,0
2004,220811,1,1,0,0,0,0,0,0,0,0,0,0
2004,220812,0,1,0,0,23,23,0,14,25,0,14,0
2004,220812,1,1,16,14,11,0,12,0,0,0,0,8
2004,220813,0,1,0,12,0,0,0,0,0,7,30,28
2004,220813,1,1,0,0,0,0,15,0,0,0,9,0
2004,220814,1,1,7,7,7,7,7,7,7,7,7,7
2004,220814,2,1,0,0,0,0,0,0,0,0,0,0
2004,220815,1,1,0,0,0,0,0,0,0,0,0,0
2004,220816,1,1,0,0,0,0,0,0,0,0,0,0
2004,220816,2,1,0,0,0,0,0,0,0,0,0,0
2004,220817,1,1,5,5,5,5,5,5,5,5,5,5
2004,220817,2,1,0,0,0,0,0,0,0,0,0,0
2004,220818,0,1,0,0,0,0,0,0,0,0,0,0
2004,220818,1,1,0,0,0,0,0,0,0,0,5,0
2004,220819,1,1,0,0,0,0,0,0,0,0,0,0
2004,220819,2,1,0,0,0,0,0,0,0,0,0,0
2004,220820,1,1,0,0,0,0,0,0,0,0,0,0
2004,220820,2,1,0,0,0,0,0,0,0,0,0,0
2004,220821,1,1,0,0,0,0,0,0,0,0,0,0
2004,220821,2,1,15,14,3,0,0,0,0,0,22,18
2004,220821,3,1,0,0,0,0,8,0,0,0,15,0
2004,220821,4,1,0,7,0,0,0,0,17,13,0,0
2004,220821,5,1,22,0,27,7,12,0,0,0,0,0
2004,220821,6,1,5,5,5,5,5,5,5,5,5,5
2004,220821,7,1,15,0,0,0,34,17,0,0,11,0
2004,220821,8,1,0,0,0,0,0,13,0,0,0,0
2004,220821,9,1,22,7,0,0,0,0,13,4,13,0
2004,220822,0,1,50,13,6,27,36,23,30,0,0,0
2004,220822,1,1,0,0,0,0,0,0,0,0,0,0
2004,220823,0,1,0,0,0,0,0,0,16,0,0,0
2004,220823,1,1,20,12,20,22,17,25,6,4,22,0
2004,220824,1,1,0,0,0,0,0,0,0,0,0,0
2004,220825,0,1,0,0,16,0,34,0,0,17,0,11
2004,220825,0,2,18,0,24,7,12,22,19,16,0,31
2004,220825,1,1,0,0,0,6,4,11,17,0,5,10
2004,220826,0,1,0,0,0,0,0,0,0,25,22,0
2004,220826,1,1,0,0,0,0,0,0,0,0,0,0
2004,220827,1,1,1,1,1,1,1,1,1,1,1,1
2004,220828,1,1,0,0,0,0,0,0,0,0,0,0
2004,220828,2,1,0,0,0,0,0,0,0,0,0,0
2004,230001,1,1,0,0,0,0,0,0,0,0,0,0
2004,230001,2,1,0,0,0,0,0,0,0,0,0,0
2004,230002,1,1,0,0,0,0,0,0,0,0,0,0
2004,230002,2,1,0,0,0,0,0,0,0,0,0,0
2004,230003,1,1,0,0,0,0,0,0,0,0,0,0
2004,230004,1,1,0,0,0,0,0,0,0,0,0,0
2004,230004,2,1,0,0,0,0,0,0,0,0,0,0
2004,230005,1,1,13,13,13,13,13,13,13,13,13,13
2004,230006,1,1,0,0,0,0,0,0,0,0,0,0
2004,230007,1,1,0,0,0,0,0,0,0,0,0,0
2004,230008,1,1,0,0,0,0,0,0,0,0,0,0
2004,230008,2,1,0,0,0,0,0,0,0,0,0,0
2004,230009,1,1,0,0,0,0,0,0,0,0,0,0
2004,230009,2,1,0,0,0,0,0,0,0,0,0,0
2004,230010,1,1,0,0,0,0,0,0,0,0,0,0
2004,230010,2,1,0,0,0,0,0,0,0,0,0,0
2004,230011,1,1,0,0,0,0,0,0,0,0,0,0
2004,230012,1,1,0,0,0,0,0,0,0,0,0,0
2004,230012,2,1,0,0,0,0,0,0,0,0,0,0
2004,230013,1,1,18,18,18,18,18,18,18,18,18,18
2004,230014,1,1,0,0,0,0,0,0,0,0,0,0
2004,230014,2,1,0,0,0,0,0,0,0,0,0,0
2004,230015,1,1,18,18,18,18,18,18,18,18,18,18
2004,230016,1,1,0,0,0,0,0,0,0,0,0,0
2004,230017,1,1,0,0,0,0,0,0,0,0,0,0
2004,230017,2,1,0,0,0,0,0,0,0,0,0,0
2004,230018,1,1,0,0,0,0,0,0,0,0,0,0
2004,230018,2,1,0,0,0,0,0,0,0,0,0,0
2004,230019,1,1,11,11,11,11,11,11,11,11,11,11
2004,230020,1,1,0,0,0,0,0,0,0,20,0,0
2004,230020,2,1,0,0,0,0,0,0,0,0,0,0
2004,230020,3,1,0,0,0,0,0,0,0,0,0,0
2004,230021,1,1,0,0,0,0,0,0,0,0,0,0
2004,230022,1,1,0,0,0,0,0,0,0,0,0,0
2004,230022,2,1,0,0,0,0,9,0,0,0,0,0
2004,230023,0,1,0,28,0,20,18,0,0,27,0,0
2004,230023,0,2,0,0,0,0,0,0,0,0,0,0
2004,230023,1,1,22,22,22,22,22,22,22,22,22,22
2004,230024,1,1,14,14,14,14,14,14,14,14,14,14
2004,230025,1,1,18,18,18,18,18,18,18,18,18,18
2004,230026,1,1,0,0,0,0,0,0,0,0,0,0
2004,230027,1,1,0,0,0,0,0,3,0,0,0,0
2004,230028,1,1,23,23,23,23,23,23,23,23,23,23
2004,230029,1,1,11,11,11,11,11,11,11,11,11,11
2004,230030,1,1,0,0,0,0,0,0,0,0,0,0
2004,230030,2,1,0,0,0,0,0,0,0,0,0,0
2004,230031,1,1,0,0,0,0,0,0,0,0,0,0
2004,230031,2,1,0,0,0,0,0,0,0,0,0,0
2004,230032,1,1,18,18,18,18,18,18,18,18,18,18
2004,230033,0,1,0,0,0,0,0,0,0,0,0,0
2004,230033,1,1,0,0,0,0,0,0,0,0,0,0
2004,230034,1,1,0,0,0,0,0,0,0,0,0,0
2004,230034,2,1,0,0,0,0,0,0,0,0,0,0
2004,230035,1,1,39,39,39,39,39,39,39,39,39,39
2004,230035,2,1,0,0,0,0,0,0,8,0,0,0
2004,230036,1,1,22,22,22,22,22,22,22,22,22,22
2004,230037,1,1,0,0,0,0,0,0,0,0,0,0
2004,230037,2,1,20,0,0,0,2,0,0,0,0,0
2004,230038,1,1,0,0,0,0,0,0,0,0,0,0
2004,230038,2,1,0,0,0,0,0,0,0,0,0,0
2004,230039,1,1,0,0,0,0,0,0,0,0,0,0
2004,230039,2,1,0,0,0,0,0,0,0,0,0,0
2004,230040,1,1,0,0,0,0,0,0,0,0,0,0
2004,230040,2,1,0,0,0,0,0,0,0,0,0,0
2004,230041,1,1,10,10,10,10,10,10,10,10,10,10
2004,230042,0,1,0,0,0,0,0,0,0,0,15,0
2004,230042,1,1,0,0,0,0,0,0,0,0,0,0
2004,230044,1,1,4,4,4,4,4,4,4,4,4,4
2004,230044,2,1,0,0,0,0,0,0,0,0,0,0
2004,230044,3,1,0,0,0,0,0,0,0,0,0,0
2004,230045,1,1,0,0,0,0,0,0,0,0,0,0
2004,230046,1,1,0,0,0,0,0,0,0,0,0,0
2004,230047,1,1,0,0,0,0,0,0,0,0,0,0
2004,230048,1,1,0,24,0,28,19,0,8,0,0,22
2004,230049,0,1,23,44,12,5,0,12,12,17,18,0
2004,230049,1,1,0,0,0,0,0,0,0,0,0,0
2004,230050,1,1,15,15,15,15,15,15,15,15,15,15
2004,230051,1,1,0,0,0,0,0,0,0,0,0,0
2004,230051,2,1,0,0,0,0,0,0,0,0,0,0
2004,230052,1,1,0,0,0,0,0,0,0,0,0,0
2004,230053,1,1,10,20,21,12,23,16,15,27,6,15
2004,230054,1,1,0,0,0,0,0,0,0,0,0,0
2004,230054,2,1,0,0,0,0,0,0,0,0,0,0
2004,230055,1,1,0,0,0,0,0,0,0,0,0,0
2004,230055,2,1,0,0,0,0,0,0,0,0,0,0
2004,230056,1,1,0,0,0,0,0,0,0,0,0,0
2004,230056,2,1,12,12,12,12,12,12,12,12,12,12
2004,230057,1,1,0,0,0,0,0,0,0,0,0,0
2004,230057,2,1,0,0,0,0,0,0,0,0,0,0
2004,230058,1,1,0,0,0,0,0,0,0,0,0,0
2004,230059,1,1,0,0,0,0,0,0,0,0,0,0
2004,230059,2,1,0,0,0,0,0,0,0,0,0,0
2004,230059,3,1,0,0,0,0,0,0,0,0,0,0
2004,230060,1,1,0,0,0,0,0,0,0,0,0,0
2004,230061,1,1,23,23,23,23,23,23,23,23,23,23
2004,230062,1,1,1,1,1,1,1,1,1,1,1,1
2004,230062,2,1,0,0,0,0,0,0,0,0,0,0
2004,230062,3,1,0,0,0,0,0,0,0,0,0,0
2004,230062,4,1,0,0,0,0,0,0,0,0,0,0
2004,230063,1,1,0,0,0,0,0,0,0,0,0,0
2004,230064,1,1,20,20,20,20,20,20,20,20,20,20
2004,230065,1,1,9,9,9,9,9,9,9,9,9,9
2004,230066,1,1,2,2,2,2,2,2,2,2,2,2
2004,230066,2,1,0,0,0,0,0,0,0,0,0,0
2004,230067,1,1,0,0,0,0,0,0,0,0,0,0
2004,230068,1,1,0,0,0,0,0,0,0,0,0,0
2004,230068,2,1,0,0,0,0,0,0,0,0,0,0
2004,230069,1,1,0,0,0,0,0,0,0,0,0,0
2004,230069,2,1,0,0,0,0,0,0,0,0,0,0
2004,230070,1,1,0,0,0,0,0,0,0,0,0,0
2004,230070,2,1,0,0,0,0,0,0,0,0,0,0
2004,230071,1,1,0,0,0,0,0,0,0,0,0,0
2004,230072,0,1,0,0,0,0,0,0,0,0,0,0
2004,230072,1,1,2,2,2,2,2,2,2,2,2,2
2004,230073,1,1,23,23,23,23,23,23,23,23,23,23
2004,230074,1,1,0,0,0,0,0,0,0,0,0,0
2004,230075,1,1,0,0,0,0,0,0,0,0,0,0
2004,230075,2,1,0,0,0,0,0,0,10,0,0,0
2004,230076,1,1,8,8,8,8,8,8,8,8,8,8
2004,230077,1,1,0,0,0,0,0,0,0,0,0,0
2004,230077,2,1,0,0,0,0,0,0,0,0,0,0
2004,230078,1,1,0,0,0,0,0,0,0,0,0,0
2004,230078,2,1,0,0,0,0,0,0,0,0,0,0
2004,230079,1,1,0,0,0,0,0,0,0,0,0,0
2004,230079,2,1,0,0,0,0,0,0,0,0,0,0
2004,230080,1,1,0,0,0,0,0,0,0,0,0,0
2004,230080,2,1,0,0,0,0,0,0,0,0,0,0
2004,230081,1,1,0,0,0,0,0,0,0,0,0,0
2004,230081,2,1,7,7,7,7,7,7,7,7,7,7
2004,230082,1,1,6,6,6,6,6,6,6,6,6,6
2004,230082,2,1,0,6,0,0,0,0,0,0,0,0
2004,230083,1,1,0,0,0,0,0,0,0,0,0,0
2004,230084,1,1,0,0,0,0,0,0,0,0,0,0
2004,230085,1,1,16,16,16,16,16,16,16,16,16,16
2004,230086,1,1,0,0,0,0,0,0,0,0,0,0
2004,230086,2,1,0,0,0,0,0,0,0,0,0,0
2004,230087,1,1,0,0,0,0,0,0,0,0,0,0
2004,230087,2,1,0,0,0,0,0,0,0,0,0,0
2004,230088,1,1,22,22,22,22,22,22,22,22,22,22
2004,230089,1,1,4,4,4,4,4,4,4,4,4,4
2004,230090,1,1,0,0,0,0,0,0,0,0,0,0
2004,230091,1,1,16,16,16,16,16,16,16,16,16,16
2004,230091,2,1,0,0,0,0,0,0,0,0,0,0
2004,230092,1,1,11,11,11,11,11,11,11,11,11,11
2004,230092,2,1,0,0,0,17,0,5,0,0,11,17
2004,230093,1,1,0,0,0,11,0,0,0,0,0,0
2004,230093,2,1,0,0,0,0,0,0,0,0,0,0
2004,230094,0,1,0,0,0,0,0,0,0,0,0,0
2004,230094,1,1,0,0,0,0,0,0,0,0,0,0
2004,230095,1,1,0,0,0,0,0,0,0,0,0,0
2004,230095,2,1,0,0,0,0,0,0,0,0,0,0
2004,230096,1,1,13,13,13,13,13,13,13,13,13,13
2004,230097,1,1,0,23,0,6,9,23,0,0,0,0
2004,230098,1,1,0,14,0,15,0,0,0,5,18,21
2004,230099,1,1,8,8,8,8,8,8,8,8,8,8
2004,230100,1,1,0,0,0,0,0,0,0,0,0,0
2004,230100,2,1,0,0,0,0,0,0,0,0,0,0
2004,230100,3,1,0,0,0,0,0,0,0,0,0,0
2004,230102,1,1,0,0,0,0,0,0,0,0,0,0
2004,230103,1,1,19,19,19,19,19,19,19,19,19,19
2004,230104,1,1,0,0,0,0,0,0,0,0,0,0
2004,230105,1,1,0,0,0,0,0,0,0,0,0,0
2004,230106,1,1,0,0,0,0,0,0,0,0,0,0
2004,230106,2,1,0,0,0,0,0,0,0,0,0,0
2004,230107,1,1,0,0,0,0,0,0,0,0,0,0
2004,230108,1,1,22,19,20,19,5,15,15,0,20,19
2004,230109,0,1,0,0,0,0,0,0,0,0,0,0
2004,230109,1,1,0,0,0,0,0,0,0,0,0,0
2004,230110,1,1,0,0,0,0,0,0,0,0,0,0
2004,230111,1,1,0,0,0,0,0,0,0,0,0,0
2004,230111,2,1,0,0,0,0,0,0,0,0,0,0
2004,230112,1,1,0,0,0,0,0,0,0,0,0,0
2004,230112,2,1,0,0,0,0,0,0,0,0,0,0
2004,230113,0,1,0,0,0,0,0,0,0,0,0,0
2004,230113,1,1,20,20,20,20,20,20,20,20,20,20
2004,230114,1,1,0,0,0,0,0,0,0,0,0,0
2004,230115,1,1,0,0,0,0,0,0,0,0,0,21
2004,230116,1,1,0,0,0,0,0,0,0,0,0,0
2004,230117,1,1,12,11,22,19,14,23,4,13,10,9
2004,230118,1,1,18,18,18,18,18,18,18,18,18,18
2004,230119,1,1,17,17,17,17,17,17,17,17,17,17
2004,230120,1,1,15,15,15,15,15,15,15,15,15,15
2004,230121,1,1,30,30,30,30,30,30,30,30,30,30
2004,230122,1,1,0,0,0,0,0,0,0,0,0,0
2004,230122,2,1,0,0,0,0,0,0,0,0,0,0
2004,230123,1,1,0,0,0,0,0,0,0,0,0,0
2004,230123,2,1,0,0,0,0,0,0,0,0,0,0
2004,230124,1,1,0,0,0,0,0,0,0,0,0,0
2004,230124,2,1,0,0,0,0,0,0,0,0,9,0
2004,230125,1,1,0,0,0,0,0,0,0,0,0,0
2004,230125,2,1,0,0,0,0,0,0,0,0,0,0
2004,230126,1,1,0,0,0,0,0,0,0,0,0,0
2004,230127,1,1,0,0,0,11,0,0,0,0,0,0
2004,230127,2,1,0,0,0,0,0,0,0,0,0,0
2004,230128,1,1,3,0,0,7,0,16,34,14,19,16
2004,230129,0,1,0,0,0,0,0,0,0,0,0,0
2004,230129,1,1,14,0,0,0,0,0,0,0,0,5
2004,230130,1,1,0,0,0,0,0,0,0,0,0,0
2004,230130,2,1,0,0,0,0,0,0,0,0,0,0
2004,230131,1,1,15,15,15,15,15,15,15,15,15,15
2004,230132,0,1,0,0,0,0,0,0,0,0,0,0
2004,230132,1,1,0,0,0,0,0,0,0,0,0,0
2004,230133,1,1,24,30,34,18,37,8,8,41,0,20
2004,230134,0,1,0,0,0,0,0,0,0,0,0,0
2004,230134,1,1,0,0,0,0,0,0,0,0,0,0
2004,230135,1,1,0,0,0,0,0,0,0,0,0,0
2004,230136,1,1,14,14,14,14,14,14,14,14,14,14
2004,230137,1,1,0,0,0,0,0,0,0,0,0,0
2004,230137,2,1,0,0,0,0,0,0,0,0,0,0
2004,230138,1,1,0,0,0,0,0,0,0,0,0,13
2004,230138,2,1,0,0,0,0,0,0,0,0,0,4
2004,230139,1,1,0,0,0,0,0,0,0,0,0,0
2004,230140,1,1,0,0,0,0,0,0,0,0,0,0
2004,230140,2,1,0,0,0,0,0,0,0,0,0,0
2004,230141,1,1,0,0,0,0,0,0,0,0,0,0
2004,230142,1,1,0,0,0,0,0,0,0,0,0,0
2004,230144,1,1,8,8,8,8,8,8,8,8,8,8
2004,230144,2,1,0,0,0,0,0,0,0,0,0,0
2004,230145,1,1,0,0,0,0,0,0,0,0,0,0
2004,230145,2,1,0,0,0,0,0,0,0,0,0,0
2004,230146,1,1,10,10,10,10,10,10,10,10,10,10
2004,230147,1,1,0,0,0,8,0,0,0,5,0,0
2004,230148,1,1,19,19,19,19,19,19,19,19,19,19
2004,230149,1,1,0,0,0,0,0,0,0,0,0,0
2004,230150,1,1,17,17,17,17,17,17,17,17,17,17
2004,230152,1,1,0,0,0,0,0,0,0,0,0,0
2004,230153,1,1,25,25,25,25,25,25,25,25,25,25
2004,230154,1,1,0,0,0,0,0,0,0,0,0,0
2004,230155,1,1,0,0,0,0,0,0,0,0,0,0
2004,230156,1,1,0,0,0,0,0,0,0,0,0,0
2004,230156,2,1,0,0,0,0,0,0,0,0,0,0
2004,230157,1,1,0,0,0,0,0,0,0,0,0,0
2004,230157,2,1,0,0,0,0,0,0,0,0,0,0
2004,230158,1,1,0,0,0,0,0,0,0,0,0,0
2004,230158,2,1,0,0,0,0,0,0,0,0,0,0
2004,230159,1,1,17,17,17,17,17,17,17,17,17,17
2004,230160,1,1,13,13,13,13,13,13,13,13,13,13
2004,230160,2,1,0,0,0,0,0,0,0,0,0,0
2004,230161,1,1,32,32,32,32,32,32,32,32,32,32
2004,230162,1,1,0,0,0,0,0,0,0,13,0,0