YEAR,ST_CASE,veh_no,per_no,P1,P2,P3,P4,P5,P6,P7,P8,P9,P10
2004,240524,1,1,0,0,0,0,0,0,0,0,0,0
2004,240525,1,1,17,17,17,17,17,17,17,17,17,17
2004,240526,0,1,0,0,0,23,0,0,0,0,13,0
2004,240526,1,1,0,0,0,0,0,0,0,0,0,0
2004,240527,1,1,0,0,0,0,0,0,0,0,0,0
2004,240528,0,1,20,20,20,20,20,20,20,20,20,20
2004,240528,1,1,0,0,0,0,0,0,0,15,0,0
2004,240529,1,1,0,0,0,0,0,0,0,0,0,0
2004,240530,1,1,0,0,0,0,0,0,0,0,0,0
2004,240530,2,1,0,0,0,0,0,0,0,0,0,0
2004,240530,3,1,0,0,0,0,0,0,0,0,0,0
2004,240531,1,1,18,18,18,18,18,18,18,18,18,18
2004,240532,1,1,0,0,0,0,0,0,0,0,0,0
2004,240533,1,1,0,0,0,0,0,0,0,0,0,0
2004,240534,1,1,0,0,0,0,0,0,0,0,0,0
2004,240534,2,1,0,0,0,0,0,0,0,0,0,0
2004,240535,1,1,0,0,0,0,0,0,0,0,0,0
2004,240535,2,1,0,0,0,0,0,0,0,0,0,0
2004,240536,0,1,5,5,5,5,5,5,5,5,5,5
2004,240536,1,1,0,0,0,0,0,0,0,0,0,0
2004,240537,0,1,27,29,23,19,21,14,15,22,23,24
2004,240537,1,1,0,0,0,0,0,0,0,0,0,0
2004,240538,1,1,0,0,0,0,0,0,0,0,0,0
2004,240538,2,1,0,0,0,0,0,0,0,0,0,0
2004,240539,1,1,19,19,19,19,19,19,19,19,19,19
2004,240540,0,1,0,0,0,20,0,0,0,0,0,0
2004,240540,1,1,0,0,0,0,0,0,0,0,14,0
2004,240541,1,1,0,0,0,0,0,0,0,0,0,0
2004,240541,2,1,14,14,14,14,14,14,14,14,14,14
2004,240542,1,1,0,0,0,0,0,0,0,0,13,0
2004,240543,1,1,23,23,23,23,23,23,23,23,23,23
2004,240543,2,1,17,13,0,0,8,15,0,0,23,6
2004,240544,0,1,0,0,0,0,0,0,0,0,0,0
2004,240544,1,1,0,0,0,0,0,0,0,0,0,0
2004,240545,1,1,0,0,0,0,0,0,0,0,0,0
2004,240546,1,1,0,0,0,0,0,0,0,0,0,0
2004,240546,2,1,0,0,0,0,0,0,0,0,0,0
2004,240546,3,1,0,0,0,0,0,0,0,0,0,0
2004,240547,1,1,0,0,0,0,0,0,0,0,0,0
2004,240548,1,1,15,17,16,8,7,22,16,0,7,20
2004,240549,0,1,0,0,0,0,0,0,0,0,0,0
2004,240549,1,1,0,0,0,0,0,0,0,0,0,0
2004,240550,0,1,31,31,31,31,31,31,31,31,31,31
2004,240550,1,1,0,0,0,0,0,0,0,0,0,0
2004,240551,1,1,13,13,13,13,13,13,13,13,13,13
2004,240552,1,1,29,18,0,0,0,16,11,7,26,0
2004,240553,1,1,24,16,0,17,0,10,27,0,0,14
2004,240554,1,1,0,0,0,0,0,0,0,0,0,0
2004,240555,0,1,7,16,32,18,19,11,4,43,26,32
2004,240555,1,1,0,0,0,0,0,0,9,0,0,0
2004,240556,1,1,0,0,0,0,0,0,0,10,0,0
2004,240556,2,1,0,0,0,0,0,0,0,0,0,0
2004,240557,1,1,0,0,0,0,0,0,0,0,0,0
2004,240558,1,1,0,23,0,25,8,8,20,25,20,21
2004,240559,1,1,19,19,19,19,19,19,19,19,19,19
2004,240560,1,1,13,13,13,13,13,13,13,13,13,13
2004,240561,1,1,0,0,0,0,0,0,0,0,0,0
2004,240562,1,1,21,21,21,21,21,21,21,21,21,21
2004,240563,1,1,0,0,0,0,0,0,0,0,0,0
2004,240563,2,1,20,0,0,0,0,0,0,0,0,0
2004,240564,1,1,0,0,0,0,19,19,0,0,19,0
2004,240564,2,1,0,0,0,0,10,0,0,0,0,0
2004,240565,1,1,0,0,0,0,0,0,0,0,0,0
2004,240565,2,1,0,0,0,0,0,0,0,0,0,0
2004,240566,1,1,0,0,0,0,0,0,0,0,0,0
2004,240566,2,1,0,0,0,0,0,0,0,0,0,0
2004,240566,3,1,0,0,0,0,0,0,0,0,0,0
2004,240567,1,1,12,12,12,12,12,12,12,12,12,12
2004,240568,1,1,18,0,0,0,0,0,0,0,18,0
2004,240569,1,1,2,2,2,2,2,2,2,2,2,2
2004,240569,2,1,0,0,0,0,0,0,0,0,0,14
2004,240570,1,1,0,0,0,0,0,0,0,0,0,0
2004,240570,2,1,0,0,0,0,0,0,0,0,0,0
2004,240571,1,1,13,13,13,13,13,13,13,13,13,13
2004,240571,2,1,0,0,12,0,0,0,0,0,0,0
2004,240572,1,1,0,22,0,0,0,0,0,0,0,0
2004,240572,2,1,12,21,0,16,0,0,11,0,0,9
2004,240573,1,1,16,16,16,16,16,16,16,16,16,16
2004,240574,1,1,0,0,0,0,0,0,14,24,0,0
2004,240574,2,1,11,11,11,11,11,11,11,11,11,11
2004,240575,0,1,0,0,0,0,0,0,0,0,0,0
2004,240575,1,1,0,0,0,0,0,0,0,0,0,0
2004,240576,0,1,27,0,0,0,0,0,18,0,0,28
2004,240576,1,1,4,0,0,0,0,0,0,0,0,0
2004,240577,1,1,0,0,0,0,0,0,0,0,0,0
2004,240577,2,1,0,0,0,0,0,0,0,0,0,0
2004,240579,1,1,0,0,0,0,0,0,0,0,0,0
2004,240579,2,1,0,0,0,0,0,0,0,0,5,0
2004,240580,0,1,8,8,8,8,8,8,8,8,8,8
2004,240580,1,1,0,0,0,0,0,0,0,0,0,0
2004,250001,0,1,0,0,0,0,0,0,0,0,0,0
2004,250001,1,1,0,0,0,8,3,0,0,0,12,0
2004,250002,0,1,0,0,0,0,0,0,0,0,0,0
2004,250002,1,1,0,0,0,0,0,9,0,0,0,0
2004,250003,0,1,0,0,0,0,0,0,0,0,0,0
2004,250003,1,1,0,0,0,0,0,0,0,0,0,0
2004,250004,1,1,0,0,0,0,0,0,0,11,0,0
2004,250005,1,1,0,14,0,15,15,18,15,12,4,15
2004,250006,1,1,9,18,19,5,0,0,20,13,0,0
2004,250008,1,1,0,0,0,0,0,0,0,0,0,0
2004,250009,1,1,0,0,0,0,0,0,0,0,0,0
2004,250010,0,1,18,18,18,18,18,18,18,18,18,18
2004,250010,1,1,0,0,0,0,0,0,0,0,0,0
2004,250011,1,1,0,0,0,0,0,0,0,17,0,0
2004,250012,1,1,0,0,0,0,0,0,0,0,0,0
2004,250013,1,1,0,8,24,0,9,7,7,0,0,13
2004,250014,1,1,0,0,0,0,0,0,0,0,0,0
2004,250015,1,1,0,0,0,0,0,0,0,0,0,0
2004,250015,2,1,0,0,0,0,0,0,0,0,0,0
2004,250016,1,1,11,11,11,11,11,11,11,11,11,11
2004,250017,0,1,0,15,17,0,13,0,0,0,0,0
2004,250017,1,1,35,8,13,25,7,13,11,30,18,19
2004,250018,1,1,18,18,18,18,18,18,18,18,18,18
2004,250019,1,1,0,0,0,0,0,0,0,0,0,0
2004,250020,1,1,22,22,22,22,22,22,22,22,22,22
2004,250021,1,1,0,0,0,0,0,0,0,0,0,0
2004,250022,1,1,27,24,15,27,15,20,13,29,16,17
2004,250023,1,1,9,9,9,9,9,9,9,9,9,9
2004,250024,1,1,3,15,7,25,0,14,0,12,17,19
2004,250025,1,1,22,22,22,22,22,22,22,22,22,22
2004,250026,1,1,24,25,11,30,31,6,20,7,19,20
2004,250027,0,1,0,0,0,0,0,0,0,0,0,0
2004,250027,1,1,0,0,0,0,0,0,0,0,0,0
2004,250028,1,1,0,0,0,0,0,0,0,0,0,0
2004,250029,0,1,34,34,34,34,34,34,34,34,34,34
2004,250029,1,1,25,22,36,19,18,9,17,9,6,13
2004,250030,1,1,28,28,28,28,28,28,28,28,28,28
2004,250031,1,1,0,0,0,0,0,0,8,0,0,0
2004,250032,1,1,20,20,20,20,20,20,20,20,20,20
2004,250033,1,1,0,0,0,0,0,0,0,0,0,0
2004,250034,1,1,0,18,21,11,14,19,8,21,26,15
2004,250035,1,1,0,0,0,0,19,17,14,0,0,0
2004,250036,1,1,0,0,0,0,0,0,0,0,0,0
2004,250037,1,1,24,24,24,24,24,24,24,24,24,24
2004,250037,2,1,0,0,0,0,0,0,0,0,0,0
2004,250038,1,1,0,0,0,0,0,0,0,4,0,0
2004,250039,1,1,0,0,0,0,0,0,0,0,0,0
2004,250039,2,1,18,0,0,9,0,29,0,14,0,7
2004,250040,1,1,14,14,14,14,14,14,14,14,14,14
2004,250041,1,1,18,18,18,18,18,18,18,18,18,18
2004,250042,1,1,0,3,0,17,0,0,0,4,9,0
2004,250042,2,1,0,32,0,14,0,12,0,12,14,0
2004,250043,1,1,18,0,26,25,19,16,0,15,25,21
2004,250044,1,1,0,0,3,0,0,0,0,0,0,0
2004,250045,1,1,8,21,0,12,0,14,23,14,0,0
2004,250046,1,1,0,0,0,0,0,0,0,0,0,0
2004,250046,2,1,0,0,0,0,0,0,0,0,0,0
2004,250047,1,1,0,0,0,0,0,0,0,0,0,0
2004,250048,1,1,0,0,0,0,0,0,9,0,0,0
2004,250048,2,1,0,0,0,0,0,0,0,0,0,0
2004,250049,1,1,0,0,0,0,0,0,0,0,0,0
2004,250049,2,1,0,0,0,0,0,0,0,0,0,0
2004,250049,3,1,0,0,0,0,10,0,0,0,0,25
2004,250050,0,1,0,0,0,0,0,0,0,0,0,0
2004,250050,1,1,0,0,0,0,0,0,0,0,7,0
2004,250051,1,1,19,17,25,26,14,37,33,21,18,34
2004,250052,1,1,0,0,0,0,0,0,0,0,0,0
2004,250052,2,1,0,0,0,0,0,0,0,0,0,0
2004,250053,1,1,0,0,0,0,0,0,0,0,0,0
2004,250053,2,1,0,0,0,0,0,0,0,0,0,0
2004,250054,1,1,0,0,0,0,0,0,0,0,0,0
2004,250054,2,1,0,0,0,0,0,0,0,0,0,0
2004,250055,1,1,0,0,0,0,13,0,0,0,0,0
2004,250055,2,1,0,0,0,0,0,0,0,0,0,0
2004,250056,1,1,11,41,0,25,0,37,0,0,0,0
2004,250056,2,1,0,0,0,0,0,0,0,0,0,0
2004,250057,1,1,0,41,0,0,0,0,0,24,0,0
2004,250058,0,1,0,20,0,28,30,0,16,0,0,0
2004,250058,1,1,28,11,0,25,26,0,0,15,21,0
2004,250059,0,1,14,35,6,15,32,23,0,41,35,18
2004,250059,1,1,0,0,0,0,0,0,0,17,0,26
2004,250060,0,1,0,0,0,0,0,0,0,0,0,0
2004,250060,1,1,0,0,0,0,0,0,0,0,0,0
2004,250061,0,1,18,0,0,0,17,0,0,0,9,0
2004,250062,0,1,0,0,0,0,0,0,0,0,0,0
2004,250062,1,1,0,0,0,0,0,0,0,0,0,0
2004,250063,1,1,0,0,7,0,16,0,0,26,0,0
2004,250064,1,1,0,19,0,13,0,0,0,0,0,0
2004,250064,2,1,0,0,4,0,0,0,0,0,0,0
2004,250065,1,1,0,0,22,31,30,13,0,21,23,20
2004,250066,0,1,3,3,3,3,3,3,3,3,3,3
2004,250066,1,1,12,0,0,0,18,0,0,0,25,13
2004,250067,1,1,0,0,0,0,0,0,0,0,0,0
2004,250067,2,1,30,30,10,23,13,17,15,0,21,20
2004,250067,3,1,0,0,0,0,0,0,0,0,23,0
2004,250068,1,1,0,0,0,0,0,0,0,0,0,0
2004,250068,2,1,0,0,0,0,0,0,0,0,0,0
2004,250069,1,1,6,6,6,6,6,6,6,6,6,6
2004,250070,1,1,24,22,20,0,0,11,0,26,35,23
2004,250071,1,1,20,20,20,20,20,20,20,20,20,20
2004,250072,1,1,0,7,6,0,0,0,20,0,0,17
2004,250073,1,1,0,0,0,0,0,0,0,0,0,0
2004,250074,1,1,31,0,0,7,7,0,10,28,0,10
2004,250074,2,1,0,0,0,0,0,23,0,0,0,0
2004,250075,1,1,0,0,0,0,0,0,9,25,14,0
2004,250076,1,1,0,0,0,0,0,0,0,0,0,0
2004,250076,2,1,0,0,0,0,0,0,0,0,0,0
2004,250077,1,1,0,0,0,0,0,0,0,0,0,0
2004,250077,2,1,0,0,0,0,0,14,0,0,0,0
2004,250078,0,1,0,0,0,0,0,0,0,0,0,0
2004,250078,0,2,0,12,0,0,0,0,0,0,0,0
2004,250078,1,1,17,17,17,17,17,17,17,17,17,17
2004,250079,0,1,9,9,9,9,9,9,9,9,9,9
2004,250079,0,2,5,0,10,0,15,24,19,10,11,19
2004,250079,0,3,27,13,10,14,0,3,23,18,8,0
2004,250079,1,1,9,9,9,9,9,9,9,9,9,9
2004,250080,1,1,0,0,0,0,0,0,0,0,0,0
2004,250080,2,1,21,21,21,21,21,21,21,21,21,21
2004,250081,1,1,0,0,0,0,0,0,3,15,4,16
2004,250081,2,1,8,0,0,0,0,0,0,0,0,0
2004,250082,0,1,63,21,7,0,2,26,21,0,5,4
2004,250082,1,1,0,0,7,0,0,0,0,0,0,0
2004,250083,1,1,0,0,0,0,0,0,0,0,0,0
2004,250083,2,1,0,0,0,0,0,0,0,0,0,0
2004,250084,1,1,0,0,0,0,23,0,0,0,0,14
2004,250084,2,1,0,0,0,0,0,0,0,0,0,0
2004,250085,1,1,0,0,0,0,0,0,0,0,0,0
2004,250086,1,1,9,9,9,9,9,9,9,9,9,9
2004,250087,0,1,0,0,0,17,3,16,0,0,11,0
2004,250087,1,1,0,0,0,0,0,0,0,0,0,0
2004,250088,1,1,0,0,0,0,15,0,0,8,0,24
2004,250089,1,1,0,13,10,21,16,17,18,21,22,28
2004,250090,0,1,21,30,0,0,24,0,22,0,0,20
2004,250090,1,1,19,12,0,6,19,5,15,30,12,3
2004,250091,0,1,0,0,0,0,0,0,0,0,0,0
2004,250091,1,1,0,0,0,15,0,9,0,0,23,0
2004,250092,1,1,10,10,10,10,10,10,10,10,10,10
2004,250092,2,1,0,0,0,0,0,0,0,0,0,0
2004,250093,0,1,0,0,0,0,0,0,0,0,0,0
2004,250093,1,1,0,0,0,0,0,0,0,0,0,0
2004,250094,1,1,0,0,0,0,0,0,0,0,0,0
2004,250095,1,1,0,0,12,28,15,0,0,25,38,19
2004,250096,1,1,0,0,0,0,0,0,0,0,0,0
2004,250097,1,1,0,0,0,0,0,0,0,0,0,0
2004,250097,2,1,0,0,0,0,0,0,0,0,0,16
2004,250098,1,1,0,0,0,0,0,0,0,0,0,0
2004,250098,2,1,0,0,0,0,0,0,0,0,0,0
2004,250099,1,1,26,26,26,26,26,26,26,26,26,26
2004,250100,1,1,0,9,24,0,37,17,0,32,0,0
2004,250101,1,1,21,21,21,21,21,21,21,21,21,21
2004,250102,1,1,0,0,0,0,21,0,0,12,18,0
2004,250102,2,1,0,0,0,0,0,0,0,0,0,0
2004,250103,1,1,0,0,0,0,0,0,0,0,0,0
2004,250104,1,1,0,0,0,0,0,0,0,0,0,0
2004,250104,2,1,0,0,0,0,13,18,0,0,0,0
2004,250105,1,1,0,0,0,0,0,0,0,0,0,0
2004,250105,2,1,0,0,0,7,0,0,0,6,0,0
2004,250106,1,1,0,0,0,18,15,0,0,0,0,0
2004,250107,1,1,0,0,0,12,0,0,0,0,18,0
2004,250108,1,1,23,24,27,12,36,28,24,0,0,25
2004,250109,1,1,0,0,0,0,0,0,0,0,0,0
2004,250109,2,1,26,26,26,26,26,26,26,26,26,26
2004,250110,1,1,0,0,0,0,0,0,0,0,0,0
2004,250110,2,1,0,0,0,0,0,0,0,0,0,0
2004,250111,0,1,0,0,0,0,0,0,0,0,0,0
2004,250111,0,2,0,0,0,0,0,0,0,0,0,0
2004,250111,1,1,10,10,13,24,6,7,15,10,17,20
2004,250112,1,1,0,0,0,0,0,0,0,0,0,0
2004,250112,2,1,0,0,0,0,0,0,0,0,0,0
2004,250113,1,1,0,0,0,0,0,0,0,0,0,0
2004,250113,2,1,0,0,0,0,0,0,0,0,0,0
2004,250114,1,1,11,11,11,11,11,11,11,11,11,11
2004,250115,1,1,7,5,26,0,0,0,0,0,0,0
2004,250116,1,1,22,15,22,22,34,14,18,37,12,26
2004,250116,2,1,14,0,5,0,0,0,0,16,0,0
2004,250116,3,1,0,0,0,0,8,0,0,41,12,0
2004,250117,1,1,17,0,11,6,0,0,13,0,22,0
2004,250117,2,1,15,7,9,0,0,0,0,0,0,12
2004,250117,3,1,0,12,0,0,0,0,0,0,0,0
2004,250118,1,1,6,19,24,19,30,13,30,17,18,17
2004,250118,2,1,0,0,0,0,0,0,0,0,0,0
2004,250119,1,1,0,0,0,0,6,0,0,0,0,0
2004,250120,1,1,43,0,18,0,0,11,18,3,28,19
2004,250121,1,1,0,0,0,0,0,0,12,0,0,0
2004,250121,2,1,0,0,0,0,0,0,0,0,0,0
2004,250122,1,1,39,7,0,8,32,17,10,11,0,8
2004,250122,2,1,0,0,0,0,12,0,0,0,15,9
2004,250123,1,1,0,0,18,0,16,0,0,0,0,0
2004,250123,2,1,0,0,0,0,15,0,0,0,0,0
2004,250124,1,1,0,0,8,0,0,0,0,0,0,0
2004,250124,2,1,0,0,0,0,0,0,0,0,0,0
2004,250125,1,1,0,0,0,0,0,0,0,0,0,0
2004,250125,2,1,0,0,0,0,0,15,0,0,6,0
2004,250126,1,1,0,0,0,0,0,0,40,0,0,0
2004,250127,1,1,0,0,0,0,0,0,0,0,0,0
2004,250127,2,1,0,0,0,0,0,0,0,0,0,0
2004,250127,3,1,0,0,0,0,0,0,0,0,3,0
2004,250128,0,1,20,0,0,0,8,17,0,0,0,0
2004,250128,1,1,0,0,0,0,0,0,0,0,0,0
2004,250128,2,1,0,0,0,0,0,0,0,0,11,0
2004,250129,1,1,0,0,0,0,0,0,0,0,0,0
2004,250129,2,1,0,0,0,0,0,16,0,0,0,0
2004,250130,1,1,0,0,0,12,0,0,0,21,0,0
2004,250130,2,1,0,0,0,0,0,0,0,0,0,0
2004,250131,1,1,17,5,23,19,0,11,0,13,0,20
2004,250132,0,1,9,0,25,0,10,16,14,0,10,24
2004,250132,1,1,0,0,8,0,29,0,0,9,0,19
2004,250133,1,1,0,12,16,0,12,15,14,24,0,20
2004,250134,0,1,25,25,25,25,25,25,25,25,25,25
2004,250134,1,1,28,11,0,0,30,0,14,14,37,0
2004,250135,1,1,0,0,0,0,0,0,0,0,0,5
2004,250135,2,1,0,0,0,0,0,15,0,0,0,0
2004,250136,1,1,0,0,0,0,0,0,0,0,0,0
2004,250136,2,1,0,0,0,0,0,0,0,0,0,0
2004,250137,1,1,0,0,0,0,0,0,0,0,0,0
2004,250137,2,1,0,0,0,0,0,0,0,0,0,0
2004,250138,1,1,0,12,0,0,0,3,17,0,0,0
2004,250139,1,1,14,0,0,0,0,0,0,0,0,15
2004,250139,2,1,0,0,0,0,0,0,0,0,0,0
2004,250140,1,1,11,21,0,25,0,16,0,14,0,0
2004,250140,2,1,0,0,0,0,0,0,0,0,0,17
2004,250142,1,1,0,8,20,0,17,0,0,32,0,19
2004,250143,1,1,8,8,8,8,8,8,8,8,8,8
2004,250144,1,1,12,12,12,12,12,12,12,12,12,12
2004,250145,1,1,17,12,10,21,0,18,41,26,15,9
2004,250146,1,1,15,15,15,15,15,15,15,15,15,15
2004,250147,1,1,0,12,8,0,0,11,16,11,24,0
2004,250148,1,1,0,0,0,0,0,0,13,31,0,0
2004,250148,2,1,0,0,0,0,0,0,0,0,13,0
2004,250149,1,1,16,14,13,12,0,17,25,39,0,16
2004,250150,1,1,0,0,0,0,0,0,0,0,0,0
2004,250150,2,1,0,14,0,0,0,0,0,0,0,0
2004,250151,0,1,0,0,0,0,0,0,0,0,0,0
2004,250151,1,1,0,0,0,0,0,0,14,0,0,0
2004,250152,1,1,0,0,0,0,0,0,0,0,0,17
2004,250153,1,1,15,0,14,9,17,10,23,3,28,24
2004,250154,1,1,6,9,14,15,16,18,27,10,22,0
2004,250155,1,1,0,0,22,0,14,0,36,0,0,0
2004,250156,1,1,17,0,19,0,0,25,30,12,0,14
2004,250157,0,1,0,0,0,0,0,0,0,0,0,0
2004,250157,1,1,0,0,0,0,0,0,0,0,0,0
2004,250158,1,1,0,0,0,0,0,0,0,0,0,0
2004,250158,2,1,0,0,0,0,0,0,0,0,0,0
2004,250159,0,1,23,14,0,0,30,0,31,40,0,28
2004,250159,1,1,21,0,28,0,0,0,0,0,0,0
2004,250160,1,1,0,0,0,0,0,0,0,0,0,6
2004,250161,0,1,25,26,20,25,0,22,39,16,0,35
2004,250161,1,1,0,0,0,17,0,0,0,0,0,0
2004,250162,1,1,0,0,0,0,0,28,15,0,0,0
2004,250162,2,1,0,0,17,0,12,0,14,0,19,18
2004,250163,1,1,0,0,13,2,0,0,11,0,15,0
2004,250163,2,1,21,23,20,27,10,10,16,7,28,28
2004,250164,1,1,0,0,0,0,0,0,0,0,0,0
2004,250165,1,1,17,17,17,17,17,17,17,17,17,17
2004,250166,1,1,0,0,7,0,0,0,12,8,0,0
2004,250167,0,1,0,0,0,0,0,0,0,0,26,0
2004,250167,1,1,0,0,0,0,0,0,0,0,0,0
2004,250168,1,1,0,0,0,0,0,0,0,0,29,0
2004,250169,0,1,0,0,0,0,0,0,0,0,0,0
2004,250169,1,1,14,0,0,10,0,0,0,0,0,0
2004,250170,1,1,0,0,19,0,0,0,5,0,25,0
2004,250171,1,1,6,6,6,6,6,6,6,6,6,6
2004,250172,1,1,16,22,0,29,33,0,0,0,20,18
2004,250173,1,1,0,0,8,0,0,0,0,3,0,0
2004,250174,2,1,0,0,22,0,19,0,0,9,6,9
2004,250175,1,1,0,0,11,0,0,0,4,0,0,0
2004,250175,2,1,0,0,0,6,0,0,0,0,13,0
2004,250176,1,1,0,0,0,0,0,12,28,11,0,15
2004,250177,1,1,0,0,0,0,0,0,0,0,0,0
2004,250177,2,1,0,0,0,11,0,20,0,0,0,0
2004,250178,1,1,22,15,9,0,30,15,35,24,20,22
2004,250179,0,1,0,0,0,0,0,0,0,0,19,0
2004,250179,1,1,0,0,0,0,0,0,0,0,0,0
2004,250180,1,1,0,0,0,0,0,0,0,0,0,0
2004,250181,1,1,9,0,0,0,20,15,16,21,8,18
2004,250181,2,1,22,0,0,0,0,16,0,0,0,38
2004,250182,1,1,37,21,0,0,0,0,0,0,0,0
2004,250183,1,1,0,30,0,6,17,29,0,0,16,15
2004,250184,1,1,0,23,24,8,8,6,12,9,15,10
2004,250185,1,1,0,0,0,0,0,0,0,0,0,0
2004,250186,1,1,24,25,4,0,0,14,11,9,30,17
2004,250187,1,1,0,0,0,0,0,0,0,0,0,0
2004,250188,1,1,0,0,0,0,17,0,0,0,0,0
2004,250189,1,1,9,18,16,31,24,19,24,22,11,20
2004,250190,1,1,15,15,15,15,15,15,15,15,15,15
2004,250191,1,1,24,14,7,11,24,0,16,8,19,17
2004,250192,1,1,21,15,31,28,27,12,17,11,14,19
2004,250193,1,1,0,0,0,0,0,0,0,0,0,0
2004,250194,1,1,0,0,0,0,23,0,0,0,0,0
2004,250195,1,1,0,0,0,0,0,0,0,0,0,0
2004,250195,2,1,0,0,0,0,0,0,0,0,0,0
2004,250196,1,1,0,0,0,0,19,0,0,0,0,0
2004,250196,2,1,0,0,0,0,0,0,0,0,0,0
2004,250197,0,1,22,6,0,0,0,15,0,0,0,0
2004,250197,1,1,0,0,9,0,23,3,0,0,0,0
2004,250198,0,1,0,0,0,0,0,0,0,0,0,0
2004,250198,1,1,0,0,0,0,0,0,0,0,0,0
2004,250199,1,1,23,0,0,0,0,0,0,12,18,0
2004,250199,2,1,0,0,0,0,8,0,0,0,10,0
2004,250200,1,1,0,0,0,0,0,7,12,0,0,0
2004,250200,2,1,16,16,16,16,16,16,16,16,16,16
2004,250201,1,1,0,0,0,0,18,0,0,0,0,0
2004,250201,2,1,0,0,0,0,0,0,0,0,0,0
2004,250202,1,1,0,0,10,0,0,0,0,0,17,22
2004,250203,0,1,22,22,22,22,22,22,22,22,22,22
2004,250203,1,1,0,0,0,0,0,0,0,0,0,16
2004,250204,1,1,14,27,22,14,18,10,24,0,29,12
2004,250205,1,1,0,0,0,0,0,0,0,0,26,0
2004,250205,2,1,0,0,0,4,0,0,0,0,0,0
2004,250206,1,1,0,0,0,8,0,16,12,0,0,21
2004,250207,1,1,8,14,0,21,0,15,25,4,22,13
2004,250208,1,1,0,11,0,19,0,0,26,10,0,5
2004,250209,1,1,0,19,17,21,0,16,31,0,4,0
2004,250210,1,1,0,0,0,23,16,28,19,16,0,0
2004,250211,1,1,33,22,20,32,0,7,12,11,15,35
2004,250212,1,1,12,12,12,12,12,12,12,12,12,12
2004,250213,1,1,45,45,45,45,45,45,45,45,45,45
2004,250214,1,1,0,0,0,0,0,0,0,0,0,0
2004,250215,1,1,22,19,0,4,0,0,0,0,0,0
2004,250216,1,1,0,0,0,0,0,0,0,0,0,0
2004,250217,1,1,22,0,0,0,0,0,0,18,0,0
2004,250218,1,1,0,0,0,0,0,0,0,0,0,0
2004,250219,1,1,0,18,0,0,0,4,0,0,26,17
2004,250220,1,1,13,13,13,13,13,13,13,13,13,13
2004,250221,1,1,25,19,0,18,23,21,0,9,6,0
2004,250222,0,1,3,3,3,3,3,3,3,3,3,3
2004,250222,1,1,0,0,0,0,29,0,15,0,0,15
2004,250223,1,1,0,0,0,0,0,0,0,0,0,0
2004,250224,0,1,0,0,0,0,0,0,0,0,0,0
2004,250224,1,1,0,0,0,0,0,0,0,0,0,0
2004,250225,1,1,16,15,12,19,19,10,20,20,10,34
2004,250226,1,1,14,0,17,12,15,0,0,0,13,0
2004,250226,2,1,0,0,0,0,0,0,0,0,0,0
2004,250227,1,1,16,16,16,16,16,16,16,16,16,16
2004,250228,0,1,0,0,17,0,0,0,0,0,0,0
2004,250228,1,1,0,0,0,0,0,0,0,0,0,0
2004,250229,1,1,9,33,22,14,0,18,11,34,6,20
2004,250229,2,1,0,0,21,13,0,16,18,0,28,28
2004,250229,3,1,16,20,24,11,31,19,0,0,24,0
2004,250229,4,1,14,18,6,21,12,0,0,0,0,11
2004,250229,5,1,0,13,20,0,15,18,0,17,16,15
2004,250229,6,1,0,0,9,13,10,0,0,0,0,0
2004,250230,0,1,0,0,0,0,0,0,0,0,0,0
2004,250230,1,1,0,0,0,0,0,0,0,0,0,0
2004,250231,1,1,0,0,0,0,0,0,0,0,0,0
2004,250232,1,1,0,0,0,0,25,0,0,0,0,0
2004,250232,2,1,14,21,0,0,0,0,0,0,20,5
2004,250233,0,1,0,0,0,13,0,0,0,0,0,0
2004,250233,1,1,0,0,0,0,0,0,0,0,0,0
2004,250234,1,1,25,0,0,0,0,0,0,0,0,10
2004,250234,2,1,0,0,0,0,0,0,0,0,0,0
2004,250235,0,1,0,0,0,0,0,0,0,0,0,0
2004,250235,1,1,0,0,0,0,0,0,0,0,0,0
2004,250236,0,1,0,0,0,0,0,0,0,0,0,0
2004,250236,1,1,0,0,0,0,0,0,0,0,0,0
2004,250237,0,1,0,0,0,0,0,0,0,0,0,0
2004,250237,1,1,0,0,0,10,13,0,0,0,0,0
2004,250238,1,1,0,0,0,0,0,0,11,0,0,0
2004,250238,2,1,21,21,21,21,21,21,21,21,21,21
2004,250239,1,1,0,0,11,0,12,0,14,0,0,0
2004,250239,2,1,0,0,0,0,0,0,0,0,0,0
2004,250240,1,1,0,0,0,0,0,0,0,0,0,0
2004,250241,0,1,0,0,0,0,0,0,0,0,0,0
2004,250241,1,1,0,0,0,0,0,0,0,0,0,0