YEAR,ST_CASE,veh_no,per_no,P1,P2,P3,P4,P5,P6,P7,P8,P9,P10
2004,250242,0,1,13,11,0,0,0,0,20,21,27,33
2004,250242,1,1,0,0,2,0,16,0,0,21,0,8
2004,250243,1,1,11,0,10,6,0,22,9,7,31,0
2004,250244,0,1,0,0,0,0,0,0,0,0,0,0
2004,250244,1,1,0,0,0,0,0,0,0,0,0,0
2004,250245,1,1,0,0,30,0,0,0,0,0,7,0
2004,250245,2,1,0,0,0,0,0,0,0,0,0,0
2004,250246,0,1,0,0,0,16,0,4,8,10,20,0
2004,250246,1,1,7,0,0,0,0,0,0,0,0,20
2004,250247,1,1,14,22,0,0,0,0,15,0,0,0
2004,250247,2,1,0,0,0,0,0,0,0,0,0,0
2004,250248,1,1,0,0,0,0,0,0,0,0,0,0
2004,250248,2,1,0,0,0,0,0,0,0,0,0,0
2004,250249,1,1,0,0,0,23,0,0,20,0,17,0
2004,250250,1,1,5,5,5,5,5,5,5,5,5,5
2004,250251,1,1,0,0,20,28,0,0,0,9,0,0
2004,250251,2,1,4,0,0,23,0,0,0,0,0,0
2004,250251,3,1,8,0,0,0,0,0,0,0,0,4
2004,250252,1,1,0,4,0,0,0,0,0,2,0,0
2004,250252,2,1,0,0,0,0,0,0,0,0,0,0
2004,250253,0,1,0,12,22,4,0,10,0,24,17,13
2004,250253,1,1,0,10,0,0,0,0,3,0,15,5
2004,250254,1,1,17,25,0,17,29,0,10,0,13,11
2004,250255,1,1,0,0,0,0,0,10,0,0,0,0
2004,250255,2,1,0,0,0,0,0,0,0,0,0,0
2004,250256,0,1,0,0,0,0,0,0,0,0,0,0
2004,250256,1,1,0,0,0,0,0,0,0,0,0,0
2004,250257,1,1,21,0,0,0,0,0,0,0,0,14
2004,250257,2,1,0,0,0,0,0,0,0,0,0,0
2004,250258,1,1,13,0,0,0,20,0,0,27,0,0
2004,250259,1,1,32,0,21,0,14,15,0,12,0,6
2004,250260,1,1,0,0,0,9,0,0,0,15,10,0
2004,250261,1,1,20,17,23,25,19,0,14,48,19,10
2004,250261,2,1,0,0,0,0,0,0,0,0,0,0
2004,250262,1,1,0,0,11,0,0,0,0,0,0,0
2004,250263,1,1,0,0,0,0,0,0,0,0,0,0
2004,250264,1,1,0,0,0,0,0,23,0,0,0,0
2004,250265,0,1,29,29,18,19,41,16,9,0,17,14
2004,250265,1,1,27,8,10,0,3,0,0,5,9,0
2004,250266,1,1,0,0,0,0,0,0,0,0,0,0
2004,250266,2,1,26,16,18,32,16,14,0,9,11,7
2004,250267,1,1,0,0,0,0,0,0,0,0,0,0
2004,250268,0,1,0,0,0,0,0,0,0,0,0,0
2004,250268,1,1,0,0,0,0,0,0,0,0,0,0
2004,250269,1,1,0,15,0,14,0,0,22,22,30,0
2004,250270,1,1,0,0,0,0,0,0,0,0,0,0
2004,250270,2,1,0,11,0,0,0,0,0,8,0,0
2004,250271,1,1,0,0,0,0,0,0,0,0,0,0
2004,250271,2,1,0,0,0,0,0,0,0,0,0,0
2004,250271,3,1,0,0,0,0,0,0,0,0,0,0
2004,250272,1,1,0,0,0,0,0,0,0,4,0,0
2004,250272,2,1,0,0,0,0,0,0,0,0,0,0
2004,250273,0,1,0,0,0,0,0,0,0,0,0,0
2004,250273,1,1,9,10,17,12,18,18,13,7,4,14
2004,250274,1,1,0,0,0,0,0,0,7,0,0,0
2004,250274,2,1,15,15,15,15,15,15,15,15,15,15
2004,250275,1,1,0,0,0,0,0,0,0,0,0,0
2004,250275,2,1,8,0,0,0,0,0,0,0,0,0
2004,250275,3,1,0,0,0,0,0,0,0,0,0,0
2004,250276,1,1,12,0,0,0,12,0,16,0,4,0
2004,250276,2,1,6,15,20,0,17,0,0,0,0,25
2004,250276,3,1,0,0,0,3,0,15,0,0,0,0
2004,250277,0,1,4,0,0,0,22,0,30,0,0,9
2004,250277,1,1,0,0,0,0,0,0,0,0,0,0
2004,250278,1,1,0,0,16,0,0,0,0,0,0,0
2004,250278,2,1,30,30,30,30,30,30,30,30,30,30
2004,250279,1,1,0,0,0,0,0,0,0,0,0,0
2004,250279,2,1,0,0,0,0,0,0,0,0,0,0
2004,250279,3,1,0,0,34,0,0,0,0,0,0,0
2004,250280,1,1,9,9,9,9,9,9,9,9,9,9
2004,250280,2,1,0,0,12,8,0,0,0,0,0,0
2004,250281,1,1,0,0,0,0,0,0,0,0,0,0
2004,250282,1,1,25,33,10,12,7,20,15,8,13,11
2004,250282,2,1,1,1,1,1,1,1,1,1,1,1
2004,250282,3,1,0,16,0,29,19,11,19,10,0,0
2004,250283,1,1,0,0,0,0,0,0,0,0,0,0
2004,250283,2,1,0,0,0,0,0,0,0,0,0,0
2004,250284,1,1,17,0,22,0,0,0,0,0,0,0
2004,250284,2,1,0,0,0,0,0,0,0,0,0,0
2004,250285,1,1,0,10,0,0,0,0,0,0,0,0
2004,250285,2,1,0,0,0,0,0,0,0,0,0,0
2004,250286,1,1,8,18,22,20,15,17,9,22,19,19
2004,250286,2,1,0,0,0,0,0,0,0,0,0,0
2004,250287,1,1,0,0,0,0,0,5,0,0,5,0
2004,250287,2,1,0,0,0,16,11,0,0,0,15,17
2004,250288,1,1,22,0,8,0,0,5,0,11,0,16
2004,250288,2,1,0,0,16,18,16,25,19,26,16,18
2004,250289,0,1,0,0,0,0,0,0,0,0,0,0
2004,250289,1,1,0,0,0,0,0,0,0,0,0,0
2004,250290,1,1,14,5,18,25,18,11,40,16,26,6
2004,250291,1,1,0,15,0,0,0,0,0,0,0,0
2004,250291,2,1,0,0,0,0,20,0,0,0,0,0
2004,250292,1,1,0,0,0,0,0,0,0,0,0,0
2004,250292,2,1,1,1,1,1,1,1,1,1,1,1
2004,250293,0,1,0,11,0,0,14,0,0,9,0,5
2004,250293,0,2,8,0,0,0,17,15,0,10,8,9
2004,250293,1,1,0,0,0,0,0,3,0,0,13,0
2004,250294,1,1,0,0,0,0,0,0,0,15,0,23
2004,250295,1,1,0,0,0,0,0,0,0,0,0,0
2004,250295,2,1,0,0,0,0,0,0,0,0,0,0
2004,250296,0,1,0,0,0,0,0,0,0,0,0,0
2004,250296,1,1,0,0,19,0,8,0,0,0,0,0
2004,250297,1,1,13,33,20,14,18,11,21,8,0,12
2004,250298,0,1,0,0,0,0,0,0,0,0,0,0
2004,250298,1,1,0,0,0,0,0,0,0,0,0,0
2004,250299,1,1,0,0,0,13,0,8,20,0,0,16
2004,250300,1,1,0,13,0,0,0,0,0,0,0,0
2004,250301,1,1,3,8,0,14,0,0,0,0,20,0
2004,250301,2,1,0,0,0,0,0,0,0,0,0,0
2004,250302,1,1,0,17,18,0,6,0,0,0,0,0
2004,250302,2,1,0,11,0,0,0,0,0,0,0,0
2004,250303,1,1,0,0,0,0,0,0,0,0,0,0
2004,250303,2,1,0,0,0,0,0,0,0,0,0,0
2004,250303,3,1,0,0,0,0,0,0,0,0,0,0
2004,250304,0,1,0,12,0,0,0,4,0,0,0,11
2004,250304,1,1,0,0,0,0,0,13,0,0,0,0
2004,250305,1,1,0,21,23,7,22,21,22,7,10,16
2004,250305,2,1,26,0,25,0,15,12,0,0,0,0
2004,250306,2,1,0,0,0,0,0,0,0,0,0,0
2004,250307,1,1,0,0,14,0,0,0,11,0,11,0
2004,250307,2,1,0,0,0,0,0,0,0,0,0,0
2004,250308,1,1,0,0,0,0,0,0,0,0,0,0
2004,250308,2,1,0,0,0,0,0,0,0,0,0,0
2004,250308,3,1,0,0,0,0,0,0,0,0,0,0
2004,250309,1,1,0,12,0,0,0,34,18,0,0,17
2004,250310,1,1,0,0,0,0,0,0,0,0,0,0
2004,250311,1,1,0,18,0,14,0,0,22,0,0,0
2004,250311,2,1,24,0,9,0,0,0,0,0,0,0
2004,250311,3,1,2,0,10,10,12,9,7,13,2,22
2004,250311,4,1,0,0,0,0,18,0,8,0,10,0
2004,250312,1,1,0,22,12,0,0,0,0,0,0,15
2004,250312,2,1,0,0,0,0,0,0,0,0,0,0
2004,250312,3,1,0,0,0,0,8,0,0,0,0,0
2004,250313,1,1,0,0,0,0,0,0,0,0,0,0
2004,250314,1,1,17,17,17,17,17,17,17,17,17,17
2004,250315,0,1,0,0,0,0,0,0,0,0,0,0
2004,250315,1,1,0,0,0,0,0,10,14,0,0,24
2004,250316,1,1,0,0,0,0,0,0,0,0,0,0
2004,250316,2,1,0,0,0,0,0,0,0,0,0,0
2004,250317,1,1,0,0,0,0,0,0,0,0,0,0
2004,250317,2,1,0,0,0,0,0,0,0,0,0,0
2004,250318,1,1,0,0,0,0,0,0,0,0,0,8
2004,250318,2,1,9,16,0,4,0,0,0,0,0,0
2004,250319,1,1,16,16,16,16,16,16,16,16,16,16
2004,250320,1,1,19,14,7,29,24,4,10,19,12,36
2004,250321,0,1,0,0,0,0,0,0,0,0,0,13
2004,250321,1,1,0,0,0,0,0,0,0,0,0,0
2004,250322,1,1,0,0,0,0,0,0,0,0,0,0
2004,250322,2,1,0,0,0,0,0,19,0,0,21,0
2004,250323,2,1,29,0,0,0,0,14,0,0,0,0
2004,250324,1,1,0,0,0,0,0,0,0,10,0,0
2004,250324,2,1,0,22,0,0,0,0,0,0,0,0
2004,250325,1,1,14,0,0,0,0,0,0,0,12,0
2004,250326,1,1,0,8,0,0,0,0,0,0,0,0
2004,250327,0,1,0,0,0,0,0,0,0,0,0,0
2004,250327,0,2,0,0,0,0,0,0,0,0,0,0
2004,250327,1,1,0,0,0,0,0,0,9,0,0,0
2004,250328,1,1,0,0,0,0,0,0,0,0,0,0
2004,250329,1,1,25,25,25,25,25,25,25,25,25,25
2004,250330,1,1,22,22,22,22,22,22,22,22,22,22
2004,250331,1,1,31,23,9,4,30,21,17,20,29,32
2004,250332,0,1,0,0,0,0,0,0,0,0,0,0
2004,250332,0,2,0,0,0,0,0,0,0,0,0,0
2004,250332,1,1,4,0,0,0,0,11,0,0,0,0
2004,250333,1,1,0,0,0,0,0,0,0,0,0,0
2004,250334,1,1,0,0,6,21,20,10,6,10,0,0
2004,250335,1,1,0,0,24,0,0,17,0,11,0,14
2004,250336,1,1,0,0,0,15,0,0,0,13,8,0
2004,250337,1,1,31,35,19,26,11,14,23,19,17,22
2004,250338,1,1,0,24,19,0,0,15,25,10,7,0
2004,250339,1,1,0,0,0,0,0,27,18,14,0,0
2004,250340,1,1,0,0,0,0,0,0,23,0,0,0
2004,250341,1,1,0,0,0,0,0,0,0,0,34,17
2004,250342,1,1,17,0,9,0,0,13,20,0,0,28
2004,250343,1,1,34,0,39,20,11,21,0,9,31,50
2004,250344,1,1,0,0,26,0,0,14,0,0,0,9
2004,250345,1,1,19,32,31,20,13,28,32,21,18,19
2004,250346,1,1,0,0,0,15,20,0,13,0,0,14
2004,250347,1,1,17,26,15,15,29,22,24,15,13,18
2004,250348,1,1,0,0,0,0,0,0,0,0,0,0
2004,250349,1,1,8,8,8,8,8,8,8,8,8,8
2004,250350,1,1,0,0,34,25,0,36,12,0,8,0
2004,250351,1,1,0,0,0,0,17,0,6,0,0,0
2004,250352,0,1,0,0,0,0,0,0,0,0,0,0
2004,250352,1,1,0,0,0,0,0,0,0,0,0,0
2004,250353,0,1,21,0,0,0,0,0,0,0,0,0
2004,250353,1,1,0,0,0,0,0,0,0,0,0,0
2004,250354,0,1,0,0,0,0,0,0,0,0,0,0
2004,250354,1,1,0,8,0,0,0,0,0,0,0,0
2004,250355,1,1,16,21,0,0,0,17,0,0,12,13
2004,250355,2,1,0,0,0,0,0,0,0,0,0,0
2004,250356,0,1,0,0,0,0,0,0,0,0,0,0
2004,250356,1,1,0,15,20,30,0,0,0,0,29,0
2004,250356,2,1,28,0,0,0,17,0,0,0,0,0
2004,250357,0,1,0,0,0,0,0,0,0,0,0,0
2004,250357,1,1,0,0,0,0,0,0,0,0,0,0
2004,250358,1,1,11,12,16,32,5,10,0,26,15,16
2004,250359,1,1,0,0,0,0,0,0,0,0,0,10
2004,250359,2,1,0,0,9,0,0,0,0,0,12,13
2004,250359,3,1,0,18,0,12,0,0,0,0,18,0
2004,250360,1,1,19,23,23,0,22,14,19,3,13,7
2004,250360,2,1,0,0,0,24,0,0,0,0,29,0
2004,250361,1,1,0,0,0,0,0,0,0,0,0,0
2004,250361,2,1,0,13,0,9,0,21,0,16,0,18
2004,250362,1,1,0,0,0,0,0,0,0,0,0,0
2004,250362,2,1,0,0,0,0,0,0,0,5,0,0
2004,250363,1,1,0,0,0,0,0,0,0,0,0,0
2004,250364,0,1,22,22,22,22,22,22,22,22,22,22
2004,250364,1,1,0,0,27,0,8,25,0,0,0,0
2004,250365,1,1,1,1,1,1,1,1,1,1,1,1
2004,250366,1,1,0,8,22,20,7,0,0,0,12,4
2004,250367,1,1,0,0,0,0,0,0,0,29,0,0
2004,250368,1,1,25,25,25,25,25,25,25,25,25,25
2004,250369,1,1,0,25,0,18,16,0,27,19,0,16
2004,250370,1,1,0,0,0,0,0,0,0,0,0,0
2004,250371,1,1,0,7,6,21,39,0,9,17,16,23
2004,250372,1,1,0,0,11,0,0,0,0,0,0,0
2004,250372,2,1,0,0,0,0,0,0,0,0,0,0
2004,250373,1,1,0,0,0,0,0,0,0,14,4,0
2004,250374,1,1,36,0,0,34,21,16,22,25,18,18
2004,250375,0,1,0,0,0,0,0,0,0,0,0,0
2004,250375,1,1,0,0,0,0,0,0,0,0,0,0
2004,250376,0,1,0,0,0,0,0,0,0,0,0,0
2004,250376,1,1,0,6,0,0,0,16,23,0,0,0
2004,250377,0,1,0,0,0,0,0,0,0,0,0,0
2004,250377,1,1,0,0,0,12,0,0,20,0,0,0
2004,250378,1,1,0,0,0,0,0,0,0,0,0,0
2004,250378,2,1,0,0,14,0,0,15,0,0,0,0
2004,250379,1,1,0,0,0,0,0,0,0,0,0,0
2004,250379,2,1,0,0,0,0,0,0,0,0,0,0
2004,250380,1,1,0,27,0,0,0,0,0,15,0,0
2004,250380,2,1,0,0,0,0,0,0,0,0,0,0
2004,250381,0,1,0,0,19,25,3,0,33,20,37,11
2004,250381,0,2,0,0,0,0,0,0,0,0,0,0
2004,250381,1,1,0,10,12,0,14,12,0,0,26,0
2004,250381,2,1,19,0,11,0,10,0,4,0,0,0
2004,250382,1,1,0,0,0,0,0,10,12,0,0,0
2004,250382,2,1,0,0,0,0,0,0,0,0,4,0
2004,250382,3,1,0,31,0,0,10,0,0,0,0,0
2004,250383,1,1,28,28,28,28,28,28,28,28,28,28
2004,250383,2,1,30,0,0,0,0,0,0,0,0,17
2004,250384,0,1,0,0,0,0,0,0,0,0,0,0
2004,250384,1,1,0,0,0,0,0,0,0,0,0,0
2004,250385,1,1,0,0,0,0,0,0,0,0,0,0
2004,250385,2,1,0,0,0,0,0,0,0,0,0,0
2004,250386,1,1,0,11,16,0,4,0,10,16,5,0
2004,250387,1,1,0,0,0,0,0,0,0,0,0,0
2004,250388,1,1,0,0,0,0,0,0,0,0,0,0
2004,250388,2,1,0,0,0,0,0,0,0,0,0,0
2004,250389,1,1,0,0,0,0,0,0,0,0,0,0
2004,250389,2,1,16,20,7,19,15,13,12,19,12,7
2004,250390,1,1,8,8,8,8,8,8,8,8,8,8
2004,250391,1,1,0,0,0,0,8,0,0,0,0,0
2004,250391,2,1,0,0,0,0,0,0,0,0,0,0
2004,250391,3,1,0,0,0,0,0,0,0,0,0,0
2004,250392,1,1,0,0,0,0,0,0,0,0,0,0
2004,250392,2,1,0,0,0,0,0,0,0,0,0,0
2004,250393,1,1,0,0,0,0,0,0,0,0,0,0
2004,250393,2,1,0,0,0,0,23,11,0,16,0,0
2004,250394,1,1,0,15,0,11,0,16,0,0,0,0
2004,250394,2,1,0,5,0,0,0,19,0,0,0,22
2004,250395,1,1,17,5,8,18,18,5,16,11,18,19
2004,250395,2,1,0,0,0,0,0,0,0,0,0,0
2004,250396,1,1,0,0,0,0,0,0,0,0,0,0
2004,250397,0,1,0,0,28,0,0,40,30,32,0,0
2004,250397,1,1,0,0,0,0,0,0,0,0,0,0
2004,250398,0,1,0,0,0,0,0,0,0,0,0,0
2004,250398,1,1,0,0,0,8,0,0,0,0,0,0
2004,250399,1,1,0,0,0,0,0,0,0,0,0,0
2004,250400,0,1,12,0,0,36,12,0,0,20,0,0
2004,250400,1,1,7,0,0,19,7,17,10,15,12,22
2004,250401,1,1,0,11,0,0,23,12,0,0,14,0
2004,250402,0,1,21,38,18,0,0,23,0,24,31,17
2004,250402,1,1,0,0,24,0,0,0,0,8,0,0
2004,250403,0,1,0,0,34,0,0,0,0,0,12,0
2004,250403,1,1,0,0,0,0,0,0,0,0,0,0
2004,250404,1,1,0,0,0,0,0,0,0,0,0,0
2004,250405,0,1,0,0,0,0,0,0,0,0,0,0
2004,250405,1,1,0,0,0,0,0,0,0,0,0,0
2004,250406,0,1,0,0,0,0,0,0,26,0,18,2
2004,250406,1,1,11,18,0,0,29,0,0,0,0,0
2004,250407,0,1,28,21,23,32,0,50,18,25,22,17
2004,250407,1,1,0,15,0,0,0,0,0,0,0,0
2004,250408,1,1,0,0,0,0,0,0,0,0,0,0
2004,250408,2,1,4,0,0,0,0,0,0,0,0,0
2004,250409,0,1,0,0,0,18,6,0,25,21,0,0
2004,250409,1,1,0,0,0,0,0,0,0,0,0,0
2004,250410,0,1,0,0,17,0,34,0,0,10,21,0
2004,250410,1,1,0,0,0,0,0,0,0,0,0,0
2004,250411,1,1,0,0,0,0,0,0,0,0,0,0
2004,250412,1,1,17,12,14,8,8,9,8,27,7,24
2004,250413,0,1,0,5,22,0,0,0,9,0,28,12
2004,250413,1,1,0,0,0,0,0,0,0,12,0,0
2004,250414,0,1,0,25,0,0,15,0,11,0,3,0
2004,250414,1,1,0,0,8,0,0,0,0,0,0,0
2004,250415,1,1,0,0,0,0,0,0,0,0,0,0
2004,250415,2,1,0,0,0,0,18,0,0,0,0,0
2004,250416,0,1,0,0,0,0,22,0,0,0,10,0
2004,250416,0,2,0,0,0,0,0,0,0,0,0,0
2004,250416,1,1,0,0,0,0,0,0,0,0,0,0
2004,250417,0,1,0,24,8,25,28,32,34,17,18,42
2004,250417,0,2,0,0,5,0,0,12,0,16,0,27
2004,250417,1,1,0,0,0,0,0,0,7,0,0,0
2004,250418,1,1,0,0,0,0,0,0,31,0,0,0
2004,250418,2,1,0,0,0,0,0,0,0,0,0,0
2004,250418,3,1,0,0,0,0,0,0,0,0,0,0
2004,250419,0,1,0,0,0,0,0,0,15,0,0,0
2004,250419,1,1,0,0,0,0,0,0,0,0,0,0
2004,250420,0,1,0,0,14,0,13,0,17,0,24,0
2004,250420,1,1,21,15,24,9,0,2,3,0,0,0
2004,250421,1,1,0,0,11,0,0,0,0,0,0,0
2004,250422,1,1,0,17,37,24,32,0,0,0,16,25
2004,250423,1,1,0,0,0,0,0,0,0,0,0,0
2004,250423,2,1,0,0,0,0,0,0,0,0,0,0
2004,250424,1,1,0,0,0,0,0,0,0,0,0,0
2004,250425,1,1,0,21,0,0,0,3,0,0,0,0
2004,250426,1,1,22,20,22,20,8,4,0,17,5,16
2004,250427,1,1,26,0,20,10,23,0,26,12,26,29
2004,250428,1,1,0,16,0,27,13,13,0,0,0,0
2004,250429,1,1,11,0,0,0,0,0,0,0,0,0
2004,250429,2,1,27,17,13,37,14,8,0,35,14,17
2004,250430,1,1,0,0,0,0,0,0,0,0,0,0
2004,250430,2,1,0,0,0,9,0,0,0,0,0,0
2004,250431,1,1,0,0,0,0,12,0,0,0,0,0
2004,250432,1,1,14,0,0,12,0,18,18,0,0,0
2004,250433,1,1,0,0,0,0,16,0,7,15,0,7
2004,250434,1,1,0,0,5,20,13,0,15,0,0,27
2004,250434,2,1,0,0,0,0,0,0,0,9,0,0
2004,250435,0,1,0,0,0,0,0,0,0,0,0,0
2004,250435,1,1,18,8,0,0,0,16,0,8,0,0
2004,250436,1,1,0,0,0,0,0,0,14,0,14,0
2004,250436,2,1,0,30,19,6,22,12,15,12,6,11
2004,250437,1,1,0,0,14,0,0,0,0,0,0,0
2004,250437,2,1,0,24,23,0,0,0,0,0,0,0
2004,250438,0,1,12,0,17,17,0,0,5,11,15,0
2004,250438,1,1,21,29,13,7,15,11,26,6,0,14
2004,250439,1,1,13,27,11,27,25,11,14,12,0,14
2004,250439,2,1,0,0,0,0,0,0,0,0,0,0
2004,250440,1,1,0,0,0,0,0,0,0,0,0,3
2004,250440,2,1,0,0,0,0,0,0,0,0,0,0
2004,250441,1,1,0,0,0,0,0,0,0,30,14,0
2004,250441,2,1,0,0,0,0,0,0,0,0,0,0
2004,250441,3,1,0,0,0,0,0,0,0,0,0,0
2004,250442,1,1,0,0,0,13,9,3,27,23,0,11
2004,250443,0,1,0,12,0,23,46,0,0,0,12,0
2004,250443,1,1,0,0,0,0,0,0,0,8,0,0
2004,250444,1,1,9,22,9,0,12,9,0,16,48,0
2004,250445,1,1,0,0,10,0,19,0,0,0,12,0
2004,250446,1,1,0,0,13,24,0,15,10,0,0,0
2004,250446,2,1,0,0,11,0,0,0,0,0,11,0
2004,250447,1,1,22,28,22,8,21,0,8,15,0,0
2004,250448,1,1,20,0,20,0,0,33,16,22,28,0
2004,250449,1,1,0,0,0,0,0,0,0,0,0,0
2004,250449,2,1,0,0,0,0,0,0,0,0,0,0
2004,260001,1,1,0,0,0,0,0,0,0,0,0,0
2004,260002,1,1,0,0,0,0,0,0,0,0,0,0
2004,260002,2,1,0,0,0,0,0,0,0,0,0,0
2004,260002,3,1,0,0,0,0,0,0,0,0,0,0
2004,260003,1,1,0,0,0,0,0,0,0,0,0,0
2004,260003,2,1,0,0,0,0,0,0,0,0,0,0
2004,260003,3,1,0,0,0,0,0,0,0,0,0,0
2004,260004,1,1,0,0,0,0,16,0,0,0,0,0
2004,260004,2,1,0,0,0,0,0,0,0,0,20,0
2004,260005,1,1,0,0,0,0,0,0,0,0,0,0
2004,260006,0,1,0,0,0,0,0,0,0,0,0,0
2004,260006,1,1,0,0,0,0,0,0,0,0,0,0
2004,260007,1,1,33,33,33,33,33,33,33,33,33,33
2004,260007,2,1,0,0,0,0,0,0,0,0,0,0
2004,260007,3,1,0,0,0,0,0,0,0,0,0,0
2004,260008,1,1,0,0,0,0,0,0,0,0,0,0
2004,260008,2,1,0,0,0,0,0,0,0,0,0,0
2004,260008,3,1,0,0,0,0,0,0,0,0,0,0
2004,260009,1,1,0,0,0,0,0,0,0,0,0,0
2004,260009,2,1,0,0,0,0,0,0,0,0,0,0
2004,260010,1,1,7,7,7,7,7,7,7,7,7,7
2004,260011,1,1,21,21,21,21,21,21,21,21,21,21
2004,260012,1,1,0,0,0,0,0,0,0,0,0,0
2004,260012,2,1,0,0,0,0,0,0,0,0,0,0
2004,260013,1,1,0,0,0,0,0,0,0,0,0,0
2004,260013,2,1,0,0,0,0,0,0,0,0,0,0
2004,260014,1,1,7,7,7,7,7,7,7,7,7,7
2004,260014,2,1,16,16,16,16,16,16,16,16,16,16
2004,260015,0,1,0,0,0,0,0,0,0,0,0,0
2004,260015,1,1,0,0,0,0,0,0,0,0,0,0
2004,260016,1,1,0,0,0,0,0,0,0,0,0,0
2004,260016,2,1,0,0,0,0,0,0,0,0,0,0
2004,260017,1,1,17,17,17,17,17,17,17,17,17,17
2004,260018,1,1,0,0,0,0,0,0,0,0,0,0
2004,260019,1,1,23,23,23,23,23,23,23,23,23,23
2004,260020,1,1,0,0,0,0,0,0,0,0,0,0
2004,260021,1,1,0,0,0,0,0,0,0,0,0,0
2004,260022,1,1,0,32,0,23,0,0,0,0,0,0
2004,260023,1,1,15,15,15,15,15,15,15,15,15,15
2004,260023,2,1,0,0,0,0,0,0,0,0,0,0
2004,260024,1,1,0,0,0,0,0,0,0,0,0,0
2004,260024,2,1,0,0,0,0,0,0,0,0,0,0
2004,260024,3,1,0,0,0,0,0,0,0,0,0,0
2004,260025,1,1,0,0,0,0,0,0,0,0,0,0
2004,260026,1,1,19,19,19,19,19,19,19,19,19,19
2004,260027,1,1,12,12,12,12,12,12,12,12,12,12
2004,260027,2,1,0,0,0,0,0,0,0,0,0,0
2004,260028,1,1,0,0,0,0,0,0,0,0,0,0
2004,260028,2,1,0,0,0,0,6,0,0,0,0,0
2004,260029,1,1,0,0,0,0,0,0,0,0,0,0
2004,260029,2,1,0,0,0,0,0,0,0,0,0,0
2004,260030,1,1,12,12,12,12,12,12,12,12,12,12
2004,260031,1,1,0,0,0,0,0,0,0,0,0,0
2004,260031,2,1,0,0,0,0,0,0,0,0,0,0
2004,260032,1,1,0,0,0,0,0,0,0,0,0,0
2004,260033,1,1,0,0,0,0,0,0,0,0,0,0
2004,260033,2,1,0,0,0,0,0,0,0,0,0,0
2004,260034,1,1,0,0,0,0,0,0,0,0,0,0
2004,260034,2,1,0,0,0,10,9,0,0,0,0,0
2004,260034,3,1,0,0,0,0,0,0,0,0,0,0
2004,260034,4,1,0,0,0,0,0,0,0,0,0,0
2004,260035,1,1,0,0,0,0,0,0,0,0,0,0
2004,260036,1,1,0,0,0,0,0,0,0,0,0,0
2004,260036,2,1,0,0,0,0,0,0,0,0,0,0
2004,260037,0,1,20,0,13,13,31,0,0,0,0,0
2004,260037,1,1,0,0,0,0,0,0,0,0,0,0
2004,260038,1,1,0,0,0,0,0,0,0,0,0,0
2004,260038,2,1,0,0,0,0,0,0,0,32,0,0
2004,260039,1,1,19,19,19,19,19,19,19,19,19,19
2004,260040,0,1,20,20,20,20,20,20,20,20,20,20
2004,260040,1,1,0,0,0,0,0,0,0,0,7,0
2004,260041,1,1,22,22,22,22,22,22,22,22,22,22
2004,260042,1,1,19,19,19,19,19,19,19,19,19,19
2004,260043,1,1,0,0,0,0,0,0,0,0,0,0
2004,260043,2,1,0,0,0,0,0,0,0,0,0,0
2004,260044,1,1,0,3,0,0,0,0,0,0,0,0
2004,260044,2,1,0,0,0,0,0,0,0,0,0,0
2004,260045,0,1,0,0,0,0,0,0,0,0,0,0
2004,260045,0,2,0,0,0,0,0,0,0,0,0,0
2004,260045,0,3,9,0,0,0,0,0,0,0,0,0
2004,260045,1,1,18,18,18,18,18,18,18,18,18,18
2004,260046,1,1,24,24,24,24,24,24,24,24,24,24
2004,260047,1,1,0,0,0,0,0,0,0,0,0,0
2004,260047,2,1,0,0,0,0,0,0,0,0,0,0
2004,260047,3,1,0,0,0,0,0,0,0,0,0,0
2004,260048,1,1,0,0,0,0,0,0,0,0,0,0
2004,260049,1,1,0,6,0,0,0,0,11,18,19,20
2004,260050,1,1,0,0,9,0,0,0,0,0,0,0
2004,260050,2,1,0,0,0,0,0,0,0,0,0,0
2004,260051,0,1,31,0,0,42,0,0,16,20,28,11
2004,260051,1,1,0,0,0,0,0,0,0,0,0,0
2004,260052,0,1,0,0,0,16,0,19,0,0,0,0
2004,260052,1,1,0,0,0,0,0,0,0,0,0,0
2004,260053,1,1,0,0,0,0,0,0,0,0,0,0
2004,260053,2,1,0,0,0,0,0,0,0,0,0,0
2004,260054,1,1,0,0,0,0,0,0,0,0,0,0
2004,260054,2,1,0,0,0,0,0,0,0,0,0,0
2004,260055,1,1,0,15,0,0,0,0,0,0,0,12
2004,260055,2,1,0,0,0,0,0,0,0,0,0,0
2004,260056,1,1,0,0,0,0,0,0,0,0,0,0
2004,260056,2,1,0,0,0,0,0,0,0,0,0,0
2004,260057,1,1,0,0,0,0,0,0,0,0,0,0
2004,260057,2,1,0,0,0,0,0,0,0,0,0,0
2004,260058,1,1,0,0,0,0,0,0,0,0,0,0
2004,260058,2,1,0,0,0,0,0,0,0,0,0,0
2004,260059,1,1,0,0,0,0,0,0,0,0,0,0
2004,260059,2,1,0,0,0,0,0,0,0,0,0,0
2004,260060,1,1,20,21,14,10,23,21,21,30,24,0