YEAR,ST_CASE,veh_no,per_no,P1,P2,P3,P4,P5,P6,P7,P8,P9,P10
2004,260061,1,1,0,0,0,0,0,0,0,0,0,0
2004,260061,2,1,0,0,0,0,0,0,0,0,0,0
2004,260062,1,1,0,0,0,0,0,0,0,0,0,0
2004,260062,2,1,0,6,0,0,0,0,0,0,0,0
2004,260063,1,1,0,0,0,0,0,0,0,0,0,0
2004,260063,2,1,0,0,0,0,0,0,0,0,0,0
2004,260063,3,1,0,0,0,0,0,0,0,0,0,0
2004,260064,1,1,0,0,0,0,0,0,0,0,0,0
2004,260064,2,1,0,0,0,0,0,0,0,0,0,0
2004,260065,1,1,0,0,0,0,0,0,0,0,0,0
2004,260065,2,1,0,0,0,0,0,0,19,0,0,0
2004,260066,1,1,21,21,21,21,21,21,21,21,21,21
2004,260067,1,1,0,0,0,0,0,0,0,0,0,0
2004,260067,2,1,0,0,0,0,0,0,0,0,0,0
2004,260068,1,1,0,0,0,0,0,0,0,0,0,0
2004,260068,2,1,0,0,0,0,0,0,0,0,0,0
2004,260069,1,1,4,4,4,4,4,4,4,4,4,4
2004,260069,2,1,0,0,6,3,4,0,4,3,0,0
2004,260070,0,1,0,0,0,0,0,0,0,0,0,0
2004,260070,1,1,0,0,0,0,0,0,0,0,0,0
2004,260071,1,1,26,26,26,26,26,26,26,26,26,26
2004,260071,2,1,0,0,0,0,0,0,0,0,0,0
2004,260072,1,1,0,0,0,0,0,0,0,0,0,0
2004,260072,2,1,0,0,0,0,0,0,0,0,0,0
2004,260073,1,1,0,0,0,0,0,0,0,0,0,0
2004,260073,2,1,0,0,0,0,0,0,0,0,0,0
2004,260074,0,1,0,0,0,0,0,0,0,0,0,0
2004,260074,1,1,0,0,0,0,0,0,0,0,0,0
2004,260075,1,1,0,0,0,0,0,0,0,0,0,0
2004,260075,2,1,0,0,0,0,0,0,16,0,0,0
2004,260076,0,1,0,0,0,0,0,0,0,0,0,0
2004,260076,1,1,0,0,0,0,0,0,0,0,10,0
2004,260077,1,1,0,0,0,0,0,0,0,0,0,0
2004,260077,2,1,0,0,0,0,0,0,0,0,0,0
2004,260077,3,1,0,0,0,18,17,0,0,0,0,0
2004,260078,1,1,0,0,0,0,0,0,0,0,0,0
2004,260079,0,1,0,0,0,0,0,0,0,0,0,0
2004,260079,1,1,0,12,0,0,0,7,0,0,22,18
2004,260080,1,1,0,0,0,0,0,0,0,0,0,0
2004,260080,2,1,0,0,0,0,0,0,0,0,0,0
2004,260082,0,1,11,11,11,11,11,11,11,11,11,11
2004,260082,0,2,12,7,0,0,10,0,0,16,0,17
2004,260082,0,3,14,14,14,14,14,14,14,14,14,14
2004,260082,0,4,0,0,0,13,0,0,0,0,0,0
2004,260082,1,1,10,10,10,10,10,10,10,10,10,10
2004,260083,1,1,0,0,0,0,0,0,0,0,0,0
2004,260083,2,1,0,0,0,0,0,0,0,0,0,0
2004,260083,3,1,0,0,0,0,0,0,0,0,0,0
2004,260083,4,1,0,0,0,0,0,0,10,0,0,0
2004,260083,5,1,0,0,0,0,0,0,0,0,0,0
2004,260083,6,1,0,0,0,0,0,0,0,0,0,0
2004,260084,1,1,0,0,0,0,0,0,0,0,0,0
2004,260084,2,1,0,0,0,0,0,0,0,0,0,0
2004,260085,0,1,0,0,0,0,0,0,0,0,0,0
2004,260085,1,1,9,19,0,0,0,0,0,0,8,0
2004,260086,1,1,0,0,0,0,0,0,0,16,0,0
2004,260086,2,1,0,7,0,0,0,0,0,0,0,0
2004,260087,1,1,12,12,0,0,0,17,0,0,0,0
2004,260088,1,1,0,14,0,0,0,0,0,0,0,0
2004,260088,2,1,0,0,0,0,0,0,0,0,4,4
2004,260089,1,1,19,19,19,19,19,19,19,19,19,19
2004,260089,2,1,3,3,3,3,3,3,3,3,3,3
2004,260090,1,1,0,0,0,0,0,12,0,14,0,0
2004,260091,1,1,0,0,0,0,0,0,0,0,0,0
2004,260091,2,1,0,0,3,0,0,0,0,4,0,0
2004,260091,3,1,0,0,0,0,0,0,0,0,0,0
2004,260091,4,1,17,0,0,17,0,0,0,0,0,0
2004,260091,5,1,0,0,0,0,0,0,0,0,0,0
2004,260091,6,1,0,0,0,0,0,0,0,0,0,0
2004,260092,1,1,1,1,1,1,1,1,1,1,1,1
2004,260093,0,1,14,14,14,14,14,14,14,14,14,14
2004,260093,0,2,17,54,23,26,38,24,3,16,0,0
2004,260093,1,1,14,23,0,0,0,0,0,0,0,0
2004,260094,1,1,0,18,58,12,25,8,10,19,10,10
2004,260094,2,1,0,0,0,0,0,0,0,0,0,0
2004,260095,1,1,0,0,0,0,0,0,0,0,0,0
2004,260095,2,1,0,0,0,0,0,0,0,0,0,0
2004,260096,1,1,0,0,0,0,0,0,0,0,0,0
2004,260096,2,1,0,0,0,0,0,0,0,0,0,0
2004,260097,1,1,27,27,27,27,27,27,27,27,27,27
2004,260098,1,1,0,0,0,0,0,0,0,0,0,0
2004,260098,2,1,0,0,0,0,0,0,0,0,0,0
2004,260099,1,1,0,0,0,0,0,0,0,0,0,0
2004,260099,2,1,0,0,0,0,0,0,0,0,0,0
2004,260100,1,1,24,13,12,29,13,6,36,27,9,12
2004,260101,1,1,0,0,0,0,0,0,0,0,0,0
2004,260101,2,1,0,0,0,0,0,0,0,0,0,0
2004,260102,1,1,0,0,0,0,0,0,0,0,0,0
2004,260103,1,1,0,0,0,0,0,0,0,0,0,0
2004,260103,2,1,0,0,0,0,0,0,0,0,0,0
2004,260104,0,1,26,26,26,26,26,26,26,26,26,26
2004,260104,1,1,2,2,2,2,2,2,2,2,2,2
2004,260105,1,1,0,0,0,0,0,0,0,0,0,0
2004,260105,2,1,0,0,0,0,0,0,0,0,0,0
2004,260106,1,1,35,35,35,35,35,35,35,35,35,35
2004,260107,1,1,0,0,0,0,0,0,0,0,0,0
2004,260107,2,1,0,0,0,0,0,0,0,0,0,0
2004,260108,1,1,0,0,0,0,0,0,0,0,0,0
2004,260109,0,1,0,0,0,0,0,0,0,0,0,0
2004,260109,1,1,0,0,17,0,0,0,0,0,0,0
2004,260109,2,1,0,0,0,0,0,0,0,0,0,0
2004,260110,1,1,0,0,0,0,0,0,0,0,0,0
2004,260110,2,1,0,0,0,0,0,0,0,0,0,0
2004,260111,1,1,11,19,7,9,28,19,21,13,8,12
2004,260112,1,1,12,12,12,12,12,12,12,12,12,12
2004,260112,2,1,0,0,0,0,0,0,0,0,20,0
2004,260112,3,1,0,10,0,0,0,0,0,0,0,0
2004,260112,4,1,0,0,0,0,20,0,0,0,0,2
2004,260112,5,1,0,0,0,0,0,0,10,0,0,0
2004,260112,6,1,0,0,0,0,0,0,0,0,0,0
2004,260113,1,1,15,15,15,15,15,15,15,15,15,15
2004,260113,2,1,10,10,10,10,10,10,10,10,10,10
2004,260114,1,1,0,0,0,0,0,0,0,0,0,0
2004,260114,2,1,0,0,0,0,0,0,0,0,0,0
2004,260115,0,1,20,0,0,0,0,0,0,0,0,16
2004,260115,1,1,0,0,0,0,0,0,0,0,0,0
2004,260115,2,1,0,0,6,0,0,0,0,0,0,0
2004,260116,1,1,20,20,20,20,20,20,20,20,20,20
2004,260116,2,1,0,0,0,0,0,0,0,0,0,0
2004,260117,0,1,44,28,21,23,30,24,27,26,47,18
2004,260117,1,1,0,0,0,0,0,0,0,0,0,0
2004,260118,0,1,0,0,0,0,3,0,0,23,0,0
2004,260118,1,1,0,0,0,0,0,0,0,0,0,0
2004,260119,1,1,0,0,0,0,0,0,0,0,0,0
2004,260119,2,1,0,0,0,0,0,0,0,0,0,0
2004,260120,0,1,0,0,0,0,0,0,0,0,0,0
2004,260120,1,1,0,0,0,0,0,0,0,0,0,0
2004,260121,1,1,0,13,0,0,0,0,0,0,0,0
2004,260122,1,1,25,0,0,24,0,22,18,5,0,11
2004,260123,1,1,3,3,3,3,3,3,3,3,3,3
2004,260123,2,1,7,7,7,7,7,7,7,7,7,7
2004,260125,1,1,0,0,0,0,0,0,0,0,0,0
2004,260125,2,1,0,0,0,0,0,0,0,0,0,0
2004,260126,1,1,0,0,0,0,0,0,0,0,0,0
2004,260126,2,1,0,0,0,0,0,0,0,0,0,0
2004,260127,1,1,0,0,0,0,0,0,0,0,0,0
2004,260128,1,1,0,0,0,0,0,0,0,0,0,0
2004,260128,2,1,0,0,0,0,0,0,0,0,0,0
2004,260129,1,1,0,0,0,0,0,0,0,0,0,0
2004,260130,1,1,0,0,0,0,0,0,0,0,0,0
2004,260131,1,1,0,0,0,0,0,0,0,0,0,0
2004,260131,2,1,0,0,0,0,0,0,0,0,0,0
2004,260132,1,1,0,0,0,0,0,0,0,0,0,0
2004,260132,2,1,0,0,0,0,0,0,0,0,0,0
2004,260133,1,1,0,0,0,0,0,0,0,0,0,0
2004,260133,2,1,0,0,0,0,0,0,0,0,0,0
2004,260134,0,1,0,33,12,60,0,25,0,0,27,0
2004,260134,1,1,0,0,0,0,0,0,0,0,0,0
2004,260135,1,1,0,0,0,0,0,0,0,0,0,0
2004,260136,1,1,0,0,0,0,0,0,0,0,0,0
2004,260136,2,1,0,0,0,0,0,0,0,0,0,0
2004,260137,1,1,0,0,0,0,0,0,0,0,0,0
2004,260138,1,1,0,16,0,0,0,0,0,0,0,0
2004,260138,2,1,0,0,0,0,0,0,0,26,0,0
2004,260139,0,1,0,0,0,0,0,0,0,0,0,0
2004,260139,1,1,0,0,0,0,0,0,0,0,0,0
2004,260140,1,1,11,11,11,11,11,11,11,11,11,11
2004,260141,1,1,0,0,0,0,0,0,0,0,0,0
2004,260141,2,1,0,0,0,0,0,0,0,0,0,0
2004,260142,1,1,0,0,0,0,0,0,0,0,0,0
2004,260142,2,1,0,0,0,0,0,0,0,0,0,0
2004,260142,3,1,0,0,0,0,0,0,0,14,0,0
2004,260143,1,1,0,12,0,0,0,0,0,0,0,0
2004,260143,2,1,0,0,0,0,0,0,0,0,0,0
2004,260144,1,1,0,0,0,0,0,0,0,0,0,0
2004,260144,2,1,0,0,0,0,0,0,0,0,0,0
2004,260145,1,1,15,17,24,18,11,31,32,23,20,18
2004,260146,1,1,15,15,15,15,15,15,15,15,15,15
2004,260146,2,1,0,0,0,0,0,0,0,0,0,0
2004,260146,3,1,14,10,26,15,23,0,0,7,0,0
2004,260147,1,1,32,32,32,32,32,32,32,32,32,32
2004,260147,2,1,0,0,0,0,0,0,0,0,0,26
2004,260148,1,1,0,0,0,11,0,0,0,0,0,0
2004,260148,2,1,0,0,0,0,0,0,0,0,0,0
2004,260149,1,1,0,0,0,0,0,0,0,0,0,0
2004,260150,1,1,0,0,0,0,0,0,0,0,0,0
2004,260150,2,1,0,0,9,0,10,0,0,16,0,0
2004,260151,1,1,24,24,24,24,24,24,24,24,24,24
2004,260152,1,1,12,8,0,4,12,9,15,12,0,18
2004,260152,2,1,0,0,14,0,0,0,0,0,0,0
2004,260152,3,1,0,0,8,0,0,30,0,0,0,0
2004,260153,1,1,0,0,0,0,0,0,0,0,0,0
2004,260153,2,1,0,0,0,0,0,25,0,0,0,0
2004,260154,1,1,18,18,18,18,18,18,18,18,18,18
2004,260154,2,1,0,0,0,0,0,0,0,0,0,0
2004,260155,1,1,0,0,0,0,0,0,0,0,0,0
2004,260156,1,1,0,19,13,14,0,0,13,14,0,0
2004,260157,1,1,0,0,0,0,0,0,0,0,0,0
2004,260158,1,1,0,0,0,0,0,0,0,0,0,0
2004,260158,2,1,0,0,0,0,0,0,0,0,0,0
2004,260159,1,1,0,0,0,0,0,0,0,0,0,0
2004,260159,2,1,0,0,0,0,0,0,0,0,0,0
2004,260159,3,1,0,0,0,0,0,0,0,0,0,0
2004,260159,4,1,0,0,0,0,0,0,0,0,0,0
2004,260160,1,1,19,19,19,19,19,19,19,19,19,19
2004,260161,1,1,0,0,0,0,0,0,0,0,0,0
2004,260161,2,1,0,0,0,0,0,0,0,22,0,0
2004,260162,1,1,0,0,0,0,0,0,0,0,0,0
2004,260162,2,1,0,0,0,0,0,0,0,0,0,0
2004,260163,1,1,0,0,0,0,0,0,0,0,0,0
2004,260163,2,1,0,0,0,0,0,0,0,0,0,0
2004,260164,1,1,0,0,0,0,0,0,0,0,0,0
2004,260164,2,1,0,0,0,0,0,0,0,0,0,0
2004,260165,1,1,20,20,20,20,20,20,20,20,20,20
2004,260165,2,1,0,0,0,0,0,0,0,0,0,0
2004,260165,3,1,0,0,0,0,0,0,0,0,0,0
2004,260165,4,1,0,0,0,0,0,0,0,0,0,0
2004,260166,1,1,0,0,0,0,0,0,0,0,0,0
2004,260166,2,1,0,0,0,0,0,0,0,0,0,0
2004,260166,3,1,0,0,0,0,0,0,0,0,0,0
2004,260167,1,1,13,13,13,13,13,13,13,13,13,13
2004,260168,1,1,0,0,0,0,0,0,0,0,0,0
2004,260168,2,1,0,0,0,0,0,0,0,0,0,0
2004,260169,1,1,0,0,26,0,0,0,0,0,0,0
2004,260170,0,1,0,0,0,0,0,0,0,0,0,0
2004,260170,1,1,0,0,0,0,0,0,0,0,0,0
2004,260171,1,1,0,0,0,0,0,0,0,0,0,0
2004,260172,1,1,27,12,26,8,17,3,0,11,24,0
2004,260173,1,1,13,13,13,13,13,13,13,13,13,13
2004,260174,1,1,15,15,15,15,15,15,15,15,15,15
2004,260175,1,1,0,0,0,0,0,0,0,0,0,0
2004,260175,2,1,0,0,0,0,0,0,0,0,0,0
2004,260176,1,1,0,0,0,0,0,0,0,0,0,0
2004,260176,2,1,0,0,0,0,0,0,0,0,0,0
2004,260177,1,1,0,0,0,0,0,0,0,0,0,0
2004,260178,1,1,0,0,0,0,0,0,0,0,0,0
2004,260178,2,1,0,0,0,0,0,0,0,0,0,0
2004,260180,1,1,0,0,0,0,0,0,0,0,0,0
2004,260180,2,1,0,0,0,10,0,0,0,0,0,12
2004,260180,3,1,0,0,0,0,0,0,0,0,0,0
2004,260181,1,1,0,0,0,0,0,0,0,0,0,0
2004,260182,1,1,15,15,15,15,15,15,15,15,15,15
2004,260183,0,1,4,4,4,4,4,4,4,4,4,4
2004,260183,1,1,0,0,0,0,0,0,0,0,0,0
2004,260184,1,1,21,17,28,20,34,28,12,19,24,23
2004,260185,1,1,3,3,3,3,3,3,3,3,3,3
2004,260185,2,1,0,0,0,0,0,0,0,0,0,0
2004,260185,3,1,0,0,0,12,0,0,0,0,0,0
2004,260186,0,1,6,6,6,6,6,6,6,6,6,6
2004,260186,1,1,0,0,0,0,0,0,0,0,0,0
2004,260187,1,1,22,22,22,22,22,22,22,22,22,22
2004,260188,1,1,0,0,0,0,0,0,0,0,0,0
2004,260188,2,1,0,0,0,0,0,0,0,0,0,0
2004,260189,1,1,25,25,25,25,25,25,25,25,25,25
2004,260189,2,1,0,0,0,0,0,0,0,0,0,0
2004,260190,0,1,31,31,31,31,31,31,31,31,31,31
2004,260190,1,1,0,0,0,0,0,0,0,0,0,0
2004,260191,1,1,18,0,23,0,12,0,0,0,0,0
2004,260191,2,1,18,18,18,18,18,18,18,18,18,18
2004,260192,1,1,0,0,0,10,0,0,0,0,0,0
2004,260193,1,1,18,18,18,18,18,18,18,18,18,18
2004,260193,2,1,0,0,0,0,0,0,0,0,0,0
2004,260194,1,1,0,0,0,0,0,0,0,0,0,0
2004,260195,1,1,16,16,16,16,16,16,16,16,16,16
2004,260196,1,1,13,13,13,13,13,13,13,13,13,13
2004,260196,2,1,0,0,0,0,0,0,0,0,0,0
2004,260197,1,1,18,18,18,18,18,18,18,18,18,18
2004,260197,2,1,0,0,0,0,0,0,18,0,0,7
2004,260198,1,1,0,0,0,0,0,0,0,0,0,0
2004,260198,2,1,0,0,0,0,0,31,0,0,0,0
2004,260198,3,1,0,0,0,0,0,0,0,0,0,0
2004,260199,1,1,0,0,0,0,0,0,0,0,0,0
2004,260199,2,1,0,0,0,0,0,0,0,0,0,0
2004,260200,1,1,0,0,0,0,0,0,0,0,0,0
2004,260200,2,1,0,0,0,0,0,0,0,0,0,0
2004,260201,1,1,0,0,0,0,0,0,0,0,0,0
2004,260202,1,1,0,0,17,0,0,5,0,0,0,0
2004,260203,1,1,0,0,0,0,0,0,0,0,0,0
2004,260203,2,1,0,0,0,0,0,0,0,0,0,0
2004,260204,1,1,0,0,0,0,0,0,0,0,0,0
2004,260204,2,1,14,14,14,14,14,14,14,14,14,14
2004,260205,1,1,21,21,21,21,21,21,21,21,21,21
2004,260206,1,1,0,0,0,0,0,0,0,0,0,0
2004,260206,2,1,0,15,18,0,0,0,0,0,6,0
2004,260207,0,1,0,0,0,0,0,0,0,0,0,0
2004,260207,1,1,0,0,0,0,0,0,0,0,0,9
2004,260208,0,1,20,20,20,20,20,20,20,20,20,20
2004,260208,1,1,0,0,0,0,0,0,0,0,0,0
2004,260209,1,1,17,10,4,14,18,13,6,8,12,21
2004,260209,2,1,0,0,0,0,0,0,0,0,0,0
2004,260210,1,1,11,11,11,11,11,11,11,11,11,11
2004,260211,1,1,0,0,0,0,0,0,0,0,0,0
2004,260211,2,1,0,0,0,0,0,0,0,0,0,0
2004,260212,0,1,0,0,0,0,0,0,0,0,0,0
2004,260212,1,1,0,0,0,0,0,0,0,0,11,0
2004,260213,1,1,12,24,6,25,17,25,17,25,7,0
2004,260214,1,1,0,0,0,0,0,0,0,0,0,0
2004,260215,1,1,0,0,0,0,0,0,0,0,0,0
2004,260215,2,1,0,0,0,0,0,0,0,0,0,0
2004,260216,1,1,0,0,0,0,0,0,0,0,0,0
2004,260217,1,1,6,6,12,18,8,18,12,0,23,7
2004,260218,1,1,0,0,0,0,0,0,0,0,0,0
2004,260218,2,1,0,0,0,0,0,0,0,0,0,0
2004,260219,1,1,0,0,0,0,0,0,0,0,0,0
2004,260219,2,1,13,0,0,0,0,0,0,15,0,0
2004,260220,1,1,0,0,0,0,0,0,0,0,0,4
2004,260221,0,1,0,0,0,0,0,0,0,0,0,0
2004,260221,1,1,0,0,0,0,0,0,0,0,0,0
2004,260222,1,1,0,0,0,0,0,0,0,0,0,0
2004,260223,0,1,14,14,14,14,14,14,14,14,14,14
2004,260223,1,1,14,14,14,14,14,14,14,14,14,14
2004,260224,0,1,0,0,0,0,0,0,0,0,0,0
2004,260224,1,1,0,0,0,0,0,9,0,0,11,0
2004,260225,1,1,27,8,13,13,0,16,8,25,13,11
2004,260226,1,1,0,0,0,0,0,0,0,0,0,0
2004,260226,2,1,0,0,0,0,0,0,0,0,0,0
2004,260226,3,1,0,0,0,0,0,0,0,0,0,0
2004,260226,4,1,0,0,0,0,0,0,0,0,0,0
2004,260227,1,1,0,0,0,0,0,9,0,0,0,0
2004,260227,2,1,0,0,0,0,0,0,0,0,0,0
2004,260227,3,1,0,0,0,0,0,0,0,0,0,0
2004,260228,1,1,0,0,0,0,0,0,0,0,0,0
2004,260229,1,1,13,13,13,13,13,13,13,13,13,13
2004,260229,2,1,0,0,0,0,0,0,0,0,0,0
2004,260230,1,1,18,18,18,18,18,18,18,18,18,18
2004,260230,2,1,0,0,0,0,0,0,0,0,0,0
2004,260231,0,1,0,0,0,0,0,0,0,0,0,0
2004,260231,0,2,0,0,0,0,0,0,0,0,0,0
2004,260231,1,1,0,0,0,0,0,0,0,0,0,0
2004,260231,2,1,0,0,0,0,0,0,0,0,0,0
2004,260232,0,1,23,23,23,23,23,23,23,23,23,23
2004,260232,1,1,0,0,0,0,17,12,0,0,0,0
2004,260233,1,1,13,13,13,13,13,13,13,13,13,13
2004,260234,1,1,0,0,0,0,0,0,0,0,0,0
2004,260234,2,1,0,0,0,0,0,0,7,0,0,0
2004,260234,3,1,0,0,0,0,0,0,0,0,0,0
2004,260235,1,1,0,0,0,0,0,0,0,0,0,0
2004,260235,2,1,0,0,0,0,0,0,0,0,0,0
2004,260236,1,1,0,0,0,0,0,0,0,0,0,0
2004,260236,2,1,0,0,0,0,0,0,0,0,0,0
2004,260236,3,1,0,0,0,0,0,0,0,0,0,0
2004,260237,1,1,0,0,0,0,0,22,0,0,0,0
2004,260238,1,1,18,18,18,18,18,18,18,18,18,18
2004,260238,2,1,0,0,0,0,0,0,0,0,0,0
2004,260239,1,1,16,16,16,16,16,16,16,16,16,16
2004,260239,2,1,0,0,0,0,0,0,0,0,0,0
2004,260240,1,1,0,0,0,0,0,0,0,0,0,0
2004,260240,2,1,0,0,0,0,0,0,0,0,0,0
2004,260241,1,1,0,0,0,0,0,0,0,0,0,0
2004,260241,2,1,0,0,0,0,0,0,0,0,0,0
2004,260241,3,1,0,0,0,0,0,0,0,0,0,0
2004,260242,0,1,0,6,0,0,0,0,0,0,0,0
2004,260242,1,1,0,0,0,0,0,0,0,0,0,0
2004,260243,1,1,0,11,0,12,5,17,3,14,8,32
2004,260244,1,1,0,0,0,0,0,0,0,0,0,0
2004,260245,1,1,16,16,16,16,16,16,16,16,16,16
2004,260246,1,1,0,0,0,0,0,0,0,0,0,0
2004,260247,1,1,0,15,0,0,0,36,0,39,0,12
2004,260248,1,1,0,0,0,0,0,0,0,0,0,0
2004,260249,1,1,0,0,0,0,0,0,0,0,0,0
2004,260250,1,1,0,0,0,0,0,0,0,0,0,0
2004,260250,2,1,0,0,0,0,0,0,0,0,0,0
2004,260251,1,1,12,12,12,12,12,12,12,12,12,12
2004,260252,1,1,16,16,16,16,16,16,16,16,16,16
2004,260253,0,1,18,18,18,18,18,18,18,18,18,18
2004,260253,1,1,0,0,0,0,0,3,0,0,0,0
2004,260254,1,1,14,14,14,14,14,14,14,14,14,14
2004,260255,1,1,21,21,21,21,21,21,21,21,21,21
2004,260256,1,1,0,0,0,0,0,0,0,0,0,0
2004,260256,2,1,0,0,0,0,0,0,0,0,0,0
2004,260257,1,1,0,0,0,0,0,0,0,0,0,0
2004,260258,1,1,0,0,0,0,0,0,0,0,0,0
2004,260258,2,1,0,0,0,0,0,0,0,0,0,0
2004,260259,1,1,0,0,0,0,0,0,0,0,0,0
2004,260260,1,1,18,18,18,18,18,18,18,18,18,18
2004,260261,1,1,26,10,27,27,19,18,24,21,27,17
2004,260262,1,1,0,0,22,0,0,0,7,0,0,0
2004,260262,2,1,0,0,0,0,0,0,0,0,0,0
2004,260263,1,1,32,32,32,32,32,32,32,32,32,32
2004,260264,1,1,0,0,30,0,6,14,20,15,0,20
2004,260264,2,1,0,0,0,0,0,0,0,0,0,0
2004,260265,1,1,0,0,0,0,0,0,0,0,0,0
2004,260265,2,1,0,0,0,0,0,0,0,0,0,0
2004,260265,3,1,0,0,0,0,0,0,0,0,0,0
2004,260266,1,1,0,0,0,0,0,0,0,0,0,0
2004,260266,2,1,0,0,0,0,0,0,8,0,0,0
2004,260267,0,1,0,0,0,0,0,0,0,0,0,0
2004,260267,1,1,0,0,0,0,0,0,0,0,0,0
2004,260268,1,1,0,0,0,0,0,0,0,0,0,0
2004,260269,1,1,0,0,0,0,0,0,0,0,0,0
2004,260269,2,1,0,0,0,0,0,0,0,0,0,0
2004,260270,1,1,0,0,0,0,0,0,0,0,0,0
2004,260270,2,1,0,0,0,0,0,0,0,0,0,0
2004,260271,1,1,0,10,8,0,10,0,0,0,0,0
2004,260272,1,1,4,4,4,4,4,4,4,4,4,4
2004,260272,2,1,4,4,4,4,4,4,4,4,4,4
2004,260273,1,1,0,0,0,0,0,0,0,0,0,0
2004,260273,2,1,0,0,0,0,0,0,0,0,0,0
2004,260273,3,1,0,0,0,0,0,0,0,0,0,0
2004,260274,1,1,0,0,0,0,0,0,0,0,0,0
2004,260275,1,1,12,12,12,12,12,12,12,12,12,12
2004,260276,1,1,12,12,12,12,12,12,12,12,12,12
2004,260277,1,1,0,0,0,0,0,0,0,0,0,0
2004,260278,1,1,16,23,8,21,16,42,9,7,10,13
2004,260279,1,1,0,0,0,0,0,0,0,0,0,0
2004,260279,2,1,0,0,0,0,0,0,0,0,0,0
2004,260280,1,1,0,0,0,0,0,0,0,0,0,0
2004,260280,2,1,0,0,0,0,0,0,0,0,0,0
2004,260281,1,2,0,24,5,8,18,13,0,17,10,0
2004,260282,1,1,0,0,0,0,0,0,0,0,0,0
2004,260282,2,1,0,0,0,0,0,0,0,0,0,0
2004,260283,1,1,20,20,0,18,10,0,12,16,0,0
2004,260283,2,1,5,5,5,5,5,5,5,5,5,5
2004,260284,1,1,0,0,0,0,0,0,0,0,0,0
2004,260284,2,1,0,0,0,0,0,0,0,0,0,0
2004,260285,1,1,0,0,0,0,0,0,0,0,0,0
2004,260285,2,1,0,0,0,0,0,0,0,0,0,0
2004,260286,1,1,9,9,9,9,9,9,9,9,9,9
2004,260286,2,1,0,0,14,0,0,0,0,0,16,0
2004,260287,1,1,0,0,0,0,0,0,0,0,30,0
2004,260288,1,1,6,11,7,5,10,11,6,16,11,17
2004,260288,2,1,9,9,9,9,9,9,9,9,9,9
2004,260289,1,1,0,0,0,0,0,0,0,0,0,0
2004,260289,2,1,0,0,0,0,0,0,0,0,0,0
2004,260290,1,1,6,6,6,6,6,6,6,6,6,6
2004,260291,0,1,0,0,0,0,0,0,0,0,0,0
2004,260291,1,1,0,0,0,0,0,0,0,0,0,0
2004,260292,0,1,0,0,0,0,9,0,0,0,0,5
2004,260292,1,1,0,0,0,0,0,0,0,0,0,0
2004,260293,1,1,0,0,0,0,0,0,0,0,0,0
2004,260293,2,1,0,0,0,0,0,0,0,0,0,0
2004,260294,1,1,0,0,0,0,0,0,0,0,0,0
2004,260294,2,1,0,0,0,0,0,0,0,0,0,0
2004,260294,3,1,0,0,0,20,0,0,0,0,0,0
2004,260295,0,1,28,28,28,28,28,28,28,28,28,28
2004,260295,1,1,0,0,11,0,0,0,0,0,12,0
2004,260296,1,1,0,0,0,0,0,0,0,0,0,0
2004,260296,2,1,0,0,0,0,0,0,0,0,0,0
2004,260296,3,1,0,0,0,0,0,0,0,0,0,0
2004,260296,4,1,0,0,0,0,0,0,0,0,0,0
2004,260297,1,1,0,0,0,0,0,0,0,0,0,0
2004,260297,2,1,0,0,0,0,0,0,0,0,0,0
2004,260298,1,1,0,0,0,0,0,0,0,0,0,0
2004,260299,1,1,0,0,0,0,0,0,0,0,0,0
2004,260299,2,1,0,0,0,0,0,0,0,0,0,0
2004,260300,1,1,0,0,0,0,0,0,0,0,0,0
2004,260301,0,1,0,0,0,0,0,0,0,0,0,0
2004,260301,1,1,0,0,0,0,0,0,0,0,0,0
2004,260302,1,1,11,2,0,26,19,0,11,0,0,0
2004,260303,1,1,0,0,0,0,0,0,0,0,0,0
2004,260304,1,1,0,0,0,0,8,0,0,0,6,0
2004,260304,2,1,0,0,0,0,0,0,0,0,0,3
2004,260305,1,1,1,1,1,1,1,1,1,1,1,1
2004,260306,1,1,0,0,0,0,0,0,0,0,0,0
2004,260306,2,1,0,0,0,0,0,0,0,0,11,27
2004,260307,1,1,8,13,27,13,0,17,10,16,15,12
2004,260308,1,1,0,0,0,0,11,0,0,0,0,0
2004,260309,0,1,11,0,0,0,0,0,0,0,0,0
2004,260309,1,1,0,13,0,0,0,0,0,0,0,8
2004,260310,0,1,0,0,0,0,0,0,0,0,0,0
2004,260310,1,1,0,0,0,0,0,0,0,0,0,0
2004,260311,1,1,0,0,0,0,0,0,0,0,0,0
2004,260311,2,1,0,0,0,0,0,0,0,0,0,0
2004,260312,1,1,0,0,0,0,0,0,0,0,0,0
2004,260312,2,1,0,0,0,0,0,0,0,0,0,0
2004,260313,1,1,0,8,15,19,15,17,6,17,4,16
2004,260313,2,1,9,9,9,9,9,9,9,9,9,9
2004,260314,1,1,0,0,0,0,0,0,0,0,0,0
2004,260314,2,1,0,0,0,0,0,0,0,0,0,7
2004,260315,1,1,14,14,14,14,14,14,14,14,14,14
2004,260316,1,1,15,15,15,15,15,15,15,15,15,15
2004,260316,2,1,0,0,0,0,0,0,0,0,0,0
2004,260317,1,1,0,0,0,0,0,0,0,0,0,0
2004,260318,1,1,0,0,0,0,0,0,0,0,0,0