YEAR,ST_CASE,veh_no,per_no,P1,P2,P3,P4,P5,P6,P7,P8,P9,P10
2004,260318,2,1,0,0,0,0,0,0,0,0,0,0
2004,260319,0,1,0,0,0,0,0,0,0,0,0,0
2004,260319,1,1,9,0,0,0,8,0,0,0,0,24
2004,260320,0,1,7,7,7,7,7,7,7,7,7,7
2004,260320,1,1,0,19,23,0,5,0,0,0,15,0
2004,260321,1,1,0,0,0,0,0,0,0,0,0,0
2004,260322,1,1,0,0,0,0,0,0,0,0,0,0
2004,260322,2,1,0,0,0,0,0,0,0,0,0,0
2004,260323,1,1,5,0,0,0,9,0,0,0,9,0
2004,260323,2,1,0,0,0,0,0,0,0,0,0,0
2004,260324,1,1,0,0,0,0,0,0,0,0,0,0
2004,260324,2,1,0,0,0,0,0,0,0,11,0,0
2004,260325,1,1,25,19,11,23,23,16,27,17,36,23
2004,260326,1,1,35,35,35,35,35,35,35,35,35,35
2004,260327,1,1,25,25,25,25,25,25,25,25,25,25
2004,260328,1,1,0,0,0,0,0,0,0,0,0,0
2004,260328,2,1,0,0,0,0,0,0,0,0,0,0
2004,260329,0,1,0,0,0,0,0,0,0,0,0,0
2004,260329,1,1,0,0,0,0,0,0,0,0,0,0
2004,260330,1,1,0,0,0,0,0,0,0,0,0,0
2004,260331,1,1,0,0,0,0,0,0,0,0,14,0
2004,260331,2,1,7,7,7,7,7,7,7,7,7,7
2004,260332,0,1,17,0,31,22,34,20,0,0,12,19
2004,260332,1,1,0,0,0,0,0,0,0,0,0,0
2004,260333,1,1,22,22,22,22,22,22,22,22,22,22
2004,260334,0,1,0,0,0,0,0,0,0,0,0,0
2004,260334,1,1,22,0,0,0,9,0,0,0,0,25
2004,260335,1,1,4,7,16,7,8,0,16,10,2,15
2004,260336,1,1,0,0,0,0,11,0,0,0,0,0
2004,260336,2,1,0,0,0,0,0,0,0,0,0,0
2004,260337,1,1,0,0,0,0,0,0,0,0,0,0
2004,260338,1,1,0,0,0,0,0,0,0,0,0,0
2004,260338,2,1,0,0,0,0,0,0,0,0,0,0
2004,260339,1,1,0,0,0,0,0,0,0,0,0,0
2004,260339,2,1,0,0,0,0,0,0,0,0,0,0
2004,260340,1,1,0,0,0,0,0,0,0,0,0,0
2004,260340,2,1,12,27,7,7,9,10,4,13,7,0
2004,260341,1,1,0,0,0,0,0,0,0,0,0,0
2004,260341,2,1,0,0,0,0,0,0,0,0,0,0
2004,260342,0,1,0,0,0,0,0,0,0,0,0,0
2004,260342,1,1,0,33,0,0,0,0,0,0,0,0
2004,260343,1,1,0,20,0,0,0,7,0,15,0,0
2004,260343,2,1,0,0,0,27,13,0,0,17,0,8
2004,260344,1,1,0,0,0,0,0,0,0,0,13,0
2004,260345,0,1,3,3,3,3,3,3,3,3,3,3
2004,260345,1,1,0,0,0,0,21,0,0,0,0,0
2004,260346,1,1,0,0,0,0,0,0,0,0,0,0
2004,260346,2,1,5,5,5,5,5,5,5,5,5,5
2004,260347,1,1,0,0,0,0,0,0,17,22,12,0
2004,260347,2,1,0,0,0,0,0,0,0,0,0,0
2004,260348,0,1,26,17,0,30,18,33,12,0,0,19
2004,260348,1,1,0,0,13,0,15,0,12,0,0,0
2004,260348,2,1,13,0,8,0,0,0,0,0,0,13
2004,260349,0,1,0,0,0,20,0,0,0,0,0,0
2004,260349,1,1,0,0,0,0,0,0,0,0,0,0
2004,260350,1,1,15,16,15,27,26,10,0,0,40,12
2004,260351,1,1,0,0,0,0,0,0,0,0,0,0
2004,260351,2,1,0,0,0,0,0,0,0,0,0,0
2004,260352,1,1,0,0,0,0,0,0,0,0,0,0
2004,260353,1,1,0,0,0,0,0,0,0,0,0,0
2004,260354,1,1,18,18,18,18,18,18,18,18,18,18
2004,260355,1,1,0,23,9,7,18,0,0,4,21,12
2004,260356,1,1,0,0,0,0,0,0,0,0,0,0
2004,260357,1,1,4,4,4,4,4,4,4,4,4,4
2004,260358,1,1,0,0,5,0,0,0,5,0,0,0
2004,260358,2,1,0,0,0,0,0,0,0,0,0,0
2004,260359,1,1,0,0,0,0,0,0,0,0,0,0
2004,260360,1,1,20,20,20,20,20,20,20,20,20,20
2004,260360,2,1,0,0,0,0,0,0,0,0,16,0
2004,260360,3,1,0,0,14,0,0,0,0,0,0,0
2004,260361,1,1,3,3,3,3,3,3,3,3,3,3
2004,260361,2,1,0,0,0,0,0,0,0,0,0,0
2004,260362,1,1,14,14,0,6,25,0,13,33,13,34
2004,260362,2,1,0,0,0,0,0,0,0,0,0,0
2004,260363,1,1,0,0,0,0,0,0,0,0,0,0
2004,260363,2,1,0,0,0,0,0,0,0,0,0,0
2004,260363,3,1,0,0,0,0,0,11,0,0,0,0
2004,260364,1,1,0,0,0,0,0,0,0,0,0,0
2004,260364,2,1,0,0,0,0,0,0,0,0,0,0
2004,260365,1,1,0,0,0,0,0,0,0,0,0,0
2004,260365,2,1,0,0,0,0,0,0,0,0,0,0
2004,260366,0,1,0,0,0,0,0,0,0,0,0,0
2004,260366,1,1,0,0,0,0,0,7,0,0,0,0
2004,260367,1,1,0,0,0,0,0,0,0,0,0,0
2004,260368,1,1,13,13,13,13,13,13,13,13,13,13
2004,260368,2,1,16,16,16,16,16,16,16,16,16,16
2004,260369,0,1,25,25,25,25,25,25,25,25,25,25
2004,260369,1,1,11,11,11,11,11,11,11,11,11,11
2004,260370,1,1,0,0,0,0,0,0,0,0,0,0
2004,260370,2,1,0,0,0,0,0,0,0,0,0,0
2004,260371,0,1,3,3,3,3,3,3,3,3,3,3
2004,260371,1,1,0,0,13,0,0,18,0,0,17,0
2004,260372,1,1,0,0,0,0,0,0,0,0,0,0
2004,260372,2,1,0,0,0,0,0,0,0,0,0,0
2004,260374,1,1,0,0,0,0,0,0,0,0,0,0
2004,260374,2,1,0,0,0,0,0,0,0,0,0,0
2004,260375,1,1,0,0,0,0,0,0,0,0,0,0
2004,260375,2,1,0,0,0,0,0,0,0,0,0,0
2004,260376,1,1,0,0,0,0,0,0,0,0,0,0
2004,260376,2,1,0,0,0,0,0,0,0,0,0,0
2004,260377,1,1,0,0,0,0,0,0,0,0,0,0
2004,260378,1,1,21,34,15,23,13,12,18,22,19,15
2004,260379,1,1,0,0,0,0,0,0,0,0,0,0
2004,260379,2,1,18,0,6,22,33,36,9,12,8,13
2004,260380,1,1,20,20,20,20,20,20,20,20,20,20
2004,260380,2,1,0,0,0,0,0,9,0,14,0,0
2004,260381,1,1,12,12,12,12,12,12,12,12,12,12
2004,260382,1,1,5,18,21,13,0,0,14,0,8,15
2004,260383,1,1,16,4,0,42,0,0,21,12,0,0
2004,260383,2,1,0,0,0,0,0,0,0,0,0,0
2004,260384,1,1,0,0,0,0,0,0,0,0,0,0
2004,260384,2,1,0,0,0,0,0,0,0,0,0,0
2004,260385,1,1,0,0,0,0,0,0,0,0,0,0
2004,260386,1,1,0,0,0,0,0,0,0,0,0,0
2004,260386,2,1,0,0,0,0,0,0,0,0,0,0
2004,260387,0,1,28,28,28,28,28,28,28,28,28,28
2004,260387,1,1,34,20,0,11,0,0,0,31,0,0
2004,260388,1,1,17,17,17,17,17,17,17,17,17,17
2004,260388,2,1,0,0,0,0,0,0,0,0,0,0
2004,260389,1,1,14,14,14,14,14,14,14,14,14,14
2004,260389,2,1,0,14,0,0,11,0,0,3,0,0
2004,260390,1,1,0,19,0,18,11,0,0,21,7,0
2004,260391,0,1,0,0,0,0,0,0,0,0,0,0
2004,260391,1,1,21,0,0,0,0,0,0,0,0,0
2004,260392,0,1,0,0,0,0,7,0,0,0,0,0
2004,260392,1,1,0,0,0,0,0,0,0,0,0,0
2004,260393,1,1,0,0,0,0,0,0,0,0,0,0
2004,260393,2,1,0,0,0,0,0,0,0,0,0,0
2004,260394,1,1,26,26,26,26,26,26,26,26,26,26
2004,260395,1,1,17,17,17,17,17,17,17,17,17,17
2004,260396,1,1,0,0,0,0,0,0,0,0,0,0
2004,260396,2,1,28,28,28,28,28,28,28,28,28,28
2004,260397,0,1,0,0,0,0,0,0,0,0,0,0
2004,260397,1,1,0,0,0,0,0,0,0,0,0,0
2004,260398,1,1,0,0,0,0,0,0,0,0,0,0
2004,260398,2,1,0,0,0,0,0,0,0,0,0,0
2004,260399,1,1,13,13,13,13,13,13,13,13,13,13
2004,260399,2,1,0,0,0,0,0,0,0,0,0,0
2004,260400,1,1,0,0,0,0,0,0,0,0,0,0
2004,260400,2,1,0,0,0,0,0,0,0,0,0,0
2004,260401,1,1,15,15,15,15,15,15,15,15,15,15
2004,260401,2,1,0,0,0,0,0,0,0,0,0,0
2004,260402,1,1,0,0,0,0,0,0,0,0,0,0
2004,260403,1,1,0,0,0,0,0,0,0,0,0,0
2004,260403,2,1,0,0,0,0,0,0,0,0,0,0
2004,260404,1,1,0,0,0,0,0,0,0,0,0,0
2004,260405,1,1,0,0,0,0,0,0,0,0,0,0
2004,260406,1,1,0,0,0,0,0,0,0,0,0,0
2004,260406,2,1,9,16,18,13,0,13,0,0,0,12
2004,260407,1,1,0,0,0,0,0,0,0,0,0,0
2004,260407,2,1,0,0,0,0,0,0,0,0,0,0
2004,260408,1,1,29,29,29,29,29,29,29,29,29,29
2004,260408,2,1,0,0,0,0,0,0,0,0,0,0
2004,260409,1,1,20,20,20,20,20,20,20,20,20,20
2004,260410,1,1,0,0,0,0,0,0,0,0,0,0
2004,260410,2,1,0,0,0,0,0,0,0,0,0,0
2004,260411,1,1,0,0,0,0,0,0,25,0,0,0
2004,260412,1,1,0,0,0,0,0,0,0,0,0,0
2004,260413,1,1,0,0,0,0,0,0,0,0,0,0
2004,260413,2,1,0,0,0,0,0,0,0,0,0,0
2004,260414,1,1,5,5,5,5,5,5,5,5,5,5
2004,260414,2,1,0,0,0,0,0,0,0,0,0,0
2004,260415,1,1,0,0,0,24,0,0,0,8,0,0
2004,260416,1,1,22,22,22,22,22,22,22,22,22,22
2004,260417,1,1,0,11,18,19,31,29,12,24,0,19
2004,260417,2,1,0,0,0,0,0,0,0,0,0,0
2004,260418,1,1,0,0,0,0,0,0,0,0,0,0
2004,260418,2,1,0,0,0,0,0,0,0,0,0,0
2004,260419,1,1,0,0,0,0,0,0,0,0,0,0
2004,260420,1,1,8,8,8,8,8,8,8,8,8,8
2004,260421,1,1,0,0,0,0,0,0,0,0,0,0
2004,260421,2,1,0,0,0,0,0,0,0,0,0,0
2004,260422,1,1,0,0,0,0,0,0,0,0,0,0
2004,260422,2,1,0,0,0,0,0,0,0,0,0,0
2004,260423,0,1,0,0,0,0,0,0,0,0,0,0
2004,260423,1,1,0,0,0,0,0,0,0,0,0,0
2004,260424,1,1,0,0,0,0,0,0,0,0,0,0
2004,260424,2,1,0,0,0,10,0,0,0,0,0,0
2004,260425,1,1,21,0,0,0,0,14,0,8,22,22
2004,260426,0,1,0,0,0,0,0,0,0,0,0,0
2004,260426,1,1,0,0,0,0,0,0,0,0,0,0
2004,260427,1,1,0,0,0,0,0,0,0,0,0,0
2004,260427,2,1,0,0,0,0,0,0,0,0,0,0
2004,260428,1,1,21,21,21,21,21,21,21,21,21,21
2004,260428,2,1,0,0,0,0,0,0,0,0,0,0
2004,260429,1,1,0,0,0,0,0,0,0,0,0,0
2004,260429,2,1,0,0,0,0,0,0,0,0,0,0
2004,260430,1,1,0,0,0,0,0,0,0,0,0,0
2004,260430,2,1,0,0,0,0,0,0,0,0,0,0
2004,260431,1,1,0,0,0,0,0,0,0,0,0,0
2004,260432,1,1,0,0,0,0,0,0,0,0,0,0
2004,260432,2,1,0,0,0,0,0,0,0,0,0,0
2004,260433,1,1,18,9,0,7,3,15,8,9,11,0
2004,260434,1,1,0,0,0,0,0,0,0,0,0,0
2004,260434,2,1,0,0,0,0,0,0,0,0,0,0
2004,260435,0,1,0,0,0,0,0,0,0,0,0,0
2004,260435,1,1,0,0,0,0,0,0,8,7,0,0
2004,260436,1,1,23,23,23,23,23,23,23,23,23,23
2004,260437,1,1,0,0,0,0,0,0,0,0,0,0
2004,260437,2,1,0,0,0,0,0,0,0,0,0,0
2004,260438,1,1,14,0,0,0,0,0,0,0,0,0
2004,260438,2,1,0,0,0,0,0,0,0,0,0,0
2004,260439,1,1,12,12,12,12,12,12,12,12,12,12
2004,260440,1,1,19,19,19,19,19,19,19,19,19,19
2004,260441,1,1,0,0,0,0,0,0,0,0,0,0
2004,260441,2,1,0,0,0,0,0,0,0,0,0,0
2004,260442,1,1,0,0,0,0,0,0,0,0,0,0
2004,260442,2,1,0,0,0,0,0,0,0,0,0,0
2004,260443,1,1,2,2,2,2,2,2,2,2,2,2
2004,260443,2,1,0,0,0,0,0,0,0,0,0,0
2004,260444,0,1,0,0,0,0,0,0,0,0,0,0
2004,260444,1,1,0,0,0,0,0,0,0,0,0,0
2004,260445,1,1,0,0,0,0,0,0,0,0,0,0
2004,260445,2,1,21,21,21,21,21,21,21,21,21,21
2004,260446,1,1,0,0,0,0,0,0,0,0,0,0
2004,260447,1,1,0,0,0,0,0,0,0,0,0,0
2004,260447,2,1,0,0,0,0,0,0,0,0,0,0
2004,260448,1,1,0,0,0,0,0,0,5,0,0,0
2004,260448,2,1,0,0,0,0,0,0,0,0,0,0
2004,260449,1,1,16,16,16,16,16,16,16,16,16,16
2004,260450,0,1,14,17,10,0,4,0,0,0,0,0
2004,260450,1,1,14,14,14,14,14,14,14,14,14,14
2004,260451,1,1,0,0,0,0,0,0,0,0,0,0
2004,260451,2,1,0,0,0,0,0,0,0,15,0,0
2004,260452,1,1,0,0,0,0,0,0,0,0,0,0
2004,260452,2,1,0,0,0,0,0,0,0,0,0,0
2004,260453,0,1,14,14,14,14,14,14,14,14,14,14
2004,260453,0,2,0,0,0,0,0,25,0,0,0,0
2004,260453,1,1,0,0,0,0,0,0,0,0,0,13
2004,260455,1,1,0,0,0,0,0,0,0,0,0,0
2004,260456,1,1,10,10,10,10,10,10,10,10,10,10
2004,260456,2,1,8,8,8,8,8,8,8,8,8,8
2004,260457,1,1,0,15,0,0,0,0,0,0,12,0
2004,260457,2,1,0,0,0,0,0,0,0,0,0,0
2004,260457,3,1,0,0,0,0,0,0,0,0,0,0
2004,260458,1,1,0,0,0,0,0,0,0,0,0,0
2004,260459,1,1,25,25,25,25,25,25,25,25,25,25
2004,260460,1,1,0,0,0,0,0,0,0,0,0,0
2004,260460,2,1,0,0,0,0,0,0,0,0,0,0
2004,260461,1,1,10,10,10,10,10,10,10,10,10,10
2004,260462,0,1,0,0,0,0,0,0,0,0,0,0
2004,260462,1,1,0,6,0,0,0,0,0,0,0,0
2004,260463,1,1,0,0,0,0,0,0,0,0,0,0
2004,260463,2,1,0,0,0,0,0,0,0,0,0,0
2004,260464,1,1,0,0,0,0,31,0,0,0,0,0
2004,260465,1,1,21,21,21,21,21,21,21,21,21,21
2004,260466,1,1,19,12,17,6,16,10,12,22,18,11
2004,260466,2,1,0,0,0,0,0,0,0,0,0,0
2004,260467,1,1,3,3,3,3,3,3,3,3,3,3
2004,260467,2,1,0,0,0,0,0,0,0,0,0,0
2004,260467,3,1,0,0,0,0,19,0,0,0,0,0
2004,260467,4,1,0,0,0,0,0,0,0,0,0,0
2004,260468,1,1,0,0,0,0,0,0,0,23,0,0
2004,260468,2,1,0,0,0,0,0,0,0,0,0,0
2004,260469,1,1,8,0,0,0,0,0,0,0,0,0
2004,260470,1,1,0,0,0,0,0,0,0,0,0,0
2004,260470,2,1,10,10,10,10,10,10,10,10,10,10
2004,260471,1,1,0,0,0,0,0,0,0,0,0,0
2004,260471,2,1,0,0,0,0,0,0,0,0,0,0
2004,260472,1,1,0,0,0,0,0,0,0,0,0,0
2004,260473,1,1,20,20,20,20,20,20,20,20,20,20
2004,260473,2,1,18,18,18,18,18,18,18,18,18,18
2004,260474,1,1,0,0,0,0,0,0,0,0,0,0
2004,260475,1,1,20,20,20,20,20,20,20,20,20,20
2004,260476,1,1,0,0,0,0,0,0,0,0,0,0
2004,260477,1,1,0,0,0,0,0,0,0,0,0,0
2004,260477,2,1,0,0,0,0,0,0,0,0,0,0
2004,260478,1,1,0,0,0,0,0,0,0,0,0,0
2004,260478,2,1,0,0,0,0,0,0,0,0,0,0
2004,260479,1,1,0,0,0,0,0,0,0,0,0,0
2004,260480,1,1,0,0,0,0,0,0,0,0,0,0
2004,260480,2,1,0,0,0,0,0,0,0,0,0,0
2004,260481,1,1,0,0,0,21,0,0,0,0,0,0
2004,260481,2,1,0,0,0,0,0,0,0,0,0,0
2004,260482,1,1,22,22,22,22,22,22,22,22,22,22
2004,260483,1,1,0,0,0,0,0,0,0,0,0,0
2004,260483,2,1,0,0,0,0,0,0,0,0,0,0
2004,260483,3,1,0,0,0,0,0,0,0,0,0,0
2004,260484,0,1,0,0,0,0,0,0,0,0,0,0
2004,260484,1,1,0,0,0,0,0,0,0,0,0,0
2004,260485,1,1,20,20,20,20,20,20,20,20,20,20
2004,260485,2,1,0,0,0,0,0,0,0,0,0,0
2004,260486,1,1,0,0,0,0,0,0,0,0,0,0
2004,260486,2,1,0,0,0,0,0,0,0,0,0,0
2004,260487,1,1,0,0,0,0,0,0,0,0,0,0
2004,260487,2,1,0,0,0,0,0,0,0,0,0,0
2004,260487,3,1,0,0,0,0,0,0,0,0,0,0
2004,260488,1,1,0,0,0,0,0,0,0,0,0,0
2004,260488,2,1,0,0,0,0,0,0,5,0,0,0
2004,260489,1,1,16,16,16,16,16,16,16,16,16,16
2004,260490,0,1,40,40,40,40,40,40,40,40,40,40
2004,260490,1,1,0,0,0,0,0,0,0,0,0,0
2004,260491,1,1,0,0,0,0,0,0,0,0,0,0
2004,260492,1,1,21,21,21,21,21,21,21,21,21,21
2004,260493,1,1,23,23,23,23,23,23,23,23,23,23
2004,260494,1,1,0,0,0,0,0,0,0,0,0,0
2004,260494,2,1,0,0,0,0,0,0,0,13,0,0
2004,260495,1,1,0,0,0,0,0,0,0,0,0,0
2004,260496,0,1,0,0,0,0,0,0,0,0,0,0
2004,260496,1,1,3,13,0,4,18,0,19,0,26,0
2004,260497,1,1,0,0,0,0,0,0,0,0,0,0
2004,260497,2,1,0,0,0,0,0,0,0,0,0,0
2004,260498,1,1,0,13,0,19,0,0,9,0,16,17
2004,260499,1,1,0,0,0,0,0,0,0,0,0,0
2004,260499,2,1,0,0,0,0,0,0,0,0,0,0
2004,260500,1,1,0,0,0,0,0,0,0,0,0,0
2004,260500,2,1,0,0,0,0,0,0,0,0,0,0
2004,260501,1,1,0,0,0,0,0,0,0,0,0,0
2004,260501,2,1,0,0,0,0,0,0,0,0,0,0
2004,260501,3,1,0,0,0,0,0,0,0,0,0,0
2004,260502,1,1,37,0,0,0,16,0,0,0,0,0
2004,260502,2,1,0,0,0,0,0,0,0,0,0,0
2004,260503,0,1,0,0,0,0,0,0,0,0,0,0
2004,260503,1,1,0,0,0,0,0,0,0,0,0,0
2004,260504,0,1,0,0,0,0,18,0,0,0,0,0
2004,260504,1,1,25,25,25,25,25,25,25,25,25,25
2004,260504,2,1,0,0,0,0,0,0,0,22,9,0
2004,260505,1,1,0,0,0,0,0,0,0,0,0,0
2004,260505,2,1,0,19,0,0,0,21,0,7,0,0
2004,260506,1,1,0,0,0,0,0,0,0,0,0,0
2004,260506,2,1,0,0,0,0,0,0,0,0,0,0
2004,260507,1,1,22,22,22,22,22,22,22,22,22,22
2004,260507,2,1,0,0,0,0,0,0,0,0,0,0
2004,260508,1,1,0,0,0,0,0,0,0,0,0,0
2004,260508,2,1,0,0,0,0,0,0,0,0,0,0
2004,260509,1,1,11,11,11,11,11,11,11,11,11,11
2004,260510,1,1,0,0,0,0,0,0,0,0,0,0
2004,260510,2,1,14,14,14,14,14,14,14,14,14,14
2004,260511,1,1,0,0,0,0,0,0,0,0,0,0
2004,260511,2,1,0,0,0,0,0,0,0,0,0,0
2004,260512,1,1,0,0,0,0,0,0,0,0,0,0
2004,260513,1,1,0,0,0,0,0,0,0,0,0,0
2004,260513,2,1,0,0,0,0,0,0,0,0,0,0
2004,260514,1,1,20,20,20,20,20,20,20,20,20,20
2004,260515,1,1,0,0,0,0,0,0,0,0,0,0
2004,260515,2,1,0,0,0,0,0,0,0,0,0,0
2004,260516,1,1,0,0,0,0,0,0,0,0,0,0
2004,260517,1,1,5,5,5,5,5,5,5,5,5,5
2004,260518,0,1,0,0,0,0,0,0,0,0,0,0
2004,260518,1,1,0,0,0,0,0,0,9,17,0,0
2004,260519,0,1,0,0,0,0,0,0,0,0,0,0
2004,260519,1,1,0,0,0,0,0,0,0,0,0,0
2004,260520,1,1,0,0,0,0,0,0,0,0,0,0
2004,260520,2,1,0,0,0,0,0,0,0,0,0,0
2004,260521,1,1,0,0,0,0,0,14,0,0,0,0
2004,260521,2,1,17,0,0,0,0,0,0,0,0,0
2004,260522,1,1,0,0,0,0,0,0,0,0,0,0
2004,260523,1,1,0,0,0,0,0,0,0,0,0,0
2004,260523,2,1,0,0,0,0,0,0,0,0,0,0
2004,260523,3,1,0,0,0,0,0,0,0,0,0,0
2004,260524,1,1,0,0,0,0,0,0,0,0,0,0
2004,260524,2,1,13,13,13,13,13,13,13,13,13,13
2004,260525,1,1,0,0,0,0,0,0,0,0,0,0
2004,260525,2,1,0,0,0,0,0,0,0,0,0,0
2004,260526,1,1,0,0,0,0,0,0,0,0,0,0
2004,260526,2,1,0,0,0,0,0,0,0,0,0,0
2004,260527,1,1,13,13,13,13,13,13,13,13,13,13
2004,260528,1,1,14,14,14,14,14,14,14,14,14,14
2004,260529,1,1,0,24,0,0,0,0,0,0,25,0
2004,260530,1,1,23,28,12,11,18,9,16,13,15,18
2004,260531,1,1,5,5,5,5,5,5,5,5,5,5
2004,260531,2,1,23,23,23,23,23,23,23,23,23,23
2004,260532,1,1,0,0,0,0,0,0,0,0,0,0
2004,260532,2,1,0,0,0,0,0,0,0,0,0,0
2004,260533,1,1,23,23,23,23,23,23,23,23,23,23
2004,260534,1,1,13,0,22,13,10,27,0,0,0,0
2004,260535,1,1,0,0,0,0,0,0,0,0,0,0
2004,260536,1,1,12,12,12,12,12,12,12,12,12,12
2004,260537,1,1,24,0,9,0,32,0,6,8,0,15
2004,260537,2,1,0,0,0,0,0,0,0,0,0,0
2004,260538,1,1,0,0,0,0,0,0,0,0,0,0
2004,260539,1,1,0,0,0,0,0,0,0,0,0,9
2004,260540,1,1,0,0,0,0,0,0,0,0,0,0
2004,260541,0,1,0,0,0,0,0,0,0,0,0,0
2004,260541,1,1,0,0,0,0,0,0,0,0,0,0
2004,260542,1,1,0,0,0,0,0,0,0,0,0,0
2004,260542,2,1,0,0,0,0,0,0,0,0,0,0
2004,260543,1,1,0,0,0,0,0,0,0,0,0,0
2004,260543,2,1,0,0,0,0,0,0,0,0,0,0
2004,260544,1,1,6,6,6,6,6,6,6,6,6,6
2004,260544,2,1,0,0,0,0,0,0,0,0,0,0
2004,260545,1,1,0,0,0,0,0,0,0,0,0,0
2004,260545,2,1,0,24,0,0,0,0,0,0,0,0
2004,260545,3,1,0,0,0,0,0,0,0,0,0,0
2004,260546,1,1,13,25,9,17,12,17,19,0,21,16
2004,260547,1,1,3,3,3,3,3,3,3,3,3,3
2004,260547,2,1,0,0,0,0,0,0,0,0,0,0
2004,260548,1,1,21,21,21,21,21,21,21,21,21,21
2004,260549,1,1,0,0,0,0,0,0,0,0,0,0
2004,260549,2,1,0,0,0,0,0,0,0,0,0,0
2004,260550,1,1,0,0,0,0,0,0,0,0,0,0
2004,260551,0,1,5,5,5,5,5,5,5,5,5,5
2004,260551,1,1,17,17,17,17,17,17,17,17,17,17
2004,260552,1,1,0,0,0,0,0,0,0,14,18,0
2004,260552,2,1,1,1,1,1,1,1,1,1,1,1
2004,260553,1,1,0,0,0,0,0,0,0,0,0,0
2004,260554,0,1,0,11,0,0,19,0,0,0,0,0
2004,260554,1,1,0,0,0,0,0,0,0,0,0,0
2004,260555,1,1,0,0,0,0,0,0,0,0,0,0
2004,260556,1,1,0,0,0,0,0,0,0,0,0,0
2004,260556,2,1,0,0,0,0,0,0,0,0,0,0
2004,260557,1,1,24,24,24,24,24,24,24,24,24,24
2004,260558,1,1,25,25,25,25,25,25,25,25,25,25
2004,260559,0,1,7,0,0,21,0,34,0,0,0,19
2004,260559,1,1,0,0,0,0,0,0,0,0,0,0
2004,260560,1,1,0,0,0,0,0,0,0,0,0,0
2004,260561,1,1,33,33,33,33,33,33,33,33,33,33
2004,260562,1,1,0,0,0,0,0,33,0,0,0,20
2004,260563,1,1,20,20,20,20,20,20,20,20,20,20
2004,260564,1,1,0,0,0,0,0,0,0,0,0,0
2004,260564,2,1,0,0,0,0,0,0,0,0,0,0
2004,260565,1,1,0,0,0,0,0,0,0,0,0,0
2004,260565,2,1,0,0,0,0,0,0,0,0,0,0
2004,260566,1,1,20,10,0,27,0,0,23,15,0,0
2004,260567,1,1,0,0,0,0,0,0,0,0,0,0
2004,260568,1,1,10,10,10,10,10,10,10,10,10,10
2004,260569,1,1,14,7,4,9,5,21,25,12,12,11
2004,260570,1,1,0,0,0,0,0,0,0,0,0,0
2004,260570,2,1,0,0,0,0,0,0,0,0,0,0
2004,260571,0,1,0,0,0,0,0,0,0,0,0,0
2004,260571,1,1,0,0,0,0,0,0,0,0,0,0
2004,260572,1,1,0,0,0,0,0,0,0,0,0,0
2004,260573,1,1,0,0,0,0,0,0,0,0,0,0
2004,260573,2,1,0,0,0,0,0,0,0,0,0,0
2004,260574,1,1,0,0,0,0,0,0,0,0,0,0
2004,260574,2,1,0,0,0,0,0,0,0,0,0,0
2004,260575,1,1,0,0,0,0,0,0,0,0,0,0
2004,260575,2,1,0,0,0,0,0,0,0,0,0,0
2004,260576,1,1,23,15,0,0,0,21,12,0,28,0
2004,260576,2,1,0,0,0,0,0,0,0,0,0,0
2004,260576,3,1,0,0,0,0,0,0,0,0,0,0
2004,260577,1,1,0,0,0,0,0,0,0,0,0,0
2004,260577,2,1,0,0,0,0,0,0,0,0,0,0
2004,260578,1,1,20,20,20,20,20,20,20,20,20,20
2004,260579,1,1,0,0,0,0,0,0,0,0,0,0
2004,260580,0,1,26,20,17,0,0,0,0,21,0,19
2004,260580,1,1,18,18,18,18,18,18,18,18,18,18
2004,260581,1,1,0,0,0,0,0,0,0,0,0,0
2004,260581,2,1,0,0,0,0,0,0,0,0,0,0
2004,260582,1,1,0,0,0,0,0,0,0,0,0,0
2004,260582,2,1,0,0,0,0,0,0,0,0,0,0
2004,260583,1,1,0,0,0,0,0,0,0,0,0,0
2004,260584,0,1,0,0,0,0,0,0,0,0,0,0
2004,260584,1,1,0,0,0,0,0,0,0,0,0,0
2004,260585,1,1,29,37,16,12,34,32,28,16,31,10
2004,260586,1,1,20,20,20,20,20,20,20,20,20,20
2004,260587,1,1,0,0,0,0,0,0,0,0,0,2
2004,260587,2,1,0,0,0,0,0,0,10,0,0,0
2004,260588,0,1,0,0,0,0,0,0,0,0,0,0
2004,260588,1,1,0,0,0,0,0,0,0,0,0,0
2004,260589,1,1,0,0,0,0,0,0,0,0,0,0
2004,260589,2,1,0,0,0,0,0,0,0,0,0,0
2004,260589,3,1,0,0,0,0,0,0,0,0,0,0
2004,260589,4,1,0,0,0,0,0,0,0,0,0,0
2004,260590,1,1,0,0,0,0,0,0,0,0,0,0
2004,260590,2,1,0,0,0,0,0,0,0,0,0,0
2004,260591,1,1,25,25,25,25,25,25,25,25,25,25
2004,260592,1,1,0,0,0,0,0,0,0,0,0,0
2004,260592,2,1,0,0,0,0,0,0,0,0,0,0
2004,260593,1,1,20,0,0,0,0,0,0,0,0,0
2004,260593,2,1,0,0,0,0,0,0,0,0,0,0
2004,260593,3,1,0,0,0,0,0,0,0,0,0,0