YEAR,ST_CASE,veh_no,per_no,P1,P2,P3,P4,P5,P6,P7,P8,P9,P10
2004,260594,1,1,0,0,0,0,0,0,0,0,0,0
2004,260594,2,1,0,0,0,0,0,0,0,0,0,0
2004,260595,1,1,0,0,0,0,0,0,0,0,0,0
2004,260596,1,1,0,0,0,0,0,0,0,0,0,0
2004,260596,2,1,0,0,0,0,0,0,0,0,0,0
2004,260597,1,1,0,19,0,0,0,0,0,0,0,0
2004,260598,1,1,0,0,0,0,0,0,0,0,0,0
2004,260598,2,1,0,0,0,0,0,0,0,0,0,0
2004,260599,1,1,15,15,15,15,15,15,15,15,15,15
2004,260600,1,1,37,37,37,37,37,37,37,37,37,37
2004,260600,2,1,0,0,0,0,0,0,0,0,0,0
2004,260601,1,1,0,0,0,4,0,0,0,0,0,0
2004,260601,2,1,0,0,0,0,0,0,0,0,0,0
2004,260602,1,1,0,0,0,0,0,0,0,0,0,0
2004,260603,1,1,36,36,36,36,36,36,36,36,36,36
2004,260604,1,1,17,17,17,17,17,17,17,17,17,17
2004,260605,1,1,23,23,23,23,23,23,23,23,23,23
2004,260606,1,1,0,0,0,0,0,0,0,0,0,0
2004,260606,2,1,0,0,0,0,0,0,0,0,0,0
2004,260607,1,1,33,25,15,0,0,0,14,0,9,0
2004,260608,0,1,0,0,0,17,0,0,3,34,0,0
2004,260608,1,1,0,0,0,0,0,0,0,0,0,0
2004,260609,1,1,22,22,22,22,22,22,22,22,22,22
2004,260610,1,1,21,21,21,21,21,21,21,21,21,21
2004,260611,1,1,0,0,0,0,0,0,0,0,0,0
2004,260611,2,1,0,0,0,0,0,0,0,0,0,0
2004,260613,1,1,0,0,0,0,0,0,0,0,0,0
2004,260614,1,1,0,0,0,0,0,0,0,0,0,0
2004,260614,2,1,0,0,0,0,0,0,0,0,0,0
2004,260615,1,1,0,0,0,0,0,0,0,0,0,0
2004,260615,2,1,1,1,1,1,1,1,1,1,1,1
2004,260616,1,1,27,27,27,27,27,27,27,27,27,27
2004,260616,2,1,0,0,0,0,0,0,0,0,0,0
2004,260617,0,1,29,29,29,29,29,29,29,29,29,29
2004,260617,1,1,0,0,0,0,0,0,20,14,0,0
2004,260618,1,1,0,0,0,0,0,0,0,0,0,0
2004,260619,1,1,0,0,0,0,0,0,0,0,0,0
2004,260619,2,1,0,0,0,0,0,0,0,0,0,0
2004,260620,0,1,14,14,14,14,14,14,14,14,14,14
2004,260620,1,1,0,8,8,7,0,0,17,0,0,9
2004,260621,0,1,0,0,0,0,0,0,0,0,0,0
2004,260621,1,1,0,0,0,0,0,0,0,0,0,0
2004,260621,2,1,0,0,0,0,0,0,0,0,0,0
2004,260622,1,1,2,2,2,2,2,2,2,2,2,2
2004,260623,1,1,0,0,0,0,0,0,0,0,0,0
2004,260623,2,1,0,0,0,0,0,0,0,0,0,0
2004,260624,1,1,0,0,0,0,0,0,0,0,0,0
2004,260624,2,1,0,0,0,0,0,0,0,0,0,0
2004,260625,0,1,3,3,3,3,3,3,3,3,3,3
2004,260625,1,1,0,0,0,0,0,0,0,0,0,0
2004,260626,1,1,0,0,0,0,0,0,0,0,0,0
2004,260627,1,1,0,0,0,0,0,0,0,0,0,0
2004,260628,1,1,19,19,19,19,19,19,19,19,19,19
2004,260629,1,1,0,0,0,0,0,0,0,0,0,0
2004,260629,2,1,0,0,0,0,0,0,0,0,0,0
2004,260629,3,1,0,0,0,0,0,0,0,0,0,0
2004,260630,0,1,0,0,20,39,0,0,27,0,0,0
2004,260630,1,1,0,0,0,0,0,0,0,0,0,0
2004,260631,1,1,17,17,17,17,17,17,17,17,17,17
2004,260632,1,1,0,0,0,0,0,0,0,0,0,0
2004,260632,2,1,0,0,0,0,0,0,0,0,0,0
2004,260633,0,1,0,11,34,0,0,14,23,0,0,0
2004,260633,1,1,0,0,0,0,0,0,0,0,0,7
2004,260634,1,1,22,22,22,22,22,22,22,22,22,22
2004,260635,1,1,0,2,14,0,0,0,0,12,0,0
2004,260636,1,1,18,18,18,18,18,18,18,18,18,18
2004,260637,1,1,0,0,0,0,0,0,0,0,0,0
2004,260637,2,1,0,0,0,0,0,0,0,0,0,0
2004,260638,0,1,18,18,18,18,18,18,18,18,18,18
2004,260638,1,1,16,16,16,16,16,16,16,16,16,16
2004,260639,1,1,0,0,0,0,0,0,0,0,0,0
2004,260640,1,1,0,0,0,0,0,0,0,0,0,0
2004,260641,1,1,0,0,0,0,0,0,0,0,0,0
2004,260642,1,1,0,0,0,0,0,0,0,0,0,0
2004,260643,1,1,0,0,0,0,0,0,0,0,0,0
2004,260643,2,1,20,36,4,20,13,11,32,15,14,14
2004,260644,1,1,0,0,0,0,0,0,0,0,0,0
2004,260644,2,1,0,0,0,0,0,0,0,0,0,0
2004,260645,1,1,0,0,0,0,0,0,0,0,0,0
2004,260646,1,1,0,0,0,0,0,0,0,0,0,0
2004,260647,1,1,0,0,0,0,0,0,0,0,0,0
2004,260648,1,1,14,14,13,37,22,21,27,15,0,19
2004,260649,1,1,0,0,0,0,0,0,0,0,0,0
2004,260649,2,1,0,0,10,0,0,0,0,0,0,0
2004,260649,3,1,0,0,0,0,0,0,0,0,0,0
2004,260650,1,1,0,0,0,0,0,0,0,0,0,0
2004,260650,2,1,0,0,0,0,0,0,0,0,0,0
2004,260651,1,1,0,0,0,9,0,0,0,0,0,0
2004,260651,2,1,19,0,0,0,0,0,0,0,0,0
2004,260651,3,1,0,0,0,0,0,0,0,0,0,0
2004,260652,1,1,0,0,0,0,0,0,0,0,0,0
2004,260652,2,1,0,0,0,0,0,0,0,0,0,0
2004,260653,1,1,0,0,0,0,0,0,0,0,0,0
2004,260653,2,1,0,0,0,0,0,0,0,0,0,0
2004,260654,1,1,0,0,0,0,0,0,0,0,0,0
2004,260655,1,1,17,17,17,17,17,17,17,17,17,17
2004,260656,1,1,0,0,0,0,0,0,0,0,0,0
2004,260656,2,1,0,0,0,0,0,0,0,0,0,0
2004,260656,3,1,0,0,0,0,0,0,0,0,0,0
2004,260657,1,1,19,19,19,19,19,19,19,19,19,19
2004,260658,1,1,14,3,25,27,25,13,34,15,13,21
2004,260658,2,1,0,0,0,0,0,0,0,0,0,0
2004,260659,1,1,14,14,14,14,14,14,14,14,14,14
2004,260660,1,1,4,4,4,4,4,4,4,4,4,4
2004,260661,1,1,0,0,0,0,0,0,0,0,0,0
2004,260662,0,1,0,27,0,9,0,30,0,0,0,0
2004,260662,1,1,0,0,0,0,0,0,3,0,0,0
2004,260663,1,1,0,0,0,0,0,0,0,0,0,0
2004,260663,2,1,0,0,0,0,0,0,0,0,0,0
2004,260663,3,1,0,0,0,0,0,0,0,0,0,0
2004,260663,4,1,0,0,0,0,0,0,0,0,0,0
2004,260664,1,1,0,0,0,0,0,0,0,0,0,0
2004,260664,2,1,0,0,0,0,0,0,0,0,0,0
2004,260665,1,1,17,17,17,17,17,17,17,17,17,17
2004,260665,2,1,0,0,0,0,0,0,0,0,0,0
2004,260666,1,1,0,0,0,0,0,0,0,0,0,0
2004,260667,1,1,0,0,0,0,0,0,0,0,0,0
2004,260667,2,1,0,0,0,0,0,0,0,0,0,0
2004,260668,1,1,0,0,0,0,0,0,0,0,0,0
2004,260668,2,1,0,0,0,0,0,0,0,0,0,0
2004,260669,1,1,24,24,24,24,24,24,24,24,24,24
2004,260670,1,1,0,0,0,0,0,0,0,0,0,0
2004,260670,2,1,0,0,0,0,0,0,0,0,11,0
2004,260670,3,1,0,0,0,0,0,0,3,0,0,0
2004,260671,1,1,0,0,0,0,0,0,0,0,0,0
2004,260671,2,1,0,0,0,0,0,0,0,0,0,0
2004,260672,0,1,0,0,0,0,0,0,0,0,0,0
2004,260672,1,1,0,0,0,0,0,0,0,0,0,0
2004,260673,1,1,0,0,0,0,0,0,0,0,0,0
2004,260674,1,1,0,0,0,0,0,0,0,0,0,0
2004,260675,0,1,0,0,0,0,0,0,0,0,0,0
2004,260675,1,1,0,0,0,0,0,0,0,0,0,0
2004,260676,1,1,0,0,0,0,0,0,0,0,0,0
2004,260676,2,1,0,0,0,0,0,0,0,0,0,0
2004,260676,3,1,0,0,0,0,0,0,0,0,0,0
2004,260677,1,1,0,0,0,0,0,0,0,0,0,0
2004,260677,2,1,0,0,0,0,0,0,0,0,0,0
2004,260678,0,1,42,42,42,42,42,42,42,42,42,42
2004,260678,1,1,4,4,4,4,4,4,4,4,4,4
2004,260679,1,1,0,0,0,0,0,0,0,0,0,0
2004,260679,2,1,0,0,0,0,0,0,0,0,0,0
2004,260680,1,1,0,0,0,0,0,0,0,11,0,0
2004,260680,2,1,0,0,0,0,0,0,0,0,0,0
2004,260681,1,1,20,20,20,20,20,20,20,20,20,20
2004,260682,1,1,33,23,9,31,13,20,29,0,21,23
2004,260683,1,1,15,15,15,15,15,15,15,15,15,15
2004,260684,1,1,0,0,0,0,0,0,0,0,0,0
2004,260684,2,1,0,0,0,0,0,0,0,0,0,0
2004,260685,0,1,4,4,4,4,4,4,4,4,4,4
2004,260686,1,1,0,0,0,0,0,0,0,0,0,0
2004,260687,1,1,0,19,0,22,0,9,8,31,16,10
2004,260688,1,1,11,31,12,0,26,0,0,14,0,36
2004,260689,1,1,0,0,0,0,0,0,0,0,0,0
2004,260689,2,1,0,0,0,0,0,0,0,0,0,0
2004,260690,1,1,0,0,0,0,0,0,0,0,0,0
2004,260690,2,1,0,0,0,0,0,0,0,0,0,0
2004,260691,0,1,0,0,0,0,0,0,0,0,0,0
2004,260691,1,1,0,0,0,0,0,0,0,0,0,0
2004,260692,1,1,0,0,0,0,0,0,0,0,0,0
2004,260693,1,1,7,7,7,7,7,7,7,7,7,7
2004,260693,2,1,0,0,0,0,0,0,0,0,0,0
2004,260694,1,1,0,0,0,0,0,0,0,0,0,0
2004,260694,2,1,0,0,0,10,0,0,0,0,0,0
2004,260695,1,1,0,0,0,0,0,0,0,0,0,0
2004,260695,2,1,0,0,0,0,0,0,0,0,0,0
2004,260696,0,1,0,0,0,0,9,0,0,0,0,0
2004,260696,1,1,0,0,0,0,0,0,0,0,0,0
2004,260697,1,1,0,0,27,0,0,8,0,0,0,0
2004,260698,1,1,0,0,0,0,0,0,0,0,0,0
2004,260698,2,1,0,0,0,0,0,0,0,0,0,0
2004,260699,1,1,0,0,0,15,16,0,0,11,0,0
2004,260700,1,1,0,0,0,0,0,0,0,0,0,0
2004,260700,2,1,0,0,0,0,0,0,0,0,0,0
2004,260701,1,1,0,0,0,0,0,0,0,0,0,0
2004,260701,2,1,0,0,0,0,0,0,0,0,0,0
2004,260702,1,1,0,0,0,0,0,0,0,0,0,0
2004,260702,2,1,0,0,0,8,0,0,0,0,0,0
2004,260703,1,1,0,0,0,0,0,0,19,0,0,0
2004,260704,0,1,0,0,16,0,9,30,0,42,0,15
2004,260704,0,2,0,43,28,26,0,0,19,8,0,0
2004,260704,1,1,0,0,0,0,0,0,0,0,0,0
2004,260705,1,1,0,0,0,0,0,0,0,0,0,0
2004,260706,1,1,0,0,0,0,0,0,0,0,0,0
2004,260706,2,1,0,0,0,0,0,0,0,0,0,0
2004,260707,1,1,14,14,14,14,14,14,14,14,14,14
2004,260708,1,1,0,0,0,0,0,0,0,12,0,0
2004,260708,2,1,0,0,0,0,0,0,0,0,0,0
2004,260709,1,1,14,14,14,14,14,14,14,14,14,14
2004,260709,2,1,0,0,0,0,0,0,0,0,0,0
2004,260710,1,1,0,0,0,0,0,0,0,0,0,0
2004,260710,2,1,0,0,0,0,0,0,0,0,0,0
2004,260711,1,1,0,0,0,0,0,0,0,0,0,4
2004,260711,2,1,0,0,0,3,0,0,0,0,0,0
2004,260712,0,1,23,23,23,23,23,23,23,23,23,23
2004,260712,1,1,0,0,0,0,0,0,0,0,0,0
2004,260713,1,1,18,18,18,18,18,18,18,18,18,18
2004,260714,1,1,16,16,16,16,16,16,16,16,16,16
2004,260715,1,1,11,17,18,9,23,20,20,3,13,4
2004,260716,1,1,0,0,0,0,0,7,0,0,0,0
2004,260716,2,1,0,0,0,0,0,0,0,0,0,0
2004,260717,1,1,0,0,0,0,0,0,0,0,0,0
2004,260717,2,1,0,0,0,0,0,0,0,0,0,0
2004,260718,1,1,2,2,2,2,2,2,2,2,2,2
2004,260719,1,1,18,18,18,18,18,18,18,18,18,18
2004,260720,1,1,22,22,22,22,22,22,22,22,22,22
2004,260720,2,1,0,0,0,0,0,0,0,0,0,0
2004,260721,1,1,0,0,0,0,0,0,0,0,0,0
2004,260721,2,1,0,0,0,0,0,0,0,0,0,0
2004,260722,1,1,0,0,0,0,0,0,0,0,0,0
2004,260723,1,1,4,4,4,4,4,4,4,4,4,4
2004,260724,0,1,0,0,0,0,0,0,0,0,0,0
2004,260724,1,1,0,0,12,0,0,0,0,0,0,0
2004,260725,1,1,0,0,0,0,0,0,0,0,0,10
2004,260726,1,1,0,0,0,0,0,0,0,0,0,0
2004,260726,2,1,0,0,0,0,0,0,6,0,0,0
2004,260726,3,1,13,0,0,0,0,0,0,0,0,0
2004,260727,1,1,19,19,19,19,19,19,19,19,19,19
2004,260727,2,1,0,0,0,0,0,0,0,0,0,0
2004,260728,1,1,24,24,24,24,24,24,24,24,24,24
2004,260729,1,1,0,0,0,0,0,0,9,0,0,0
2004,260729,2,1,0,0,0,0,0,0,26,0,0,9
2004,260730,1,1,0,0,0,0,0,0,0,0,0,0
2004,260732,1,1,1,1,1,1,1,1,1,1,1,1
2004,260732,2,1,0,0,0,0,0,0,0,0,0,0
2004,260733,1,1,21,21,21,21,21,21,21,21,21,21
2004,260734,1,1,0,0,0,0,0,0,0,0,0,0
2004,260734,2,1,0,0,0,0,0,0,0,0,0,0
2004,260735,1,1,0,0,0,0,0,0,0,0,0,0
2004,260736,1,1,0,0,0,0,0,0,0,0,0,0
2004,260736,2,1,0,0,0,0,0,0,0,0,0,0
2004,260737,1,1,10,10,10,10,10,10,10,10,10,10
2004,260738,1,1,0,0,0,0,0,0,0,0,0,0
2004,260738,2,1,0,0,0,8,0,0,0,0,0,0
2004,260739,1,1,0,0,0,0,0,0,0,0,0,0
2004,260739,2,1,27,27,27,27,27,27,27,27,27,27
2004,260740,1,1,23,23,23,23,23,23,23,23,23,23
2004,260741,1,1,0,0,0,0,0,0,0,0,0,0
2004,260742,1,1,0,0,0,0,0,0,0,0,0,0
2004,260742,2,1,0,0,0,0,0,0,0,0,0,0
2004,260742,3,1,0,0,0,0,0,0,0,0,0,0
2004,260743,1,1,0,0,0,0,0,0,0,0,0,0
2004,260743,2,1,0,0,0,0,0,0,0,0,0,0
2004,260744,1,1,26,26,26,26,26,26,26,26,26,26
2004,260745,1,1,0,0,0,0,0,0,0,0,0,0
2004,260745,2,1,0,0,0,0,0,0,0,0,0,0
2004,260746,1,1,0,9,25,15,8,9,0,0,25,0
2004,260747,1,1,0,0,0,0,0,0,0,0,0,0
2004,260747,2,1,0,0,0,0,0,0,0,0,0,0
2004,260748,1,1,0,0,0,0,0,0,0,0,0,0
2004,260748,2,1,0,0,0,0,0,0,0,0,0,0
2004,260749,0,1,14,14,14,14,14,14,14,14,14,14
2004,260749,1,1,0,0,0,13,30,0,0,0,0,0
2004,260750,1,1,0,18,0,21,9,20,19,0,16,18
2004,260751,1,1,0,0,0,0,0,0,0,0,0,0
2004,260751,2,1,0,0,0,0,0,0,0,0,0,0
2004,260752,1,1,17,17,17,17,17,17,17,17,17,17
2004,260752,2,1,0,0,0,0,0,0,0,0,0,0
2004,260753,1,1,0,0,0,0,0,0,0,0,0,0
2004,260754,1,1,0,0,0,0,0,0,0,0,0,0
2004,260754,2,1,0,0,0,0,0,0,0,0,0,0
2004,260755,1,1,0,0,0,0,0,0,0,0,0,0
2004,260756,1,1,0,0,0,0,0,0,0,0,0,0
2004,260757,1,1,0,0,0,0,0,0,0,0,0,0
2004,260757,2,1,21,0,0,0,0,0,0,0,0,0
2004,260758,1,1,0,0,0,0,0,0,0,0,0,0
2004,260759,1,1,21,21,21,21,21,21,21,21,21,21
2004,260760,1,1,14,9,0,15,5,6,15,24,11,0
2004,260760,2,1,0,14,19,0,0,0,0,0,14,19
2004,260760,3,1,0,0,0,0,0,0,19,0,0,0
2004,260760,4,1,11,6,16,0,0,16,16,15,0,11
2004,260761,1,1,0,0,0,13,0,0,0,0,0,0
2004,260761,2,1,0,0,0,0,0,0,0,0,0,0
2004,260762,1,1,0,0,0,0,0,0,0,0,0,0
2004,260762,2,1,0,0,0,0,0,0,0,0,0,0
2004,260763,0,1,0,0,0,0,0,0,0,0,0,0
2004,260763,1,1,7,7,7,7,7,7,7,7,7,7
2004,260764,0,1,0,0,0,0,0,0,0,0,0,0
2004,260764,1,1,0,0,0,0,0,0,0,0,0,0
2004,260766,1,1,11,0,0,0,17,0,0,0,17,0
2004,260767,0,1,0,0,0,0,0,0,0,0,0,0
2004,260767,1,1,0,0,0,0,0,0,0,0,0,0
2004,260767,2,1,0,0,0,0,0,0,0,0,0,0
2004,260767,3,1,0,0,0,0,0,0,0,0,0,0
2004,260767,4,1,0,0,0,0,0,0,0,0,0,0
2004,260768,1,1,0,0,0,0,0,0,0,0,0,0
2004,260769,1,1,20,20,20,20,20,20,20,20,20,20
2004,260770,1,1,0,0,0,0,0,0,0,0,0,0
2004,260771,1,1,0,0,0,0,0,0,0,0,0,0
2004,260771,2,1,0,0,0,0,0,0,0,16,0,0
2004,260772,0,1,0,0,0,0,0,0,0,0,0,0
2004,260772,1,1,0,0,0,0,0,0,0,0,0,0
2004,260773,1,1,4,4,4,4,4,4,4,4,4,4
2004,260773,2,1,0,0,0,0,0,0,0,0,0,0
2004,260773,3,1,0,0,0,0,0,0,0,0,0,0
2004,260774,1,1,0,0,0,0,0,0,0,0,0,0
2004,260774,2,1,0,0,0,0,0,0,0,0,0,0
2004,260775,0,1,0,0,0,0,0,0,0,0,0,0
2004,260775,1,1,0,0,0,0,0,0,0,0,0,0
2004,260776,1,1,0,0,0,0,0,0,0,0,0,0
2004,260776,2,1,0,0,0,0,0,0,0,0,0,0
2004,260777,1,1,26,26,26,26,26,26,26,26,26,26
2004,260778,1,1,0,0,0,0,0,0,0,0,0,0
2004,260778,2,1,0,0,0,0,0,0,0,0,0,0
2004,260778,3,1,0,0,0,0,0,0,0,0,0,0
2004,260778,4,1,0,0,0,0,0,0,0,0,0,0
2004,260778,5,1,0,0,0,0,0,0,0,0,0,0
2004,260779,1,1,0,0,0,0,0,0,0,0,0,0
2004,260780,1,1,12,12,12,12,12,12,12,12,12,12
2004,260781,1,1,0,0,0,0,0,0,0,0,0,0
2004,260781,2,1,0,0,0,0,0,0,0,0,0,0
2004,260781,3,1,0,0,0,0,0,0,0,0,0,0
2004,260782,1,1,0,0,0,0,0,0,0,0,0,0
2004,260782,2,1,0,0,0,0,0,0,0,0,0,0
2004,260783,1,1,16,13,0,37,26,18,33,5,13,13
2004,260784,1,1,20,17,20,3,24,11,25,21,29,0
2004,260785,1,1,4,4,4,4,4,4,4,4,4,4
2004,260786,1,1,3,6,0,9,9,10,16,28,26,0
2004,260786,2,1,0,0,0,0,0,0,0,0,0,0
2004,260787,1,1,31,31,31,31,31,31,31,31,31,31
2004,260788,1,1,20,20,20,20,20,20,20,20,20,20
2004,260789,1,1,0,0,0,0,0,0,0,0,0,0
2004,260789,2,1,0,0,0,0,0,0,0,0,0,0
2004,260789,3,1,0,0,0,0,0,0,0,0,0,0
2004,260790,1,1,17,17,17,17,17,17,17,17,17,17
2004,260791,1,1,0,0,0,0,0,0,0,0,0,0
2004,260792,1,1,14,14,14,14,14,14,14,14,14,14
2004,260793,0,1,0,0,0,0,0,0,0,0,0,0
2004,260793,1,1,0,0,0,0,0,0,0,0,0,0
2004,260794,1,1,0,20,0,23,20,0,35,0,0,0
2004,260795,1,1,0,0,0,0,24,21,0,13,0,0
2004,260795,2,1,0,0,0,0,0,0,0,0,0,0
2004,260796,1,1,0,0,0,0,0,0,0,0,0,0
2004,260797,0,1,0,0,0,0,0,0,0,0,0,0
2004,260797,1,1,0,0,0,0,27,0,0,0,0,0
2004,260798,1,1,0,0,0,0,0,0,0,0,0,0
2004,260798,2,1,0,0,0,0,0,0,0,0,0,0
2004,260799,0,1,0,0,0,0,0,0,0,0,0,0
2004,260799,1,1,0,10,0,6,0,0,0,14,0,9
2004,260800,1,1,26,26,26,26,26,26,26,26,26,26
2004,260800,2,1,0,0,0,20,18,11,24,0,0,7
2004,260801,1,1,0,0,0,0,0,0,20,10,0,0
2004,260802,1,1,22,22,22,22,22,22,22,22,22,22
2004,260803,1,1,0,0,0,0,0,0,0,0,0,0
2004,260803,2,1,0,0,0,0,0,0,0,0,0,0
2004,260804,1,1,6,6,6,6,6,6,6,6,6,6
2004,260804,2,1,0,0,0,0,0,0,0,0,0,0
2004,260804,3,1,0,0,0,0,0,0,0,0,0,0
2004,260805,1,1,13,13,13,13,13,13,13,13,13,13
2004,260806,1,1,0,0,0,0,0,0,0,0,0,0
2004,260806,2,1,0,0,0,0,0,0,0,0,0,0
2004,260807,1,1,0,0,0,0,0,0,0,0,0,0
2004,260807,2,1,0,0,0,0,0,0,0,0,0,0
2004,260808,1,1,19,19,19,19,19,19,19,19,19,19
2004,260809,1,1,0,0,0,0,0,0,0,0,0,0
2004,260809,2,1,0,0,0,0,0,0,0,0,0,0
2004,260810,1,1,12,16,17,0,17,17,11,3,19,0
2004,260811,1,1,9,17,24,15,14,19,16,25,36,14
2004,260812,1,1,0,0,0,0,0,0,0,0,0,0
2004,260813,0,1,28,28,28,28,28,28,28,28,28,28
2004,260813,1,1,0,0,0,0,0,0,0,0,0,0
2004,260814,1,1,0,8,0,0,0,0,0,0,0,0
2004,260814,2,1,0,0,0,0,0,0,0,0,0,0
2004,260815,1,1,0,0,0,0,0,0,0,0,0,0
2004,260816,1,1,0,0,0,0,0,0,0,0,0,0
2004,260816,2,1,0,0,0,0,0,0,0,0,0,0
2004,260817,1,1,1,1,1,1,1,1,1,1,1,1
2004,260818,0,1,0,0,0,0,0,0,0,0,0,0
2004,260818,1,1,0,0,0,0,0,0,0,0,0,0
2004,260819,0,1,0,0,0,0,0,0,0,0,0,0
2004,260819,1,1,0,0,0,0,0,0,0,0,0,17
2004,260820,1,1,20,20,20,20,20,20,20,20,20,20
2004,260821,1,1,0,0,0,0,0,0,0,0,0,0
2004,260822,1,1,0,0,0,0,0,0,0,0,0,0
2004,260822,2,1,0,0,0,0,0,0,0,0,0,0
2004,260823,1,1,0,0,0,0,0,0,0,0,0,0
2004,260823,2,1,0,0,0,0,0,0,0,0,0,0
2004,260824,1,1,0,0,0,0,0,0,0,0,0,0
2004,260825,1,1,0,0,0,0,0,0,0,0,0,0
2004,260826,1,1,0,0,0,0,0,0,0,0,0,0
2004,260826,2,1,0,0,0,0,0,0,0,0,0,0
2004,260827,1,1,0,0,0,0,0,0,0,0,0,0
2004,260827,2,1,0,0,0,0,0,0,0,0,0,0
2004,260828,1,1,23,5,20,14,21,22,8,19,8,16
2004,260828,2,1,0,0,0,0,0,0,0,0,0,0
2004,260829,1,1,0,0,0,0,0,0,0,0,0,0
2004,260830,1,1,0,0,0,0,0,0,0,0,0,0
2004,260831,1,1,0,0,0,0,0,0,0,0,0,0
2004,260832,1,1,0,0,0,0,0,0,0,0,0,0
2004,260832,2,1,0,0,0,0,0,0,0,0,0,0
2004,260832,3,1,0,0,0,0,0,0,0,0,0,0
2004,260833,1,1,0,0,0,0,0,0,0,0,0,0
2004,260834,1,1,20,0,0,0,0,0,21,0,0,19
2004,260835,1,1,0,0,0,0,0,0,0,0,0,0
2004,260836,1,1,15,15,15,15,15,15,15,15,15,15
2004,260836,2,1,0,0,0,0,0,0,0,0,0,0
2004,260837,0,1,9,26,21,6,13,13,14,49,30,0
2004,260837,1,1,22,22,22,22,22,22,22,22,22,22
2004,260838,1,1,18,9,20,15,23,0,13,11,19,31
2004,260838,2,1,0,0,0,0,0,0,0,0,0,0
2004,260838,3,1,0,0,0,0,0,0,0,0,0,0
2004,260839,1,1,11,11,11,11,11,11,11,11,11,11
2004,260840,1,1,15,15,15,15,15,15,15,15,15,15
2004,260840,2,1,1,0,0,0,0,0,0,0,0,0
2004,260841,1,1,14,14,14,14,14,14,14,14,14,14
2004,260841,2,1,0,0,0,0,0,0,0,0,0,0
2004,260842,0,1,6,6,6,6,6,6,6,6,6,6
2004,260842,0,2,0,0,10,19,0,34,31,17,23,15
2004,260842,1,1,2,2,2,2,2,2,2,2,2,2
2004,260843,0,1,0,0,0,0,0,0,0,0,0,0
2004,260843,1,1,0,0,0,0,0,0,0,0,0,0
2004,260843,2,1,0,0,0,0,0,0,0,0,0,0
2004,260844,0,1,0,21,0,0,0,0,0,0,0,0
2004,260844,1,1,0,0,0,0,0,0,0,0,0,0
2004,260845,0,1,7,7,7,7,7,7,7,7,7,7
2004,260845,1,1,0,0,0,0,0,0,0,0,0,0
2004,260846,0,1,24,16,22,38,18,22,26,40,28,17
2004,260846,1,1,0,0,0,0,0,0,0,0,0,0
2004,260847,1,1,0,0,0,0,0,0,0,0,0,0
2004,260847,2,1,0,0,0,7,0,0,0,0,0,0
2004,260848,1,1,0,0,0,0,0,0,0,0,0,0
2004,260848,2,1,0,0,0,0,9,0,0,0,12,0
2004,260849,1,1,0,0,0,0,0,0,0,0,0,0
2004,260849,2,1,0,0,0,0,12,0,0,0,0,0
2004,260849,3,1,0,0,0,0,0,0,0,0,0,0
2004,260850,1,1,19,32,22,21,28,16,28,19,14,23
2004,260851,1,1,0,0,0,0,0,0,0,0,0,0
2004,260851,2,1,0,17,0,0,0,0,0,0,0,18
2004,260852,1,1,0,0,0,0,0,0,0,0,0,0
2004,260852,2,1,0,0,0,0,0,0,0,0,0,0
2004,260852,3,1,0,0,0,0,0,0,0,0,0,0
2004,260853,0,1,0,0,0,0,0,0,0,0,0,0
2004,260853,1,1,0,0,0,0,0,0,0,0,0,0
2004,260854,1,1,0,0,0,0,0,0,0,0,0,0
2004,260855,1,1,16,16,16,16,16,16,16,16,16,16
2004,260856,1,1,0,0,0,0,0,0,0,0,0,0
2004,260856,2,1,0,0,0,0,0,0,0,0,0,0
2004,260857,1,1,9,9,9,9,9,9,9,9,9,9
2004,260858,1,1,0,0,0,0,0,0,0,0,0,0
2004,260858,2,1,0,0,0,0,0,0,0,0,0,0
2004,260859,1,1,0,0,0,0,0,0,0,0,0,0
2004,260860,1,1,0,0,0,0,0,0,0,0,0,0
2004,260860,2,1,0,0,0,0,0,0,0,0,0,0
2004,260861,1,1,0,0,0,0,0,0,0,0,0,0
2004,260861,2,1,0,0,0,0,0,0,0,0,0,0
2004,260862,0,1,0,0,0,0,0,0,0,0,0,0
2004,260862,1,1,0,0,0,0,0,0,0,0,0,0
2004,260863,1,1,0,0,0,0,0,0,0,0,0,0
2004,260863,2,1,0,0,0,0,0,0,0,0,0,0
2004,260864,1,1,19,19,19,19,19,19,19,19,19,19
2004,260865,0,1,32,30,0,29,32,0,0,0,16,30
2004,260865,1,1,18,0,0,0,18,23,16,0,0,0
2004,260866,1,1,0,0,0,0,0,11,0,0,0,0
2004,260867,1,1,0,0,0,0,0,0,0,0,0,0
2004,260867,2,1,0,0,0,0,0,0,0,0,0,0
2004,260868,1,1,0,6,0,0,0,0,13,0,0,25
2004,260868,2,1,0,0,0,0,0,0,0,0,0,0
2004,260869,1,1,18,18,18,18,18,18,18,18,18,18
2004,260869,2,1,0,0,0,0,0,0,0,0,0,0
2004,260870,1,1,0,0,0,0,0,0,0,0,0,0
2004,260870,2,1,0,0,0,0,0,0,0,0,0,0
2004,260871,1,1,37,37,37,37,37,37,37,37,37,37
2004,260872,1,1,13,13,13,13,13,13,13,13,13,13
2004,260873,1,1,20,20,20,20,20,20,20,20,20,20