YEAR,ST_CASE,veh_no,per_no,P1,P2,P3,P4,P5,P6,P7,P8,P9,P10
2004,270358,1,1,0,0,0,0,0,0,0,0,0,0
2004,270359,1,1,0,0,0,0,0,0,0,0,0,0
2004,270359,2,1,0,0,0,0,0,0,0,0,0,0
2004,270360,1,1,18,18,18,18,18,18,18,18,18,18
2004,270360,2,1,0,0,0,0,0,0,0,0,0,0
2004,270361,1,1,0,0,0,0,0,0,0,0,0,8
2004,270362,1,1,0,0,0,0,0,0,0,0,0,0
2004,270362,2,1,0,0,0,0,0,0,0,0,0,0
2004,270363,1,1,0,0,0,0,0,0,0,0,0,0
2004,270364,0,1,0,0,0,0,0,0,0,0,0,0
2004,270364,1,1,0,0,0,0,0,0,0,0,0,0
2004,270365,1,1,0,0,0,0,0,0,0,0,0,0
2004,270365,2,1,0,0,0,0,0,0,0,0,0,0
2004,270366,1,1,0,0,0,0,0,0,0,0,0,0
2004,270367,1,1,20,20,20,20,20,20,20,20,20,20
2004,270368,1,1,17,17,17,17,17,17,17,17,17,17
2004,270369,1,1,0,0,0,0,0,0,0,0,0,0
2004,270369,2,1,0,0,0,0,0,0,0,0,0,0
2004,270370,1,1,0,0,0,0,0,0,0,0,0,0
2004,270370,2,1,0,0,0,0,0,0,0,0,0,0
2004,270370,3,1,0,0,0,0,0,0,0,0,0,0
2004,270371,1,1,0,0,0,0,0,0,0,0,0,0
2004,270371,2,1,0,0,0,0,0,0,0,0,0,0
2004,270372,1,1,0,0,0,0,0,0,0,0,0,0
2004,270372,2,1,0,0,0,0,0,0,0,0,0,0
2004,270373,1,1,0,0,0,0,0,0,0,0,0,0
2004,270374,1,1,20,20,20,20,20,20,20,20,20,20
2004,270375,1,1,0,0,0,0,0,0,0,0,0,0
2004,270375,2,1,0,0,0,0,0,0,0,0,0,0
2004,270376,1,1,15,15,15,15,15,15,15,15,15,15
2004,270376,2,1,0,0,0,0,0,0,0,0,0,0
2004,270377,1,1,0,0,0,0,0,0,0,0,0,0
2004,270377,2,1,0,0,0,0,0,0,0,0,0,0
2004,270378,1,1,0,0,0,0,0,0,0,0,0,0
2004,270378,2,1,0,0,0,0,0,0,0,0,0,0
2004,270379,1,1,0,0,0,0,0,0,0,0,0,0
2004,270380,1,1,0,0,0,0,0,0,0,0,0,0
2004,270380,2,1,0,0,0,0,0,0,0,0,0,0
2004,270381,1,1,0,0,0,0,0,0,0,0,0,0
2004,270381,2,1,0,0,0,0,0,0,0,0,0,0
2004,270382,1,1,0,0,0,0,0,0,0,0,0,0
2004,270382,2,1,0,0,0,0,0,0,0,0,0,0
2004,270383,1,1,10,10,10,10,10,10,10,10,10,10
2004,270384,1,1,0,0,0,0,0,9,0,0,0,0
2004,270384,2,1,0,0,0,0,0,0,0,0,15,0
2004,270385,1,1,0,0,0,0,0,0,0,0,0,0
2004,270386,0,1,23,23,23,23,23,23,23,23,23,23
2004,270386,1,1,0,0,0,0,0,0,0,0,0,0
2004,270387,1,1,0,0,0,0,0,0,0,0,0,0
2004,270387,2,1,0,0,0,0,0,0,0,0,0,0
2004,270388,1,1,10,10,10,10,10,10,10,10,10,10
2004,270389,1,1,0,0,0,0,0,0,0,0,0,0
2004,270389,2,1,0,0,0,0,0,0,0,0,0,0
2004,270390,1,1,7,0,0,0,0,0,14,11,29,0
2004,270391,1,1,0,0,0,0,0,0,0,0,0,0
2004,270391,2,1,0,0,0,0,0,0,0,0,0,0
2004,270392,1,1,0,0,0,0,0,0,0,0,0,0
2004,270392,2,1,0,0,0,0,0,0,0,0,0,0
2004,270393,1,1,0,0,0,0,0,0,0,0,0,0
2004,270393,2,1,0,0,0,0,0,0,0,0,0,0
2004,270394,1,1,0,0,0,0,0,0,0,0,0,0
2004,270395,1,1,0,0,0,0,0,0,0,0,0,0
2004,270395,2,1,18,18,18,18,18,18,18,18,18,18
2004,270396,1,1,0,0,0,0,0,0,0,0,0,0
2004,270396,2,1,0,0,0,0,0,0,0,0,0,0
2004,270397,1,1,0,0,0,0,0,0,0,0,0,0
2004,270397,2,1,0,0,0,0,0,0,0,0,0,0
2004,270398,0,1,25,25,25,25,25,25,25,25,25,25
2004,270398,1,1,0,0,0,0,0,0,0,0,0,0
2004,270399,1,1,0,0,0,0,0,0,0,0,0,0
2004,270399,2,1,0,0,0,0,0,0,0,8,0,0
2004,270400,1,1,0,0,0,0,0,0,0,0,0,0
2004,270400,2,1,0,0,0,0,0,0,0,0,0,0
2004,270401,1,1,0,0,0,0,0,0,0,0,0,0
2004,270402,1,1,17,17,17,17,17,17,17,17,17,17
2004,270403,0,1,0,0,0,0,0,0,0,0,0,0
2004,270403,1,1,0,0,0,0,0,0,0,0,0,0
2004,270404,1,1,0,0,0,0,0,0,0,0,0,0
2004,270404,2,1,0,0,0,0,0,0,0,0,0,0
2004,270405,1,1,11,11,11,11,11,11,11,11,11,11
2004,270406,1,1,0,0,0,0,0,0,0,0,0,0
2004,270406,2,1,0,0,0,0,0,0,0,0,0,0
2004,270407,0,1,17,17,17,17,17,17,17,17,17,17
2004,270407,1,1,0,0,0,0,0,0,0,0,0,0
2004,270407,2,1,0,0,0,0,0,0,0,0,0,0
2004,270408,1,1,5,5,5,5,5,5,5,5,5,5
2004,270408,2,1,0,0,0,0,0,0,0,0,0,0
2004,270409,1,1,20,20,20,20,20,20,20,20,20,20
2004,270410,0,1,0,0,0,0,0,0,0,0,0,0
2004,270410,1,1,0,0,0,0,0,0,0,0,0,0
2004,270411,1,1,15,15,15,15,15,15,15,15,15,15
2004,270412,1,1,16,16,16,16,16,16,16,16,16,16
2004,270413,1,1,26,26,26,26,26,26,26,26,26,26
2004,270413,2,1,0,0,0,0,0,0,0,0,0,0
2004,270414,1,1,0,0,0,0,0,0,0,0,0,0
2004,270414,2,1,0,0,0,0,0,0,0,0,0,0
2004,270415,0,1,0,0,0,0,0,0,0,0,0,0
2004,270415,1,1,0,0,0,0,0,0,0,0,0,0
2004,270415,2,1,0,14,11,0,0,0,0,0,0,0
2004,270416,1,1,9,9,9,9,9,9,9,9,9,9
2004,270417,1,1,0,0,0,0,0,0,0,0,0,0
2004,270417,2,1,0,0,0,0,0,0,0,0,0,0
2004,270418,0,1,0,0,0,0,0,11,43,0,0,9
2004,270418,1,1,0,0,0,0,0,0,0,0,0,0
2004,270419,1,1,0,0,0,0,0,0,0,0,0,0
2004,270419,2,1,0,0,0,0,0,0,0,0,0,0
2004,270420,1,1,0,0,0,0,0,0,0,0,0,0
2004,270420,2,1,0,0,0,0,0,0,0,0,0,0
2004,270421,1,1,30,30,30,30,30,30,30,30,30,30
2004,270422,1,1,0,0,0,0,0,0,0,0,0,0
2004,270423,1,1,0,0,0,0,0,0,0,0,0,0
2004,270424,1,1,0,0,0,0,0,0,0,0,0,0
2004,270424,2,1,0,0,0,0,0,0,0,0,0,0
2004,270425,1,1,22,22,22,22,22,22,22,22,22,22
2004,270426,1,1,27,27,27,27,27,27,27,27,27,27
2004,270427,1,1,0,0,0,0,0,0,0,0,0,0
2004,270427,2,1,4,4,4,4,4,4,4,4,4,4
2004,270428,1,1,0,0,0,0,0,0,0,0,0,0
2004,270429,1,1,0,0,0,0,0,2,0,17,0,0
2004,270430,1,1,0,0,0,0,0,0,0,0,0,0
2004,270431,1,1,7,7,7,7,7,7,7,7,7,7
2004,270431,2,1,0,0,0,0,0,0,0,0,0,0
2004,270432,2,1,0,0,0,0,0,0,0,0,0,0
2004,270433,1,1,0,0,0,0,0,0,0,0,0,0
2004,270433,2,1,0,0,0,0,0,0,0,0,0,0
2004,270434,1,1,0,0,0,0,0,0,0,0,0,0
2004,270434,2,1,0,0,0,0,0,0,0,0,0,0
2004,270435,1,1,0,0,0,0,0,0,0,0,0,0
2004,270435,2,1,0,0,0,0,0,0,0,0,0,0
2004,270436,1,1,0,0,0,0,0,0,0,0,0,0
2004,270437,1,1,0,0,0,0,0,0,0,6,0,0
2004,270438,1,1,27,27,27,27,27,27,27,27,27,27
2004,270439,0,1,8,8,8,8,8,8,8,8,8,8
2004,270439,0,2,19,4,0,30,10,24,24,18,24,16
2004,270439,0,3,16,7,0,0,11,15,5,15,11,27
2004,270439,1,1,4,4,4,4,4,4,4,4,4,4
2004,270440,0,1,0,0,0,0,0,0,0,0,0,0
2004,270440,1,1,0,0,0,0,0,0,0,0,0,0
2004,270441,1,1,0,0,0,0,0,19,0,0,0,0
2004,270442,1,1,0,0,0,0,7,0,0,0,5,0
2004,270442,2,1,0,0,0,0,0,0,0,0,0,0
2004,270443,1,1,0,0,11,0,0,13,0,0,0,2
2004,270444,1,1,0,0,0,0,0,0,0,0,0,0
2004,270445,1,1,0,0,0,0,0,0,0,0,0,0
2004,270445,2,1,0,0,0,0,0,0,0,0,0,0
2004,270445,3,1,0,0,0,0,0,0,0,0,0,0
2004,270445,4,1,0,0,0,0,0,0,0,0,0,0
2004,270446,1,1,0,0,0,0,0,0,0,0,0,0
2004,270447,1,1,0,0,0,0,0,0,0,0,0,0
2004,270447,2,1,0,0,0,0,0,0,0,0,0,0
2004,270447,3,1,0,0,0,0,0,0,0,0,0,0
2004,270448,1,1,0,0,0,0,0,0,0,22,0,0
2004,270448,2,1,0,0,0,0,0,0,0,0,0,0
2004,270449,1,1,0,0,0,0,0,0,0,0,0,0
2004,270451,1,1,0,0,0,0,0,0,0,0,0,0
2004,270452,1,1,29,29,29,29,29,29,29,29,29,29
2004,270453,0,1,0,0,0,0,0,0,0,0,0,0
2004,270453,1,1,0,0,0,0,0,0,0,0,0,0
2004,270454,1,1,0,0,0,0,0,0,0,0,0,0
2004,270454,2,1,0,0,0,0,0,0,0,0,0,0
2004,270455,1,1,0,0,0,0,0,0,0,0,0,0
2004,270455,2,1,0,0,0,0,0,0,0,0,0,0
2004,270456,0,1,0,0,0,0,0,0,0,0,0,0
2004,270456,1,1,0,0,0,0,0,0,0,0,0,0
2004,270457,0,1,21,21,21,21,21,21,21,21,21,21
2004,270457,1,1,0,0,0,0,0,0,0,0,0,0
2004,270458,1,1,11,11,11,11,11,11,11,11,11,11
2004,270459,1,1,20,20,20,20,20,20,20,20,20,20
2004,270460,1,1,0,0,0,0,0,0,0,0,0,0
2004,270460,2,1,0,0,0,0,0,0,0,0,0,0
2004,270461,1,1,0,0,0,0,0,0,0,0,0,0
2004,270462,1,1,29,0,14,21,0,7,20,7,37,16
2004,270463,1,1,16,16,16,16,16,16,16,16,16,16
2004,270463,2,1,0,0,0,0,0,0,0,0,0,0
2004,270463,3,1,0,0,0,0,0,0,0,0,0,0
2004,270464,1,1,0,0,0,0,0,0,0,0,0,0
2004,270464,2,1,0,0,0,0,0,0,0,0,0,0
2004,270465,1,1,17,17,17,17,17,17,17,17,17,17
2004,270466,1,1,21,21,21,21,21,21,21,21,21,21
2004,270466,2,1,0,0,0,0,0,0,0,0,0,0
2004,270467,1,1,0,0,0,0,0,0,0,0,0,0
2004,270467,2,1,0,0,0,0,0,0,0,0,0,0
2004,270468,1,1,0,0,0,0,0,0,0,0,0,0
2004,270469,1,1,0,0,0,0,0,0,0,0,0,0
2004,270470,1,1,0,0,0,0,0,0,0,0,0,0
2004,270471,1,1,0,0,0,0,0,0,0,0,0,0
2004,270471,2,1,0,0,0,0,0,0,0,0,0,0
2004,270472,1,1,0,0,0,0,0,0,0,0,0,0
2004,270473,1,1,0,0,0,0,0,0,0,0,0,0
2004,270473,2,1,0,0,0,0,0,0,0,0,0,0
2004,270474,1,1,0,0,0,0,0,0,0,0,0,0
2004,270475,1,1,0,0,0,0,0,0,0,0,0,0
2004,270476,1,1,2,2,2,2,2,2,2,2,2,2
2004,270476,2,1,0,0,0,0,0,0,0,0,0,0
2004,270477,1,1,0,0,0,0,0,0,0,0,0,0
2004,270478,1,1,18,18,18,18,18,18,18,18,18,18
2004,270478,2,1,0,0,0,0,0,0,0,0,0,0
2004,270479,1,1,0,0,0,0,0,0,0,0,0,0
2004,270480,1,1,0,0,0,0,0,0,0,0,0,0
2004,270480,2,1,0,0,0,0,0,0,0,0,0,0
2004,270481,1,1,0,0,0,0,0,0,0,0,0,0
2004,270481,2,1,0,0,0,0,0,0,0,0,0,0
2004,270482,1,1,0,0,0,0,0,0,0,0,0,0
2004,270482,2,1,0,0,0,0,0,0,0,0,0,0
2004,270483,0,1,0,0,0,0,0,0,0,0,0,0
2004,270483,1,1,0,0,0,0,0,0,0,0,0,0
2004,270484,1,1,0,0,0,0,0,0,0,0,0,0
2004,270484,2,1,0,0,0,0,0,0,0,0,0,0
2004,270485,0,1,0,0,0,0,0,0,0,0,0,0
2004,270485,1,1,0,0,0,0,0,0,0,0,0,0
2004,270486,1,1,0,0,0,0,0,0,0,0,0,0
2004,270486,2,1,21,21,21,21,21,21,21,21,21,21
2004,270487,1,1,0,0,0,0,0,0,0,0,0,0
2004,270487,2,1,0,0,0,0,0,0,0,0,0,0
2004,270488,1,1,0,0,0,0,0,0,0,0,0,0
2004,270488,2,1,0,0,0,0,0,0,0,0,0,0
2004,270489,1,1,16,19,26,15,14,29,7,44,8,27
2004,270490,0,1,0,0,0,0,0,0,0,0,0,0
2004,270490,1,1,0,24,0,0,0,0,0,0,0,0
2004,270491,1,1,0,0,0,0,0,0,0,0,0,0
2004,270491,2,1,0,0,0,0,0,0,0,0,0,0
2004,270491,3,1,0,0,0,0,0,0,0,0,0,0
2004,270492,1,1,0,0,0,0,0,0,0,0,0,0
2004,270493,1,1,0,0,0,0,0,0,0,0,0,0
2004,270494,1,1,0,0,0,0,0,0,0,0,0,0
2004,270495,1,1,21,21,21,21,21,21,21,21,21,21
2004,270496,1,1,0,0,0,0,0,0,0,0,0,0
2004,270496,2,1,0,0,0,0,0,0,0,16,0,0
2004,270497,1,1,0,11,15,0,0,0,0,0,0,0
2004,270497,2,1,0,0,8,0,0,0,0,21,0,0
2004,270498,1,1,10,10,10,10,10,10,10,10,10,10
2004,270499,1,1,0,0,0,0,0,0,0,0,0,0
2004,270499,2,1,7,9,7,5,19,21,19,8,18,6
2004,270500,1,1,0,0,0,0,0,0,0,0,0,0
2004,270500,2,1,0,0,0,0,0,0,0,0,0,0
2004,270501,1,1,0,0,0,0,0,0,0,0,0,0
2004,270501,2,1,0,0,0,0,0,0,0,0,0,0
2004,270502,1,1,0,0,0,0,0,0,0,0,0,0
2004,270502,2,1,0,0,0,0,0,0,0,0,0,0
2004,270503,1,1,0,0,0,0,0,0,0,0,0,0
2004,270504,1,1,0,0,16,0,0,0,23,0,0,0
2004,270505,0,1,0,0,0,0,0,0,0,0,0,0
2004,270505,1,1,0,0,0,0,0,0,0,0,0,0
2004,270506,1,1,16,16,16,16,16,16,16,16,16,16
2004,270507,1,1,18,18,18,18,18,18,18,18,18,18
2004,270508,0,1,0,0,0,0,0,0,0,0,0,0
2004,270508,1,1,0,0,0,0,0,0,0,0,0,0
2004,270509,1,1,0,0,0,0,0,0,0,0,0,0
2004,270509,2,1,0,0,0,0,0,0,0,0,0,0
2004,270510,1,1,0,0,0,0,0,0,0,0,0,0
2004,270510,2,1,0,0,0,0,0,0,0,0,0,0
2004,270511,1,1,0,0,0,0,0,0,0,0,0,0
2004,270511,2,1,0,0,0,0,0,0,0,0,0,0
2004,270512,1,1,0,0,0,0,0,0,0,0,0,0
2004,270512,2,1,0,0,0,0,0,0,0,0,0,0
2004,270513,1,1,21,21,21,21,21,21,21,21,21,21
2004,270513,2,1,0,0,0,0,0,0,0,0,0,0
2004,270513,3,1,0,0,14,0,0,0,0,0,0,0
2004,270514,1,1,10,0,0,11,0,0,0,23,0,0
2004,270515,1,1,0,0,0,5,0,0,0,0,0,0
2004,270516,1,1,0,0,0,0,0,0,0,0,0,0
2004,270516,2,1,0,0,0,0,0,0,0,0,0,0
2004,270517,0,1,0,0,0,0,0,0,0,0,0,0
2004,270517,1,1,0,0,0,0,0,0,0,0,0,0
2004,270518,1,1,12,12,12,12,12,12,12,12,12,12
2004,270519,1,1,0,0,0,0,0,0,0,0,0,0
2004,270519,2,1,0,0,0,0,0,0,0,0,0,0
2004,270520,1,1,0,0,0,0,0,0,0,0,0,0
2004,270520,2,1,9,9,9,9,9,9,9,9,9,9
2004,270521,1,1,5,5,5,5,5,5,5,5,5,5
2004,270522,1,1,0,0,0,0,0,0,0,0,0,0
2004,270522,2,1,0,0,0,0,0,0,0,0,0,0
2004,270522,3,1,0,0,0,0,0,0,0,0,0,0
2004,270523,1,1,0,0,0,0,17,0,0,0,0,0
2004,270523,2,1,0,0,0,0,0,0,0,0,0,0
2004,270524,1,1,0,0,0,0,0,0,0,0,0,0
2004,270525,1,1,0,0,0,0,0,0,0,0,0,0
2004,270525,2,1,0,0,0,0,0,0,0,0,0,0
2004,270526,1,1,18,18,18,18,18,18,18,18,18,18
2004,270527,1,1,10,9,0,0,0,21,13,0,0,14
2004,270527,2,1,9,9,9,9,9,9,9,9,9,9
2004,270528,0,1,14,14,14,14,14,14,14,14,14,14
2004,270528,1,1,0,0,0,9,0,0,0,22,0,0
2004,280001,1,1,24,0,0,0,0,0,0,0,0,0
2004,280001,2,1,0,0,0,0,0,0,0,0,0,0
2004,280002,1,1,10,0,0,0,0,0,0,15,10,0
2004,280003,1,1,0,0,0,0,0,0,0,0,0,0
2004,280003,2,1,0,16,0,0,0,0,0,0,0,8
2004,280004,1,1,20,20,20,20,20,20,20,20,20,20
2004,280005,1,1,0,0,0,0,0,0,0,0,0,0
2004,280005,2,1,0,0,0,0,0,0,0,0,0,0
2004,280006,1,1,0,0,0,0,0,0,0,0,0,0
2004,280006,2,1,0,0,0,0,0,0,0,0,0,0
2004,280007,1,1,14,14,14,14,14,14,14,14,14,14
2004,280008,1,1,0,0,0,0,0,0,0,0,0,0
2004,280008,2,1,8,8,8,8,8,8,8,8,8,8
2004,280009,1,1,0,0,0,0,0,0,0,0,0,0
2004,280009,2,1,0,0,0,0,0,0,0,0,0,0
2004,280010,1,1,26,26,26,26,26,26,26,26,26,26
2004,280011,1,1,0,1,0,0,0,0,0,0,0,0
2004,280011,2,1,19,19,19,19,19,19,19,19,19,19
2004,280012,1,1,0,0,0,0,0,0,0,0,0,0
2004,280012,2,1,10,0,0,0,0,0,0,0,19,7
2004,280013,1,1,0,0,0,0,22,0,0,0,9,0
2004,280013,2,1,0,0,0,0,0,0,0,0,0,0
2004,280014,1,1,0,0,0,0,20,0,0,24,0,0
2004,280014,2,1,0,0,0,0,0,7,0,0,0,0
2004,280015,1,1,7,7,0,0,0,19,0,0,0,0
2004,280015,2,1,12,0,0,0,0,0,0,0,0,0
2004,280016,1,1,0,0,0,0,0,0,0,0,0,0
2004,280016,2,1,0,0,17,0,0,25,9,0,0,0
2004,280017,1,1,0,15,0,24,0,0,18,0,0,0
2004,280017,2,1,0,0,0,0,0,0,0,0,0,0
2004,280018,1,1,19,14,0,11,29,19,19,15,0,0
2004,280019,1,1,16,16,16,16,16,16,16,16,16,16
2004,280020,1,1,12,16,15,0,0,23,22,0,0,0
2004,280021,1,1,15,15,15,15,15,15,15,15,15,15
2004,280022,1,1,0,0,0,0,0,0,0,0,8,0
2004,280022,2,1,7,7,7,7,7,7,7,7,7,7
2004,280023,1,1,28,28,28,28,28,28,28,28,28,28
2004,280024,1,1,19,0,10,0,9,22,0,13,0,0
2004,280025,1,1,0,0,0,0,0,0,0,0,0,0
2004,280026,1,1,0,0,0,0,0,0,0,0,0,0
2004,280026,2,1,0,0,0,0,0,0,0,0,0,0
2004,280027,1,1,0,0,0,0,0,0,0,0,0,0
2004,280027,2,1,0,0,0,0,0,0,0,22,0,0
2004,280028,1,1,0,0,0,0,0,0,0,0,0,0
2004,280029,1,1,0,0,0,0,0,0,0,0,0,0
2004,280030,1,1,0,0,0,0,0,0,0,0,0,0
2004,280030,2,1,0,0,0,0,0,0,0,0,0,0
2004,280031,1,1,0,0,0,0,0,0,0,0,0,0
2004,280032,1,1,0,0,0,0,0,0,0,0,0,0
2004,280032,2,1,0,0,0,0,5,0,0,0,0,0
2004,280033,1,1,0,0,0,0,0,0,0,0,0,0
2004,280033,2,1,0,0,0,9,0,0,0,0,0,0
2004,280034,1,1,0,0,0,0,0,0,0,0,0,0
2004,280034,2,1,0,0,0,0,0,0,0,0,0,0
2004,280035,1,1,17,17,17,17,17,17,17,17,17,17
2004,280036,1,1,0,0,0,0,0,0,0,23,28,0
2004,280037,1,1,0,11,0,0,0,0,0,14,0,0
2004,280038,1,1,0,0,14,0,0,0,0,0,0,0
2004,280038,2,1,0,0,0,0,0,0,0,0,0,0
2004,280039,1,1,0,0,0,0,0,0,0,0,0,0
2004,280039,2,1,0,0,0,0,0,0,0,0,0,0
2004,280040,1,1,0,0,0,0,0,0,0,0,0,0
2004,280040,2,1,0,0,0,0,0,0,0,0,0,0
2004,280041,1,1,0,0,0,0,0,0,0,0,0,0
2004,280041,2,1,18,0,0,0,0,23,0,0,13,0
2004,280042,0,1,15,42,25,9,9,25,23,8,12,36
2004,280042,1,1,0,0,0,0,0,0,0,0,0,0
2004,280043,1,1,14,14,14,14,14,14,14,14,14,14
2004,280044,1,1,0,0,0,0,0,0,0,0,0,0
2004,280045,1,1,0,0,0,18,0,26,0,0,0,0
2004,280046,1,1,0,0,12,0,14,12,0,0,15,19
2004,280047,1,1,0,0,0,0,15,0,0,0,0,0
2004,280047,2,1,0,0,0,0,0,0,0,0,0,0
2004,280048,1,1,15,15,15,15,15,15,15,15,15,15
2004,280049,1,1,0,0,0,0,0,0,0,0,0,0
2004,280049,2,1,0,0,0,0,0,0,0,0,0,0
2004,280050,1,1,0,0,0,0,0,0,0,0,0,0
2004,280051,1,1,0,0,0,0,0,0,0,0,0,0
2004,280051,2,1,0,0,0,0,0,0,0,0,0,0
2004,280052,1,1,33,33,33,33,33,33,33,33,33,33
2004,280053,1,1,18,0,0,0,0,0,0,17,0,0
2004,280053,2,1,0,5,0,0,0,0,0,0,0,0
2004,280054,1,1,0,0,0,0,0,0,0,0,0,0
2004,280055,1,1,20,32,18,23,8,17,0,30,0,0
2004,280056,1,1,0,0,0,0,0,0,0,0,0,0
2004,280057,1,1,15,15,15,15,15,15,15,15,15,15
2004,280058,1,1,0,13,0,9,0,0,0,0,37,0
2004,280058,2,1,10,0,0,0,0,0,0,0,0,0
2004,280059,1,1,0,0,0,0,0,0,0,0,0,0
2004,280060,1,1,0,0,0,0,0,0,0,0,0,0
2004,280061,1,1,11,11,11,11,11,11,11,11,11,11
2004,280061,2,1,6,4,0,7,0,0,0,0,34,8
2004,280062,0,1,0,0,0,0,0,0,0,0,0,0
2004,280062,1,1,0,0,0,0,0,0,0,0,0,0
2004,280063,1,1,0,0,14,27,24,0,24,0,0,12
2004,280064,1,1,0,0,0,0,8,0,0,0,0,0
2004,280065,1,1,0,0,0,0,0,0,0,0,0,0
2004,280065,2,1,0,0,0,0,0,0,0,0,0,0
2004,280066,0,1,0,0,14,0,14,0,24,0,0,0
2004,280066,1,1,0,0,0,0,0,0,0,0,0,8
2004,280067,1,1,0,0,0,0,0,0,0,9,0,0
2004,280067,2,1,0,0,0,0,0,0,0,0,0,0
2004,280068,1,1,0,0,0,0,0,0,0,0,0,0
2004,280068,2,1,0,0,0,0,0,0,15,0,20,0
2004,280069,1,1,15,15,15,15,15,15,15,15,15,15
2004,280070,1,1,0,0,0,0,0,0,0,0,0,0
2004,280070,2,1,0,0,18,0,0,0,0,0,18,11
2004,280071,1,1,0,0,0,0,0,0,0,0,0,0
2004,280071,2,1,21,0,0,0,0,0,0,0,0,0
2004,280071,3,1,0,0,0,0,22,0,15,0,0,17
2004,280071,4,1,0,0,12,0,0,0,0,0,28,0
2004,280071,5,1,0,0,0,0,0,0,0,0,0,0
2004,280072,1,1,0,0,0,0,0,0,0,0,0,0
2004,280072,2,1,0,0,0,0,0,0,0,0,0,0
2004,280073,1,1,0,0,0,0,0,0,0,0,0,0
2004,280073,2,1,0,0,21,22,0,0,0,0,8,0
2004,280074,0,1,0,0,0,0,0,0,0,0,0,0
2004,280074,1,1,0,0,0,0,0,0,0,0,0,0
2004,280075,1,1,0,0,7,31,0,0,0,0,0,0
2004,280076,1,1,0,0,0,0,0,0,0,0,0,0
2004,280077,1,1,32,12,0,0,17,18,0,0,6,0
2004,280078,1,1,16,16,16,16,16,16,16,16,16,16
2004,280079,1,1,0,0,0,0,0,0,0,0,0,0
2004,280079,2,1,0,0,0,0,0,0,0,0,0,0
2004,280080,1,1,0,0,25,0,0,0,15,0,14,0
2004,280080,2,1,0,0,0,0,0,0,0,0,0,0
2004,280081,1,1,0,0,0,0,0,0,0,0,0,0
2004,280082,1,1,0,0,0,0,0,0,0,0,0,0
2004,280083,1,1,0,0,0,0,0,0,0,0,0,0
2004,280083,2,1,0,0,0,0,0,0,0,0,0,0
2004,280083,3,1,0,0,0,0,0,0,0,0,0,0
2004,280084,1,1,0,0,0,0,0,0,0,0,0,0
2004,280085,1,1,0,0,0,0,11,14,0,0,0,0
2004,280086,1,1,10,7,0,14,0,0,0,0,0,9
2004,280087,1,1,0,0,6,6,36,17,26,0,0,0
2004,280088,1,1,0,0,0,0,0,0,0,0,0,0
2004,280088,2,1,0,0,7,0,0,0,0,0,0,0
2004,280089,1,1,23,0,18,17,22,8,6,17,14,14
2004,280090,1,1,0,0,0,0,0,0,3,0,0,0
2004,280091,1,1,0,0,0,0,0,0,0,0,0,0
2004,280091,2,1,0,0,0,12,0,0,0,0,0,0
2004,280092,0,1,18,18,18,18,18,18,18,18,18,18
2004,280092,1,1,0,11,6,0,12,21,12,37,24,44
2004,280093,1,1,0,11,10,16,26,11,15,0,16,0
2004,280094,1,1,0,0,0,0,0,0,0,0,0,0
2004,280095,1,1,0,0,0,0,0,0,0,0,0,0
2004,280096,1,1,0,0,0,0,0,0,0,0,0,0
2004,280096,2,1,0,0,0,0,0,0,0,0,0,0
2004,280097,1,1,23,23,23,23,23,23,23,23,23,23
2004,280098,1,1,0,0,0,0,0,0,0,0,0,0
2004,280098,2,1,0,0,0,0,8,0,0,0,24,0
2004,280099,1,1,0,0,0,0,0,0,0,0,0,0
2004,280100,1,1,0,0,0,0,0,0,0,0,0,0
2004,280101,1,1,0,0,0,0,0,0,0,0,0,0
2004,280102,1,1,12,12,12,12,12,12,12,12,12,12
2004,280103,1,1,0,0,0,28,0,0,15,0,18,0
2004,280103,2,1,0,0,0,0,19,0,0,0,0,0
2004,280103,3,1,0,0,0,0,0,0,0,0,0,0
2004,280104,1,1,28,0,0,0,0,0,0,0,0,0
2004,280105,1,1,10,0,27,0,11,0,0,10,10,0
2004,280105,2,1,0,0,0,0,0,0,0,14,0,0
2004,280106,1,1,0,0,0,0,0,0,0,0,0,0
2004,280106,2,1,0,0,0,0,0,0,0,0,0,0
2004,280107,0,1,17,17,17,17,17,17,17,17,17,17
2004,280107,1,1,0,0,0,6,0,15,13,0,0,0
2004,280108,1,1,17,17,17,17,17,17,17,17,17,17
2004,280109,1,1,0,0,0,0,0,0,0,0,0,0
2004,280109,2,1,0,0,0,0,0,0,0,0,0,0
2004,280110,1,1,0,0,0,0,0,0,0,0,0,17
2004,280110,2,1,0,0,0,0,0,0,0,0,0,0
2004,280111,1,1,0,0,0,23,0,0,27,0,0,0
2004,280111,2,1,0,0,0,0,0,0,0,0,0,0
2004,280112,1,1,0,2,0,0,0,0,4,12,0,0
2004,280113,1,1,0,0,0,0,0,6,0,0,0,0
2004,280114,1,1,0,0,0,0,0,0,0,0,0,0
2004,280115,1,1,11,11,11,11,11,11,11,11,11,11
2004,280116,1,1,0,0,0,0,0,0,0,0,0,0
2004,280116,2,1,0,0,0,0,0,0,0,0,0,0
2004,280117,1,1,0,0,0,0,0,0,0,0,0,0
2004,280117,2,1,0,0,0,0,0,0,0,0,0,0
2004,280117,3,1,0,0,0,0,0,0,0,0,0,0
2004,280118,1,1,0,0,0,0,0,30,0,0,0,0
2004,280119,1,1,15,15,15,15,15,15,15,15,15,15