YEAR,ST_CASE,veh_no,per_no,P1,P2,P3,P4,P5,P6,P7,P8,P9,P10
2004,280120,1,1,15,15,15,15,15,15,15,15,15,15
2004,280121,1,1,0,0,0,0,0,0,0,0,0,0
2004,280122,1,1,0,0,0,0,0,0,0,0,0,0
2004,280123,1,1,0,0,0,0,0,0,0,0,0,0
2004,280123,2,1,0,0,0,0,0,0,0,0,0,0
2004,280124,1,1,0,0,0,0,0,0,0,0,0,0
2004,280124,2,1,0,0,0,0,0,0,0,0,0,0
2004,280125,1,1,18,18,18,18,18,18,18,18,18,18
2004,280126,1,1,0,0,0,0,0,0,0,0,0,0
2004,280127,1,1,0,0,0,0,0,0,0,0,0,0
2004,280127,2,1,0,0,0,0,0,0,0,0,0,0
2004,280127,3,1,0,0,10,0,0,19,0,6,0,0
2004,280128,1,1,0,0,0,0,0,0,0,0,0,0
2004,280129,1,1,0,0,0,0,0,0,0,0,0,0
2004,280129,2,1,0,0,0,0,0,0,0,0,0,0
2004,280129,3,1,0,0,0,0,0,0,0,0,0,0
2004,280129,4,1,0,0,0,0,0,0,0,0,0,0
2004,280130,1,1,0,0,0,0,0,0,0,0,0,0
2004,280131,0,1,0,0,0,0,0,0,0,0,0,0
2004,280131,1,1,0,0,0,0,0,0,14,0,0,0
2004,280132,1,1,0,0,14,0,0,0,0,0,0,0
2004,280132,2,1,0,0,0,0,0,0,0,0,0,0
2004,280132,3,1,0,0,0,0,0,0,0,0,0,0
2004,280133,0,1,18,18,18,18,18,18,18,18,18,18
2004,280133,1,1,10,0,0,14,0,8,0,0,0,0
2004,280134,1,1,16,16,16,16,16,16,16,16,16,16
2004,280135,1,1,15,15,15,15,15,15,15,15,15,15
2004,280135,2,1,19,19,19,19,19,19,19,19,19,19
2004,280136,1,1,17,17,17,17,17,17,17,17,17,17
2004,280137,0,1,0,0,22,25,23,20,16,0,19,18
2004,280137,1,1,0,0,0,10,0,10,0,0,11,0
2004,280138,1,1,28,28,28,28,28,28,28,28,28,28
2004,280139,1,1,21,0,0,0,0,0,0,0,0,0
2004,280140,1,1,30,30,30,30,30,30,30,30,30,30
2004,280141,1,1,0,0,0,0,23,0,4,0,0,0
2004,280141,2,1,0,0,0,0,0,0,0,0,0,0
2004,280142,1,1,0,0,0,0,0,0,0,0,0,0
2004,280142,2,1,0,17,0,0,17,0,4,18,14,0
2004,280143,1,1,0,0,0,0,0,0,0,0,0,0
2004,280143,2,1,0,0,0,0,0,3,0,0,0,16
2004,280144,1,1,0,0,0,0,0,0,0,0,0,0
2004,280144,2,1,0,0,0,0,0,0,0,0,0,0
2004,280145,1,1,19,19,19,19,19,19,19,19,19,19
2004,280146,1,1,0,0,0,0,0,0,0,0,0,0
2004,280146,2,1,0,0,0,0,0,0,0,0,0,0
2004,280147,1,1,0,14,0,0,0,0,9,0,0,0
2004,280147,2,1,2,0,0,0,0,6,0,0,9,0
2004,280148,1,1,0,0,10,0,0,0,0,0,0,0
2004,280149,1,1,21,0,0,0,0,0,29,12,18,0
2004,280149,2,1,0,0,0,0,0,0,0,0,0,0
2004,280150,1,1,14,14,14,14,14,14,14,14,14,14
2004,280151,1,1,0,0,0,25,0,0,32,0,5,0
2004,280152,1,1,19,19,19,19,19,19,19,19,19,19
2004,280152,2,1,0,0,0,0,0,0,0,0,0,0
2004,280153,1,1,12,12,12,12,12,12,12,12,12,12
2004,280154,1,1,0,0,0,0,0,0,0,0,0,0
2004,280154,2,1,15,15,15,15,15,15,15,15,15,15
2004,280154,3,1,12,12,12,12,12,12,12,12,12,12
2004,280155,1,1,11,11,11,11,11,11,11,11,11,11
2004,280156,1,1,16,16,16,16,16,16,16,16,16,16
2004,280157,1,1,22,22,22,22,22,22,22,22,22,22
2004,280158,1,1,0,0,0,0,0,0,0,0,0,0
2004,280159,1,1,0,16,0,0,0,21,0,0,0,0
2004,280160,1,1,8,8,8,8,8,8,8,8,8,8
2004,280161,1,1,0,0,0,0,0,0,0,0,0,0
2004,280162,1,1,0,0,0,0,0,0,0,0,0,0
2004,280162,2,1,0,0,0,0,0,0,0,0,0,0
2004,280163,0,1,0,0,0,0,0,0,0,0,0,0
2004,280163,1,1,0,0,0,0,0,0,0,0,0,0
2004,280164,1,1,11,0,0,16,16,24,10,16,0,0
2004,280165,1,1,2,2,2,2,2,2,2,2,2,2
2004,280166,1,1,0,0,0,0,0,0,0,0,0,0
2004,280167,1,1,0,0,0,0,0,0,6,0,0,0
2004,280167,2,1,0,0,0,0,0,0,0,0,0,0
2004,280168,1,1,12,12,12,12,12,12,12,12,12,12
2004,280169,1,1,0,0,0,0,0,0,0,0,0,0
2004,280169,2,1,0,0,0,0,0,0,0,0,0,0
2004,280170,1,1,0,0,0,11,0,0,0,4,32,13
2004,280171,1,1,21,21,21,21,21,21,21,21,21,21
2004,280172,1,1,0,0,0,0,15,0,0,0,0,26
2004,280173,1,1,0,0,0,0,0,0,0,0,0,0
2004,280174,1,1,0,0,0,16,0,0,0,0,0,0
2004,280175,1,1,0,21,21,20,0,24,0,21,17,23
2004,280176,1,1,0,0,0,0,0,0,0,0,0,0
2004,280176,2,1,0,0,0,0,0,0,0,0,0,0
2004,280177,1,1,20,0,0,0,0,0,20,0,0,0
2004,280177,2,1,0,0,0,0,0,0,0,0,0,0
2004,280178,1,1,0,0,0,0,0,0,0,0,0,0
2004,280179,1,1,37,20,0,0,0,0,41,16,15,0
2004,280180,1,1,0,0,0,0,0,0,0,0,0,0
2004,280180,2,1,0,0,0,0,0,0,0,0,0,0
2004,280180,3,1,0,0,0,0,0,0,0,0,0,0
2004,280181,1,1,0,0,0,0,0,0,0,0,0,0
2004,280182,1,1,0,0,0,0,0,0,0,0,0,0
2004,280182,2,1,0,0,2,15,15,0,0,16,0,0
2004,280184,1,1,0,0,0,0,0,0,0,0,19,0
2004,280185,1,1,28,28,28,28,28,28,28,28,28,28
2004,280185,2,1,11,0,0,0,0,0,0,0,0,0
2004,280185,3,1,0,0,0,0,0,0,0,0,18,0
2004,280185,4,1,0,0,0,0,0,0,0,0,0,0
2004,280186,1,1,0,0,0,0,0,0,0,0,0,0
2004,280186,2,1,0,0,0,0,0,0,0,0,0,0
2004,280187,1,1,19,19,19,19,19,19,19,19,19,19
2004,280187,2,1,12,12,12,12,12,12,12,12,12,12
2004,280188,1,1,14,0,22,0,22,26,0,4,17,25
2004,280189,1,1,0,0,0,0,0,0,23,0,0,0
2004,280189,2,1,0,0,0,0,0,0,0,0,0,0
2004,280190,1,1,31,0,0,16,14,0,0,0,0,0
2004,280191,1,1,13,14,19,0,36,16,11,20,11,19
2004,280191,2,1,0,0,0,18,0,0,0,0,0,0
2004,280192,1,1,0,26,27,12,27,25,27,22,23,21
2004,280193,1,1,0,0,3,0,0,0,0,0,0,0
2004,280193,2,1,0,0,0,0,0,0,0,0,0,0
2004,280194,1,1,0,0,0,0,0,0,0,0,0,0
2004,280194,2,1,0,0,0,0,0,0,0,0,0,0
2004,280195,1,1,12,0,8,0,0,0,0,0,0,0
2004,280195,2,1,0,0,0,0,0,0,0,0,12,0
2004,280196,1,1,16,16,16,16,16,16,16,16,16,16
2004,280197,1,1,15,15,15,15,15,15,15,15,15,15
2004,280198,1,1,0,0,0,0,0,4,0,0,0,0
2004,280198,2,1,0,0,0,0,0,0,0,0,0,0
2004,280199,1,1,0,0,0,0,0,0,0,0,0,0
2004,280199,2,1,0,0,0,0,0,0,0,0,0,0
2004,280200,1,1,15,15,15,15,15,15,15,15,15,15
2004,280201,1,1,10,10,10,10,10,10,10,10,10,10
2004,280202,1,1,0,0,0,0,0,0,0,0,0,0
2004,280202,2,1,23,0,15,0,0,0,0,0,0,0
2004,280202,3,1,3,5,16,0,17,12,13,20,0,0
2004,280203,1,1,0,0,0,0,0,0,0,0,0,0
2004,280203,2,1,0,0,0,0,0,0,0,0,0,0
2004,280204,1,1,0,0,0,0,0,0,0,0,0,0
2004,280204,2,1,0,0,0,0,0,0,0,0,0,0
2004,280205,1,1,0,0,0,0,0,0,0,0,0,0
2004,280205,2,1,0,0,0,0,0,0,0,0,0,0
2004,280206,1,1,0,0,0,0,0,0,0,0,0,0
2004,280207,1,1,0,0,0,0,0,0,0,0,0,0
2004,280208,1,1,16,16,16,16,16,16,16,16,16,16
2004,280209,1,1,0,0,0,0,0,0,0,0,0,0
2004,280209,2,1,0,0,0,0,0,0,0,0,0,0
2004,280210,1,1,17,17,0,0,7,13,0,16,0,0
2004,280211,1,1,15,15,15,15,15,15,15,15,15,15
2004,280211,2,1,21,21,21,21,21,21,21,21,21,21
2004,280212,0,1,19,19,19,19,19,19,19,19,19,19
2004,280212,1,1,0,0,0,0,0,0,0,0,0,0
2004,280213,1,1,0,0,0,0,0,0,0,0,0,0
2004,280213,2,1,0,0,0,0,0,0,0,0,0,0
2004,280213,3,1,0,0,0,0,0,0,0,0,0,0
2004,280214,1,1,20,20,20,20,20,20,20,20,20,20
2004,280215,1,1,18,18,18,18,18,18,18,18,18,18
2004,280216,1,1,25,25,25,25,25,25,25,25,25,25
2004,280217,1,1,0,0,0,0,0,0,0,0,0,0
2004,280218,1,1,0,7,0,7,7,0,0,0,2,0
2004,280218,2,1,0,0,0,0,0,0,0,0,0,0
2004,280219,1,1,0,0,0,24,0,0,0,0,0,0
2004,280219,2,1,0,0,0,0,0,0,0,0,0,0
2004,280220,1,1,20,20,20,20,20,20,20,20,20,20
2004,280221,1,1,0,0,0,0,0,0,0,0,0,0
2004,280222,1,1,0,0,0,0,0,0,0,0,0,0
2004,280222,2,1,0,0,0,0,0,0,0,0,0,0
2004,280223,1,1,5,0,19,17,25,13,9,22,0,23
2004,280224,1,1,10,0,9,8,0,0,0,0,0,6
2004,280224,2,1,17,4,10,0,0,10,0,0,18,0
2004,280225,1,1,0,0,0,0,0,0,0,0,0,0
2004,280225,2,1,0,0,0,13,0,0,0,0,0,0
2004,280226,1,1,13,0,19,0,0,24,9,19,11,0
2004,280226,2,1,0,0,16,13,15,12,9,13,0,0
2004,280227,1,1,0,0,0,0,0,0,0,0,0,0
2004,280227,2,1,0,0,0,0,0,0,0,0,0,0
2004,280228,1,1,0,0,0,0,0,0,0,0,0,0
2004,280228,2,1,0,0,0,0,0,0,0,0,0,0
2004,280229,1,1,37,0,25,4,24,0,21,14,0,20
2004,280230,1,1,0,32,0,0,0,0,0,0,0,18
2004,280231,1,1,0,15,0,0,0,0,0,0,14,0
2004,280231,2,1,0,0,0,12,13,0,0,0,22,0
2004,280232,1,1,0,0,0,0,0,0,0,0,0,0
2004,280233,1,1,19,0,10,0,20,0,0,0,0,20
2004,280234,1,1,0,0,0,0,0,0,0,0,0,0
2004,280235,1,1,0,0,0,0,0,0,0,0,0,0
2004,280236,1,1,0,0,0,0,0,0,0,0,0,0
2004,280237,1,1,0,26,15,0,0,0,28,0,0,0
2004,280238,1,1,0,0,11,0,14,0,0,21,0,0
2004,280239,1,1,0,33,34,0,0,0,0,0,0,0
2004,280240,1,1,0,0,17,0,0,0,0,0,12,0
2004,280240,2,1,0,0,0,0,0,0,0,0,0,0
2004,280240,3,1,0,0,0,0,0,0,0,0,0,0
2004,280241,0,1,28,28,28,28,28,28,28,28,28,28
2004,280241,1,1,0,0,0,0,0,0,0,0,0,0
2004,280242,1,1,19,19,19,19,19,19,19,19,19,19
2004,280243,1,1,0,0,0,0,0,0,0,0,0,0
2004,280244,1,1,15,15,15,15,15,15,15,15,15,15
2004,280245,1,1,0,0,0,0,0,0,0,0,0,0
2004,280245,2,1,0,0,0,0,0,0,0,0,0,0
2004,280246,1,1,0,23,0,0,11,22,7,0,30,0
2004,280247,1,1,0,0,0,0,0,0,0,0,0,0
2004,280248,1,1,0,0,0,0,0,0,0,0,0,0
2004,280248,2,1,0,0,0,0,0,0,0,0,0,0
2004,280249,1,1,0,10,0,15,0,28,4,0,0,9
2004,280250,1,1,16,16,16,16,16,16,16,16,16,16
2004,280251,1,1,0,0,0,0,0,0,0,0,10,0
2004,280251,2,1,0,11,0,0,0,0,0,0,0,0
2004,280252,1,1,0,0,0,0,18,0,0,18,15,28
2004,280252,2,1,16,16,16,16,16,16,16,16,16,16
2004,280253,1,1,25,0,0,0,18,0,0,26,0,12
2004,280253,2,1,0,0,0,0,0,0,0,0,0,0
2004,280254,1,1,0,0,0,0,0,0,0,0,32,0
2004,280255,1,1,23,23,23,23,23,23,23,23,23,23
2004,280256,1,1,0,20,0,0,0,0,13,0,0,0
2004,280256,2,1,0,0,0,0,0,0,0,0,0,0
2004,280256,3,1,0,0,0,0,0,0,0,0,0,0
2004,280257,1,1,0,0,0,0,0,0,0,0,10,0
2004,280258,1,1,0,0,25,0,0,0,0,14,30,0
2004,280258,2,1,0,0,0,0,5,22,0,0,0,0
2004,280259,1,1,0,0,0,0,0,0,0,0,0,0
2004,280259,2,1,0,0,0,0,0,0,0,0,0,0
2004,280260,1,1,0,0,0,0,0,0,0,0,0,0
2004,280260,2,1,0,0,0,0,7,13,0,0,0,0
2004,280261,1,1,0,0,0,0,0,0,0,0,0,0
2004,280261,2,1,0,0,0,0,0,0,0,0,0,0
2004,280262,1,1,0,0,0,0,0,4,0,0,0,0
2004,280262,2,1,0,0,0,0,0,0,0,0,0,0
2004,280263,1,1,0,0,0,0,0,0,0,0,0,0
2004,280263,2,1,0,0,0,0,0,0,0,0,0,0
2004,280264,1,1,11,11,11,11,11,11,11,11,11,11
2004,280265,1,1,0,0,0,0,0,0,0,0,0,0
2004,280265,2,1,4,0,0,0,4,0,0,0,12,0
2004,280266,1,1,0,0,0,0,0,0,0,0,0,0
2004,280267,1,1,0,0,0,0,0,0,0,0,0,0
2004,280267,2,1,0,0,0,0,0,0,0,0,0,0
2004,280268,1,1,0,0,0,14,0,15,0,0,10,6
2004,280268,2,1,15,15,15,15,15,15,15,15,15,15
2004,280269,1,1,15,0,0,14,0,11,19,0,0,0
2004,280270,0,1,0,0,0,0,0,0,0,0,0,0
2004,280270,1,1,0,0,8,0,0,0,0,22,0,0
2004,280271,1,1,13,0,43,0,0,0,30,17,0,0
2004,280272,1,1,0,0,0,0,0,0,0,0,0,0
2004,280273,1,1,16,16,16,16,16,16,16,16,16,16
2004,280274,1,1,0,0,0,0,0,0,0,0,0,0
2004,280274,2,1,0,0,0,0,0,0,0,0,0,0
2004,280275,1,1,25,25,25,25,25,25,25,25,25,25
2004,280276,1,1,0,0,0,0,0,0,0,0,0,24
2004,280276,2,1,0,0,0,0,0,0,0,0,0,0
2004,280277,1,1,0,0,0,0,0,0,0,0,0,0
2004,280277,2,1,9,0,0,0,0,12,0,17,0,0
2004,280278,1,1,0,0,0,0,0,0,0,0,0,0
2004,280278,2,1,0,18,0,0,0,0,0,0,12,9
2004,280279,1,1,12,12,12,12,12,12,12,12,12,12
2004,280280,1,1,23,23,23,23,23,23,23,23,23,23
2004,280281,1,1,0,0,0,19,33,0,0,0,21,0
2004,280282,1,1,0,0,0,0,0,0,0,0,0,0
2004,280283,1,1,0,0,18,0,0,0,0,0,0,0
2004,280283,2,1,13,0,0,0,0,0,0,0,0,0
2004,280283,3,1,0,0,0,0,0,0,0,0,0,0
2004,280284,0,1,21,21,21,21,21,21,21,21,21,21
2004,280284,1,1,0,0,22,0,0,30,0,17,0,36
2004,280285,1,1,0,0,0,0,0,0,0,0,0,0
2004,280285,2,1,0,0,0,0,0,0,0,0,0,0
2004,280286,1,1,0,0,0,0,0,0,0,0,0,0
2004,280286,2,1,10,10,10,10,10,10,10,10,10,10
2004,280287,1,1,0,17,0,0,0,0,0,0,0,0
2004,280288,1,1,0,0,14,0,7,0,0,0,0,10
2004,280289,1,1,21,21,21,21,21,21,21,21,21,21
2004,280290,1,1,0,0,15,0,0,0,0,0,11,0
2004,280291,0,1,18,18,18,18,18,18,18,18,18,18
2004,280291,1,1,12,12,12,12,12,12,12,12,12,12
2004,280292,1,1,0,0,0,0,0,0,0,0,0,0
2004,280293,1,1,0,0,0,0,0,0,0,0,0,0
2004,280293,2,1,15,12,18,0,0,0,13,0,0,0
2004,280294,1,1,14,14,14,14,14,14,14,14,14,14
2004,280295,1,1,10,10,10,10,10,10,10,10,10,10
2004,280296,1,1,9,9,9,9,9,9,9,9,9,9
2004,280297,1,1,0,0,0,0,0,0,0,0,0,0
2004,280297,2,1,0,0,0,0,0,22,0,14,0,0
2004,280298,1,1,13,0,4,18,22,0,11,22,9,18
2004,280299,1,1,20,20,20,20,20,20,20,20,20,20
2004,280300,1,1,0,24,0,10,0,0,0,0,0,18
2004,280301,1,1,30,2,0,30,11,24,0,18,0,0
2004,280302,0,1,0,0,27,25,16,44,20,11,31,28
2004,280302,1,1,0,0,0,0,0,0,0,0,0,0
2004,280303,1,1,0,15,16,29,0,0,11,14,6,3
2004,280304,1,1,19,19,19,19,19,19,19,19,19,19
2004,280305,1,1,0,0,0,0,0,0,0,0,0,0
2004,280305,2,1,0,0,0,0,0,0,0,0,0,0
2004,280306,1,1,0,0,0,0,0,0,0,0,0,0
2004,280306,2,1,0,0,0,0,0,0,0,0,0,0
2004,280307,1,1,31,31,31,31,31,31,31,31,31,31
2004,280308,1,1,0,0,0,0,0,0,0,0,0,0
2004,280308,2,1,34,34,34,34,34,34,34,34,34,34
2004,280309,1,1,0,0,0,0,0,0,0,0,0,0
2004,280310,1,1,17,17,17,17,17,17,17,17,17,17
2004,280311,1,1,10,0,0,25,23,25,17,12,22,3
2004,280312,1,1,3,3,3,3,3,3,3,3,3,3
2004,280313,1,1,0,0,0,0,0,0,0,0,0,0
2004,280313,2,1,0,0,0,0,0,0,0,0,0,0
2004,280314,1,1,0,0,0,0,0,0,0,0,0,0
2004,280315,1,1,0,0,0,0,0,0,0,0,0,0
2004,280315,2,1,18,30,8,17,0,0,13,0,0,23
2004,280316,1,1,30,30,30,30,30,30,30,30,30,30
2004,280316,2,1,0,0,0,0,0,0,0,0,0,0
2004,280317,1,1,18,0,0,0,0,0,8,17,11,0
2004,280318,1,1,0,0,0,0,0,0,0,0,0,0
2004,280319,1,1,0,0,0,0,0,0,0,0,0,0
2004,280320,1,1,17,17,17,17,17,17,17,17,17,17
2004,280320,2,1,11,11,11,11,11,11,11,11,11,11
2004,280321,1,1,0,0,0,23,0,0,0,10,0,0
2004,280321,2,1,0,0,0,0,0,0,0,0,0,0
2004,280322,1,1,0,0,0,0,0,0,0,0,0,0
2004,280322,2,1,0,0,0,0,0,0,0,0,0,0
2004,280323,1,1,20,20,20,20,20,20,20,20,20,20
2004,280323,2,1,0,30,16,15,0,0,0,28,0,13
2004,280324,1,1,19,0,0,0,0,21,0,29,13,0
2004,280325,1,1,0,0,0,0,0,0,0,0,0,0
2004,280325,2,1,10,0,0,0,0,0,0,0,0,0
2004,280326,0,1,0,0,0,0,0,0,0,0,0,0
2004,280326,1,1,0,0,0,0,0,0,0,0,0,0
2004,280327,1,1,0,0,0,0,0,0,0,0,0,0
2004,280328,1,1,0,0,0,0,0,4,20,0,19,0
2004,280328,2,1,0,0,0,0,0,0,0,0,0,0
2004,280329,1,1,0,0,0,0,0,0,0,0,0,0
2004,280329,2,1,0,0,0,0,0,0,22,0,0,13
2004,280330,1,1,11,23,0,22,0,16,17,17,13,15
2004,280331,1,1,0,0,18,0,18,0,0,0,0,16
2004,280332,1,1,16,16,16,16,16,16,16,16,16,16
2004,280333,0,1,0,0,41,23,0,0,0,33,0,22
2004,280333,1,1,10,0,0,0,0,0,0,0,0,6
2004,280334,1,1,0,0,0,0,0,0,0,0,0,0
2004,280335,1,1,0,0,0,0,0,0,0,0,0,0
2004,280336,1,1,19,19,19,19,19,19,19,19,19,19
2004,280337,1,1,0,0,0,0,0,0,0,0,0,0
2004,280337,2,1,0,0,0,14,0,0,0,0,0,0
2004,280338,1,1,0,0,20,0,0,7,20,15,0,0
2004,280339,1,1,0,0,0,0,0,0,0,0,0,0
2004,280340,1,1,13,0,0,0,0,0,0,0,11,15
2004,280341,1,1,0,0,0,0,0,0,18,0,0,18
2004,280341,2,1,0,17,14,13,0,0,0,3,0,14
2004,280342,1,1,0,0,0,15,0,19,0,22,0,26
2004,280342,2,1,0,0,0,0,0,0,0,0,0,0
2004,280343,1,1,3,11,11,15,15,0,0,12,17,20
2004,280344,1,1,24,24,24,24,24,24,24,24,24,24
2004,280345,1,1,0,17,0,25,0,0,11,0,0,15
2004,280345,2,1,18,31,0,0,0,9,0,0,0,11
2004,280346,1,1,0,0,0,0,0,0,14,0,13,0
2004,280346,2,1,6,9,5,0,0,32,12,0,11,12
2004,280347,1,1,0,26,0,0,0,0,0,0,0,0
2004,280348,1,1,0,0,0,0,0,0,0,0,0,0
2004,280348,2,1,0,0,0,0,0,0,0,0,0,0
2004,280349,1,1,0,0,0,0,0,0,0,0,0,0
2004,280349,2,1,0,10,0,0,0,9,0,0,10,0
2004,280350,1,1,0,13,0,0,0,0,8,0,0,31
2004,280350,2,1,0,0,0,0,0,0,0,0,0,0
2004,280350,3,1,0,0,0,0,0,0,0,0,0,0
2004,280350,4,1,6,24,0,3,0,0,3,12,0,0
2004,280351,1,1,0,0,0,0,0,0,2,0,0,0
2004,280351,2,1,0,0,0,0,0,0,0,0,0,0
2004,280352,0,1,0,17,0,0,0,0,0,0,0,0
2004,280352,1,1,27,15,27,0,0,0,0,0,0,16
2004,280353,1,1,0,0,0,0,0,0,0,0,0,0
2004,280354,1,1,24,29,14,0,21,0,25,0,0,29
2004,280355,1,1,0,0,0,0,0,0,0,0,0,0
2004,280355,2,1,36,0,0,7,0,0,0,0,0,20
2004,280355,3,1,0,6,0,0,0,0,0,0,0,0
2004,280356,1,1,0,0,0,0,0,0,0,0,0,0
2004,280357,1,1,0,0,0,0,0,0,0,0,0,0
2004,280357,2,1,0,7,0,0,0,0,0,0,0,0
2004,280357,3,1,0,0,0,0,0,0,0,0,0,0
2004,280358,1,1,0,0,0,0,0,0,0,0,0,0
2004,280358,2,1,0,0,0,0,0,0,0,0,0,0
2004,280359,1,1,0,0,0,0,0,0,0,0,0,0
2004,280359,2,1,0,0,0,0,0,0,0,0,0,0
2004,280360,0,1,16,16,16,16,16,16,16,16,16,16
2004,280360,1,1,0,0,4,0,0,11,0,18,0,19
2004,280361,1,1,0,0,0,17,0,0,0,0,0,0
2004,280361,2,1,0,0,0,0,0,0,0,0,0,0
2004,280362,1,1,20,0,0,0,0,0,0,10,0,26
2004,280363,0,1,28,0,24,0,11,0,21,28,0,21
2004,280363,1,1,17,17,0,0,12,0,0,18,22,0
2004,280364,1,1,11,11,11,11,11,11,11,11,11,11
2004,280364,2,1,21,21,21,21,21,21,21,21,21,21
2004,280365,1,1,0,0,0,0,0,0,0,0,0,0
2004,280365,2,1,0,0,23,0,0,0,0,0,0,0
2004,280366,1,1,0,13,0,17,0,0,0,0,0,0
2004,280367,1,1,0,0,0,0,0,0,0,0,0,0
2004,280368,1,1,19,22,0,33,0,26,24,21,0,0
2004,280369,0,1,19,19,19,19,19,19,19,19,19,19
2004,280369,1,1,0,0,0,0,0,14,0,10,0,0
2004,280370,1,1,0,10,0,0,0,0,0,0,0,0
2004,280371,1,1,12,0,0,0,0,0,0,0,0,0
2004,280371,2,1,0,19,0,0,0,0,0,0,0,0
2004,280372,1,1,12,12,12,12,12,12,12,12,12,12
2004,280373,1,1,18,15,20,17,0,14,0,0,0,0
2004,280374,0,1,0,0,20,18,0,19,24,0,0,0
2004,280374,1,1,0,0,0,0,5,25,0,0,0,13
2004,280375,1,1,0,0,0,0,0,0,0,0,0,0
2004,280376,1,1,0,32,21,9,20,0,5,11,0,22
2004,280377,1,1,0,0,0,0,0,0,0,0,0,0
2004,280378,1,1,0,8,0,0,0,0,0,23,0,0
2004,280378,2,1,0,0,0,0,0,0,0,0,9,0
2004,280379,1,1,0,0,0,0,0,0,0,0,0,0
2004,280379,2,1,0,0,0,0,0,0,0,0,0,0
2004,280380,1,1,0,0,0,0,0,0,0,0,0,0
2004,280380,2,1,0,0,0,0,0,0,0,0,0,0
2004,280381,1,1,0,0,0,0,0,0,0,7,0,0
2004,280381,2,1,13,0,0,0,9,0,0,0,12,0
2004,280382,1,1,0,0,0,0,11,21,0,0,0,0
2004,280382,2,1,0,0,0,0,0,0,0,0,4,0
2004,280383,1,1,0,0,0,0,0,0,0,0,0,0
2004,280384,1,1,22,0,0,0,15,0,0,14,0,0
2004,280384,2,1,0,0,0,0,29,0,0,17,0,0
2004,280385,1,1,17,0,0,18,25,0,0,0,0,0
2004,280385,2,1,0,0,0,0,0,0,0,0,0,0
2004,280386,1,1,18,18,18,18,18,18,18,18,18,18
2004,280387,1,1,0,0,0,0,0,0,0,0,0,0
2004,280387,2,1,0,0,0,0,0,0,0,0,0,0
2004,280388,1,1,0,0,8,0,0,0,0,0,0,0
2004,280388,2,1,0,9,0,0,0,0,0,5,0,0
2004,280389,1,1,12,12,12,12,12,12,12,12,12,12
2004,280389,2,1,0,0,0,0,0,0,0,0,0,0
2004,280390,1,1,15,15,15,15,15,15,15,15,15,15
2004,280390,2,1,0,0,0,0,0,0,0,0,0,0
2004,280391,1,1,16,16,16,16,16,16,16,16,16,16
2004,280392,1,1,0,0,0,0,0,0,10,0,14,0
2004,280392,2,1,0,0,0,0,0,0,0,0,0,0
2004,280393,1,1,0,0,0,0,0,0,0,0,0,0
2004,280394,1,1,0,0,0,0,0,0,0,0,0,0
2004,280394,2,1,36,0,0,21,0,27,0,35,0,11
2004,280395,1,1,0,0,0,0,0,0,0,0,0,0
2004,280395,2,1,0,0,0,0,0,0,0,0,0,0
2004,280396,1,1,16,16,16,16,16,16,16,16,16,16
2004,280397,1,1,15,0,26,22,0,15,0,21,26,26
2004,280398,1,1,18,18,18,18,18,18,18,18,18,18
2004,280399,1,1,18,18,0,0,0,0,7,0,5,0
2004,280399,2,1,7,21,6,15,0,0,22,19,0,0
2004,280400,1,1,0,22,26,12,16,7,11,6,13,11
2004,280401,1,1,24,24,24,24,24,24,24,24,24,24
2004,280402,1,1,0,0,0,0,0,0,0,0,0,0
2004,280402,2,1,0,0,0,0,0,0,0,0,0,0
2004,280403,1,1,0,0,0,0,0,0,3,0,0,0
2004,280403,2,1,32,0,0,0,0,0,0,0,0,0
2004,280404,1,1,16,16,16,16,16,16,16,16,16,16
2004,280405,1,1,0,0,0,0,0,0,0,0,0,0
2004,280405,2,1,0,0,0,0,0,0,0,0,0,0
2004,280406,1,1,0,0,0,0,0,0,0,0,0,0
2004,280406,2,1,0,0,0,0,0,0,0,0,0,0
2004,280407,1,1,39,27,0,0,25,0,0,15,0,0
2004,280408,1,1,0,0,0,0,0,0,0,0,0,0
2004,280408,2,1,0,0,0,0,0,0,0,0,0,0
2004,280409,1,1,0,0,26,0,0,0,13,28,0,0
2004,280410,1,1,24,0,0,0,15,17,0,15,11,0
2004,280411,1,1,11,0,5,0,0,0,0,0,0,0
2004,280412,1,1,0,28,0,8,0,7,0,5,0,0
2004,280413,1,1,0,0,0,0,0,0,0,0,0,0
2004,280413,2,1,0,0,0,0,0,0,0,0,0,0
2004,280414,1,1,0,0,0,0,0,0,0,0,0,15