YEAR,ST_CASE,veh_no,per_no,P1,P2,P3,P4,P5,P6,P7,P8,P9,P10
2004,280727,1,1,0,0,0,0,0,0,8,14,0,0
2004,280728,1,1,0,0,0,0,0,0,0,0,0,0
2004,280728,2,1,0,0,0,0,0,0,0,0,0,0
2004,280729,1,1,18,18,18,18,18,18,18,18,18,18
2004,280730,1,1,19,0,0,0,0,14,17,27,0,19
2004,280731,1,1,14,14,14,14,14,14,14,14,14,14
2004,280731,2,1,19,0,0,0,0,13,0,16,0,0
2004,280732,1,1,0,9,0,0,0,0,0,0,0,0
2004,280732,2,1,0,0,0,0,0,0,0,0,0,0
2004,280732,3,1,0,0,3,0,0,9,0,12,25,0
2004,280733,1,1,0,0,0,21,0,0,0,0,0,0
2004,280734,1,1,0,5,0,0,8,0,0,20,0,0
2004,280735,1,1,28,28,28,28,28,28,28,28,28,28
2004,280735,2,1,0,0,0,0,0,0,0,0,0,0
2004,280736,1,1,0,0,0,0,0,0,0,0,0,0
2004,280737,1,1,0,0,9,0,0,0,17,12,7,13
2004,280737,2,1,16,0,0,0,12,0,0,0,14,0
2004,280738,1,1,0,0,12,0,0,0,0,0,0,0
2004,280738,2,1,0,0,0,0,14,0,8,0,0,0
2004,280739,1,1,0,0,7,16,0,0,0,0,0,18
2004,280740,1,1,18,18,18,18,18,18,18,18,18,18
2004,280741,0,1,0,0,0,0,0,0,0,0,0,0
2004,280741,1,1,8,8,8,8,8,8,8,8,8,8
2004,280742,1,1,7,20,5,0,24,0,0,0,0,0
2004,280743,1,1,24,7,5,5,15,9,0,0,12,9
2004,280744,1,1,0,9,15,12,15,8,13,15,14,15
2004,280745,1,1,0,0,0,0,0,0,0,0,0,0
2004,280745,2,1,0,0,0,0,0,0,0,0,0,0
2004,280746,1,1,18,11,15,14,20,11,0,0,11,0
2004,280747,0,1,27,27,27,27,27,27,27,27,27,27
2004,280747,1,1,16,14,13,24,0,0,9,0,0,13
2004,280748,1,1,12,12,12,12,12,12,12,12,12,12
2004,280749,1,1,0,0,0,0,0,0,5,0,0,0
2004,280749,2,1,0,0,4,0,23,0,0,0,0,30
2004,280750,1,1,0,0,0,0,24,0,0,12,7,8
2004,280751,1,1,18,0,0,21,14,0,8,0,0,0
2004,280751,2,1,19,0,0,0,9,21,7,11,0,0
2004,280752,1,1,0,0,25,0,0,18,0,0,0,0
2004,280752,2,1,1,0,0,0,0,14,0,0,0,19
2004,280753,1,1,0,0,0,12,16,14,0,0,0,25
2004,280754,1,1,14,14,14,14,14,14,14,14,14,14
2004,280755,1,1,0,0,0,0,0,0,0,0,0,0
2004,280756,1,1,0,0,0,0,0,0,11,13,0,0
2004,280757,1,1,0,0,0,0,0,0,0,0,0,0
2004,280757,2,1,16,16,16,16,16,16,16,16,16,16
2004,280758,1,1,29,10,0,26,22,30,0,0,8,0
2004,280758,2,1,16,0,0,0,0,21,0,6,0,0
2004,280759,1,1,0,0,0,0,0,0,0,0,0,0
2004,280760,1,1,24,0,0,0,0,0,0,0,0,0
2004,280761,1,1,0,0,0,0,0,0,0,0,0,0
2004,280761,2,1,10,0,0,12,0,0,11,11,0,0
2004,280762,1,1,18,18,18,18,18,18,18,18,18,18
2004,280763,1,1,24,0,27,15,16,0,16,0,0,17
2004,280764,1,1,0,11,0,0,0,19,0,0,0,0
2004,280764,2,1,0,0,0,0,0,0,0,22,0,0
2004,280765,1,1,0,13,37,30,26,6,17,20,0,42
2004,280766,1,1,0,0,0,0,0,0,0,0,0,0
2004,280766,2,1,0,0,0,0,0,0,0,0,0,0
2004,280767,1,1,18,18,18,18,18,18,18,18,18,18
2004,280768,1,1,0,0,0,0,0,0,0,0,0,16
2004,280768,2,1,0,0,7,0,0,0,0,0,0,0
2004,280769,1,1,0,0,0,0,0,0,0,0,0,0
2004,280769,2,1,0,0,0,0,0,0,0,0,0,0
2004,280770,1,1,11,11,11,11,11,11,11,11,11,11
2004,280771,1,1,0,14,0,15,0,14,7,27,0,0
2004,280772,0,1,0,0,0,0,0,0,0,0,0,0
2004,280772,1,1,0,10,0,0,0,0,0,0,0,0
2004,280773,0,1,33,14,24,20,0,20,11,0,0,0
2004,280773,1,1,0,0,5,32,0,0,0,15,17,0
2004,280774,1,1,0,0,0,0,0,31,0,0,0,20
2004,280775,1,1,24,24,24,24,24,24,24,24,24,24
2004,280776,1,1,0,0,0,0,0,0,0,0,0,0
2004,280777,1,1,0,28,0,0,0,16,0,0,0,0
2004,280778,0,1,4,0,8,0,9,0,0,0,11,0
2004,280778,1,1,17,0,0,0,0,17,8,0,0,0
2004,280779,1,1,32,26,13,0,0,6,0,6,0,0
2004,280779,2,1,4,0,0,0,23,0,0,0,0,0
2004,280780,1,1,15,13,11,11,8,0,4,9,0,0
2004,280781,1,1,0,0,0,0,0,0,0,0,0,0
2004,280782,1,1,17,0,12,0,0,21,0,0,0,0
2004,280783,1,1,0,0,0,0,0,0,0,0,0,0
2004,280783,2,1,0,0,0,0,0,0,0,0,0,0
2004,280784,1,1,0,0,0,0,0,0,0,0,0,0
2004,280785,1,1,0,0,0,0,0,0,0,0,0,0
2004,280785,2,1,0,0,0,0,0,0,0,21,0,0
2004,280786,1,1,0,0,0,0,0,0,12,0,0,0
2004,280786,2,1,0,0,0,0,0,0,0,0,0,0
2004,280787,1,1,11,18,25,0,13,0,17,0,0,0
2004,280787,2,1,0,0,0,0,0,0,0,0,0,0
2004,280788,1,1,20,0,27,16,24,0,21,0,9,10
2004,290001,0,1,18,18,18,18,18,18,18,18,18,18
2004,290001,1,1,3,3,3,3,3,3,3,3,3,3
2004,290002,1,1,0,0,0,0,0,0,0,0,0,0
2004,290003,1,1,0,0,0,0,0,0,0,0,0,0
2004,290003,2,1,0,0,0,0,0,0,0,0,0,0
2004,290004,1,1,5,10,12,0,0,10,29,0,26,0
2004,290004,2,1,6,6,6,6,6,6,6,6,6,6
2004,290005,1,1,0,0,0,0,0,0,0,0,0,0
2004,290006,1,1,26,26,26,26,26,26,26,26,26,26
2004,290006,2,1,13,10,0,0,0,0,0,0,0,0
2004,290007,1,1,9,9,9,9,9,9,9,9,9,9
2004,290007,2,1,29,29,29,29,29,29,29,29,29,29
2004,290008,1,1,0,0,0,0,0,0,0,0,0,0
2004,290009,1,1,0,0,0,0,0,0,0,0,0,0
2004,290009,2,1,0,0,0,0,0,0,0,0,0,0
2004,290009,3,1,0,0,0,0,0,0,0,0,0,0
2004,290010,1,1,0,0,0,0,0,0,0,0,0,0
2004,290010,2,1,29,0,0,0,0,0,0,0,0,0
2004,290011,1,1,0,0,0,0,0,0,0,0,0,0
2004,290011,2,1,0,0,0,0,0,0,0,16,0,0
2004,290012,1,1,0,0,0,0,0,0,0,0,0,0
2004,290012,2,1,0,0,0,0,0,0,0,0,0,0
2004,290013,1,1,19,19,19,19,19,19,19,19,19,19
2004,290014,1,1,0,11,0,0,0,0,0,0,0,0
2004,290014,2,1,0,0,0,0,0,0,0,0,0,0
2004,290015,0,1,0,0,0,0,0,0,0,0,0,0
2004,290015,1,1,0,0,0,0,0,0,0,10,0,16
2004,290016,1,1,25,25,25,25,25,25,25,25,25,25
2004,290016,2,1,0,0,0,0,0,0,0,0,0,0
2004,290016,3,1,0,0,0,0,0,0,0,0,0,0
2004,290017,1,1,0,0,0,0,0,0,0,0,0,0
2004,290017,2,1,0,0,18,0,0,0,8,0,0,0
2004,290018,1,1,0,0,0,0,0,0,0,0,0,0
2004,290019,1,1,0,0,0,0,0,0,0,0,0,2
2004,290019,2,1,0,0,0,0,0,0,14,0,0,0
2004,290020,1,1,0,0,0,0,0,0,0,0,0,0
2004,290021,1,1,14,20,20,0,0,0,20,0,18,18
2004,290022,1,1,30,30,30,30,30,30,30,30,30,30
2004,290023,0,1,0,0,0,0,0,0,0,0,0,0
2004,290023,1,1,0,0,0,0,0,0,0,0,0,0
2004,290024,1,1,11,11,11,11,11,11,11,11,11,11
2004,290025,1,1,0,0,0,0,0,0,0,0,0,0
2004,290026,1,1,36,36,36,36,36,36,36,36,36,36
2004,290026,2,1,0,0,0,0,0,0,0,0,0,0
2004,290026,3,1,0,0,0,0,0,0,0,0,0,0
2004,290027,1,1,0,0,26,0,0,0,16,0,0,0
2004,290027,2,1,0,0,0,0,0,0,0,0,0,0
2004,290027,3,1,0,0,0,0,0,0,0,0,0,0
2004,290028,0,1,0,0,0,0,0,0,0,0,0,0
2004,290028,1,1,23,12,0,0,0,0,5,0,0,0
2004,290029,1,1,0,0,0,0,0,0,0,0,0,0
2004,290030,1,1,0,0,0,0,0,0,0,0,0,0
2004,290031,1,1,0,0,0,0,0,0,0,0,0,0
2004,290031,2,1,0,0,0,0,0,0,0,0,0,0
2004,290032,1,1,0,0,0,0,0,0,0,0,0,0
2004,290032,2,1,0,0,0,0,0,0,0,0,0,0
2004,290033,1,1,0,0,0,0,0,0,0,21,14,24
2004,290034,1,1,0,0,0,0,0,0,0,0,0,0
2004,290034,2,1,0,0,0,0,0,0,0,0,0,0
2004,290035,1,1,0,0,0,0,0,11,0,0,0,0
2004,290035,2,1,0,0,0,0,0,0,0,0,0,0
2004,290036,1,1,0,0,0,0,0,0,0,0,0,0
2004,290036,2,1,0,0,0,0,4,0,0,14,0,0
2004,290036,3,1,0,0,0,0,0,0,0,0,0,0
2004,290037,1,1,6,18,13,0,21,21,18,15,15,9
2004,290038,1,1,23,23,23,23,23,23,23,23,23,23
2004,290038,2,1,8,8,8,8,8,8,8,8,8,8
2004,290039,1,1,12,12,12,12,12,12,12,12,12,12
2004,290040,1,1,22,22,22,22,22,22,22,22,22,22
2004,290041,1,1,30,30,30,30,30,30,30,30,30,30
2004,290042,1,1,0,0,0,0,0,0,0,0,0,0
2004,290042,2,1,0,15,0,0,20,40,0,0,17,0
2004,290043,1,1,0,0,0,0,0,0,0,0,0,0
2004,290043,2,1,0,0,0,0,0,0,0,0,0,0
2004,290044,1,1,0,0,0,0,0,0,0,0,0,0
2004,290044,2,1,0,0,0,0,0,0,0,0,0,0
2004,290045,1,1,0,0,0,0,0,0,0,0,0,0
2004,290045,2,1,0,0,0,0,0,0,0,0,0,0
2004,290046,1,1,0,0,0,0,0,0,0,0,0,0
2004,290046,2,1,0,0,0,0,0,0,0,0,0,0
2004,290047,1,1,15,15,15,15,15,15,15,15,15,15
2004,290048,1,1,0,0,0,0,0,7,0,0,0,18
2004,290049,1,1,10,3,0,7,0,0,15,0,0,0
2004,290050,1,1,15,0,16,0,0,0,6,0,0,11
2004,290051,1,1,1,1,1,1,1,1,1,1,1,1
2004,290052,1,1,0,0,0,0,0,0,0,0,0,0
2004,290052,2,1,0,0,0,0,0,0,0,0,0,0
2004,290053,1,1,0,0,0,0,0,0,0,0,0,0
2004,290054,1,1,11,11,11,11,11,11,11,11,11,11
2004,290054,2,1,0,0,0,0,0,0,0,0,0,0
2004,290055,1,1,22,19,18,4,0,0,0,0,0,18
2004,290056,1,1,0,0,0,0,0,0,0,13,0,0
2004,290056,2,1,0,0,0,0,0,0,0,0,0,0
2004,290056,3,1,0,0,0,0,0,0,0,29,0,0
2004,290057,1,1,0,0,0,0,0,0,0,0,0,0
2004,290058,1,1,0,10,13,14,30,0,0,15,0,14
2004,290059,1,1,0,0,0,0,0,0,0,0,0,0
2004,290059,2,1,0,0,0,0,0,0,0,0,0,0
2004,290059,3,1,0,0,0,1,0,0,0,0,0,0
2004,290060,1,1,0,0,0,0,0,0,0,0,0,0
2004,290061,1,1,7,7,7,7,7,7,7,7,7,7
2004,290062,1,1,0,0,0,0,0,0,0,0,10,0
2004,290062,2,1,13,13,13,13,13,13,13,13,13,13
2004,290063,1,1,17,17,17,17,17,17,17,17,17,17
2004,290064,1,1,24,24,24,24,24,24,24,24,24,24
2004,290065,1,1,0,0,0,0,0,0,0,0,0,0
2004,290066,1,1,0,0,0,0,0,0,0,0,0,0
2004,290067,1,1,0,0,0,0,0,0,0,0,0,0
2004,290067,2,1,0,0,0,0,0,0,0,0,0,0
2004,290068,1,1,0,0,0,0,0,0,0,0,0,0
2004,290068,2,1,0,0,0,0,0,0,0,0,0,0
2004,290069,1,1,0,0,0,0,0,0,0,0,0,0
2004,290069,2,1,0,0,0,0,0,0,0,0,0,0
2004,290070,1,1,17,17,17,17,17,17,17,17,17,17
2004,290071,1,1,0,0,0,0,0,0,0,0,0,0
2004,290072,1,1,19,19,19,19,19,19,19,19,19,19
2004,290073,1,1,0,0,26,0,24,0,0,0,0,0
2004,290074,1,1,0,0,0,0,0,0,0,0,16,0
2004,290074,2,1,0,0,0,0,0,0,0,0,0,0
2004,290075,1,1,0,0,0,0,0,0,0,0,0,0
2004,290075,2,1,0,0,0,0,0,0,0,0,0,0
2004,290076,1,1,0,0,0,0,0,0,0,0,0,0
2004,290076,2,1,0,0,0,0,0,0,0,0,0,0
2004,290077,1,1,0,0,0,0,0,0,0,0,0,0
2004,290077,2,1,0,0,0,0,0,0,0,0,0,0
2004,290078,1,1,0,0,0,0,0,0,0,0,0,0
2004,290078,2,1,0,0,0,0,0,0,0,0,0,0
2004,290079,1,1,0,0,0,0,0,0,0,0,0,0
2004,290079,2,1,0,0,0,0,0,0,0,0,0,0
2004,290080,1,1,11,0,0,0,0,0,0,0,0,0
2004,290080,2,1,0,0,0,0,0,0,0,0,0,0
2004,290081,1,1,0,0,13,0,0,0,0,0,0,0
2004,290081,2,1,0,0,0,0,0,0,0,0,0,0
2004,290082,0,1,0,0,0,0,0,0,0,0,3,0
2004,290082,1,1,0,0,0,0,0,0,0,0,0,0
2004,290083,1,1,0,0,0,0,0,0,0,0,0,0
2004,290084,1,1,0,0,0,0,0,0,0,0,0,0
2004,290085,1,1,0,0,0,0,0,0,0,0,0,0
2004,290086,1,1,0,0,0,0,0,0,0,0,0,0
2004,290086,2,1,0,0,0,0,21,0,0,10,0,0
2004,290087,1,1,14,19,25,18,18,0,28,28,12,0
2004,290088,1,1,0,0,0,0,0,0,0,0,0,0
2004,290088,2,1,0,0,0,0,0,0,0,0,0,0
2004,290089,1,1,0,0,0,0,0,0,0,0,0,0
2004,290090,0,1,0,0,0,0,0,0,0,0,0,0
2004,290090,1,1,0,0,0,0,0,0,0,0,0,0
2004,290091,1,1,0,0,0,0,0,0,0,0,0,0
2004,290092,1,1,0,0,0,0,0,0,0,0,0,0
2004,290092,2,1,0,0,0,0,11,0,0,0,0,12
2004,290093,1,1,0,0,0,0,0,0,0,0,0,0
2004,290093,2,1,0,0,0,0,0,0,0,0,0,0
2004,290094,1,1,0,0,0,0,0,0,0,0,0,0
2004,290094,2,1,0,0,0,0,0,0,0,0,0,0
2004,290094,3,1,0,0,0,0,0,0,0,0,0,0
2004,290095,1,1,0,0,0,0,0,0,0,0,0,0
2004,290095,2,1,28,0,0,0,7,0,0,0,13,0
2004,290096,1,1,10,10,10,10,10,10,10,10,10,10
2004,290097,1,1,0,0,0,0,0,0,0,0,0,0
2004,290098,1,1,20,20,20,20,20,20,20,20,20,20
2004,290098,2,1,0,0,0,11,0,0,0,0,0,23
2004,290098,3,1,0,3,12,20,0,13,31,0,0,0
2004,290099,1,1,19,19,19,19,19,19,19,19,19,19
2004,290100,1,1,5,5,5,5,5,5,5,5,5,5
2004,290100,2,1,0,0,0,0,0,0,0,0,0,0
2004,290101,1,1,0,0,0,0,0,0,0,0,0,0
2004,290102,1,1,31,31,31,31,31,31,31,31,31,31
2004,290103,1,1,0,0,0,0,0,0,0,0,0,0
2004,290104,1,1,0,0,0,0,0,15,0,8,0,13
2004,290104,2,1,0,0,0,0,0,0,0,0,0,0
2004,290105,1,1,10,10,10,10,10,10,10,10,10,10
2004,290106,1,1,12,12,12,12,12,12,12,12,12,12
2004,290107,1,1,0,0,0,0,0,0,0,0,0,0
2004,290108,1,1,0,0,0,0,0,0,0,0,0,0
2004,290108,2,1,0,0,0,0,0,0,0,0,0,0
2004,290109,1,1,24,24,24,24,24,24,24,24,24,24
2004,290110,1,1,0,0,0,0,0,0,0,0,0,0
2004,290110,2,1,0,0,0,0,0,0,0,0,0,0
2004,290110,3,1,0,0,0,0,0,0,0,0,0,0
2004,290111,1,1,0,0,0,0,0,0,0,0,0,0
2004,290111,2,1,0,0,0,0,0,0,0,0,0,0
2004,290112,1,1,27,10,31,31,5,13,8,19,10,0
2004,290113,1,1,24,24,24,24,24,24,24,24,24,24
2004,290114,1,1,17,25,18,12,14,0,22,26,8,31
2004,290114,2,1,0,0,0,0,0,0,0,0,0,0
2004,290115,1,1,0,0,0,0,0,0,0,0,0,0
2004,290116,1,1,19,19,19,19,19,19,19,19,19,19
2004,290117,1,1,10,10,10,10,10,10,10,10,10,10
2004,290118,1,1,19,19,19,19,19,19,19,19,19,19
2004,290118,2,1,0,0,0,0,8,0,0,5,0,0
2004,290119,1,1,24,24,24,24,24,24,24,24,24,24
2004,290120,1,1,0,0,0,0,0,0,0,0,0,0
2004,290120,2,1,0,0,0,0,0,0,0,0,0,0
2004,290121,0,1,0,0,0,0,0,0,0,0,0,0
2004,290121,1,1,0,0,0,0,0,0,0,0,0,0
2004,290122,1,1,0,0,0,0,0,0,0,0,0,0
2004,290122,2,1,0,0,0,0,0,0,0,0,0,0
2004,290123,1,1,0,0,0,0,0,0,0,0,0,0
2004,290123,2,1,0,0,0,0,0,0,0,0,0,0
2004,290124,1,1,10,0,0,21,0,0,0,0,0,17
2004,290124,2,1,5,5,5,5,5,5,5,5,5,5
2004,290125,1,1,0,0,0,14,0,0,0,9,0,0
2004,290126,1,1,0,0,0,0,0,0,0,0,0,20
2004,290127,1,1,23,23,23,23,23,23,23,23,23,23
2004,290127,2,1,0,0,0,0,0,0,0,0,0,0
2004,290128,1,1,1,1,1,1,1,1,1,1,1,1
2004,290128,2,1,0,0,0,0,0,0,0,0,0,0
2004,290129,1,1,20,20,20,20,20,20,20,20,20,20
2004,290129,2,1,0,0,10,9,0,0,0,5,15,0
2004,290129,3,1,22,0,15,0,21,0,0,15,0,0
2004,290131,1,1,20,20,20,20,20,20,20,20,20,20
2004,290132,1,1,30,30,30,30,30,30,30,30,30,30
2004,290133,1,1,0,0,0,0,0,0,0,0,0,0
2004,290134,1,1,0,0,0,0,0,0,0,0,0,0
2004,290135,1,1,26,26,26,26,26,26,26,26,26,26
2004,290136,1,1,0,0,0,0,0,0,0,0,0,0
2004,290136,2,1,0,0,0,0,0,0,0,0,0,0
2004,290137,1,1,0,18,0,0,18,0,0,0,0,0
2004,290137,2,1,6,6,6,6,6,6,6,6,6,6
2004,290138,1,1,17,17,17,17,17,17,17,17,17,17
2004,290139,1,1,16,16,16,16,16,16,16,16,16,16
2004,290139,2,1,0,0,0,0,0,0,0,0,0,0
2004,290139,3,1,0,0,0,0,0,0,0,0,0,0
2004,290140,1,1,0,0,0,0,0,0,0,0,0,0
2004,290140,2,1,0,0,0,0,0,0,0,0,0,0
2004,290141,1,1,0,0,0,0,0,0,0,0,0,0
2004,290141,2,1,0,0,0,0,0,0,0,0,0,0
2004,290142,1,1,1,1,1,1,1,1,1,1,1,1
2004,290143,1,1,0,0,0,0,0,0,0,0,0,0
2004,290143,2,1,0,0,0,0,0,0,0,0,0,0
2004,290143,3,1,0,0,0,0,0,0,0,0,0,0
2004,290144,1,1,0,0,0,0,0,0,0,11,0,0
2004,290145,1,1,0,0,0,0,0,0,0,0,0,0
2004,290146,1,1,14,14,14,14,14,14,14,14,14,14
2004,290146,2,1,0,0,0,0,0,0,0,0,24,0
2004,290147,1,1,0,0,0,0,0,0,0,0,0,0
2004,290148,1,1,0,0,0,0,0,0,0,0,0,0
2004,290148,2,1,14,14,14,14,14,14,14,14,14,14
2004,290149,1,1,0,7,0,0,0,0,27,0,0,0
2004,290149,2,1,0,0,0,0,0,0,0,0,0,0
2004,290150,0,1,23,23,23,23,23,23,23,23,23,23
2004,290150,1,1,0,0,0,0,0,0,0,0,0,0
2004,290151,2,1,0,0,0,0,0,0,0,0,0,0
2004,290152,1,1,20,20,20,20,20,20,20,20,20,20
2004,290153,1,1,37,37,37,37,37,37,37,37,37,37
2004,290154,1,1,0,0,0,0,0,0,0,0,0,0
2004,290156,1,1,0,0,0,0,0,0,0,0,0,0
2004,290156,2,1,0,0,0,0,0,0,0,0,0,0
2004,290157,1,1,0,0,0,0,0,0,0,0,0,0
2004,290157,2,1,4,4,4,4,4,4,4,4,4,4
2004,290158,1,1,0,0,0,0,0,0,0,0,0,0
2004,290159,1,1,0,0,0,0,0,0,0,0,0,0
2004,290160,1,1,7,16,28,14,37,24,11,14,29,17
2004,290161,1,1,18,18,18,18,18,18,18,18,18,18
2004,290161,2,1,0,0,0,0,0,0,0,0,0,0
2004,290162,1,1,10,10,10,10,10,10,10,10,10,10
2004,290163,1,1,16,16,16,16,16,16,16,16,16,16
2004,290164,1,1,0,0,0,0,0,0,0,0,0,0
2004,290164,2,1,0,0,0,0,0,0,0,0,0,0
2004,290165,1,1,0,16,0,0,0,0,0,0,0,0
2004,290165,2,1,0,0,0,0,9,0,0,0,0,0
2004,290165,3,1,0,0,0,0,0,0,0,0,0,0
2004,290166,1,1,0,0,19,21,18,25,31,0,25,15
2004,290167,1,1,25,25,25,25,25,25,25,25,25,25
2004,290168,0,1,24,24,24,24,24,24,24,24,24,24
2004,290168,2,1,0,0,0,0,0,0,0,0,0,0
2004,290168,3,1,0,0,0,0,0,0,0,0,0,0
2004,290169,1,1,2,2,2,2,2,2,2,2,2,2
2004,290170,1,1,12,12,12,12,12,12,12,12,12,12
2004,290171,1,1,0,0,0,0,0,0,0,0,0,0
2004,290172,1,1,0,0,0,0,0,0,0,0,0,0
2004,290173,0,1,0,0,38,0,23,6,0,25,0,13
2004,290173,1,1,0,0,0,0,0,0,0,0,0,0
2004,290174,1,1,10,10,10,10,10,10,10,10,10,10
2004,290175,1,1,16,16,16,16,16,16,16,16,16,16
2004,290176,1,1,15,15,15,15,15,15,15,15,15,15
2004,290177,1,1,25,25,25,25,25,25,25,25,25,25
2004,290177,2,1,9,0,0,0,0,0,0,0,20,0
2004,290178,1,1,14,22,8,12,14,0,20,9,10,17
2004,290178,2,1,17,17,17,17,17,17,17,17,17,17
2004,290179,1,1,23,0,0,0,10,0,0,0,0,8
2004,290180,1,1,24,24,24,24,24,24,24,24,24,24
2004,290181,1,1,0,0,0,0,0,0,0,0,0,0
2004,290181,2,1,0,0,0,0,0,0,0,0,0,0
2004,290182,1,1,0,0,0,0,0,0,0,0,0,0
2004,290183,1,1,17,17,17,17,17,17,17,17,17,17
2004,290183,2,1,0,0,0,0,0,0,0,0,0,0
2004,290184,1,1,0,0,0,0,0,0,0,0,0,0
2004,290185,1,1,0,0,0,0,0,0,11,0,0,0
2004,290185,2,1,0,0,0,0,0,0,0,0,0,0
2004,290186,1,1,26,26,26,26,26,26,26,26,26,26
2004,290187,1,1,0,0,0,0,0,0,0,0,0,0
2004,290188,1,1,0,0,0,0,13,0,0,0,0,0
2004,290188,2,1,0,0,0,0,0,0,0,0,0,0
2004,290189,1,1,0,0,0,0,0,0,0,0,0,0
2004,290189,2,1,0,0,0,0,0,0,15,0,0,0
2004,290190,1,1,0,0,0,0,0,0,0,0,0,0
2004,290191,1,1,0,0,0,0,0,0,0,0,0,0
2004,290192,1,1,0,0,0,0,0,0,0,0,0,0
2004,290192,2,1,0,0,0,0,0,0,0,0,0,0
2004,290193,1,1,0,0,0,0,0,0,0,0,0,0
2004,290193,2,1,0,0,0,0,0,0,0,0,0,0
2004,290194,1,1,0,0,0,0,0,0,0,0,0,0
2004,290196,1,1,0,0,0,0,0,0,0,0,0,0
2004,290196,2,1,0,0,0,0,0,0,0,0,0,0
2004,290197,1,1,0,13,11,0,0,0,0,16,0,0
2004,290198,1,1,28,28,28,28,28,28,28,28,28,28
2004,290199,1,1,0,0,0,0,0,0,0,0,0,0
2004,290199,2,1,0,0,0,0,0,0,0,0,0,0
2004,290200,1,1,0,0,0,0,0,0,0,0,0,22
2004,290200,2,1,0,0,0,0,0,0,0,0,0,0
2004,290201,1,1,21,21,21,21,21,21,21,21,21,21
2004,290201,2,1,0,0,0,0,0,0,0,0,0,0
2004,290202,1,1,0,0,0,0,0,0,0,0,0,0
2004,290202,2,1,0,0,0,0,0,0,0,0,0,0
2004,290203,1,1,16,16,16,16,16,16,16,16,16,16
2004,290204,1,1,0,0,0,0,0,0,0,0,0,0
2004,290204,2,1,0,10,0,0,9,0,0,0,0,0
2004,290204,3,1,0,0,0,0,0,0,0,0,0,12
2004,290205,1,1,0,0,0,0,0,0,0,0,0,0
2004,290206,1,1,19,0,25,0,15,0,6,21,0,0
2004,290207,1,1,0,0,0,0,0,0,0,0,0,0
2004,290207,2,1,0,0,0,0,0,0,0,0,0,0
2004,290208,1,1,0,0,0,0,0,0,0,0,0,0
2004,290208,2,1,0,0,0,0,0,0,0,0,0,0
2004,290209,1,1,21,21,21,21,21,21,21,21,21,21
2004,290210,1,1,0,0,0,0,0,0,0,0,0,0
2004,290210,2,1,0,0,0,0,0,0,0,0,0,0
2004,290211,1,1,0,0,0,0,0,0,0,0,0,0
2004,290211,2,1,0,0,0,0,0,0,0,0,0,0
2004,290212,1,1,0,0,0,0,0,0,0,0,0,0
2004,290213,1,1,0,0,0,0,0,0,0,0,0,0
2004,290214,1,1,0,0,0,0,0,0,0,0,0,0
2004,290215,0,1,0,0,0,0,0,0,0,0,0,0
2004,290215,1,1,0,0,0,0,0,0,0,0,0,0
2004,290216,0,1,7,7,7,7,7,7,7,7,7,7
2004,290216,1,1,0,0,0,0,0,0,0,0,0,6
2004,290217,1,1,0,0,0,0,11,0,0,0,0,0
2004,290218,1,1,8,8,8,8,8,8,8,8,8,8
2004,290219,1,1,24,24,24,24,24,24,24,24,24,24
2004,290220,1,1,0,0,0,0,0,0,0,0,0,0
2004,290220,2,1,0,10,0,0,0,0,0,0,10,5
2004,290220,3,1,5,12,0,0,0,9,0,0,0,0
2004,290221,1,1,0,0,0,0,0,0,0,0,0,0
2004,290222,1,1,0,0,0,0,0,0,0,0,0,0
2004,290222,2,1,0,0,0,14,0,0,0,0,0,0
2004,290223,1,1,11,11,11,11,11,11,11,11,11,11
2004,290224,0,1,0,0,0,0,0,0,0,0,0,0
2004,290224,1,1,15,15,15,15,15,15,15,15,15,15
2004,290225,1,1,10,10,10,10,10,10,10,10,10,10
2004,290226,1,1,0,0,0,0,0,0,0,0,0,0
2004,290226,2,1,0,0,0,0,0,0,0,0,0,0
2004,290227,1,1,8,0,20,35,0,20,0,0,0,23
2004,290228,1,1,0,0,0,0,0,0,0,0,0,0
2004,290229,1,1,0,0,0,0,0,0,0,0,0,0
2004,290229,2,1,0,0,0,0,0,0,0,0,0,0
2004,290230,1,1,0,6,0,0,0,0,0,0,9,0
2004,290230,2,1,0,0,0,0,0,0,0,0,0,0
2004,290231,1,1,0,0,0,0,0,0,0,0,0,0
2004,290232,1,1,58,58,58,58,58,58,58,58,58,58
2004,290233,1,1,27,27,27,27,27,27,27,27,27,27
2004,290234,1,1,0,0,0,0,0,0,0,0,0,0
2004,290235,1,1,14,14,14,14,14,14,14,14,14,14
2004,290236,1,1,0,0,0,0,0,0,0,0,0,0
2004,290236,2,1,0,0,0,0,0,0,0,0,0,0
2004,290239,1,1,0,0,0,0,0,0,0,0,0,0
2004,290240,1,1,0,0,0,0,0,0,0,0,0,0
2004,290241,1,1,0,38,25,0,11,0,0,21,0,16