YEAR,ST_CASE,veh_no,per_no,P1,P2,P3,P4,P5,P6,P7,P8,P9,P10
2004,290242,1,1,17,17,17,17,17,17,17,17,17,17
2004,290243,1,1,8,20,0,0,27,17,18,0,0,22
2004,290244,1,1,14,14,14,14,14,14,14,14,14,14
2004,290246,1,1,27,27,27,27,27,27,27,27,27,27
2004,290247,1,1,0,0,9,0,0,0,0,0,0,0
2004,290247,2,1,0,0,0,0,0,0,0,0,0,0
2004,290247,3,1,0,0,0,0,0,0,0,0,0,0
2004,290248,1,1,0,0,0,0,0,0,0,0,0,0
2004,290248,2,1,0,0,0,0,0,0,0,0,0,0
2004,290249,1,1,0,0,0,0,0,0,0,0,0,0
2004,290250,1,1,8,0,0,0,0,0,22,0,0,27
2004,290251,0,1,25,25,25,25,25,25,25,25,25,25
2004,290251,1,1,0,0,0,0,0,0,0,0,0,9
2004,290252,1,1,0,0,0,0,0,0,0,0,0,0
2004,290252,2,1,0,0,0,0,0,0,0,0,0,0
2004,290253,1,1,0,0,0,0,0,0,0,0,0,0
2004,290253,2,1,0,0,0,0,0,0,0,0,0,0
2004,290254,1,1,11,11,11,11,11,11,11,11,11,11
2004,290255,1,1,0,0,0,0,0,0,0,0,0,0
2004,290255,2,1,0,0,0,0,7,0,0,0,0,5
2004,290256,1,1,0,0,0,0,0,0,0,0,0,0
2004,290256,2,1,26,26,26,26,26,26,26,26,26,26
2004,290257,1,1,12,12,12,12,12,12,12,12,12,12
2004,290258,1,1,0,0,0,0,0,0,0,0,0,0
2004,290258,2,1,0,0,0,0,0,0,0,0,0,0
2004,290259,1,1,0,0,0,0,0,0,0,0,0,0
2004,290260,1,1,0,0,0,0,0,0,0,0,0,0
2004,290261,1,1,0,0,0,0,0,0,0,0,0,0
2004,290261,2,1,0,0,0,0,0,0,0,0,0,0
2004,290262,1,1,0,0,0,0,0,0,0,0,0,0
2004,290263,0,1,28,28,28,28,28,28,28,28,28,28
2004,290263,1,1,0,0,0,0,0,0,0,0,0,0
2004,290264,1,1,17,17,17,17,17,17,17,17,17,17
2004,290264,2,1,0,24,12,0,7,13,0,7,0,0
2004,290264,3,1,31,0,0,0,0,0,10,0,0,0
2004,290264,4,1,20,0,20,14,0,0,0,0,7,0
2004,290265,1,1,21,21,21,21,21,21,21,21,21,21
2004,290267,0,1,0,0,0,0,0,0,0,0,0,0
2004,290267,1,1,8,0,0,0,0,0,0,0,0,0
2004,290268,1,1,25,25,25,25,25,25,25,25,25,25
2004,290268,2,1,0,0,0,0,0,0,0,0,0,0
2004,290269,1,1,0,0,0,0,0,0,0,0,0,0
2004,290269,2,1,0,0,0,17,34,0,0,0,0,0
2004,290269,3,1,0,0,0,0,0,0,0,0,0,0
2004,290269,4,1,5,0,0,0,0,0,0,0,0,0
2004,290270,1,1,0,0,0,0,0,0,0,0,0,0
2004,290270,2,1,0,0,0,0,0,0,0,0,0,0
2004,290271,1,1,0,0,0,0,30,0,0,24,9,0
2004,290271,2,1,0,0,0,0,0,0,0,0,0,0
2004,290272,1,1,0,0,0,0,0,0,0,0,0,0
2004,290273,1,1,0,0,0,0,0,0,0,0,0,0
2004,290273,2,1,0,0,0,0,0,0,0,0,0,0
2004,290274,1,1,0,0,0,0,0,0,0,0,14,0
2004,290274,2,1,0,0,0,0,0,0,0,0,0,0
2004,290275,1,1,0,0,0,0,0,0,0,0,0,0
2004,290275,2,1,0,0,0,0,0,0,0,0,0,0
2004,290275,3,1,0,0,0,0,0,0,0,0,0,0
2004,290276,0,1,0,0,0,0,0,0,0,0,0,0
2004,290276,1,1,0,0,0,0,0,0,0,0,0,0
2004,290277,0,1,0,0,0,0,0,0,0,0,0,0
2004,290277,1,1,0,0,0,0,0,0,0,0,0,0
2004,290278,1,1,0,0,0,0,0,0,0,0,0,0
2004,290279,1,1,0,0,15,0,4,4,16,0,0,0
2004,290280,1,1,0,0,0,0,0,0,0,0,0,0
2004,290281,1,1,0,0,0,5,0,0,0,0,0,0
2004,290281,2,1,0,0,0,0,0,0,0,0,0,0
2004,290282,1,1,0,0,0,0,0,0,0,0,0,0
2004,290282,2,1,0,0,0,0,0,0,0,0,0,0
2004,290283,1,1,0,0,0,0,0,13,13,0,0,0
2004,290284,0,1,0,0,11,0,0,0,0,0,0,0
2004,290284,1,1,23,23,23,23,23,23,23,23,23,23
2004,290285,1,1,0,0,0,0,0,0,0,0,0,0
2004,290285,2,1,0,0,0,0,0,0,0,0,0,0
2004,290285,3,1,0,0,0,0,0,0,0,0,0,0
2004,290286,1,1,17,17,17,17,17,17,17,17,17,17
2004,290287,1,1,0,0,0,0,0,0,0,0,0,0
2004,290288,1,1,0,0,0,0,0,0,0,0,0,0
2004,290288,2,1,0,0,0,0,0,0,0,0,0,0
2004,290288,3,1,0,0,0,0,0,0,0,0,0,0
2004,290288,4,1,0,0,0,0,0,0,0,0,0,0
2004,290289,1,1,0,0,0,21,17,14,0,0,0,0
2004,290290,1,1,0,0,0,0,0,0,0,0,0,0
2004,290291,1,1,0,0,0,12,0,0,0,0,0,0
2004,290292,1,1,4,9,7,18,0,12,32,5,43,9
2004,290293,1,1,19,19,19,19,19,19,19,19,19,19
2004,290294,1,1,17,17,17,17,17,17,17,17,17,17
2004,290295,1,1,0,0,0,0,0,0,0,0,0,0
2004,290296,1,1,12,12,12,12,12,12,12,12,12,12
2004,290297,1,1,9,0,0,0,0,0,0,0,0,0
2004,290297,2,1,0,0,0,0,9,0,0,0,0,4
2004,290298,1,1,0,0,0,0,0,0,0,0,0,0
2004,290298,2,1,0,0,0,0,0,0,0,0,0,0
2004,290299,1,1,0,0,0,0,0,0,0,0,0,0
2004,290300,1,1,0,0,0,0,0,0,0,0,0,0
2004,290300,2,1,0,0,0,0,0,0,0,0,0,0
2004,290301,1,1,0,0,0,0,0,0,0,0,0,0
2004,290301,2,1,0,0,0,0,0,0,0,0,0,0
2004,290302,1,1,0,0,0,0,0,0,0,0,0,0
2004,290302,2,1,0,0,0,0,0,0,0,0,0,0
2004,290302,3,1,0,0,0,0,0,0,0,0,0,0
2004,290303,1,1,0,0,0,0,0,0,0,0,0,0
2004,290304,1,1,17,17,17,17,17,17,17,17,17,17
2004,290304,2,1,0,0,0,0,0,0,0,0,0,0
2004,290305,1,1,0,0,0,0,0,0,0,0,11,0
2004,290305,2,1,0,0,0,0,0,0,0,0,0,0
2004,290306,1,1,21,0,23,0,17,29,0,0,0,29
2004,290307,1,1,0,0,0,0,0,0,20,0,0,0
2004,290308,1,1,0,0,0,0,0,0,0,0,0,0
2004,290308,2,1,0,0,0,0,0,0,0,0,0,0
2004,290309,1,1,0,0,0,0,0,0,0,0,0,0
2004,290310,1,1,0,0,0,0,11,0,0,0,0,0
2004,290311,1,1,0,0,0,0,0,0,0,0,0,0
2004,290312,1,1,0,0,0,0,0,0,0,0,0,0
2004,290313,1,1,0,0,0,11,13,0,0,0,0,0
2004,290313,2,1,0,0,0,0,0,0,0,0,0,0
2004,290314,1,1,0,0,0,0,0,0,0,0,0,0
2004,290315,1,1,19,19,19,19,19,19,19,19,19,19
2004,290316,1,1,31,31,31,31,31,31,31,31,31,31
2004,290317,1,1,0,0,0,0,0,24,0,0,0,0
2004,290318,0,1,31,31,31,31,31,31,31,31,31,31
2004,290318,1,1,10,17,19,0,0,0,0,15,0,28
2004,290319,1,1,0,0,0,0,0,0,0,0,0,0
2004,290319,2,1,0,0,0,0,0,0,0,0,0,0
2004,290320,1,1,13,0,0,23,0,0,0,12,10,0
2004,290321,1,1,0,0,0,0,0,0,0,0,0,0
2004,290321,2,1,0,0,0,16,0,0,0,0,0,0
2004,290322,0,1,12,0,0,0,0,0,6,0,0,0
2004,290322,0,2,0,0,0,0,0,0,0,0,0,10
2004,290322,1,1,0,0,0,30,0,0,0,0,0,0
2004,290323,1,1,0,0,0,0,0,6,16,9,0,0
2004,290324,1,1,15,13,15,28,32,14,23,29,4,8
2004,290325,1,1,19,0,13,12,0,0,9,0,0,13
2004,290325,2,1,0,0,0,0,0,0,0,0,0,0
2004,290326,1,1,0,0,20,0,11,0,0,0,0,0
2004,290327,1,1,0,16,9,15,0,0,0,0,21,0
2004,290328,1,1,0,0,0,0,0,0,0,0,0,0
2004,290328,2,1,0,4,0,0,0,0,0,0,0,0
2004,290329,1,1,0,0,0,0,0,0,0,0,0,0
2004,290329,2,1,0,0,0,0,0,0,0,0,0,0
2004,290330,1,1,27,27,27,27,27,27,27,27,27,27
2004,290331,1,1,0,0,0,0,0,0,0,0,0,0
2004,290331,2,1,0,0,0,0,0,0,0,0,0,0
2004,290332,1,1,0,0,0,0,0,0,0,0,0,0
2004,290332,2,1,0,0,0,0,0,0,0,0,0,0
2004,290333,0,1,0,0,0,0,0,0,0,0,0,0
2004,290333,0,2,0,12,0,0,36,0,6,36,0,0
2004,290333,1,1,8,14,0,0,11,0,0,21,0,7
2004,290334,1,1,0,0,0,0,0,0,0,0,0,0
2004,290335,1,1,9,9,9,9,9,9,9,9,9,9
2004,290336,0,1,13,13,13,13,13,13,13,13,13,13
2004,290336,1,1,0,0,0,0,0,0,5,0,0,0
2004,290337,1,1,0,23,0,0,0,0,0,0,0,0
2004,290337,2,1,1,1,1,1,1,1,1,1,1,1
2004,290338,1,1,27,27,27,27,27,27,27,27,27,27
2004,290339,1,1,0,0,0,0,0,0,0,0,0,0
2004,290339,2,1,0,20,0,0,0,9,0,0,0,10
2004,290340,1,1,0,0,0,0,0,0,0,0,0,0
2004,290340,2,1,0,0,0,10,0,0,0,15,0,0
2004,290341,0,1,0,0,0,0,0,0,0,0,0,0
2004,290341,1,1,0,0,0,0,25,0,0,0,0,0
2004,290342,1,1,0,0,0,0,0,0,0,0,0,0
2004,290343,1,1,0,0,0,0,0,0,0,0,0,0
2004,290343,2,1,0,0,0,0,0,0,0,11,0,0
2004,290344,1,1,83,83,83,83,83,83,83,83,83,83
2004,290345,1,1,0,0,0,0,0,0,13,0,0,0
2004,290345,2,1,0,0,0,0,0,0,0,0,0,0
2004,290346,0,1,35,35,35,35,35,35,35,35,35,35
2004,290346,1,1,0,0,0,0,0,0,10,6,14,29
2004,290347,1,1,11,11,11,11,11,11,11,11,11,11
2004,290348,1,1,0,0,0,0,0,0,0,0,0,0
2004,290348,2,1,0,0,0,0,0,19,0,0,0,0
2004,290348,3,1,0,0,0,0,0,0,0,0,0,0
2004,290349,1,1,0,0,0,0,0,0,0,0,0,0
2004,290349,2,1,0,0,0,0,0,0,0,0,0,0
2004,290350,1,1,0,0,0,0,0,0,0,0,0,0
2004,290350,2,1,0,0,0,0,0,0,0,0,0,0
2004,290351,1,1,0,0,0,0,0,0,0,0,0,0
2004,290351,2,1,0,0,0,0,0,0,0,0,0,0
2004,290352,1,1,20,20,20,20,20,20,20,20,20,20
2004,290353,1,1,22,30,0,37,0,17,22,8,9,15
2004,290353,2,1,0,0,0,0,0,0,0,0,0,0
2004,290354,1,1,17,17,17,17,17,17,17,17,17,17
2004,290355,1,1,0,0,0,0,0,0,11,0,0,0
2004,290355,2,1,0,0,0,0,0,0,0,0,0,0
2004,290356,1,1,13,13,13,13,13,13,13,13,13,13
2004,290357,1,1,0,0,0,0,0,0,0,0,0,0
2004,290357,2,1,0,0,0,0,0,0,0,0,0,0
2004,290358,1,1,0,0,0,0,0,0,0,0,0,0
2004,290358,2,1,0,0,0,0,0,0,0,13,0,0
2004,290359,1,1,0,0,0,0,0,0,0,0,0,0
2004,290359,2,1,0,0,0,0,0,0,0,0,0,0
2004,290360,1,1,0,0,0,0,0,0,0,0,0,0
2004,290360,2,1,0,0,0,0,0,0,0,0,0,0
2004,290361,1,1,25,25,25,25,25,25,25,25,25,25
2004,290362,1,1,8,0,0,0,13,0,0,0,0,0
2004,290363,1,1,17,17,17,17,17,17,17,17,17,17
2004,290364,1,1,0,0,0,0,0,0,0,5,0,0
2004,290364,2,1,0,0,0,0,0,0,0,0,0,0
2004,290365,1,1,30,0,8,0,27,14,0,0,0,0
2004,290366,1,1,0,0,0,0,0,0,0,0,0,0
2004,290366,2,1,0,0,23,0,0,0,0,0,0,0
2004,290367,1,1,0,0,0,0,0,0,0,0,0,0
2004,290367,2,1,0,0,0,0,0,0,0,0,0,0
2004,290368,1,1,0,0,0,0,0,0,0,0,0,0
2004,290368,2,1,0,0,0,0,0,16,0,0,7,0
2004,290369,1,1,5,5,5,5,5,5,5,5,5,5
2004,290370,1,1,0,11,0,0,0,0,20,0,25,0
2004,290370,2,1,0,0,0,0,0,0,0,0,0,0
2004,290371,1,1,21,21,21,21,21,21,21,21,21,21
2004,290372,0,1,0,0,0,0,0,0,0,0,0,0
2004,290372,1,1,0,0,0,0,0,0,0,0,0,0
2004,290373,1,1,0,0,0,0,0,0,0,0,0,0
2004,290374,1,1,0,0,0,0,0,0,0,0,0,0
2004,290375,1,1,0,0,0,0,0,0,0,0,0,0
2004,290375,2,1,0,0,0,0,0,0,0,0,0,0
2004,290376,0,1,10,10,10,10,10,10,10,10,10,10
2004,290376,1,1,0,18,0,0,0,0,0,0,0,0
2004,290377,1,1,12,11,11,4,37,13,15,3,3,20
2004,290378,1,1,0,0,0,0,0,0,0,0,0,0
2004,290379,1,1,0,3,0,15,15,0,4,0,0,0
2004,290380,1,1,13,13,13,13,13,13,13,13,13,13
2004,290381,1,1,0,0,0,0,0,0,0,0,0,0
2004,290382,1,1,21,21,21,21,21,21,21,21,21,21
2004,290383,1,1,23,23,23,23,23,23,23,23,23,23
2004,290384,1,1,0,0,0,0,0,0,0,0,0,0
2004,290384,2,1,0,0,0,0,0,0,0,0,0,0
2004,290385,1,1,0,0,0,0,0,0,0,0,0,0
2004,290385,2,1,0,0,0,0,0,0,0,0,0,0
2004,290386,1,1,0,10,13,17,21,0,23,0,22,28
2004,290387,1,1,0,0,0,0,0,0,0,0,0,0
2004,290388,1,1,21,21,21,21,21,21,21,21,21,21
2004,290389,1,1,0,0,0,0,0,0,0,0,0,0
2004,290390,1,1,12,12,12,12,12,12,12,12,12,12
2004,290391,1,1,0,0,0,0,0,0,0,0,0,5
2004,290391,2,1,0,0,0,0,0,0,8,0,0,0
2004,290392,1,1,0,0,0,0,0,0,0,0,0,0
2004,290392,2,1,0,26,11,12,0,7,23,13,9,0
2004,290393,1,1,0,0,0,0,0,0,0,0,0,0
2004,290394,1,1,0,0,0,0,0,0,0,0,0,0
2004,290394,2,1,0,0,0,0,0,0,0,0,0,0
2004,290395,1,1,0,0,0,0,0,0,0,0,0,0
2004,290395,2,1,0,0,0,0,0,0,0,0,0,0
2004,290396,1,1,12,12,12,12,12,12,12,12,12,12
2004,290397,1,1,0,0,0,0,0,0,0,0,0,10
2004,290397,2,1,0,0,0,0,0,14,0,0,0,0
2004,290398,1,1,0,0,0,0,0,0,0,0,0,0
2004,290399,1,1,22,22,22,22,22,22,22,22,22,22
2004,290399,2,1,94,94,94,94,94,94,94,94,94,94
2004,290400,1,1,0,0,0,0,0,0,0,0,0,0
2004,290401,1,1,0,0,0,0,0,0,0,0,0,0
2004,290402,1,1,20,13,22,24,44,19,31,14,26,26
2004,290403,1,1,12,20,30,17,6,13,4,15,12,24
2004,290404,1,1,0,0,0,0,0,0,0,0,0,0
2004,290404,2,1,6,6,6,6,6,6,6,6,6,6
2004,290404,3,1,0,0,0,0,0,0,0,0,0,0
2004,290405,1,1,0,0,0,0,0,0,0,0,0,0
2004,290406,1,1,1,1,1,1,1,1,1,1,1,1
2004,290407,1,1,0,0,0,0,0,0,0,0,0,0
2004,290407,2,1,0,20,0,0,0,0,13,0,0,0
2004,290408,1,1,16,16,16,16,16,16,16,16,16,16
2004,290409,0,1,10,0,7,6,0,0,0,0,0,0
2004,290409,1,1,0,0,0,25,0,0,16,0,0,0
2004,290409,2,1,0,0,0,0,0,0,0,0,0,0
2004,290409,3,1,0,0,0,0,0,0,0,0,0,0
2004,290409,4,1,0,0,0,0,0,0,0,0,0,0
2004,290410,1,1,12,13,6,24,15,13,9,23,7,22
2004,290410,2,1,19,19,19,19,19,19,19,19,19,19
2004,290411,1,1,0,0,0,0,0,0,0,0,0,0
2004,290411,2,1,0,0,0,0,0,0,0,0,0,0
2004,290412,1,1,26,26,26,26,26,26,26,26,26,26
2004,290413,1,1,0,0,0,0,0,0,0,0,0,0
2004,290414,1,1,0,0,0,0,0,0,0,0,0,0
2004,290415,1,1,0,0,0,0,13,0,0,0,0,0
2004,290416,1,1,0,0,0,0,0,0,0,0,0,0
2004,290417,1,1,0,0,0,0,0,0,0,0,0,0
2004,290418,1,1,0,0,0,0,0,0,0,0,0,0
2004,290419,1,1,0,0,0,0,0,0,0,0,0,0
2004,290420,1,1,0,0,0,0,0,0,0,0,0,0
2004,290421,1,1,16,0,0,0,0,0,0,0,0,0
2004,290422,1,1,20,20,20,20,20,20,20,20,20,20
2004,290422,2,1,0,0,0,0,0,0,10,0,0,0
2004,290423,1,1,15,15,15,15,15,15,15,15,15,15
2004,290424,1,1,0,8,0,0,0,0,0,0,0,0
2004,290424,2,1,0,0,0,0,0,0,0,0,0,0
2004,290425,1,1,0,0,0,0,17,7,0,0,0,15
2004,290426,1,1,0,0,0,0,0,0,0,0,0,0
2004,290427,1,1,0,0,0,0,0,0,0,0,0,0
2004,290428,1,1,0,0,0,0,0,0,0,0,0,0
2004,290428,2,1,0,0,0,0,0,0,0,0,0,0
2004,290428,3,1,0,0,0,0,0,0,0,0,0,0
2004,290429,1,1,0,0,0,0,0,0,0,0,0,0
2004,290430,1,1,18,18,18,18,18,18,18,18,18,18
2004,290431,1,1,16,16,16,16,16,16,16,16,16,16
2004,290432,1,1,9,9,9,9,9,9,9,9,9,9
2004,290433,1,1,21,8,4,10,23,20,10,11,7,18
2004,290434,1,1,0,0,0,0,0,0,0,0,0,0
2004,290435,0,1,20,0,10,0,0,26,0,0,16,0
2004,290435,1,1,0,0,0,0,0,0,0,0,0,0
2004,290436,1,1,31,0,22,0,10,0,0,0,0,0
2004,290436,2,1,0,0,0,0,0,0,0,0,0,0
2004,290437,1,1,0,0,0,0,0,0,0,0,0,0
2004,290437,2,1,0,0,0,0,0,0,0,0,0,0
2004,290438,1,1,19,19,19,19,19,19,19,19,19,19
2004,290439,1,1,0,0,0,0,0,0,0,0,0,0
2004,290439,2,1,11,0,0,0,0,0,0,0,0,0
2004,290440,1,1,13,13,13,13,13,13,13,13,13,13
2004,290441,1,1,0,0,0,0,0,0,0,0,0,0
2004,290441,2,1,0,0,0,0,0,0,0,0,0,0
2004,290442,1,1,0,0,0,0,0,0,0,0,0,0
2004,290442,2,1,0,0,0,0,0,0,0,0,0,0
2004,290443,1,1,18,18,18,18,18,18,18,18,18,18
2004,290444,1,1,12,0,9,0,0,0,0,0,0,0
2004,290445,1,1,0,0,0,0,0,0,0,0,0,0
2004,290445,2,1,0,0,0,0,0,0,0,0,0,0
2004,290446,1,1,0,5,0,15,0,15,0,0,0,0
2004,290446,2,1,0,0,0,0,0,0,0,0,0,0
2004,290446,3,1,0,0,0,0,0,0,0,0,0,0
2004,290447,1,1,0,0,0,0,0,0,0,0,0,0
2004,290448,1,1,18,18,18,18,18,18,18,18,18,18
2004,290448,2,1,0,0,0,0,0,0,0,0,0,0
2004,290449,1,1,0,0,0,8,0,0,0,0,0,0
2004,290449,2,1,0,0,0,0,0,0,0,0,0,0
2004,290450,0,1,0,0,0,0,0,0,0,0,5,0
2004,290450,1,1,0,0,0,0,0,0,0,0,0,0
2004,290450,2,1,0,0,0,0,0,0,0,0,0,0
2004,290450,3,1,0,0,0,0,0,0,0,0,0,0
2004,290451,1,1,16,16,16,16,16,16,16,16,16,16
2004,290452,1,1,23,5,14,11,12,17,4,11,16,4
2004,290453,1,1,0,0,0,0,0,0,0,0,0,0
2004,290453,2,1,0,0,0,0,0,0,0,0,0,0
2004,290454,1,1,14,0,0,16,0,4,0,21,0,0
2004,290455,1,1,17,17,17,17,17,17,17,17,17,17
2004,290456,1,1,22,22,22,22,22,22,22,22,22,22
2004,290457,1,1,22,0,15,16,37,0,0,12,10,16
2004,290458,1,1,25,30,4,24,3,13,18,20,10,14
2004,290459,1,1,0,0,0,0,0,0,0,0,0,0
2004,290459,2,1,0,0,15,0,0,0,0,0,0,0
2004,290459,3,1,0,0,0,0,0,0,0,0,0,0
2004,290461,1,1,0,0,0,0,0,0,0,0,0,0
2004,290461,2,1,0,0,13,0,0,0,0,0,0,0
2004,290462,1,1,0,0,0,0,0,0,0,0,0,0
2004,290462,2,1,16,0,0,0,0,0,0,0,0,0
2004,290463,1,1,0,6,0,0,0,0,0,0,0,0
2004,290463,2,1,0,0,0,0,0,0,0,0,0,0
2004,290464,1,1,0,0,0,0,0,0,0,0,5,11
2004,290465,1,1,0,0,0,0,0,0,0,0,0,0
2004,290466,1,1,0,0,0,0,0,0,0,0,0,0
2004,290467,1,1,15,0,19,0,0,16,0,21,0,19
2004,290468,1,1,0,0,0,0,0,0,0,0,0,0
2004,290468,2,1,0,0,0,0,0,0,0,0,0,0
2004,290468,3,1,0,0,0,0,0,0,0,0,0,0
2004,290469,1,1,7,7,7,7,7,7,7,7,7,7
2004,290470,1,1,0,31,0,0,11,0,0,0,8,19
2004,290471,1,1,0,0,0,0,0,0,0,0,0,0
2004,290471,2,1,0,0,0,6,25,0,0,0,0,0
2004,290471,3,1,0,0,0,0,0,0,0,0,0,0
2004,290472,1,1,0,0,0,0,0,0,0,0,0,0
2004,290472,2,1,0,0,0,0,0,0,0,0,0,0
2004,290473,1,1,0,22,13,0,0,9,0,0,10,0
2004,290473,2,1,0,0,0,0,0,15,5,0,9,0
2004,290474,1,1,5,5,5,5,5,5,5,5,5,5
2004,290475,1,1,18,0,0,0,21,6,0,0,0,8
2004,290475,2,1,0,0,20,0,0,0,10,0,0,0
2004,290476,1,1,0,42,0,0,0,5,0,0,0,0
2004,290477,1,1,0,0,0,0,0,0,0,0,0,0
2004,290478,1,1,0,0,0,0,0,0,0,0,4,0
2004,290479,1,1,20,0,0,12,15,0,13,0,0,13
2004,290480,1,1,2,2,2,2,2,2,2,2,2,2
2004,290481,1,1,0,0,0,0,0,0,0,0,0,0
2004,290481,2,1,0,0,0,0,0,0,0,0,0,0
2004,290482,1,1,0,0,0,0,0,14,11,26,0,0
2004,290483,1,1,0,0,0,0,0,0,0,0,0,0
2004,290483,2,1,0,13,0,0,0,0,10,0,0,15
2004,290483,3,1,0,0,0,15,0,0,24,0,0,0
2004,290484,1,1,3,3,3,3,3,3,3,3,3,3
2004,290485,1,1,0,0,0,0,0,0,0,0,0,0
2004,290485,2,1,0,0,0,0,0,0,0,0,0,0
2004,290486,1,1,18,0,0,0,0,0,9,0,0,0
2004,290486,2,1,22,22,22,22,22,22,22,22,22,22
2004,290487,1,1,0,0,0,0,0,0,0,0,0,0
2004,290487,2,1,0,0,0,0,0,0,0,0,0,0
2004,290487,3,1,0,0,0,0,0,0,0,0,0,0
2004,290487,4,1,0,0,0,0,0,0,0,0,0,0
2004,290487,5,1,0,0,0,0,0,0,0,0,0,0
2004,290487,6,1,0,0,0,0,0,0,0,0,0,0
2004,290488,1,1,0,0,0,0,0,0,0,0,0,0
2004,290488,2,1,0,0,0,0,0,0,0,0,0,0
2004,290489,1,1,18,18,18,18,18,18,18,18,18,18
2004,290490,1,1,18,18,18,18,18,18,18,18,18,18
2004,290491,1,1,17,17,17,17,17,17,17,17,17,17
2004,290492,1,1,21,21,21,21,21,21,21,21,21,21
2004,290492,2,1,2,2,2,2,2,2,2,2,2,2
2004,290493,0,1,5,28,17,26,6,24,16,47,39,11
2004,290493,1,1,0,0,0,0,0,0,0,0,0,23
2004,290494,1,1,16,16,16,16,16,16,16,16,16,16
2004,290495,1,1,0,0,0,0,0,0,0,0,0,0
2004,290496,1,1,22,22,22,22,22,22,22,22,22,22
2004,290497,1,1,0,0,0,0,0,0,0,0,0,0
2004,290497,2,1,0,0,0,0,0,0,0,0,0,0
2004,290497,3,1,0,0,0,0,0,0,0,0,0,0
2004,290498,1,1,0,0,0,0,0,0,0,0,0,0
2004,290498,2,1,0,0,0,0,0,0,0,0,0,0
2004,290499,1,1,0,0,0,0,0,0,0,0,0,0
2004,290499,2,1,0,0,15,0,21,0,0,0,0,0
2004,290500,1,1,0,0,0,0,0,0,0,0,0,0
2004,290500,2,1,0,0,0,0,0,0,0,0,0,0
2004,290500,3,1,0,0,0,0,0,0,0,0,0,0
2004,290501,1,1,7,0,0,0,0,0,0,0,0,0
2004,290501,2,1,0,0,0,0,0,0,0,0,0,0
2004,290502,1,1,13,13,13,13,13,13,13,13,13,13
2004,290503,1,1,0,0,0,0,0,0,14,0,0,0
2004,290503,2,1,0,0,0,0,0,0,0,0,0,20
2004,290504,1,1,0,0,0,0,0,11,0,0,0,0
2004,290504,2,1,16,0,0,0,0,16,0,0,0,0
2004,290505,1,1,0,0,0,0,0,0,0,0,0,0
2004,290505,2,1,32,32,32,32,32,32,32,32,32,32
2004,290506,1,1,8,0,12,0,0,0,0,0,0,0
2004,290506,2,1,0,0,0,0,0,0,0,0,0,0
2004,290507,1,1,0,0,0,0,0,0,0,0,0,0
2004,290508,1,1,3,3,3,3,3,3,3,3,3,3
2004,290509,1,1,0,0,14,0,0,0,0,14,0,0
2004,290509,2,1,0,0,0,0,0,0,0,0,0,0
2004,290510,1,1,0,0,0,0,0,0,0,0,0,0
2004,290511,1,1,0,0,0,0,0,0,0,0,0,0
2004,290511,2,1,0,0,0,0,0,0,0,0,0,0
2004,290511,3,1,0,0,0,0,0,0,0,0,0,0
2004,290512,1,1,0,0,0,0,0,0,0,0,0,0
2004,290513,1,1,18,18,18,18,18,18,18,18,18,18
2004,290514,1,1,12,0,0,0,0,0,0,0,0,0
2004,290515,1,1,10,24,41,0,22,19,14,9,18,8
2004,290515,2,1,12,12,12,12,12,12,12,12,12,12
2004,290516,1,1,19,13,0,26,17,28,0,12,19,0
2004,290517,1,1,14,0,0,0,0,0,0,14,14,0
2004,290517,2,1,0,7,0,0,0,0,3,8,0,0
2004,290518,1,1,0,0,0,0,0,0,0,0,0,0
2004,290519,1,1,0,0,0,0,0,0,0,0,0,8
2004,290519,2,1,0,2,0,0,0,8,17,0,0,0
2004,290520,1,1,19,0,23,0,0,0,6,0,16,0
2004,290520,2,1,0,0,0,0,0,0,0,0,0,0
2004,290521,1,1,0,0,0,0,0,0,0,0,0,0
2004,290521,2,1,0,0,0,0,0,0,0,0,0,0
2004,290522,1,1,4,4,4,4,4,4,4,4,4,4
2004,290523,1,1,0,0,0,0,0,0,0,0,0,0
2004,290524,1,1,0,0,0,0,0,0,0,0,0,0
2004,290524,2,1,0,0,0,0,0,0,0,0,0,0
2004,290525,1,1,0,0,0,0,0,0,0,0,0,0
2004,290525,2,1,0,0,0,0,0,0,0,0,0,0
2004,290526,1,1,29,29,29,29,29,29,29,29,29,29
2004,290527,1,1,4,4,4,4,4,4,4,4,4,4
2004,290527,2,1,0,0,0,0,0,0,0,0,0,0
2004,290527,3,1,0,0,0,0,0,0,0,0,0,0
2004,290528,1,1,0,0,0,0,0,0,0,0,0,0
2004,290529,1,1,0,0,0,0,0,0,0,0,0,0
2004,290529,2,1,11,25,10,21,2,11,17,0,5,25
2004,290530,1,1,22,22,22,22,22,22,22,22,22,22
2004,290531,1,1,0,0,0,0,0,0,0,0,0,0
2004,290532,1,1,0,0,0,0,0,0,0,13,0,0
2004,290533,0,1,0,0,2,0,17,0,0,0,0,0
2004,290533,1,1,0,0,0,0,0,0,7,0,0,0
2004,290534,1,1,0,0,0,0,0,0,0,0,0,0