YEAR,ST_CASE,veh_no,per_no,P1,P2,P3,P4,P5,P6,P7,P8,P9,P10
2004,290534,2,1,0,0,0,0,0,0,0,0,0,0
2004,290535,0,1,20,20,20,20,20,20,20,20,20,20
2004,290535,1,1,0,0,0,0,0,0,0,0,0,0
2004,290536,1,1,12,12,12,12,12,12,12,12,12,12
2004,290536,2,1,0,0,0,0,0,0,0,0,0,0
2004,290537,1,1,0,0,0,0,0,0,0,0,0,0
2004,290537,2,1,0,0,0,0,0,0,0,0,0,11
2004,290537,3,1,0,0,0,0,0,0,0,0,0,0
2004,290538,1,1,15,15,15,15,15,15,15,15,15,15
2004,290538,2,1,15,15,15,15,15,15,15,15,15,15
2004,290539,1,1,21,14,26,15,36,22,0,20,22,23
2004,290540,1,1,1,1,1,1,1,1,1,1,1,1
2004,290541,1,1,14,14,14,14,14,14,14,14,14,14
2004,290542,1,1,0,0,0,0,0,0,0,0,0,0
2004,290543,1,1,0,0,0,0,0,0,0,0,0,0
2004,290544,1,1,0,0,0,0,0,0,0,0,0,0
2004,290544,2,1,0,0,0,0,0,0,0,0,0,0
2004,290545,1,1,23,23,23,23,23,23,23,23,23,23
2004,290546,1,1,16,16,16,16,16,16,16,16,16,16
2004,290547,1,1,0,0,0,0,0,0,0,0,0,0
2004,290548,1,1,15,14,0,0,0,0,14,0,0,0
2004,290549,1,1,18,18,18,18,18,18,18,18,18,18
2004,290550,1,1,23,23,23,23,23,23,23,23,23,23
2004,290551,1,1,15,15,15,15,15,15,15,15,15,15
2004,290552,1,1,0,0,0,0,0,0,0,0,0,0
2004,290552,2,1,0,0,0,0,0,0,0,0,0,0
2004,290553,0,1,0,0,0,0,0,0,0,0,0,0
2004,290553,1,1,37,0,0,0,9,0,0,0,0,0
2004,290554,1,1,0,36,26,0,15,0,0,0,0,0
2004,290555,1,1,0,0,0,0,0,0,0,0,0,0
2004,290555,2,1,0,0,0,0,0,0,0,0,0,0
2004,290556,1,1,0,0,0,0,0,0,0,0,0,0
2004,290557,1,1,0,0,0,0,0,0,0,0,0,0
2004,290557,2,1,0,0,23,20,22,0,0,6,26,0
2004,290558,1,1,14,0,0,0,0,0,0,0,0,0
2004,290559,1,1,8,27,17,38,27,24,0,0,15,17
2004,290560,1,1,15,14,26,27,19,7,26,9,26,16
2004,290561,1,1,13,13,13,13,13,13,13,13,13,13
2004,290562,1,1,13,6,7,0,0,0,24,10,0,0
2004,290562,2,1,19,0,0,0,0,0,0,0,19,0
2004,290563,1,1,0,0,0,16,0,0,0,0,0,0
2004,290563,2,1,0,0,0,0,0,0,0,0,0,0
2004,290564,1,1,18,18,18,18,18,18,18,18,18,18
2004,290565,1,1,27,0,16,19,0,26,0,31,0,28
2004,290566,1,1,0,0,0,0,0,0,0,0,0,0
2004,290567,1,1,14,8,14,0,0,0,13,0,26,7
2004,290568,1,1,3,3,3,3,3,3,3,3,3,3
2004,290569,1,1,18,18,18,18,18,18,18,18,18,18
2004,290571,1,1,12,12,12,12,12,12,12,12,12,12
2004,290572,1,1,0,0,0,0,0,0,0,0,0,0
2004,290573,1,1,8,8,8,8,8,8,8,8,8,8
2004,290574,1,1,0,0,0,0,0,0,0,0,0,0
2004,290575,1,1,17,17,17,17,17,17,17,17,17,17
2004,290576,1,1,0,0,0,0,0,0,0,0,0,0
2004,290576,2,1,9,9,9,9,9,9,9,9,9,9
2004,290577,1,1,0,0,0,0,0,0,0,0,0,0
2004,290577,2,1,0,0,0,0,0,27,0,0,0,0
2004,290578,1,1,19,7,26,0,20,0,2,0,0,0
2004,290579,1,1,0,0,0,0,0,0,0,0,0,0
2004,290580,1,1,11,11,11,11,11,11,11,11,11,11
2004,290581,0,1,0,0,0,0,0,0,0,0,0,0
2004,290581,0,2,0,0,0,0,0,0,0,0,0,0
2004,290581,1,1,20,20,20,20,20,20,20,20,20,20
2004,290582,1,1,0,0,0,0,0,0,0,0,0,0
2004,290583,1,1,12,12,12,12,12,12,12,12,12,12
2004,290583,2,1,0,0,0,13,0,0,0,0,0,0
2004,290583,3,1,11,0,9,0,0,0,0,0,0,14
2004,290583,4,1,0,17,22,31,17,13,0,19,15,13
2004,290584,1,1,0,0,0,0,0,0,0,0,0,0
2004,290584,2,1,20,21,11,2,16,23,0,33,10,6
2004,290585,1,1,33,33,33,33,33,33,33,33,33,33
2004,290586,1,1,0,0,11,0,25,15,0,13,0,0
2004,290587,1,1,0,0,0,0,7,0,0,0,0,0
2004,290587,2,1,0,0,0,0,0,0,0,0,0,0
2004,290588,1,1,0,0,0,0,0,0,0,0,0,0
2004,290589,1,1,0,0,0,0,0,0,0,0,0,0
2004,290590,1,1,0,0,0,0,12,8,0,0,0,0
2004,290590,2,1,0,0,0,0,0,0,0,0,0,0
2004,290591,1,1,0,0,0,0,0,0,0,0,0,0
2004,290591,2,1,0,0,0,0,14,11,0,0,0,0
2004,290592,0,1,0,25,0,0,0,0,0,0,0,0
2004,290592,1,1,0,0,0,0,12,0,0,0,0,0
2004,290593,1,1,0,0,6,0,0,0,0,0,0,0
2004,290593,2,1,0,0,0,0,0,0,0,0,0,0
2004,290594,1,1,0,0,0,0,0,0,0,0,0,0
2004,290595,1,1,0,0,0,0,0,0,0,0,0,0
2004,290595,2,1,0,5,0,0,0,0,0,0,0,0
2004,290595,3,1,0,0,0,0,0,0,0,0,0,0
2004,290595,4,1,0,0,0,0,0,0,0,0,0,0
2004,290596,1,1,20,13,5,0,20,15,11,22,0,7
2004,290597,1,1,0,0,0,0,0,0,0,0,0,0
2004,290597,2,1,0,0,0,0,0,0,0,0,0,0
2004,290598,1,1,0,0,0,0,0,0,0,0,0,0
2004,290598,2,1,0,0,0,0,0,0,0,0,0,0
2004,290599,1,1,0,0,0,0,21,0,0,0,0,0
2004,290599,2,1,6,0,0,0,0,0,0,12,0,0
2004,290600,1,1,29,29,29,29,29,29,29,29,29,29
2004,290601,1,1,0,0,0,0,17,0,0,0,0,0
2004,290601,2,1,0,0,0,0,0,0,0,0,0,0
2004,290602,1,1,0,0,0,0,0,0,0,0,0,0
2004,290603,1,1,0,0,0,0,0,0,0,0,0,0
2004,290604,1,1,0,24,0,15,31,3,7,0,24,30
2004,290605,1,1,0,0,0,0,0,0,0,0,0,0
2004,290606,0,1,35,35,35,35,35,35,35,35,35,35
2004,290606,1,1,14,14,14,14,14,14,14,14,14,14
2004,290607,1,1,0,0,0,0,0,0,0,0,0,0
2004,290607,2,1,0,0,0,0,0,0,0,0,0,0
2004,290608,1,1,0,0,0,16,22,0,0,0,0,6
2004,290608,2,1,14,14,14,14,14,14,14,14,14,14
2004,290609,1,1,17,17,17,17,17,17,17,17,17,17
2004,290609,2,1,19,3,0,11,0,0,0,0,0,0
2004,290610,1,1,0,0,0,0,0,0,0,0,0,0
2004,290611,1,1,20,20,20,20,20,20,20,20,20,20
2004,290611,2,1,7,7,7,7,7,7,7,7,7,7
2004,290611,3,1,0,0,0,0,0,0,0,16,0,17
2004,290612,1,1,0,0,0,0,0,0,0,0,0,0
2004,290613,1,1,18,19,3,11,32,10,28,9,22,10
2004,290614,1,1,0,0,0,0,0,0,0,0,0,0
2004,290614,2,1,16,0,0,5,0,0,0,0,0,0
2004,290614,3,1,0,0,0,0,0,0,0,0,0,0
2004,290615,1,3,21,25,19,18,30,22,19,22,32,26
2004,290616,1,1,0,0,0,0,0,0,0,0,0,0
2004,290617,1,1,0,0,2,20,0,35,0,7,0,0
2004,290618,1,1,0,0,24,0,21,0,0,0,0,0
2004,290619,1,1,0,0,0,0,0,0,0,0,0,0
2004,290619,2,1,0,0,0,0,0,0,0,0,0,0
2004,290620,1,1,0,0,0,0,0,0,0,0,0,0
2004,290621,1,1,0,0,0,0,0,0,0,0,0,0
2004,290622,1,1,0,0,0,0,0,0,0,0,0,0
2004,290622,2,1,0,0,0,0,0,0,0,0,0,0
2004,290622,3,1,0,0,0,0,0,0,0,0,0,0
2004,290622,4,1,0,0,0,0,0,0,0,0,0,0
2004,290622,5,1,0,0,0,0,0,0,0,0,0,0
2004,290622,6,1,8,0,0,21,0,0,0,0,0,0
2004,290623,1,1,0,0,0,0,0,0,0,0,13,0
2004,290623,2,1,0,0,0,9,0,0,16,0,0,0
2004,290624,1,1,14,14,14,14,14,14,14,14,14,14
2004,290625,1,1,0,0,0,0,0,0,0,0,0,0
2004,290626,1,1,10,10,10,10,10,10,10,10,10,10
2004,290627,1,1,0,0,0,0,0,0,0,0,0,0
2004,290628,1,1,34,16,15,13,30,24,13,19,17,25
2004,290629,1,1,10,10,10,10,10,10,10,10,10,10
2004,290630,0,1,0,0,0,0,0,0,0,0,0,0
2004,290630,1,1,0,0,0,0,0,0,0,0,0,0
2004,290631,1,1,10,10,10,10,10,10,10,10,10,10
2004,290631,2,1,0,0,0,0,0,0,0,0,0,0
2004,290632,1,1,15,15,15,15,15,15,15,15,15,15
2004,290633,1,1,0,0,0,0,0,0,0,0,0,0
2004,290633,2,1,0,0,0,0,0,0,0,0,0,0
2004,290635,1,1,0,0,0,0,0,0,0,0,0,0
2004,290635,2,1,0,0,0,0,0,0,0,0,0,0
2004,290636,1,1,0,0,0,0,0,0,0,0,0,0
2004,290636,2,1,0,0,0,0,0,0,0,0,0,0
2004,290637,1,1,0,0,0,0,0,0,0,0,0,0
2004,290637,2,1,0,0,0,0,0,0,0,12,0,0
2004,290638,1,1,0,0,0,0,0,0,0,0,0,0
2004,290639,1,1,24,24,24,24,24,24,24,24,24,24
2004,290640,1,1,7,0,25,0,14,0,13,0,0,0
2004,290640,2,1,0,4,0,0,0,0,0,0,0,0
2004,290641,1,1,0,0,0,0,0,0,0,0,0,0
2004,290641,2,1,0,0,0,0,0,0,0,0,0,0
2004,290642,1,1,0,0,0,0,0,0,0,0,0,0
2004,290642,2,1,0,15,0,0,0,0,0,6,0,0
2004,290642,3,1,0,0,0,0,0,11,0,0,0,0
2004,290643,1,1,0,10,21,0,0,21,18,25,0,0
2004,290644,1,1,0,0,0,0,0,0,0,0,0,0
2004,290645,1,1,12,12,12,12,12,12,12,12,12,12
2004,290646,1,1,11,11,11,11,11,11,11,11,11,11
2004,290647,1,1,27,27,27,27,27,27,27,27,27,27
2004,290648,1,1,1,1,1,1,1,1,1,1,1,1
2004,290649,1,1,0,0,0,0,0,0,0,11,0,0
2004,290650,1,1,0,0,0,0,0,0,0,0,0,0
2004,290651,0,1,0,0,0,0,0,4,0,0,34,0
2004,290651,1,1,0,0,0,0,0,0,0,24,10,0
2004,290652,1,1,14,14,14,14,14,14,14,14,14,14
2004,290653,1,1,0,0,0,0,0,0,0,0,0,0
2004,290653,2,1,0,0,0,0,0,0,0,0,0,0
2004,290654,1,1,0,0,0,0,0,0,0,0,0,0
2004,290654,2,1,0,0,0,0,0,0,0,0,0,0
2004,290655,1,1,0,10,5,22,33,0,0,0,0,0
2004,290656,1,1,17,17,17,17,17,17,17,17,17,17
2004,290657,1,1,26,26,26,26,26,26,26,26,26,26
2004,290658,0,1,24,24,24,24,24,24,24,24,24,24
2004,290658,1,1,0,0,0,12,0,0,0,0,0,0
2004,290659,1,1,0,0,0,0,0,0,0,0,0,0
2004,290660,1,1,0,0,0,0,0,0,0,0,0,0
2004,290660,2,1,0,0,0,0,0,0,0,0,0,0
2004,290661,1,1,0,0,0,0,0,0,0,0,0,0
2004,290661,2,1,0,0,0,0,0,0,0,0,0,0
2004,290661,3,1,0,0,25,0,0,0,0,0,0,0
2004,290662,1,1,0,25,9,0,0,22,11,6,21,18
2004,290663,1,1,0,0,0,0,0,0,0,0,0,0
2004,290663,2,1,0,0,0,0,0,0,0,0,0,0
2004,290664,1,1,0,0,0,0,0,0,0,13,0,0
2004,290664,2,1,0,0,0,0,0,0,0,0,0,0
2004,290665,1,1,19,19,19,19,19,19,19,19,19,19
2004,290665,2,1,0,0,0,0,0,0,0,0,0,2
2004,290666,1,1,0,0,0,0,0,0,0,11,0,0
2004,290666,2,1,0,0,10,0,6,0,14,0,0,0
2004,290667,1,1,0,0,0,0,0,0,0,0,0,0
2004,290668,1,1,0,0,0,0,0,0,0,0,0,0
2004,290668,2,1,0,0,0,0,0,8,0,0,0,0
2004,290669,1,1,0,0,0,0,0,0,0,0,0,0
2004,290670,1,1,0,0,0,0,0,0,0,0,0,0
2004,290670,2,1,30,30,30,30,30,30,30,30,30,30
2004,290671,1,1,3,3,3,3,3,3,3,3,3,3
2004,290672,1,1,0,0,0,0,0,0,0,0,0,0
2004,290672,2,1,0,0,0,0,0,0,0,0,0,0
2004,290673,1,1,1,1,1,1,1,1,1,1,1,1
2004,290673,2,1,0,0,0,0,0,0,0,1,0,0
2004,290674,1,1,0,0,0,0,0,0,0,0,0,0
2004,290675,1,1,0,0,0,0,0,0,0,0,0,0
2004,290675,2,1,21,0,0,0,0,0,0,0,0,0
2004,290676,1,1,7,7,7,7,7,7,7,7,7,7
2004,290676,2,1,0,0,0,0,0,0,0,0,0,0
2004,290677,1,1,0,0,0,0,0,0,0,0,0,0
2004,290678,1,1,0,0,0,0,0,0,0,0,0,0
2004,290678,2,1,0,0,0,0,0,0,0,0,0,0
2004,290679,1,1,22,22,22,22,22,22,22,22,22,22
2004,290679,2,1,0,0,0,9,0,0,0,10,0,14
2004,290680,1,1,7,7,7,7,7,7,7,7,7,7
2004,290680,2,1,0,0,0,0,0,0,0,0,0,0
2004,290681,0,1,10,10,10,10,10,10,10,10,10,10
2004,290681,1,1,0,0,0,9,0,0,0,23,0,0
2004,290682,1,1,21,21,21,21,21,21,21,21,21,21
2004,290683,1,1,11,11,11,11,11,11,11,11,11,11
2004,290684,1,1,26,26,26,26,26,26,26,26,26,26
2004,290685,1,1,0,11,14,25,12,4,27,16,12,7
2004,290685,2,1,0,0,0,0,5,7,0,0,3,0
2004,290686,0,1,34,34,34,34,34,34,34,34,34,34
2004,290686,0,2,30,30,30,30,30,30,30,30,30,30
2004,290686,1,1,11,11,11,11,11,11,11,11,11,11
2004,290687,1,1,0,0,0,0,0,0,0,0,0,0
2004,290688,1,1,0,0,7,8,17,0,0,0,0,0
2004,290689,1,1,15,15,15,15,15,15,15,15,15,15
2004,290690,1,1,0,12,28,16,17,11,7,11,0,18
2004,290691,1,1,0,0,0,0,0,0,0,0,0,0
2004,290692,1,1,0,0,0,0,0,0,0,0,0,0
2004,290693,1,1,0,0,0,0,0,0,0,0,0,6
2004,290693,2,1,0,0,0,0,0,14,15,19,0,0
2004,290693,3,1,0,0,0,0,0,0,0,0,0,0
2004,290694,1,1,11,11,11,11,11,11,11,11,11,11
2004,290695,1,1,0,0,0,0,0,0,0,0,0,0
2004,290696,1,1,0,0,0,0,0,0,0,0,0,0
2004,290697,0,1,0,0,0,0,0,0,3,0,0,0
2004,290697,0,2,0,28,0,0,0,0,0,0,0,0
2004,290697,0,3,0,0,0,41,5,0,0,0,0,0
2004,290697,0,4,31,10,0,0,0,0,0,0,0,0
2004,290697,1,1,0,0,0,0,0,0,0,0,0,0
2004,290698,1,1,0,0,0,0,0,0,0,0,0,0
2004,290698,2,1,0,0,0,0,0,0,0,0,0,0
2004,290698,3,1,0,0,0,0,0,0,0,0,0,0
2004,290698,4,1,0,0,0,0,0,0,0,0,0,0
2004,290699,1,1,14,14,14,14,14,14,14,14,14,14
2004,290700,1,1,0,0,0,0,0,0,0,0,0,0
2004,290700,2,1,0,0,0,0,0,0,0,0,0,0
2004,290701,1,1,9,0,23,0,0,0,0,0,0,0
2004,290701,2,1,0,0,0,0,0,0,0,0,0,0
2004,290702,1,1,14,14,14,14,14,14,14,14,14,14
2004,290703,1,1,0,0,0,0,0,0,0,0,0,0
2004,290703,2,1,0,0,0,0,0,0,0,0,0,0
2004,290704,1,1,0,0,0,0,0,0,0,0,0,0
2004,290705,1,1,0,0,0,0,0,0,0,0,0,0
2004,290705,2,1,0,0,0,0,0,0,0,0,0,0
2004,290706,1,1,0,0,0,0,0,0,0,0,0,0
2004,290706,2,1,0,0,0,0,0,0,0,0,0,0
2004,290707,1,1,0,13,0,0,0,9,5,0,0,0
2004,290708,1,1,0,0,0,13,0,0,0,0,0,22
2004,290709,1,1,0,0,0,0,0,0,0,0,0,0
2004,290709,2,1,0,0,0,0,0,0,0,0,0,0
2004,290710,1,1,0,0,0,0,0,0,0,0,0,0
2004,290710,2,1,0,0,0,0,0,0,0,0,0,0
2004,290711,0,1,1,1,1,1,1,1,1,1,1,1
2004,290711,1,1,0,0,0,10,0,0,0,0,0,0
2004,290711,2,1,0,0,0,0,0,0,0,0,0,0
2004,290712,1,1,16,16,16,16,16,16,16,16,16,16
2004,290712,2,1,0,0,0,0,0,0,0,0,0,0
2004,290713,1,1,14,20,9,15,6,16,26,8,23,8
2004,290714,1,1,0,0,0,0,0,0,0,0,0,0
2004,290714,2,1,0,0,0,0,0,0,0,0,0,0
2004,290715,1,1,26,0,0,15,0,0,0,23,22,21
2004,290716,1,1,0,0,0,0,0,0,0,0,0,0
2004,290716,2,1,0,0,0,0,0,0,0,0,22,0
2004,290718,1,1,0,0,0,0,0,0,0,0,0,0
2004,290719,1,1,0,0,0,10,0,0,0,0,0,0
2004,290719,2,1,0,0,0,0,0,0,0,0,0,0
2004,290720,1,1,12,12,12,12,12,12,12,12,12,12
2004,290721,1,1,0,0,0,0,0,0,0,0,0,0
2004,290722,1,1,0,0,0,0,0,0,0,0,0,0
2004,290722,2,1,0,0,0,0,0,0,0,0,0,0
2004,290723,1,1,0,0,0,0,0,0,0,0,0,0
2004,290724,1,1,0,0,12,0,0,0,0,8,9,0
2004,290724,2,1,0,0,9,11,0,0,4,15,21,12
2004,290725,1,1,15,15,15,15,15,15,15,15,15,15
2004,290726,1,1,0,0,0,18,0,0,0,0,0,0
2004,290727,1,1,0,0,0,0,0,0,0,0,0,0
2004,290727,2,1,0,0,0,0,0,0,0,0,0,0
2004,290728,1,1,15,9,11,0,0,22,17,14,26,12
2004,290729,1,1,0,0,18,0,16,0,0,7,23,0
2004,290729,2,1,0,0,0,0,0,0,0,0,0,0
2004,290730,1,1,0,0,18,16,0,0,0,0,25,15
2004,290731,1,1,0,0,0,0,0,0,0,0,0,0
2004,290731,2,1,0,0,0,0,0,0,0,0,0,0
2004,290731,3,1,0,0,0,0,0,0,0,0,0,0
2004,290732,1,1,21,26,8,0,0,0,0,0,0,12
2004,290733,1,1,0,0,0,0,0,0,0,0,0,0
2004,290733,2,1,0,0,0,0,0,0,0,0,0,0
2004,290734,1,1,0,0,0,0,0,0,0,0,0,0
2004,290735,1,1,0,0,0,0,0,0,0,0,0,0
2004,290735,2,1,0,0,0,0,0,0,0,0,0,19
2004,290735,3,1,0,0,0,0,0,0,0,0,0,0
2004,290736,1,1,0,0,17,0,0,0,0,0,0,0
2004,290736,2,1,0,0,0,0,0,0,0,0,0,0
2004,290737,1,1,0,0,0,0,0,0,0,0,0,0
2004,290737,2,1,0,0,0,0,0,0,0,0,0,0
2004,290738,1,1,0,0,0,0,0,0,25,0,0,0
2004,290739,1,1,0,0,0,0,0,0,0,0,0,0
2004,290739,2,1,0,0,0,0,0,0,0,0,0,0
2004,290739,3,1,0,0,0,0,0,0,0,0,0,0
2004,290740,1,1,0,0,0,0,0,0,0,0,0,0
2004,290741,1,1,0,0,0,0,0,0,0,0,0,0
2004,290742,1,1,0,0,0,0,0,0,0,0,0,0
2004,290742,2,2,0,0,0,0,0,0,0,0,0,0
2004,290743,1,1,0,0,0,0,0,0,9,0,0,0
2004,290743,2,1,0,0,0,0,0,0,0,0,0,0
2004,290744,1,1,0,0,0,0,0,0,0,0,0,0
2004,290745,1,1,0,0,0,0,0,0,0,3,0,0
2004,290745,2,1,0,0,0,0,0,0,0,26,0,0
2004,290746,0,1,13,13,13,13,13,13,13,13,13,13
2004,290746,1,1,0,11,0,0,0,0,0,0,6,0
2004,290747,1,1,10,10,10,10,10,10,10,10,10,10
2004,290748,0,1,0,0,0,0,0,0,0,0,0,0
2004,290748,1,1,18,0,0,0,0,0,0,0,5,0
2004,290749,1,1,11,11,11,11,11,11,11,11,11,11
2004,290750,1,1,0,12,0,0,0,0,23,0,0,0
2004,290750,2,1,0,0,0,0,0,0,0,0,0,0
2004,290751,0,1,0,0,8,24,13,22,24,37,26,23
2004,290751,1,1,0,0,0,15,0,0,0,0,0,0
2004,290752,1,1,0,0,0,0,0,0,0,0,0,0
2004,290752,2,1,0,0,0,0,0,0,0,0,0,0
2004,290753,1,1,0,0,0,0,0,0,0,0,0,0
2004,290753,2,1,0,0,0,0,0,0,0,0,0,0
2004,290754,1,1,0,14,0,0,0,0,0,7,0,12
2004,290755,1,1,0,0,0,0,0,0,0,0,0,0
2004,290756,1,1,0,0,0,0,0,0,0,0,0,0
2004,290757,1,1,0,0,0,0,0,0,0,0,0,0
2004,290757,2,1,0,0,0,0,0,0,0,0,0,0
2004,290758,1,1,0,0,0,0,0,0,0,0,0,0
2004,290759,1,1,0,0,0,0,0,0,0,0,0,0
2004,290759,2,1,0,0,0,0,0,0,0,0,0,0
2004,290760,1,1,12,12,12,12,12,12,12,12,12,12
2004,290761,1,1,13,22,22,16,9,10,17,22,25,18
2004,290761,2,1,0,0,0,0,0,0,0,0,0,0
2004,290762,1,1,14,14,14,14,14,14,14,14,14,14
2004,290763,1,1,0,0,0,0,0,0,0,0,0,0
2004,290763,2,1,0,0,0,0,0,0,0,15,0,0
2004,290764,1,1,6,6,6,6,6,6,6,6,6,6
2004,290765,0,1,0,17,0,19,0,20,23,10,25,0
2004,290765,1,1,0,0,0,0,0,0,0,0,0,0
2004,290766,0,1,0,0,0,0,0,0,0,0,0,0
2004,290766,0,2,14,0,0,19,12,0,0,0,10,0
2004,290766,1,1,0,7,0,0,0,0,0,0,0,0
2004,290767,0,1,26,26,26,26,26,26,26,26,26,26
2004,290767,1,1,23,21,19,25,17,7,21,25,12,21
2004,290768,1,1,17,17,17,17,17,17,17,17,17,17
2004,290769,1,1,0,0,0,0,0,0,0,0,0,0
2004,290769,2,1,0,0,0,0,0,0,0,0,0,0
2004,290770,1,1,0,17,0,22,0,0,8,0,0,0
2004,290771,1,1,18,18,18,18,18,18,18,18,18,18
2004,290772,1,1,13,0,0,17,0,0,0,17,0,0
2004,290773,1,1,19,19,19,19,19,19,19,19,19,19
2004,290774,1,1,0,0,12,0,0,0,0,0,0,23
2004,290774,2,1,0,0,0,0,0,0,0,0,0,0
2004,290775,1,1,9,9,9,9,9,9,9,9,9,9
2004,290775,2,1,0,0,0,0,0,0,7,0,17,0
2004,290776,1,1,0,15,0,19,0,0,0,0,0,12
2004,290777,1,1,16,16,16,16,16,16,16,16,16,16
2004,290778,1,1,0,0,0,0,0,0,0,0,0,0
2004,290779,1,1,24,17,8,20,21,12,8,4,14,17
2004,290779,2,1,0,0,0,0,0,0,0,8,0,0
2004,290780,1,1,0,0,0,0,0,0,0,0,0,0
2004,290780,2,1,2,2,2,2,2,2,2,2,2,2
2004,290781,1,1,6,0,0,0,0,0,0,0,0,0
2004,290782,1,1,0,0,0,0,0,0,0,0,0,0
2004,290783,1,1,0,0,0,0,0,0,0,0,0,0
2004,290784,1,1,0,0,0,0,0,0,0,0,0,0
2004,290784,2,1,0,0,0,0,0,0,0,0,0,0
2004,290785,1,1,0,0,0,0,0,0,0,0,0,0
2004,290785,2,1,0,0,0,0,0,0,0,0,0,0
2004,290786,1,1,0,0,0,0,0,0,0,0,0,0
2004,290786,2,1,0,0,0,0,0,0,0,0,0,0
2004,290787,1,1,0,0,0,0,0,0,0,0,0,9
2004,290787,2,1,0,0,0,0,0,0,0,0,0,0
2004,290788,1,1,0,0,0,0,11,0,0,0,16,0
2004,290788,2,1,0,0,0,0,19,0,0,0,0,0
2004,290789,1,1,4,13,14,30,44,15,31,28,10,24
2004,290790,1,1,0,0,0,0,0,0,0,0,0,0
2004,290790,2,1,0,0,10,13,0,0,0,0,0,0
2004,290791,1,1,0,0,0,0,0,0,0,0,0,0
2004,290791,2,1,18,18,18,18,18,18,18,18,18,18
2004,290792,1,1,13,13,13,13,13,13,13,13,13,13
2004,290793,1,1,0,17,0,0,0,0,0,0,0,0
2004,290794,2,1,0,0,0,0,0,0,0,0,0,0
2004,290795,1,1,15,15,15,15,15,15,15,15,15,15
2004,290796,0,1,0,0,0,0,0,0,0,0,0,0
2004,290796,1,1,0,0,0,0,0,0,0,6,0,0
2004,290796,3,1,0,0,0,0,0,0,12,0,0,0
2004,290797,1,1,0,18,0,12,0,0,0,0,0,0
2004,290798,1,1,0,13,0,8,0,11,0,0,0,0
2004,290798,2,1,0,0,0,0,0,0,0,0,0,0
2004,290799,0,1,11,19,26,28,9,17,20,3,4,0
2004,290799,1,1,9,9,9,9,9,9,9,9,9,9
2004,290800,1,1,0,0,0,0,0,0,0,0,0,0
2004,290801,1,1,9,9,9,9,9,9,9,9,9,9
2004,290801,2,1,0,0,0,0,0,0,0,0,0,0
2004,290802,1,1,0,0,0,0,0,0,0,0,0,0
2004,290802,2,1,0,0,0,0,0,0,0,0,0,0
2004,290803,1,1,0,0,0,0,0,0,0,0,0,0
2004,290803,2,1,0,0,0,0,0,0,0,0,0,0
2004,290804,1,1,25,25,25,25,25,25,25,25,25,25
2004,290805,1,1,14,14,14,14,14,14,14,14,14,14
2004,290806,1,1,0,0,0,0,0,0,0,0,0,0
2004,290806,2,1,0,0,0,0,0,0,0,0,18,0
2004,290807,1,1,0,0,0,0,0,0,0,0,0,0
2004,290807,2,1,16,0,0,0,11,0,0,0,0,5
2004,290808,1,1,8,8,8,8,8,8,8,8,8,8
2004,290809,1,1,0,0,0,0,0,0,0,0,0,0
2004,290810,1,1,0,0,0,0,0,0,0,0,0,0
2004,290810,2,1,0,0,0,0,0,0,0,0,0,0
2004,290811,1,1,10,10,10,10,10,10,10,10,10,10
2004,290812,1,1,0,0,0,0,0,0,0,0,0,10
2004,290812,2,1,0,0,0,0,0,0,0,0,0,0
2004,290813,1,1,0,0,0,0,0,0,0,0,0,0
2004,290814,0,1,0,0,0,0,0,0,0,0,0,0
2004,290814,1,1,0,0,0,0,0,0,0,0,18,0
2004,290815,0,1,0,0,0,0,0,0,0,0,0,0
2004,290815,1,1,11,11,11,11,11,11,11,11,11,11
2004,290816,1,1,0,0,0,0,16,0,0,0,0,0
2004,290817,1,1,21,21,21,21,21,21,21,21,21,21
2004,290818,1,1,0,0,0,0,0,0,0,0,0,0
2004,290819,1,1,8,8,8,8,8,8,8,8,8,8
2004,290820,1,1,26,26,26,26,26,26,26,26,26,26
2004,290821,1,1,0,0,0,0,0,0,0,0,0,0
2004,290821,2,1,0,0,0,0,0,0,0,0,0,0
2004,290822,1,1,0,0,0,0,0,0,0,0,0,0
2004,290822,2,1,0,20,0,0,0,0,0,0,0,0
2004,290823,1,1,0,0,0,0,0,0,0,0,0,0
2004,290823,2,1,0,0,0,0,0,0,0,0,0,0
2004,290824,1,1,0,0,0,0,22,0,18,0,0,0
2004,290824,2,1,0,0,0,0,8,0,0,0,0,0
2004,290825,1,1,0,0,0,0,0,0,0,0,0,0
2004,290826,1,1,11,11,11,11,11,11,11,11,11,11
2004,290826,2,1,0,0,0,0,0,0,0,0,0,0
2004,290827,0,1,30,30,30,30,30,30,30,30,30,30
2004,290827,1,1,0,0,0,0,0,0,0,0,0,0
2004,290828,1,1,26,26,26,26,26,26,26,26,26,26
2004,290829,1,1,0,0,0,0,0,0,0,0,0,0