YEAR,ST_CASE,veh_no,per_no,P1,P2,P3,P4,P5,P6,P7,P8,P9,P10
2004,290830,1,1,0,0,0,0,0,0,0,0,0,6
2004,290831,1,1,0,0,0,0,0,0,0,0,0,0
2004,290832,1,1,15,15,15,15,15,15,15,15,15,15
2004,290833,1,1,0,0,0,0,0,0,0,0,0,0
2004,290833,2,1,0,0,0,0,0,0,0,0,0,0
2004,290834,1,1,0,0,0,0,0,0,0,0,0,0
2004,290834,2,1,3,3,3,3,3,3,3,3,3,3
2004,290835,1,1,0,0,0,0,0,0,0,0,0,0
2004,290836,1,1,0,0,0,0,0,0,0,0,0,0
2004,290836,2,1,0,0,0,0,0,0,0,0,0,0
2004,290836,3,1,0,0,0,0,0,0,0,0,0,0
2004,290837,1,1,0,0,0,0,0,0,0,0,0,0
2004,290837,2,1,0,0,0,0,0,0,0,0,0,0
2004,290838,1,1,28,28,28,28,28,28,28,28,28,28
2004,290839,1,1,26,26,26,26,26,26,26,26,26,26
2004,290840,1,1,0,0,0,0,0,0,0,0,0,0
2004,290841,0,1,0,0,0,0,0,0,0,0,0,0
2004,290841,1,1,0,0,0,0,0,7,0,0,0,0
2004,290842,1,1,22,22,22,22,22,22,22,22,22,22
2004,290843,1,1,5,5,5,5,5,5,5,5,5,5
2004,290844,1,1,0,0,0,0,0,0,0,0,0,0
2004,290844,2,1,0,0,0,0,0,0,0,30,0,0
2004,290845,1,1,13,13,13,13,13,13,13,13,13,13
2004,290846,0,1,4,4,4,4,4,4,4,4,4,4
2004,290846,1,1,0,0,0,0,0,0,27,0,0,0
2004,290847,1,1,39,39,39,39,39,39,39,39,39,39
2004,290848,1,1,0,0,0,0,0,0,0,0,0,0
2004,290849,1,1,21,0,13,0,0,0,0,0,0,0
2004,290849,2,1,0,0,0,0,0,0,0,0,0,0
2004,290850,1,1,0,0,0,0,0,0,0,0,0,0
2004,290851,1,1,0,0,0,0,0,0,0,0,0,0
2004,290851,2,1,4,4,4,4,4,4,4,4,4,4
2004,290852,1,1,0,0,0,0,0,0,0,0,0,0
2004,290852,2,1,0,0,0,0,0,0,0,0,0,0
2004,290853,1,1,17,0,0,0,0,0,0,8,0,0
2004,290853,2,1,0,0,0,0,0,0,30,0,0,0
2004,290854,0,1,0,0,0,0,0,0,0,0,0,0
2004,290854,1,1,0,0,0,0,0,0,0,0,0,0
2004,290855,1,1,0,0,0,0,0,0,0,0,0,7
2004,290855,2,1,0,0,0,0,0,0,0,0,0,0
2004,290855,3,1,0,0,0,0,0,0,0,0,0,0
2004,290855,4,1,0,0,0,21,0,0,0,0,0,0
2004,290855,5,1,0,0,0,0,0,0,0,0,0,0
2004,290855,6,1,0,0,0,0,0,0,0,0,0,0
2004,290856,0,1,18,18,18,18,18,18,18,18,18,18
2004,290856,1,1,0,21,7,8,0,0,0,23,20,0
2004,290857,1,1,0,0,0,0,0,0,0,0,0,0
2004,290858,1,1,0,0,0,0,0,0,0,0,0,0
2004,290858,2,1,0,0,0,0,0,0,0,0,0,0
2004,290859,0,1,0,0,0,0,0,0,0,0,0,0
2004,290859,1,1,0,28,0,0,0,12,4,0,12,0
2004,290860,1,1,0,0,0,0,0,0,0,0,0,0
2004,290861,1,1,23,23,23,23,23,23,23,23,23,23
2004,290862,1,1,0,0,0,0,0,0,0,0,0,0
2004,290863,0,1,0,0,0,0,0,0,0,0,0,0
2004,290863,1,1,0,0,0,0,0,0,0,0,0,0
2004,290864,1,1,0,12,12,14,0,0,9,0,16,0
2004,290864,2,1,0,0,0,0,0,0,0,0,0,0
2004,290865,1,1,0,0,0,0,0,0,0,0,0,0
2004,290865,2,1,0,0,0,0,0,0,0,0,0,0
2004,290866,0,1,0,0,0,0,0,0,0,0,0,0
2004,290866,1,1,0,0,0,0,0,0,0,0,0,0
2004,290867,1,1,0,0,0,0,0,0,0,0,0,0
2004,290867,2,1,0,0,0,0,0,0,0,0,0,0
2004,290868,1,1,0,0,22,0,0,0,0,23,0,0
2004,290869,1,1,0,0,0,0,0,0,0,0,0,0
2004,290869,2,1,0,0,0,0,0,0,0,0,0,0
2004,290869,3,1,0,0,0,0,0,0,0,0,0,0
2004,290870,1,1,0,0,0,0,0,0,0,0,0,0
2004,290871,0,1,8,8,8,8,8,8,8,8,8,8
2004,290871,1,1,0,0,5,0,8,0,0,0,0,0
2004,290872,1,1,0,0,0,0,0,0,0,0,0,0
2004,290872,2,1,0,0,0,0,0,0,0,0,0,0
2004,290873,1,1,25,25,25,25,25,25,25,25,25,25
2004,290873,2,1,0,0,0,0,0,0,0,0,0,0
2004,290874,1,1,11,0,0,0,17,0,0,0,0,0
2004,290874,2,1,0,0,0,0,0,0,0,0,0,0
2004,290875,1,1,0,0,0,0,0,0,0,0,0,0
2004,290875,2,1,0,0,0,0,0,0,0,0,0,0
2004,290876,1,1,24,24,24,24,24,24,24,24,24,24
2004,290877,1,1,0,0,0,0,0,0,0,0,0,0
2004,290877,2,1,0,0,0,0,0,0,0,0,0,0
2004,290878,1,1,0,0,19,0,0,19,6,0,0,0
2004,290878,2,1,9,12,0,0,0,0,0,0,0,0
2004,290879,1,1,0,0,0,0,0,0,0,0,0,0
2004,290879,2,1,19,0,20,0,20,19,0,0,0,0
2004,290880,0,1,22,48,12,0,21,28,14,18,28,32
2004,290880,1,1,0,0,0,0,0,0,0,0,0,0
2004,290881,1,1,0,0,0,0,0,0,13,0,0,0
2004,290881,2,1,0,23,0,0,0,18,0,0,0,0
2004,290882,1,1,0,0,0,0,0,0,0,0,0,0
2004,290883,1,1,22,22,22,22,22,22,22,22,22,22
2004,290884,1,1,0,0,0,0,0,0,0,0,0,0
2004,290885,1,1,27,27,27,27,27,27,27,27,27,27
2004,290886,0,1,0,0,0,0,0,0,0,0,0,0
2004,290886,1,1,0,0,0,0,0,0,0,0,0,0
2004,290886,2,1,0,0,0,0,0,0,0,0,0,0
2004,290887,1,1,3,3,3,3,3,3,3,3,3,3
2004,290888,1,1,29,29,29,29,29,29,29,29,29,29
2004,290889,1,1,14,14,14,14,14,14,14,14,14,14
2004,290889,2,1,13,0,0,0,17,13,0,0,13,0
2004,290890,1,1,31,17,11,12,26,12,17,20,24,35
2004,290891,1,1,0,0,0,0,0,0,0,0,0,0
2004,290892,1,1,21,21,21,21,21,21,21,21,21,21
2004,290893,1,1,0,0,0,0,0,0,0,0,0,0
2004,290894,1,1,0,0,0,0,0,0,0,0,0,0
2004,290894,2,1,0,0,0,16,0,17,0,0,0,0
2004,290895,1,1,0,0,0,0,0,0,0,0,0,0
2004,290895,2,1,0,0,0,0,0,0,0,0,0,0
2004,290896,1,1,0,0,0,0,0,0,0,0,0,0
2004,290896,2,1,0,0,0,0,0,0,0,0,0,0
2004,290897,1,1,14,18,0,20,0,14,0,0,15,38
2004,290898,1,1,22,22,22,22,22,22,22,22,22,22
2004,290899,1,1,9,23,13,11,10,11,11,0,8,11
2004,290899,2,1,0,0,0,0,0,0,0,0,0,0
2004,290900,1,1,0,0,0,8,0,0,0,0,0,30
2004,290901,0,1,29,29,29,29,29,29,29,29,29,29
2004,290901,0,2,0,21,0,0,18,0,0,0,0,0
2004,290901,1,1,0,0,0,0,0,0,0,0,0,0
2004,290902,0,1,20,25,24,11,8,9,46,15,22,15
2004,290902,1,1,0,0,0,0,0,0,0,0,0,0
2004,290903,1,1,0,0,0,0,0,0,0,0,0,0
2004,290904,1,1,27,0,0,0,24,0,0,0,0,13
2004,290905,1,1,0,0,0,0,0,0,0,0,0,0
2004,290906,1,1,0,0,0,0,19,0,0,0,0,0
2004,290907,1,1,0,0,0,0,0,0,0,0,0,0
2004,290907,2,1,0,16,0,13,16,0,26,11,20,13
2004,290908,1,1,0,0,20,0,0,0,0,0,0,29
2004,290908,2,1,14,0,0,0,0,0,0,0,0,0
2004,290909,0,1,0,0,0,0,0,0,0,0,0,0
2004,290909,1,1,0,0,0,0,0,0,0,0,0,0
2004,290910,1,1,0,0,0,0,0,0,0,0,0,0
2004,290910,2,1,0,0,0,0,0,0,0,0,0,0
2004,290911,1,1,0,0,0,0,0,23,0,0,0,0
2004,290912,0,1,14,14,14,14,14,14,14,14,14,14
2004,290912,1,1,0,0,0,0,13,0,0,0,0,6
2004,290913,1,1,7,7,7,7,7,7,7,7,7,7
2004,290914,0,1,5,5,5,5,5,5,5,5,5,5
2004,290914,1,1,12,12,12,12,12,12,12,12,12,12
2004,290915,1,1,6,19,30,18,46,10,22,8,12,0
2004,290916,1,1,36,36,36,36,36,36,36,36,36,36
2004,290917,1,1,26,26,26,26,26,26,26,26,26,26
2004,290918,1,1,0,0,0,0,0,0,0,0,0,0
2004,290919,1,1,0,0,0,0,0,0,0,0,0,0
2004,290920,1,1,20,20,20,20,20,20,20,20,20,20
2004,290921,0,1,0,0,0,0,0,0,0,0,0,0
2004,290921,1,1,0,0,0,0,0,0,0,0,0,0
2004,290921,2,1,0,7,0,0,0,0,0,9,0,0
2004,290922,1,1,0,0,0,0,0,0,0,0,0,0
2004,290922,2,1,0,0,0,0,0,0,0,0,0,0
2004,290922,3,1,0,0,16,0,0,0,0,14,0,0
2004,290922,4,1,0,0,18,0,0,0,0,0,0,4
2004,290922,5,1,0,0,0,0,0,0,0,0,0,0
2004,290922,6,1,5,0,0,0,0,6,0,0,0,0
2004,290923,1,1,0,0,0,0,0,0,0,0,0,0
2004,290923,2,1,0,0,0,0,0,0,0,0,0,0
2004,290924,1,1,0,0,0,0,0,0,0,0,0,0
2004,290925,1,1,5,5,5,5,5,5,5,5,5,5
2004,290926,1,1,0,10,0,0,0,0,18,0,0,0
2004,290926,2,1,0,0,0,0,0,0,0,0,0,0
2004,290926,3,1,0,0,0,0,0,0,0,0,0,0
2004,290927,1,1,0,0,0,0,0,0,0,0,0,0
2004,290928,0,1,0,0,0,0,0,0,0,0,0,0
2004,290928,0,2,28,10,10,19,0,12,12,9,0,0
2004,290928,1,1,0,0,0,0,0,0,0,0,0,0
2004,290929,1,1,4,4,4,4,4,4,4,4,4,4
2004,290930,1,1,21,0,21,9,0,0,18,34,0,20
2004,290932,1,1,0,0,0,0,0,0,0,0,0,0
2004,290932,2,1,0,0,0,0,0,0,0,0,0,0
2004,290933,1,1,0,0,0,0,0,0,0,0,0,0
2004,290933,2,1,0,0,0,0,0,0,0,0,0,0
2004,290934,1,1,0,0,0,0,0,0,0,0,0,0
2004,290934,2,1,0,0,0,0,0,0,0,0,0,0
2004,290935,1,1,0,0,0,0,0,0,0,0,0,0
2004,290936,1,1,0,13,15,0,0,0,9,0,0,0
2004,290936,2,1,0,0,0,8,0,0,0,11,0,0
2004,290937,1,1,0,0,0,0,0,0,0,0,0,0
2004,290938,1,1,6,14,0,0,0,29,0,16,14,28
2004,290939,1,1,0,0,0,0,0,0,0,0,0,0
2004,290939,2,1,0,0,0,0,0,0,0,0,0,0
2004,290940,0,1,28,28,28,28,28,28,28,28,28,28
2004,290940,1,1,12,11,0,0,0,14,0,15,0,0
2004,290941,1,1,0,0,0,0,0,0,0,0,0,0
2004,290942,1,1,12,12,12,12,12,12,12,12,12,12
2004,290943,0,1,0,0,0,0,0,0,0,0,0,0
2004,290943,1,1,0,0,0,0,0,0,0,0,0,0
2004,290944,1,1,0,0,0,0,0,0,0,0,0,0
2004,290944,2,1,0,0,0,0,0,0,0,0,0,0
2004,290945,1,1,0,0,0,9,0,0,3,22,0,0
2004,290946,1,1,0,0,0,0,0,0,0,0,0,0
2004,290947,0,1,10,10,10,10,10,10,10,10,10,10
2004,290947,1,1,0,0,0,0,0,0,0,7,0,0
2004,290948,1,1,13,30,24,38,12,34,21,23,24,29
2004,290949,1,1,0,0,0,0,0,0,0,0,0,0
2004,290949,2,1,0,0,0,0,0,0,0,0,0,0
2004,290950,1,1,12,16,11,25,17,16,17,10,34,40
2004,290950,2,1,0,0,0,0,0,0,0,0,0,0
2004,290951,1,1,0,0,0,0,0,0,0,0,0,0
2004,290951,2,1,0,0,0,0,0,0,0,0,0,0
2004,290952,1,1,0,0,0,0,0,0,0,0,0,0
2004,290952,2,1,0,0,0,4,0,0,0,0,0,0
2004,290952,3,1,0,0,0,0,0,0,0,0,0,0
2004,290953,0,1,10,10,10,10,10,10,10,10,10,10
2004,290953,1,1,0,0,0,6,0,0,0,0,0,0
2004,290954,0,1,40,40,40,40,40,40,40,40,40,40
2004,290954,1,1,0,0,3,17,0,16,0,0,0,0
2004,290955,1,1,0,0,0,0,0,0,0,0,0,0
2004,290956,1,1,0,0,0,0,0,0,0,0,0,0
2004,290957,1,1,9,9,9,9,9,9,9,9,9,9
2004,290958,1,1,0,0,0,0,0,0,0,0,0,0
2004,290958,2,1,0,0,0,0,0,0,0,0,0,0
2004,290959,1,1,0,0,0,0,0,0,0,0,0,0
2004,290960,0,1,0,0,0,0,0,0,0,0,0,0
2004,290960,1,1,0,0,0,0,0,0,0,0,0,0
2004,290961,1,1,0,0,0,0,0,0,0,0,0,0
2004,290962,1,1,0,0,0,0,0,0,0,0,0,0
2004,290962,2,1,0,0,0,0,0,0,0,0,0,0
2004,290963,1,1,0,0,0,0,0,0,0,0,0,0
2004,290964,0,1,0,0,0,0,0,0,0,0,0,0
2004,290964,1,1,0,0,0,0,0,0,0,8,0,0
2004,290965,0,1,0,0,0,0,0,0,0,0,0,0
2004,290965,1,1,0,0,0,0,0,0,0,0,0,0
2004,290966,1,1,0,0,0,0,0,0,0,0,0,0
2004,290966,2,1,0,0,0,0,0,0,0,0,0,0
2004,290967,1,1,8,8,8,8,8,8,8,8,8,8
2004,290967,2,1,0,0,0,0,0,0,0,0,0,0
2004,290968,1,1,9,9,9,9,9,9,9,9,9,9
2004,290969,1,1,5,5,5,5,5,5,5,5,5,5
2004,290969,2,1,0,0,0,0,0,0,0,0,0,0
2004,290970,1,1,20,20,20,20,20,20,20,20,20,20
2004,290971,1,1,17,17,17,17,17,17,17,17,17,17
2004,290972,1,1,19,0,0,0,0,0,0,0,0,0
2004,290972,2,1,0,0,0,0,0,0,0,0,0,0
2004,290973,1,1,0,0,0,0,3,0,0,0,0,0
2004,290973,2,1,0,0,0,0,0,0,0,0,0,0
2004,290974,1,1,0,0,0,0,0,0,0,0,0,0
2004,290974,2,1,0,0,0,0,0,0,0,0,0,0
2004,290975,1,1,0,0,0,3,0,22,5,11,0,0
2004,290976,1,1,16,16,16,16,16,16,16,16,16,16
2004,290977,1,1,28,28,28,28,28,28,28,28,28,28
2004,290978,1,1,0,0,0,0,0,0,0,0,0,0
2004,290979,1,1,22,22,22,22,22,22,22,22,22,22
2004,290980,1,1,0,0,0,0,0,0,0,0,0,0
2004,290981,1,1,7,7,7,7,7,7,7,7,7,7
2004,290982,1,1,0,0,34,20,19,5,0,13,0,29
2004,290982,2,1,0,0,0,0,0,0,0,0,0,0
2004,290983,1,1,13,13,13,13,13,13,13,13,13,13
2004,290984,1,1,0,0,0,0,0,0,0,0,0,0
2004,290984,2,1,0,0,0,0,0,0,0,0,0,0
2004,290985,0,1,14,14,14,14,14,14,14,14,14,14
2004,290985,1,1,0,0,10,0,0,0,0,0,0,0
2004,290986,1,1,0,0,0,0,0,0,0,0,0,0
2004,290987,1,1,5,5,5,5,5,5,5,5,5,5
2004,290988,1,1,0,0,0,0,0,0,0,0,0,0
2004,290989,1,1,0,0,0,8,12,0,3,16,0,0
2004,290990,1,1,19,19,19,19,19,19,19,19,19,19
2004,290991,1,1,0,0,0,0,0,0,0,0,0,0
2004,290992,1,1,0,10,0,0,4,0,0,0,24,0
2004,290993,1,1,0,0,0,0,0,0,0,0,0,0
2004,290993,2,1,0,0,0,0,0,0,0,0,0,0
2004,290994,1,1,2,2,2,2,2,2,2,2,2,2
2004,290994,2,1,0,0,0,0,0,0,0,0,0,0
2004,290995,1,1,0,0,0,0,0,0,0,0,0,0
2004,290996,0,1,0,0,0,0,0,0,0,0,0,0
2004,290996,1,1,0,0,0,0,0,0,0,0,0,0
2004,290997,1,1,0,0,0,0,0,0,0,0,0,0
2004,290997,2,1,0,0,0,0,0,0,0,0,0,0
2004,290998,1,1,0,0,0,0,0,0,0,0,0,0
2004,290999,1,1,0,0,0,0,0,0,0,0,0,0
2004,290999,2,1,0,0,0,0,0,0,0,0,0,0
2004,291000,1,1,0,0,0,0,0,0,0,0,0,21
2004,291000,2,1,0,0,0,0,0,0,0,0,0,0
2004,291001,1,1,13,13,13,13,13,13,13,13,13,13
2004,291002,1,1,18,0,35,0,0,0,0,17,0,0
2004,291002,2,1,0,0,0,0,0,0,0,0,0,0
2004,291003,0,1,0,23,0,0,0,0,0,15,0,0
2004,291003,1,1,0,0,0,0,0,0,0,0,0,0
2004,291004,1,1,0,35,0,6,0,19,19,17,9,0
2004,291004,2,1,0,19,0,0,0,12,0,0,0,0
2004,291005,1,1,0,0,0,0,0,0,0,0,0,0
2004,291006,0,1,0,0,0,0,0,0,0,0,0,0
2004,291006,0,2,0,0,0,0,0,0,5,0,0,0
2004,291006,1,1,0,0,0,0,0,3,0,0,0,10
2004,291007,1,1,30,30,30,30,30,30,30,30,30,30
2004,291007,2,1,0,0,0,0,0,0,0,0,0,0
2004,291007,3,1,21,0,0,0,0,25,0,0,0,0
2004,291007,4,1,0,0,0,0,0,0,0,0,0,0
2004,291008,1,1,19,19,19,19,19,19,19,19,19,19
2004,291009,1,1,0,0,0,0,0,17,0,24,11,18
2004,291010,1,1,0,0,0,0,0,0,0,0,0,0
2004,291010,2,1,0,0,0,0,0,0,0,0,0,0
2004,291011,1,1,0,0,0,8,0,0,0,0,0,0
2004,291011,2,1,0,9,0,0,0,0,0,0,0,0
2004,291012,0,1,18,0,0,0,7,9,17,8,0,11
2004,291012,1,1,0,0,0,0,0,0,0,0,0,0
2004,291013,1,1,15,25,0,19,10,8,15,19,17,9
2004,291014,1,1,0,0,0,0,0,0,0,0,0,0
2004,291015,1,1,28,28,28,28,28,28,28,28,28,28
2004,291016,1,1,0,0,0,9,0,0,0,0,0,0
2004,291016,2,1,0,0,0,0,0,0,0,0,0,0
2004,291017,1,1,20,0,0,0,0,0,0,0,0,0
2004,291018,1,1,10,0,0,0,0,0,5,0,0,0
2004,300001,1,1,22,22,22,22,22,22,22,22,22,22
2004,300002,1,1,0,0,0,0,0,0,0,0,0,0
2004,300002,2,1,0,0,0,0,0,0,0,0,0,0
2004,300003,1,1,0,0,0,0,0,0,0,0,0,0
2004,300003,2,1,0,0,0,0,0,0,0,0,0,0
2004,300003,3,1,0,0,0,0,0,0,0,0,0,0
2004,300004,1,1,22,22,22,22,22,22,22,22,22,22
2004,300005,1,1,0,0,0,0,0,0,0,0,0,0
2004,300005,2,1,9,9,9,9,9,9,9,9,9,9
2004,300006,1,1,0,0,0,0,0,0,0,0,0,0
2004,300006,2,1,0,0,0,0,0,0,0,0,0,0
2004,300007,1,1,24,24,24,24,24,24,24,24,24,24
2004,300008,1,1,17,17,17,17,17,17,17,17,17,17
2004,300009,1,1,0,0,0,0,0,0,0,0,0,0
2004,300009,2,1,0,0,0,0,0,0,0,0,0,0
2004,300010,1,1,10,10,10,10,10,10,10,10,10,10
2004,300011,0,1,0,0,0,0,0,0,0,0,0,0
2004,300011,1,1,0,0,0,0,0,0,0,0,0,0
2004,300012,1,1,0,0,0,0,0,0,0,0,0,0
2004,300012,2,1,0,0,0,0,0,0,0,0,0,0
2004,300013,1,1,0,0,0,0,0,0,0,0,0,0
2004,300014,1,1,0,0,0,0,0,0,0,0,0,0
2004,300014,2,1,0,0,0,0,0,0,0,0,0,0
2004,300015,1,1,0,0,0,0,0,0,0,0,0,0
2004,300016,1,1,6,0,0,0,0,0,0,0,0,0
2004,300016,2,1,0,11,0,6,12,14,0,8,0,16
2004,300016,3,1,7,0,12,0,24,0,9,0,33,0
2004,300017,1,1,0,0,0,0,0,0,0,0,0,0
2004,300017,2,1,0,0,0,0,0,0,0,0,0,0
2004,300018,1,1,26,26,26,26,26,26,26,26,26,26
2004,300018,2,1,0,0,0,0,0,0,0,0,0,0
2004,300019,1,1,18,18,18,18,18,18,18,18,18,18
2004,300020,1,1,0,0,0,16,0,0,0,0,0,0
2004,300020,2,1,0,0,0,0,0,0,13,0,0,0
2004,300021,1,1,0,0,0,0,0,0,0,0,0,0
2004,300021,2,1,0,0,0,0,0,0,0,0,0,0
2004,300022,1,1,25,0,16,17,0,6,0,0,0,30
2004,300023,1,1,18,18,18,18,18,18,18,18,18,18
2004,300023,2,1,0,0,0,0,0,0,0,0,0,0
2004,300024,0,1,0,0,0,0,0,21,0,0,0,0
2004,300024,1,1,0,0,0,0,0,15,0,0,0,0
2004,300025,1,1,22,22,22,22,22,22,22,22,22,22
2004,300026,1,1,9,9,9,9,9,9,9,9,9,9
2004,300027,1,1,25,25,25,25,25,25,25,25,25,25
2004,300028,1,1,14,14,14,14,14,14,14,14,14,14
2004,300029,1,1,0,0,0,0,0,0,0,0,0,0
2004,300030,1,1,21,21,21,21,21,21,21,21,21,21
2004,300031,1,1,31,31,31,31,31,31,31,31,31,31
2004,300032,1,1,0,0,0,0,0,0,0,0,0,0
2004,300033,0,1,0,0,20,0,14,17,0,0,0,18
2004,300033,1,1,0,0,0,0,0,0,0,0,0,0
2004,300034,1,1,0,0,0,0,0,0,0,0,0,0
2004,300035,1,1,21,13,0,10,13,0,20,0,0,8
2004,300036,1,1,15,15,15,15,15,15,15,15,15,15
2004,300037,1,1,9,0,31,10,20,30,11,0,13,28
2004,300038,1,1,0,0,0,0,0,0,0,0,0,0
2004,300038,2,1,0,0,0,0,0,0,0,0,0,0
2004,300039,1,1,0,0,0,0,0,0,0,0,0,0
2004,300039,2,1,0,0,0,0,0,0,0,0,0,0
2004,300039,3,1,0,0,0,0,0,0,0,0,0,0
2004,300040,1,1,0,0,0,0,0,0,0,0,0,0
2004,300041,1,1,0,0,0,0,0,11,0,0,0,10
2004,300041,2,1,0,0,0,0,0,0,0,0,0,0
2004,300042,1,1,0,0,0,0,0,0,0,0,0,0
2004,300042,2,1,0,0,0,0,0,0,0,0,0,0
2004,300043,1,1,10,10,10,10,10,10,10,10,10,10
2004,300044,1,1,13,11,14,0,35,15,9,7,13,14
2004,300045,1,1,0,0,0,0,0,0,0,0,0,0
2004,300046,1,1,0,0,0,0,0,0,0,0,0,0
2004,300047,1,1,0,0,14,0,0,0,0,0,0,0
2004,300048,1,1,0,0,0,0,0,0,0,0,0,0
2004,300049,1,1,20,20,20,20,20,20,20,20,20,20
2004,300050,1,1,0,0,0,0,11,0,0,0,0,0
2004,300051,1,1,16,16,16,16,16,16,16,16,16,16
2004,300052,1,1,28,28,28,28,28,28,28,28,28,28
2004,300053,1,1,0,0,8,0,0,0,0,0,0,0
2004,300054,1,1,0,0,0,0,0,0,0,0,0,0
2004,300054,2,1,0,0,0,0,0,0,0,0,0,0
2004,300055,1,1,7,7,7,7,7,7,7,7,7,7
2004,300056,1,1,0,0,0,0,0,0,0,0,0,0
2004,300056,2,1,0,0,0,0,0,0,0,0,0,0
2004,300057,1,1,0,0,0,0,0,0,0,0,0,0
2004,300057,2,1,10,10,10,10,10,10,10,10,10,10
2004,300058,1,1,13,13,13,13,13,13,13,13,13,13
2004,300059,1,1,0,0,0,0,0,0,0,0,0,0
2004,300060,1,1,23,23,23,23,23,23,23,23,23,23
2004,300061,1,1,21,21,21,21,21,21,21,21,21,21
2004,300062,1,1,0,0,0,0,0,0,0,0,0,0
2004,300063,1,1,0,0,0,0,0,0,0,0,0,0
2004,300064,1,1,23,23,23,23,23,23,23,23,23,23
2004,300065,1,1,0,0,0,0,0,0,0,0,0,0
2004,300066,1,1,0,0,0,0,0,0,0,0,0,0
2004,300067,1,1,0,0,0,0,0,0,0,0,0,0
2004,300068,0,1,0,0,0,0,0,0,0,0,0,0
2004,300068,1,1,0,0,0,0,0,0,0,0,0,0
2004,300069,1,1,9,9,9,9,9,9,9,9,9,9
2004,300070,1,1,0,0,0,0,0,0,0,0,0,0
2004,300071,1,1,37,37,37,37,37,37,37,37,37,37
2004,300072,1,1,0,0,0,0,0,0,0,0,0,0
2004,300073,1,1,0,0,0,0,0,0,0,0,0,0
2004,300074,1,1,9,9,9,9,9,9,9,9,9,9
2004,300075,1,1,14,14,14,14,14,14,14,14,14,14
2004,300076,1,1,20,20,20,20,20,20,20,20,20,20
2004,300077,1,1,0,0,0,0,0,0,0,0,0,0
2004,300078,1,1,0,0,0,0,0,0,0,0,0,0
2004,300079,1,1,0,0,0,0,0,0,0,0,0,0
2004,300079,2,1,0,0,0,0,0,0,0,0,0,0
2004,300080,0,1,0,0,0,6,0,0,0,0,0,0
2004,300080,1,1,0,0,0,0,0,0,0,0,0,0
2004,300081,1,1,0,0,0,0,0,0,0,0,0,0
2004,300081,2,1,0,0,0,0,0,0,0,0,0,0
2004,300082,1,1,0,0,0,0,0,0,0,0,0,0
2004,300083,1,1,0,0,0,0,0,0,0,0,0,0
2004,300084,1,1,0,0,0,0,0,0,0,0,0,0
2004,300085,1,1,0,0,0,0,0,0,0,0,0,0
2004,300085,2,1,0,0,0,0,0,0,0,0,0,0
2004,300086,1,1,0,0,18,19,0,4,0,0,0,0
2004,300086,2,1,0,20,13,11,17,31,13,17,12,18
2004,300086,3,1,16,10,19,14,19,14,11,9,9,18
2004,300086,4,1,0,0,0,0,0,0,0,0,0,0
2004,300087,1,1,0,0,0,0,0,0,0,0,0,19
2004,300087,2,1,0,0,0,0,0,0,0,0,0,0
2004,300087,3,1,0,0,0,0,0,0,0,0,0,0
2004,300088,0,1,0,0,0,0,0,0,0,0,0,0
2004,300088,1,1,25,25,25,25,25,25,25,25,25,25
2004,300089,1,1,0,0,0,0,0,0,0,0,0,0
2004,300089,2,1,0,0,0,0,0,0,0,0,0,0
2004,300090,1,1,16,16,16,16,16,16,16,16,16,16
2004,300091,1,1,5,5,5,5,5,5,5,5,5,5
2004,300092,1,1,17,8,24,23,15,0,15,16,12,4
2004,300092,2,1,0,0,0,0,0,0,0,0,0,0
2004,300093,2,1,0,0,0,0,0,0,0,0,0,0
2004,300094,1,1,0,0,0,0,0,0,0,0,0,0
2004,300095,1,1,20,20,20,20,20,20,20,20,20,20
2004,300095,2,1,0,0,0,0,0,0,0,0,0,0
2004,300096,1,1,0,0,14,0,0,0,0,0,0,0
2004,300096,2,1,0,0,0,0,0,0,0,0,0,0
2004,300097,1,1,0,0,0,0,0,0,0,0,0,0
2004,300098,1,1,21,21,21,21,21,21,21,21,21,21
2004,300099,1,1,15,15,15,15,15,15,15,15,15,15
2004,300100,1,3,14,14,14,14,14,14,14,14,14,14
2004,300101,1,1,0,0,0,0,0,0,0,0,0,0
2004,300101,2,1,0,0,0,0,0,0,0,0,0,0
2004,300102,1,1,24,24,24,24,24,24,24,24,24,24
2004,300103,1,1,9,9,9,9,9,9,9,9,9,9
2004,300104,1,1,23,23,23,23,23,23,23,23,23,23
2004,300105,1,1,17,17,17,17,17,17,17,17,17,17
2004,300106,1,1,12,12,12,12,12,12,12,12,12,12
2004,300107,1,1,21,21,21,21,21,21,21,21,21,21
2004,300108,1,1,15,15,5,19,27,0,15,16,21,14
2004,300109,1,1,33,33,33,33,33,33,33,33,33,33
2004,300110,1,1,0,0,0,0,0,0,0,0,0,0
2004,300111,1,1,0,0,0,0,0,0,0,0,0,0
2004,300112,1,1,2,33,17,9,7,6,16,15,0,23
2004,300113,1,1,0,0,0,0,0,0,0,0,0,0
2004,300114,0,1,0,0,0,0,0,0,0,0,0,0