YEAR,ST_CASE,veh_no,per_no,P1,P2,P3,P4,P5,P6,P7,P8,P9,P10
2004,310209,1,1,0,0,0,0,0,0,0,0,0,0
2004,310210,1,1,0,0,0,0,0,0,0,0,0,0
2004,310211,1,1,0,0,0,0,0,0,0,0,0,0
2004,310211,2,1,0,0,0,0,0,0,0,0,0,0
2004,310212,1,1,0,0,0,0,0,0,0,0,0,0
2004,310212,2,1,0,0,0,0,0,0,0,0,0,0
2004,310213,1,1,0,0,0,0,0,0,0,0,0,0
2004,310213,2,1,0,0,0,0,0,0,0,0,0,0
2004,310214,1,1,23,23,23,23,23,23,23,23,23,23
2004,310215,1,1,20,20,20,20,20,20,20,20,20,20
2004,310216,1,1,0,0,0,0,0,0,0,0,0,0
2004,310216,2,1,0,0,0,0,0,0,0,0,0,0
2004,310217,1,1,21,21,21,21,21,21,21,21,21,21
2004,310218,0,1,0,0,0,0,0,0,0,0,0,0
2004,310218,1,1,0,0,0,0,0,0,0,0,0,0
2004,310219,1,1,0,0,0,0,0,0,0,0,0,0
2004,310219,2,1,0,0,0,0,0,0,0,0,0,3
2004,310220,1,1,0,0,0,0,0,0,0,0,0,0
2004,310221,1,1,0,0,0,0,0,0,0,0,0,0
2004,310221,2,1,0,0,0,0,0,0,0,0,0,0
2004,310222,1,1,0,0,0,0,0,0,0,0,0,0
2004,310223,1,1,0,0,0,0,0,0,0,0,0,0
2004,310223,2,1,0,0,0,0,0,0,0,0,0,0
2004,310224,1,1,19,19,19,19,19,19,19,19,19,19
2004,310225,0,1,21,21,21,21,21,21,21,21,21,21
2004,310225,1,1,0,0,0,0,0,0,0,0,0,0
2004,310226,1,1,8,8,8,8,8,8,8,8,8,8
2004,310227,1,1,0,0,0,0,0,0,0,0,0,0
2004,310227,2,1,0,0,0,0,0,0,0,0,0,0
2004,310228,1,1,0,0,0,0,0,0,0,0,0,0
2004,310228,2,1,4,4,4,4,4,4,4,4,4,4
2004,310229,1,1,0,0,0,0,0,0,0,0,0,0
2004,320001,1,1,35,35,35,35,35,35,35,35,35,35
2004,320002,1,1,20,20,20,20,20,20,20,20,20,20
2004,320003,1,1,16,16,16,16,16,16,16,16,16,16
2004,320003,2,1,19,19,19,19,19,19,19,19,19,19
2004,320004,0,1,6,23,0,18,13,29,10,35,26,40
2004,320004,0,2,22,21,0,0,0,12,0,0,26,0
2004,320004,1,1,3,0,0,0,0,0,0,0,0,0
2004,320005,1,1,15,15,15,15,15,15,15,15,15,15
2004,320005,2,1,0,0,0,0,0,0,0,0,0,0
2004,320006,1,1,0,0,0,0,0,0,0,0,0,0
2004,320006,2,1,0,0,0,0,0,0,0,0,0,0
2004,320007,0,1,0,0,0,0,0,0,0,0,0,0
2004,320007,1,1,0,0,20,0,0,0,0,0,18,0
2004,320008,1,1,0,0,0,0,0,0,0,0,0,0
2004,320008,2,1,0,0,0,0,0,0,0,0,0,0
2004,320009,0,1,0,0,0,0,0,0,0,0,0,0
2004,320009,1,1,0,0,0,0,0,0,0,0,0,0
2004,320010,1,1,16,16,16,16,16,16,16,16,16,16
2004,320011,0,1,0,16,0,0,14,0,0,0,0,6
2004,320011,0,2,0,0,0,0,0,0,0,0,0,0
2004,320011,1,1,10,10,10,10,10,10,10,10,10,10
2004,320012,0,1,0,0,0,0,0,0,0,0,0,0
2004,320012,0,2,10,10,10,10,10,10,10,10,10,10
2004,320012,1,1,0,0,0,0,0,0,0,0,0,0
2004,320013,1,1,0,0,0,0,0,0,0,0,0,0
2004,320014,1,1,0,0,0,0,0,0,0,0,0,0
2004,320015,1,1,13,13,13,13,13,13,13,13,13,13
2004,320015,2,1,0,0,0,0,0,0,0,0,0,0
2004,320015,3,1,0,8,0,0,0,0,0,0,14,3
2004,320016,1,1,24,24,24,24,24,24,24,24,24,24
2004,320017,1,1,22,22,22,22,22,22,22,22,22,22
2004,320017,2,1,0,0,0,0,0,0,0,0,0,0
2004,320018,1,1,0,0,0,0,0,0,0,0,27,0
2004,320018,2,1,0,0,0,0,0,0,0,0,0,0
2004,320018,3,1,0,0,0,0,0,0,0,0,0,0
2004,320018,4,1,0,0,14,0,0,0,24,0,0,0
2004,320019,0,1,0,0,0,0,0,0,0,0,0,0
2004,320019,0,2,0,0,0,0,0,0,0,0,0,0
2004,320019,1,1,0,0,0,0,0,0,5,0,0,0
2004,320020,1,1,0,0,0,0,0,0,0,0,8,8
2004,320021,1,1,0,0,0,0,0,0,0,0,0,0
2004,320021,2,1,0,0,0,0,0,0,0,0,0,0
2004,320022,1,1,19,19,19,19,19,19,19,19,19,19
2004,320022,2,1,0,0,0,0,0,0,0,0,0,0
2004,320023,1,1,0,0,0,0,0,0,0,0,0,0
2004,320024,0,1,0,0,0,0,0,0,0,0,0,0
2004,320024,1,1,0,0,0,0,0,0,0,0,0,0
2004,320025,1,1,34,34,34,34,34,34,34,34,34,34
2004,320026,1,1,15,0,0,18,11,23,0,11,0,15
2004,320027,1,1,0,0,23,0,0,0,0,0,0,0
2004,320028,1,1,16,16,16,16,16,16,16,16,16,16
2004,320029,1,1,0,0,0,0,0,7,0,0,0,0
2004,320029,2,1,0,0,0,0,0,0,0,0,0,0
2004,320030,1,1,0,0,0,0,0,0,0,0,0,0
2004,320031,1,1,20,20,20,20,20,20,20,20,20,20
2004,320032,1,1,0,0,0,0,0,0,0,0,0,0
2004,320033,1,1,2,2,2,2,2,2,2,2,2,2
2004,320033,2,1,11,0,0,0,0,0,0,0,0,0
2004,320034,1,1,0,0,8,0,0,0,0,0,21,0
2004,320035,1,1,0,0,0,0,0,0,0,0,0,0
2004,320036,1,1,0,0,22,0,0,0,0,0,0,0
2004,320036,2,1,0,0,0,0,0,0,0,0,0,0
2004,320037,1,1,0,0,0,0,0,0,0,0,0,0
2004,320038,1,1,18,18,18,18,18,18,18,18,18,18
2004,320039,0,1,0,26,0,0,0,0,0,0,0,0
2004,320039,1,1,0,0,0,0,0,0,0,0,0,0
2004,320040,1,1,0,0,0,0,0,0,0,0,0,0
2004,320041,1,1,0,0,0,0,0,0,0,0,0,0
2004,320041,2,1,0,0,0,0,0,0,0,0,0,0
2004,320042,0,1,17,13,10,31,47,13,0,0,0,24
2004,320042,0,2,21,18,14,15,19,0,0,0,0,0
2004,320042,2,1,0,0,0,15,0,0,11,15,0,18
2004,320043,1,1,0,0,0,0,0,0,0,0,0,0
2004,320043,2,1,0,0,0,0,0,0,0,0,0,0
2004,320044,1,1,0,0,0,0,0,0,0,0,0,0
2004,320045,1,1,22,22,22,22,22,22,22,22,22,22
2004,320046,1,1,0,0,0,0,0,0,0,0,0,0
2004,320046,2,1,0,0,0,0,0,0,0,0,0,0
2004,320046,3,1,0,0,0,0,0,0,0,0,0,0
2004,320047,0,1,0,0,0,0,0,0,0,0,0,0
2004,320047,1,1,0,29,0,28,0,21,0,0,0,16
2004,320048,1,1,9,9,13,23,0,25,22,22,22,25
2004,320049,1,1,0,0,0,0,0,0,0,0,0,0
2004,320049,2,1,24,24,24,24,24,24,24,24,24,24
2004,320050,1,1,0,0,0,0,0,0,0,0,0,0
2004,320050,2,1,0,0,0,0,0,0,0,0,0,0
2004,320051,1,1,0,0,0,0,0,0,0,0,0,0
2004,320051,2,1,0,0,0,0,0,0,0,0,0,0
2004,320052,1,1,0,0,0,0,0,0,0,0,0,0
2004,320052,2,1,0,0,0,0,0,0,0,0,0,0
2004,320053,1,1,0,0,0,0,0,0,0,0,0,0
2004,320054,1,1,0,0,0,0,0,0,0,0,0,0
2004,320054,2,1,0,0,0,0,0,0,0,0,0,0
2004,320054,3,1,0,0,0,0,0,7,0,0,0,0
2004,320055,1,1,20,20,20,20,20,20,20,20,20,20
2004,320056,1,1,0,0,0,0,0,0,0,0,0,0
2004,320056,2,1,0,0,0,0,0,0,0,0,0,0
2004,320057,0,1,0,0,0,0,0,0,0,0,0,0
2004,320057,1,1,12,12,12,12,12,12,12,12,12,12
2004,320058,0,1,4,4,4,4,4,4,4,4,4,4
2004,320058,1,1,0,0,0,0,0,0,0,0,0,0
2004,320059,1,1,0,0,0,0,0,0,0,0,0,0
2004,320059,2,1,0,0,0,0,0,0,0,0,0,0
2004,320060,1,1,0,0,0,0,0,0,0,0,0,0
2004,320060,2,1,0,0,0,0,0,0,0,0,12,0
2004,320060,3,1,0,0,0,0,0,0,0,0,0,0
2004,320060,4,1,0,0,0,0,0,0,0,0,0,0
2004,320061,1,1,0,0,0,0,0,0,0,0,0,0
2004,320061,2,1,17,0,0,0,0,0,0,0,0,0
2004,320061,3,1,0,0,0,0,0,0,0,0,0,0
2004,320062,1,1,14,14,14,14,14,14,14,14,14,14
2004,320063,1,1,36,36,36,36,36,36,36,36,36,36
2004,320064,1,1,0,0,0,0,0,0,0,0,0,0
2004,320064,2,1,16,16,16,16,16,16,16,16,16,16
2004,320065,1,1,0,0,0,0,0,0,0,0,0,0
2004,320065,2,1,0,0,0,0,0,0,0,0,0,0
2004,320065,3,1,0,0,0,0,0,0,0,0,0,8
2004,320065,4,1,0,0,0,0,5,0,0,0,0,0
2004,320066,0,1,0,0,0,0,0,0,0,0,0,0
2004,320066,0,2,0,0,0,0,0,4,0,0,0,0
2004,320066,0,3,0,0,0,0,0,0,0,0,0,0
2004,320066,1,1,20,20,20,20,20,20,20,20,20,20
2004,320067,1,1,0,0,0,10,32,0,0,0,0,0
2004,320067,2,1,0,0,0,0,0,0,0,0,0,0
2004,320068,1,1,23,23,23,23,23,23,23,23,23,23
2004,320069,1,1,0,0,0,0,0,0,0,0,0,0
2004,320069,2,1,0,0,0,0,0,0,0,0,0,21
2004,320070,0,1,15,15,15,15,15,15,15,15,15,15
2004,320070,1,1,0,25,0,0,0,9,0,0,0,0
2004,320071,1,1,0,0,0,0,0,0,0,0,0,0
2004,320072,0,1,32,32,32,32,32,32,32,32,32,32
2004,320072,1,1,44,22,0,0,12,0,0,16,9,16
2004,320073,1,1,11,11,11,11,11,11,11,11,11,11
2004,320074,1,1,0,0,0,0,0,0,0,0,0,6
2004,320075,1,1,0,0,0,0,0,0,0,0,0,0
2004,320076,1,1,0,0,0,0,0,0,0,0,0,0
2004,320077,1,1,0,0,0,0,0,0,0,0,0,0
2004,320077,2,1,0,0,0,0,0,0,0,0,0,0
2004,320078,1,1,26,26,26,26,26,26,26,26,26,26
2004,320078,2,1,0,0,0,0,0,0,0,0,0,0
2004,320079,0,1,8,8,8,8,8,8,8,8,8,8
2004,320079,1,1,20,0,0,5,0,0,0,0,0,0
2004,320080,0,1,36,36,36,36,36,36,36,36,36,36
2004,320080,1,1,0,0,0,0,0,0,0,0,0,22
2004,320081,1,1,0,0,0,0,0,0,0,0,0,0
2004,320082,1,1,0,0,0,0,0,14,0,0,0,0
2004,320083,1,1,21,21,21,21,21,21,21,21,21,21
2004,320084,1,1,0,0,0,0,0,0,10,10,15,30
2004,320085,1,1,0,0,0,0,0,0,0,0,0,0
2004,320085,2,1,0,0,0,0,0,0,0,0,0,0
2004,320085,3,1,0,0,0,0,0,0,0,0,0,0
2004,320086,1,1,0,0,0,0,0,0,0,0,0,0
2004,320087,0,1,0,0,0,0,0,0,0,0,0,0
2004,320087,1,1,0,0,0,0,0,0,0,0,0,0
2004,320088,1,1,0,0,0,0,0,0,0,0,0,0
2004,320088,2,1,0,0,0,0,0,0,0,0,0,0
2004,320089,1,1,13,13,13,13,13,13,13,13,13,13
2004,320090,0,1,17,17,17,17,17,17,17,17,17,17
2004,320090,1,1,0,0,0,0,0,0,0,17,0,0
2004,320091,0,1,0,0,0,0,0,0,0,0,0,0
2004,320091,1,1,0,0,0,13,0,0,0,0,0,0
2004,320091,2,1,0,0,0,0,0,0,30,0,0,0
2004,320092,1,1,5,0,0,0,0,0,0,0,0,0
2004,320092,2,1,0,0,0,0,0,0,0,0,0,0
2004,320093,1,1,0,0,0,0,0,0,0,0,11,0
2004,320093,2,1,0,0,0,0,0,0,0,0,0,0
2004,320094,1,1,4,4,4,4,4,4,4,4,4,4
2004,320095,0,1,0,0,0,0,0,0,0,0,0,0
2004,320095,1,1,0,0,11,0,0,0,0,0,0,0
2004,320096,1,1,0,0,0,0,0,0,0,0,0,0
2004,320096,2,1,0,0,0,0,0,0,7,22,0,0
2004,320097,1,1,16,16,16,16,16,16,16,16,16,16
2004,320098,1,1,17,0,13,0,0,0,0,0,0,0
2004,320098,2,1,0,0,0,0,0,0,0,0,0,0
2004,320098,3,1,0,0,0,0,3,9,0,0,0,0
2004,320099,1,1,0,0,0,0,0,0,0,0,0,0
2004,320100,0,1,0,0,0,0,0,0,0,0,0,0
2004,320100,1,1,0,0,0,0,0,0,0,0,0,0
2004,320100,2,1,0,0,0,0,0,0,0,0,0,0
2004,320101,1,1,0,0,0,0,0,0,0,0,0,0
2004,320101,2,1,0,0,0,0,0,0,0,0,0,0
2004,320102,0,1,15,15,15,15,15,15,15,15,15,15
2004,320102,1,1,18,18,18,18,18,18,18,18,18,18
2004,320103,1,1,11,11,11,11,11,11,11,11,11,11
2004,320104,1,1,12,12,12,12,12,12,12,12,12,12
2004,320105,1,1,0,0,0,0,0,0,11,0,0,0
2004,320105,2,1,0,0,0,0,0,0,0,0,0,0
2004,320106,0,1,12,9,15,0,0,0,33,14,0,0
2004,320106,0,2,0,0,0,0,0,0,0,0,0,0
2004,320106,1,1,0,0,0,0,0,0,0,0,0,0
2004,320107,1,1,0,0,0,0,0,0,0,0,0,0
2004,320107,2,1,0,0,0,10,0,0,0,0,0,0
2004,320108,1,1,19,0,14,17,0,0,0,21,0,0
2004,320109,0,1,17,17,17,17,17,17,17,17,17,17
2004,320109,1,1,0,0,0,0,0,0,0,0,0,0
2004,320110,1,1,8,8,8,8,8,8,8,8,8,8
2004,320111,0,1,0,0,0,0,0,0,0,0,0,0
2004,320111,1,1,0,0,0,0,0,0,0,0,0,0
2004,320112,1,1,0,0,0,0,0,0,0,0,0,0
2004,320112,2,1,6,6,6,6,6,6,6,6,6,6
2004,320113,1,1,0,0,0,0,0,0,0,0,0,0
2004,320114,1,1,20,20,20,20,20,20,20,20,20,20
2004,320115,1,1,17,17,17,17,17,17,17,17,17,17
2004,320116,1,1,45,45,45,45,45,45,45,45,45,45
2004,320117,1,1,0,0,0,0,0,0,0,0,0,0
2004,320118,0,1,0,0,0,0,0,0,0,0,0,0
2004,320118,1,1,0,0,0,0,0,0,0,0,0,0
2004,320119,0,1,0,0,0,0,0,0,0,0,0,0
2004,320119,1,1,0,0,0,0,0,0,0,0,0,0
2004,320120,0,1,26,26,26,26,26,26,26,26,26,26
2004,320120,1,1,0,0,9,0,0,0,0,0,0,0
2004,320121,1,1,0,0,0,0,0,0,0,0,0,0
2004,320122,0,1,0,0,0,0,0,0,0,0,0,0
2004,320122,1,1,32,32,32,32,32,32,32,32,32,32
2004,320122,2,1,10,10,10,10,10,10,10,10,10,10
2004,320123,0,1,0,0,0,0,0,0,0,0,0,0
2004,320123,1,1,0,5,0,0,0,10,0,0,0,0
2004,320124,0,1,13,13,13,13,13,13,13,13,13,13
2004,320124,1,1,16,0,23,0,0,0,0,30,21,14
2004,320125,0,1,32,32,32,32,32,32,32,32,32,32
2004,320125,1,1,0,0,0,0,0,0,0,23,0,0
2004,320126,1,1,0,0,0,0,0,0,0,0,0,0
2004,320127,1,1,0,0,0,0,0,0,0,0,0,0
2004,320127,2,1,0,0,0,0,0,0,0,0,0,0
2004,320128,1,1,0,0,0,0,0,0,0,0,0,0
2004,320128,2,1,0,0,0,0,0,0,16,0,0,0
2004,320129,1,1,0,0,0,0,0,0,0,0,0,0
2004,320130,0,1,0,0,0,0,0,0,0,0,0,0
2004,320130,1,1,18,18,18,18,18,18,18,18,18,18
2004,320131,0,1,22,22,22,22,22,22,22,22,22,22
2004,320131,1,1,0,0,0,0,0,0,0,0,0,0
2004,320132,1,1,8,8,8,8,8,8,8,8,8,8
2004,320132,2,1,0,23,0,0,0,0,0,0,0,0
2004,320133,1,1,0,0,0,10,0,0,0,0,0,0
2004,320134,1,1,0,0,0,0,0,0,0,0,0,0
2004,320135,1,1,0,0,0,0,0,0,0,0,0,0
2004,320136,1,1,0,0,0,0,0,0,0,0,0,0
2004,320137,1,1,0,0,0,0,0,0,0,0,0,0
2004,320137,2,1,0,0,0,0,0,0,0,0,0,0
2004,320138,1,1,20,20,20,20,20,20,20,20,20,20
2004,320139,1,1,0,0,0,0,14,17,0,0,0,0
2004,320140,0,1,0,0,0,0,0,0,0,0,0,0
2004,320140,1,1,0,0,0,0,0,0,0,0,0,0
2004,320141,1,1,28,28,28,28,28,28,28,28,28,28
2004,320142,1,1,22,22,22,22,22,22,22,22,22,22
2004,320143,1,1,0,0,0,0,0,0,0,0,0,0
2004,320143,2,1,0,0,0,0,0,0,0,0,0,0
2004,320144,1,1,0,0,0,0,0,0,0,0,0,0
2004,320145,1,1,0,0,0,0,0,0,0,0,18,0
2004,320145,2,1,0,0,0,0,0,0,0,0,0,0
2004,320146,1,1,0,0,0,0,0,0,0,0,0,0
2004,320147,1,1,7,7,7,7,7,7,7,7,7,7
2004,320148,1,1,0,21,0,0,0,0,0,0,0,5
2004,320149,1,1,7,0,0,13,13,17,10,0,0,0
2004,320150,1,1,0,0,0,0,0,0,0,0,0,0
2004,320151,1,1,10,10,10,10,10,10,10,10,10,10
2004,320152,1,1,0,0,0,0,0,0,0,0,0,0
2004,320152,2,1,0,0,0,0,0,0,0,15,0,0
2004,320153,0,1,0,0,0,0,0,0,0,0,0,0
2004,320153,1,1,8,8,8,8,8,8,8,8,8,8
2004,320154,1,1,24,24,24,24,24,24,24,24,24,24
2004,320155,1,1,4,6,7,5,11,7,16,9,0,13
2004,320155,2,1,0,0,0,22,0,0,21,0,0,0
2004,320156,1,1,0,0,0,0,0,0,0,0,0,0
2004,320156,2,1,0,0,0,6,0,0,0,0,0,0
2004,320157,0,1,16,16,16,16,16,16,16,16,16,16
2004,320157,1,1,0,17,0,0,0,0,0,0,0,0
2004,320158,1,1,0,0,0,0,0,0,0,0,0,0
2004,320159,0,1,0,0,0,0,0,0,0,0,0,0
2004,320159,1,1,0,0,0,0,18,26,0,0,0,27
2004,320160,1,1,0,0,11,0,0,0,0,0,0,0
2004,320160,2,1,0,0,0,0,0,0,0,0,0,0
2004,320161,1,1,12,0,0,0,0,0,0,0,22,0
2004,320161,2,1,0,0,0,0,0,0,0,0,6,0
2004,320162,1,1,0,0,0,0,0,0,0,0,0,0
2004,320163,1,1,0,0,0,0,0,28,0,0,0,0
2004,320164,1,1,17,0,0,0,0,0,0,0,0,0
2004,320165,1,1,0,28,0,0,0,0,0,0,0,0
2004,320166,1,1,42,42,42,42,42,42,42,42,42,42
2004,320166,2,1,0,0,0,0,0,0,0,0,0,0
2004,320167,1,1,0,0,0,17,0,0,0,0,0,0
2004,320168,1,1,0,19,0,5,0,0,0,0,0,0
2004,320169,1,1,0,0,0,0,0,0,0,0,0,0
2004,320169,2,1,0,0,0,0,0,0,0,0,0,0
2004,320170,1,1,18,17,0,0,20,28,0,0,0,0
2004,320171,1,1,0,0,0,0,0,0,0,0,0,0
2004,320172,1,1,13,15,0,10,19,12,11,40,37,13
2004,320173,1,1,8,8,8,8,8,8,8,8,8,8
2004,320174,1,1,0,0,0,0,0,0,0,0,0,0
2004,320175,1,1,20,20,20,20,20,20,20,20,20,20
2004,320176,1,1,0,0,0,0,0,0,0,0,0,0
2004,320177,0,1,0,0,0,0,0,0,0,0,0,0
2004,320177,1,1,0,0,0,0,0,0,0,0,0,0
2004,320178,1,1,0,0,0,0,0,0,0,0,0,0
2004,320178,2,1,0,0,0,0,0,0,0,0,0,0
2004,320179,1,1,0,0,0,0,0,0,0,0,0,0
2004,320180,0,1,32,32,32,32,32,32,32,32,32,32
2004,320180,1,1,0,0,0,0,3,0,0,0,0,0
2004,320181,0,1,0,0,0,0,0,0,0,0,0,0
2004,320181,1,1,0,0,0,0,26,0,0,0,0,0
2004,320181,2,1,0,0,0,0,0,0,0,0,0,0
2004,320181,3,1,0,0,0,0,0,0,0,0,0,0
2004,320182,1,1,0,0,0,0,0,0,0,0,0,0
2004,320182,2,1,0,0,0,0,0,0,0,0,0,0
2004,320183,1,1,0,0,0,0,0,0,0,0,0,12
2004,320183,2,1,0,0,0,0,0,0,0,0,0,0
2004,320184,1,1,11,11,11,11,11,11,11,11,11,11
2004,320185,1,1,7,7,7,7,7,7,7,7,7,7
2004,320186,1,1,16,16,16,16,16,16,16,16,16,16
2004,320186,2,1,12,0,13,0,0,0,0,0,0,10
2004,320187,1,1,0,0,0,0,0,0,0,0,0,0
2004,320188,1,1,0,0,0,0,0,0,0,0,0,0
2004,320188,2,1,0,0,0,0,0,0,0,0,0,0
2004,320189,1,1,0,0,0,0,0,0,0,0,0,0
2004,320189,2,1,0,0,0,0,0,6,0,0,0,0
2004,320189,3,1,0,0,0,0,0,0,0,0,0,0
2004,320189,4,1,0,0,0,0,0,0,0,0,0,0
2004,320190,1,1,2,2,2,2,2,2,2,2,2,2
2004,320190,2,1,0,0,0,0,0,0,0,0,0,0
2004,320190,3,1,0,0,0,0,0,0,0,0,0,0
2004,320191,0,1,33,33,33,33,33,33,33,33,33,33
2004,320191,1,1,0,10,0,0,0,0,0,9,0,0
2004,320192,1,1,0,0,0,0,0,0,0,0,0,0
2004,320192,2,1,0,0,0,0,0,0,0,0,0,0
2004,320193,1,1,0,0,0,0,0,0,0,0,0,0
2004,320193,2,1,0,20,0,0,0,0,0,0,0,0
2004,320194,1,1,0,0,0,0,0,0,0,0,0,0
2004,320194,2,1,0,17,4,0,0,0,0,0,0,8
2004,320195,1,1,15,16,18,22,0,0,0,0,0,0
2004,320195,2,1,0,0,0,0,0,0,0,0,0,0
2004,320196,1,1,0,0,0,0,0,0,0,0,0,0
2004,320196,2,1,0,0,0,24,0,0,0,0,0,0
2004,320197,0,1,0,0,0,10,0,0,0,0,0,0
2004,320197,0,2,0,0,0,0,0,0,0,0,0,0
2004,320197,1,1,0,0,0,0,0,0,0,0,0,0
2004,320197,2,1,0,0,0,0,0,0,0,0,0,0
2004,320198,1,1,0,0,20,0,0,0,0,0,0,0
2004,320198,2,1,0,0,0,0,0,0,0,0,0,0
2004,320199,1,1,23,23,23,23,23,23,23,23,23,23
2004,320199,2,1,0,0,8,18,0,0,10,0,11,0
2004,320199,3,1,0,8,21,0,0,4,0,0,19,0
2004,320200,0,1,7,7,7,7,7,7,7,7,7,7
2004,320200,1,1,0,0,0,0,0,0,0,7,0,0
2004,320201,0,1,0,0,0,0,0,0,13,0,0,0
2004,320201,1,1,0,0,0,0,0,0,0,0,0,0
2004,320202,0,1,0,0,0,0,0,0,0,0,0,0
2004,320202,1,1,0,0,0,0,0,0,0,0,0,0
2004,320203,1,1,2,2,2,2,2,2,2,2,2,2
2004,320204,0,1,28,28,28,28,28,28,28,28,28,28
2004,320204,1,1,0,0,0,0,0,0,0,0,0,0
2004,320205,1,1,7,0,0,0,0,0,0,0,0,0
2004,320205,2,1,0,14,0,0,0,13,0,0,0,10
2004,320206,1,1,0,0,0,0,0,0,0,0,0,0
2004,320207,0,1,0,0,0,0,0,0,0,0,0,0
2004,320207,1,1,0,0,0,0,0,21,0,0,0,0
2004,320208,1,1,0,0,0,0,0,0,0,0,0,0
2004,320208,2,1,0,0,0,0,0,0,0,0,0,0
2004,320209,0,1,0,0,0,0,0,0,0,0,0,0
2004,320209,1,1,0,12,0,0,0,0,0,0,0,0
2004,320210,1,1,0,0,0,0,0,0,0,0,0,0
2004,320211,1,1,0,0,0,0,0,0,0,0,0,0
2004,320211,2,1,0,0,0,0,0,0,0,0,0,0
2004,320212,1,1,13,13,13,13,13,13,13,13,13,13
2004,320213,1,1,0,0,0,0,0,0,0,0,0,0
2004,320213,2,1,0,0,0,0,0,0,0,0,0,0
2004,320214,1,1,0,0,0,0,0,0,0,0,0,0
2004,320215,1,1,0,0,0,0,0,0,0,0,0,0
2004,320216,1,1,22,9,6,23,11,26,29,27,7,15
2004,320217,1,1,0,0,0,0,0,0,0,0,0,0
2004,320217,2,1,0,0,0,0,0,0,0,0,0,0
2004,320217,3,1,0,0,0,0,0,0,0,0,0,0
2004,320217,4,1,0,0,0,0,0,0,0,0,0,0
2004,320218,1,1,0,0,0,0,0,0,0,0,0,0
2004,320218,2,1,0,0,18,0,0,0,0,0,0,0
2004,320218,3,1,0,0,0,0,0,0,0,0,0,0
2004,320219,0,1,0,0,0,0,0,0,0,0,0,0
2004,320219,1,1,0,0,0,0,0,0,0,0,0,0
2004,320220,1,1,0,0,0,0,0,0,0,0,0,0
2004,320220,2,1,0,0,0,0,0,0,0,0,0,0
2004,320221,1,1,0,0,0,0,0,0,0,0,0,0
2004,320221,2,1,0,0,0,0,0,0,0,0,0,0
2004,320222,1,1,0,0,0,0,0,0,0,0,0,0
2004,320222,2,1,0,0,0,0,0,0,0,0,0,0
2004,320223,1,1,0,0,7,0,0,0,0,0,0,0
2004,320223,2,1,0,0,0,0,0,0,0,0,0,0
2004,320224,1,1,0,0,0,0,0,0,0,0,0,0
2004,320224,2,1,0,0,0,0,0,0,0,0,0,0
2004,320225,1,1,0,0,0,0,0,0,0,0,0,0
2004,320225,2,1,0,0,0,0,0,0,0,0,0,0
2004,320225,3,1,0,0,0,0,0,0,0,0,0,0
2004,320226,0,1,0,0,0,0,0,0,0,0,0,0
2004,320226,1,1,0,0,0,11,0,0,0,0,0,0
2004,320227,1,1,0,0,0,0,0,0,0,0,0,0
2004,320228,0,1,0,0,0,0,0,0,0,0,0,0
2004,320228,1,1,9,9,9,9,9,9,9,9,9,9
2004,320229,1,1,0,0,0,0,11,0,0,0,0,0
2004,320229,2,1,20,0,0,0,0,0,0,0,0,0
2004,320230,1,1,15,15,15,15,15,15,15,15,15,15
2004,320231,1,1,0,0,0,0,0,0,0,0,0,0
2004,320232,1,1,0,0,0,0,0,0,0,0,0,0
2004,320233,1,1,0,0,0,0,0,0,0,0,0,0
2004,320233,2,1,0,0,0,0,0,0,0,0,0,0
2004,320234,1,1,0,0,0,0,0,0,0,0,0,0
2004,320235,1,1,0,0,0,0,0,0,0,0,0,0
2004,320235,2,1,0,0,0,0,0,0,0,0,0,0
2004,320236,1,1,0,0,0,0,0,0,0,0,0,0
2004,320237,1,1,0,0,0,0,0,0,0,0,0,0
2004,320237,2,1,0,0,0,0,0,0,0,0,0,0
2004,320238,0,1,0,0,0,0,0,0,0,0,0,0
2004,320238,1,1,0,0,0,0,0,0,0,0,0,0
2004,320239,1,1,4,4,4,4,4,4,4,4,4,4
2004,320240,1,1,21,21,21,21,21,21,21,21,21,21
2004,320241,1,1,0,0,0,0,0,0,0,0,0,0
2004,320242,1,1,16,16,16,16,16,16,16,16,16,16
2004,320242,2,1,0,0,0,0,0,0,0,0,0,0
2004,320243,1,1,0,0,0,0,0,0,0,0,0,0
2004,320243,2,1,0,0,0,0,0,0,0,0,0,0
2004,320244,1,1,0,0,0,0,0,0,0,0,0,0
2004,320245,0,1,0,0,0,0,0,0,0,0,0,0
2004,320245,1,1,0,0,0,0,0,0,0,0,0,0
2004,320246,1,1,0,0,0,0,0,0,0,0,0,0
2004,320246,2,1,0,0,0,0,0,0,0,0,0,0
2004,320247,1,1,7,15,0,0,12,0,0,0,11,13
2004,320248,1,1,0,0,0,0,0,0,0,0,0,0
2004,320248,2,1,0,0,0,0,0,0,0,0,0,0
2004,320249,1,1,28,28,28,28,28,28,28,28,28,28
2004,320250,1,1,0,0,0,0,0,0,0,0,0,0
2004,320251,1,1,0,0,0,0,0,0,0,0,0,0
2004,320252,0,1,0,0,0,0,0,0,0,0,0,0