YEAR,ST_CASE,veh_no,per_no,P1,P2,P3,P4,P5,P6,P7,P8,P9,P10
2004,320252,1,1,0,0,0,9,18,0,0,0,0,0
2004,320253,1,1,0,0,0,0,0,0,0,0,0,0
2004,320254,1,1,12,12,12,12,12,12,12,12,12,12
2004,320254,2,1,0,0,0,21,29,0,0,16,0,0
2004,320255,1,1,14,14,14,14,14,14,14,14,14,14
2004,320256,1,1,0,0,0,0,0,0,0,0,0,0
2004,320256,2,1,0,0,0,0,0,0,0,0,0,0
2004,320257,1,1,16,16,16,16,16,16,16,16,16,16
2004,320258,1,1,2,2,2,2,2,2,2,2,2,2
2004,320259,1,1,0,0,0,0,0,0,0,0,0,0
2004,320259,2,1,0,0,0,0,0,0,0,0,0,0
2004,320260,1,1,0,0,0,0,0,0,0,0,0,0
2004,320260,2,1,0,0,0,0,0,0,0,0,0,0
2004,320261,0,1,28,28,28,28,28,28,28,28,28,28
2004,320261,1,1,34,8,32,0,18,14,13,0,0,0
2004,320262,1,1,0,0,0,0,0,0,0,0,0,0
2004,320263,0,1,36,36,36,36,36,36,36,36,36,36
2004,320263,1,1,0,0,0,0,0,0,0,0,0,0
2004,320264,1,1,0,0,0,0,0,0,0,0,0,0
2004,320264,2,1,0,0,0,0,0,0,0,0,0,0
2004,320265,0,1,39,39,39,39,39,39,39,39,39,39
2004,320265,1,1,15,15,15,15,15,15,15,15,15,15
2004,320266,1,1,15,15,15,15,15,15,15,15,15,15
2004,320267,1,1,0,0,0,0,0,0,0,0,0,0
2004,320268,1,1,20,20,20,20,20,20,20,20,20,20
2004,320269,1,1,5,5,5,5,5,5,5,5,5,5
2004,320270,1,1,18,18,18,18,18,18,18,18,18,18
2004,320271,0,1,0,0,0,0,0,0,0,0,0,0
2004,320271,1,1,0,0,0,0,0,0,0,0,0,0
2004,320272,0,1,0,0,0,0,0,0,0,0,0,0
2004,320272,1,1,0,0,0,0,0,0,0,0,0,0
2004,320273,1,1,35,35,35,35,35,35,35,35,35,35
2004,320273,2,1,45,45,45,45,45,45,45,45,45,45
2004,320274,0,1,33,33,33,33,33,33,33,33,33,33
2004,320274,1,1,23,23,23,23,23,23,23,23,23,23
2004,320275,1,1,0,0,0,6,0,0,0,0,0,0
2004,320276,1,1,0,0,0,0,0,0,0,0,0,0
2004,320277,0,1,0,0,0,19,0,0,0,0,0,3
2004,320277,0,2,0,0,0,0,0,0,0,0,0,0
2004,320277,1,1,0,0,0,0,0,0,0,0,0,0
2004,320277,2,1,0,0,0,0,0,0,0,0,0,0
2004,320278,1,1,0,0,0,0,0,0,0,0,0,0
2004,320278,2,1,0,0,0,0,0,0,0,0,0,0
2004,320279,1,1,0,0,0,0,0,0,0,0,0,0
2004,320280,1,1,0,0,0,0,0,0,0,0,0,0
2004,320281,1,1,0,0,0,0,0,0,0,0,0,0
2004,320281,2,1,0,0,0,0,0,0,0,0,0,0
2004,320282,0,1,0,0,0,0,0,0,0,0,0,0
2004,320282,1,1,0,0,0,0,0,28,0,0,0,0
2004,320283,1,1,0,0,0,0,0,0,0,0,0,0
2004,320283,2,1,0,0,10,0,0,0,0,0,0,0
2004,320284,1,1,15,15,15,15,15,15,15,15,15,15
2004,320285,1,1,23,23,23,23,23,23,23,23,23,23
2004,320285,2,1,0,0,0,0,0,0,0,0,0,0
2004,320286,1,1,0,0,0,0,0,0,0,0,0,0
2004,320287,1,1,22,22,22,22,22,22,22,22,22,22
2004,320288,1,1,0,0,0,0,0,0,0,0,0,0
2004,320288,2,1,0,0,0,0,0,0,0,0,0,0
2004,320288,3,1,0,0,0,0,0,0,0,0,0,0
2004,320288,4,1,0,0,0,0,0,0,0,0,0,0
2004,320289,1,1,0,0,0,0,0,0,0,0,0,0
2004,320290,1,1,0,0,0,0,0,0,0,0,0,0
2004,320290,2,1,0,0,0,0,0,0,0,0,0,0
2004,320290,3,1,0,0,0,0,0,0,0,0,0,0
2004,320290,4,1,0,0,0,0,0,0,0,0,0,0
2004,320291,1,1,0,0,0,0,0,0,0,0,0,0
2004,320291,2,1,0,0,0,0,0,0,0,0,0,0
2004,320292,1,1,13,13,13,13,13,13,13,13,13,13
2004,320293,0,1,22,22,22,22,22,22,22,22,22,22
2004,320293,1,1,0,0,0,0,0,0,0,0,0,0
2004,320294,0,1,16,0,0,0,0,0,14,0,0,0
2004,320294,1,1,0,15,0,0,0,0,0,4,0,0
2004,320295,1,1,0,0,0,0,0,0,0,0,0,0
2004,320296,1,1,8,8,8,8,8,8,8,8,8,8
2004,320297,1,1,32,32,32,32,32,32,32,32,32,32
2004,320298,1,1,13,13,13,13,13,13,13,13,13,13
2004,320298,2,1,0,0,0,0,0,0,0,0,0,0
2004,320298,3,1,0,0,0,0,0,4,0,18,23,0
2004,320299,1,1,0,0,0,0,0,0,0,0,0,0
2004,320299,2,1,0,0,0,0,15,0,0,0,0,8
2004,320300,1,1,0,0,21,0,0,0,0,0,0,30
2004,320300,2,1,0,0,0,0,0,0,0,0,0,0
2004,320301,1,1,26,26,26,26,26,26,26,26,26,26
2004,320302,0,1,0,0,0,0,0,0,0,0,0,0
2004,320302,1,1,0,0,0,0,0,31,0,9,0,16
2004,320303,1,1,0,27,0,11,0,16,0,0,0,0
2004,320303,2,1,0,0,0,0,0,0,0,9,0,0
2004,320304,1,1,20,20,20,20,20,20,20,20,20,20
2004,320305,1,1,0,0,0,0,0,0,0,0,0,0
2004,320306,0,1,0,0,0,0,0,0,0,0,0,0
2004,320306,1,1,0,0,8,0,0,0,0,0,18,18
2004,320307,0,1,0,0,0,0,0,0,0,0,0,0
2004,320307,1,1,0,0,25,0,15,0,0,0,0,0
2004,320308,1,1,25,12,24,12,19,7,8,17,9,12
2004,320309,1,1,0,0,0,0,0,0,0,0,0,0
2004,320309,2,1,0,0,0,0,0,0,0,0,0,0
2004,320310,1,1,0,0,0,0,0,0,0,0,0,0
2004,320311,0,1,0,0,0,0,0,0,0,0,0,0
2004,320311,1,1,0,0,21,30,0,7,0,0,0,0
2004,320312,1,1,19,19,19,19,19,19,19,19,19,19
2004,320313,1,1,0,0,0,0,0,0,0,0,0,0
2004,320314,1,1,0,0,0,0,0,0,0,0,0,0
2004,320314,2,1,4,4,4,4,4,4,4,4,4,4
2004,320315,1,1,0,0,0,0,0,0,0,0,0,18
2004,320315,2,1,0,0,0,0,0,0,0,0,0,0
2004,320315,3,1,0,0,0,0,0,0,0,0,0,0
2004,320316,1,1,19,19,19,19,19,19,19,19,19,19
2004,320316,2,1,0,0,0,0,0,0,0,0,0,0
2004,320316,3,1,0,0,0,0,0,0,0,0,0,0
2004,320317,1,1,25,25,25,25,25,25,25,25,25,25
2004,320318,1,1,15,15,15,15,15,15,15,15,15,15
2004,320319,1,1,0,0,0,0,0,0,0,0,0,0
2004,320319,2,1,0,0,0,0,0,0,0,0,0,0
2004,320320,1,1,0,0,0,0,0,0,0,0,0,0
2004,320320,2,1,0,0,0,0,0,0,0,0,0,0
2004,320321,1,1,0,0,0,0,0,0,0,0,0,0
2004,320321,2,1,0,0,0,0,0,0,0,0,0,0
2004,320322,1,1,0,0,0,0,0,0,0,0,0,0
2004,320322,2,1,0,0,0,0,0,0,0,0,0,0
2004,320323,1,1,6,6,6,6,6,6,6,6,6,6
2004,320323,2,1,6,6,6,6,6,6,6,6,6,6
2004,320324,0,1,33,33,33,33,33,33,33,33,33,33
2004,320324,1,1,0,0,0,0,0,0,0,0,0,0
2004,320325,1,1,15,15,15,15,15,15,15,15,15,15
2004,320326,1,1,0,0,0,0,0,0,0,0,0,0
2004,320326,2,1,0,0,0,0,0,0,0,0,0,0
2004,320327,1,1,0,0,0,0,0,0,0,0,0,0
2004,320327,2,1,0,0,0,0,0,0,0,0,0,0
2004,320328,1,1,0,0,0,0,0,0,0,0,0,0
2004,320328,2,1,0,0,0,0,0,0,0,0,0,0
2004,320329,1,1,0,0,0,0,0,0,0,0,0,0
2004,320329,2,1,0,0,0,0,0,0,0,0,0,0
2004,320330,1,1,0,0,0,0,0,0,0,0,0,0
2004,320330,2,1,0,0,9,0,0,0,0,0,0,0
2004,320330,3,1,0,0,0,0,0,0,0,0,0,0
2004,320331,1,1,0,0,0,0,0,0,0,0,0,0
2004,320331,2,1,0,0,0,0,0,0,0,0,0,0
2004,320332,1,1,0,0,0,0,0,0,0,0,0,0
2004,320333,1,1,13,13,13,13,13,13,13,13,13,13
2004,320334,1,1,0,0,0,0,0,0,0,0,0,0
2004,320334,2,1,0,0,0,0,0,0,0,0,0,0
2004,320334,3,1,0,0,0,0,0,0,0,0,0,0
2004,320334,4,1,0,0,0,0,0,0,0,0,0,0
2004,320334,5,1,0,0,0,0,0,0,0,0,0,12
2004,320334,6,1,11,0,0,0,0,0,0,0,0,19
2004,320335,1,1,0,0,16,0,0,0,3,0,0,0
2004,320335,2,1,0,0,0,0,0,11,30,10,0,0
2004,320336,1,1,0,0,0,0,0,19,0,0,0,0
2004,320336,2,1,0,26,0,0,0,0,0,0,0,0
2004,320337,1,1,0,0,0,0,0,0,0,0,0,0
2004,320337,2,1,0,0,0,0,0,0,0,0,0,7
2004,320338,1,1,0,0,0,0,0,0,0,0,0,0
2004,320338,2,1,0,0,0,0,0,13,0,0,0,0
2004,320339,1,1,0,0,0,0,0,0,0,0,0,0
2004,320339,2,1,0,0,0,0,0,0,0,0,0,9
2004,320340,1,1,0,0,0,0,0,0,0,0,0,0
2004,320340,2,1,0,0,0,17,0,0,9,0,0,0
2004,320341,1,1,7,7,7,7,7,7,7,7,7,7
2004,320342,0,1,28,28,28,28,28,28,28,28,28,28
2004,320342,1,1,0,0,11,0,0,0,0,0,21,0
2004,320343,1,1,0,16,0,11,0,11,5,0,1,0
2004,320343,2,1,0,0,0,0,0,0,0,0,0,0
2004,320344,1,1,0,0,0,0,0,0,0,0,0,0
2004,320345,1,1,0,0,0,0,0,0,0,0,0,0
2004,320345,2,1,7,0,0,0,0,0,0,0,0,0
2004,320346,1,1,0,0,0,0,0,0,0,0,0,0
2004,320347,1,1,0,0,0,0,0,0,0,0,0,0
2004,320347,2,1,0,0,0,0,0,0,0,0,0,15
2004,320348,1,1,16,16,16,16,16,16,16,16,16,16
2004,320349,1,1,8,0,0,0,0,0,0,0,0,0
2004,320350,1,1,0,0,0,0,0,0,0,0,0,0
2004,320351,1,1,0,0,0,0,0,0,0,0,16,13
2004,320351,2,1,25,13,25,19,0,0,0,0,14,13
2004,320352,1,1,0,0,0,0,0,0,0,0,0,0
2004,320352,2,1,0,0,0,0,0,0,0,0,0,0
2004,320353,1,1,0,13,20,0,31,17,15,0,26,18
2004,320354,0,1,0,0,0,0,0,0,0,0,0,0
2004,320354,1,1,0,0,0,0,0,0,0,0,0,0
2004,320355,0,1,11,18,26,17,0,11,15,21,0,24
2004,320355,1,1,0,12,35,0,0,9,0,15,13,10
2004,320356,1,1,0,0,21,0,0,0,0,19,0,0
2004,320357,1,1,11,11,11,11,11,11,11,11,11,11
2004,320358,1,1,0,0,15,3,0,18,9,0,0,0
2004,320359,1,1,0,0,0,0,0,15,12,9,34,0
2004,320360,1,1,21,0,0,0,0,30,0,33,0,0
2004,330001,1,1,0,0,0,0,0,0,0,0,0,0
2004,330001,2,1,0,0,0,10,0,0,0,0,0,0
2004,330002,1,1,0,0,0,0,0,0,0,0,0,0
2004,330002,2,1,0,0,0,0,0,0,0,0,0,0
2004,330003,1,1,13,13,13,13,13,13,13,13,13,13
2004,330003,2,1,0,7,4,0,13,14,0,0,0,0
2004,330004,1,1,18,18,18,18,18,18,18,18,18,18
2004,330005,0,1,0,0,0,0,0,0,0,0,0,0
2004,330005,1,1,0,10,0,0,0,0,0,0,0,0
2004,330006,1,1,0,0,0,0,0,0,0,0,0,0
2004,330006,2,1,0,0,0,0,0,0,0,0,0,0
2004,330007,1,1,18,18,18,18,18,18,18,18,18,18
2004,330008,1,1,0,0,0,0,0,0,0,0,13,0
2004,330009,1,1,0,0,0,0,0,0,0,0,0,0
2004,330009,2,1,0,0,0,0,0,0,0,0,0,0
2004,330010,1,1,0,0,0,0,0,0,0,0,0,0
2004,330010,2,1,0,0,0,0,0,0,0,0,0,0
2004,330011,0,1,0,0,0,0,0,0,0,0,0,0
2004,330011,1,1,0,0,0,0,0,0,0,0,0,0
2004,330012,1,1,7,7,7,7,7,7,7,7,7,7
2004,330013,1,1,9,9,9,9,9,9,9,9,9,9
2004,330014,1,1,0,0,0,0,0,0,0,0,0,0
2004,330014,2,1,0,0,0,0,0,0,0,0,0,0
2004,330015,1,1,0,0,0,0,0,0,0,0,0,0
2004,330015,2,1,0,0,0,0,0,0,0,0,0,0
2004,330016,1,1,0,0,0,0,0,0,0,0,0,0
2004,330016,2,1,0,0,0,0,0,0,0,0,0,0
2004,330017,1,1,0,0,0,0,0,0,0,0,0,0
2004,330017,2,1,15,0,0,25,0,0,0,12,0,0
2004,330018,1,1,0,0,0,7,10,0,0,0,0,0
2004,330019,1,1,0,0,0,0,0,0,0,0,0,0
2004,330020,1,1,0,0,15,0,0,18,12,12,19,0
2004,330021,1,1,0,0,0,0,0,0,0,0,0,0
2004,330022,1,1,0,0,0,0,0,0,0,0,0,0
2004,330022,2,1,0,0,0,0,0,0,0,0,0,0
2004,330023,1,1,0,0,0,0,0,0,0,0,0,0
2004,330024,1,1,0,0,0,0,0,0,0,0,0,0
2004,330024,2,1,0,14,0,0,0,0,0,0,0,0
2004,330025,1,1,0,0,0,0,0,0,0,0,0,0
2004,330025,2,1,0,0,0,0,0,0,0,0,0,0
2004,330026,1,1,0,0,0,0,0,0,0,0,0,0
2004,330027,1,1,0,0,0,0,0,0,0,0,0,0
2004,330028,1,1,0,0,0,0,0,0,0,0,0,0
2004,330028,2,1,0,0,0,11,0,0,0,0,0,0
2004,330029,1,1,0,0,0,0,0,0,0,0,0,0
2004,330029,2,1,0,0,0,0,0,0,0,0,0,0
2004,330030,1,1,20,20,20,20,20,20,20,20,20,20
2004,330031,1,1,0,0,0,0,0,0,0,0,0,0
2004,330032,0,1,0,0,0,0,0,0,0,0,0,0
2004,330032,1,1,0,0,0,0,0,0,0,0,0,0
2004,330033,1,1,0,0,0,0,0,0,0,0,0,0
2004,330034,1,1,0,0,0,0,0,0,0,0,0,0
2004,330034,2,1,0,0,0,0,0,24,0,0,0,0
2004,330035,1,1,0,0,0,0,0,0,0,0,0,0
2004,330036,1,1,9,18,0,17,0,0,10,0,0,0
2004,330036,2,1,1,1,1,1,1,1,1,1,1,1
2004,330037,1,1,10,10,10,10,10,10,10,10,10,10
2004,330038,1,1,0,0,0,0,0,0,0,0,0,0
2004,330039,1,1,0,0,0,0,0,0,0,0,0,0
2004,330039,2,1,0,0,0,0,0,0,0,0,0,0
2004,330039,3,1,0,0,0,0,0,0,0,0,0,0
2004,330039,4,1,0,0,13,0,0,0,0,0,0,0
2004,330040,1,1,0,0,0,0,0,0,0,0,0,0
2004,330041,1,1,0,0,0,0,0,0,0,0,0,0
2004,330042,1,1,0,0,0,0,0,0,0,0,0,0
2004,330042,2,1,0,0,0,0,0,0,0,0,0,0
2004,330043,1,1,7,7,7,7,7,7,7,7,7,7
2004,330044,0,1,0,0,0,0,0,0,0,0,0,0
2004,330044,1,1,0,0,0,0,0,0,0,0,0,0
2004,330044,2,1,0,0,0,0,0,0,0,0,5,0
2004,330044,3,1,0,0,0,0,0,0,0,0,0,0
2004,330044,4,1,0,0,4,0,0,0,0,0,0,0
2004,330045,1,1,0,0,0,0,0,0,0,0,0,0
2004,330045,2,1,0,0,0,0,0,0,0,0,0,0
2004,330046,1,1,12,12,12,12,12,12,12,12,12,12
2004,330047,1,1,0,0,0,0,0,0,0,0,0,0
2004,330048,1,1,8,8,8,8,8,8,8,8,8,8
2004,330049,1,1,13,13,13,13,13,13,13,13,13,13
2004,330049,2,1,23,0,8,0,0,4,0,0,0,0
2004,330050,1,1,0,0,0,0,0,0,0,0,0,0
2004,330050,2,1,0,0,18,0,0,0,0,0,0,0
2004,330050,3,1,0,0,0,0,0,0,0,0,0,0
2004,330050,4,1,0,0,0,0,0,0,0,0,0,0
2004,330051,0,1,0,17,0,0,20,4,0,0,0,20
2004,330051,0,2,10,0,0,14,0,15,40,0,12,26
2004,330051,1,1,29,29,29,29,29,29,29,29,29,29
2004,330051,2,1,0,0,0,0,0,5,0,0,0,0
2004,330052,1,1,23,23,23,23,23,23,23,23,23,23
2004,330053,1,1,8,14,0,0,8,0,0,12,15,0
2004,330054,1,1,19,19,19,19,19,19,19,19,19,19
2004,330055,1,1,0,0,0,0,0,0,0,0,0,0
2004,330056,1,1,0,0,0,0,0,0,0,0,0,0
2004,330056,2,1,0,0,0,0,0,0,0,0,0,0
2004,330057,0,1,0,0,0,0,0,0,0,0,0,0
2004,330057,1,1,0,0,0,0,0,0,0,0,0,0
2004,330058,1,1,0,0,0,0,0,0,0,0,0,0
2004,330058,2,1,0,0,0,0,0,0,0,0,0,0
2004,330059,1,1,0,0,0,0,0,0,0,0,0,0
2004,330059,2,1,0,0,0,0,0,0,0,0,0,0
2004,330059,3,1,0,0,0,0,0,0,0,0,0,0
2004,330059,4,1,0,0,0,0,0,0,0,0,0,0
2004,330060,1,1,0,0,0,0,0,0,0,0,0,0
2004,330060,2,1,0,0,0,0,0,0,0,0,0,0
2004,330060,3,1,0,0,0,0,0,0,0,0,0,0
2004,330061,1,1,0,0,0,0,0,0,0,0,0,0
2004,330062,1,1,0,0,0,0,0,0,0,0,0,0
2004,330063,1,1,0,0,0,0,0,0,0,0,0,0
2004,330064,1,1,8,0,0,0,0,0,0,0,0,0
2004,330064,2,1,0,0,0,0,0,0,0,21,0,0
2004,330065,1,1,24,24,24,24,24,24,24,24,24,24
2004,330066,1,1,0,0,0,0,0,0,0,0,0,0
2004,330066,2,1,0,0,0,0,0,0,0,0,0,0
2004,330067,1,1,0,8,0,0,0,0,0,0,0,14
2004,330067,2,1,0,0,0,0,0,0,0,0,0,0
2004,330068,0,1,22,22,22,22,22,22,22,22,22,22
2004,330068,1,1,0,9,0,0,0,0,0,0,8,0
2004,330069,1,1,21,21,21,21,21,21,21,21,21,21
2004,330070,1,1,0,0,0,0,0,0,0,0,0,0
2004,330071,1,1,10,0,0,0,20,0,13,28,19,5
2004,330072,1,1,0,0,0,0,0,0,0,0,0,0
2004,330073,1,1,0,0,0,0,0,0,0,0,0,0
2004,330073,2,1,0,0,0,0,0,0,0,0,0,0
2004,330074,1,1,0,0,0,0,0,0,0,0,0,0
2004,330075,1,1,0,0,0,0,0,0,0,0,0,0
2004,330076,1,1,0,0,0,0,0,0,0,0,0,0
2004,330077,1,1,0,0,0,0,0,0,0,0,0,0
2004,330078,1,1,9,0,0,0,0,0,0,0,0,0
2004,330078,2,1,0,0,0,0,0,0,0,0,0,0
2004,330079,1,1,13,13,13,13,13,13,13,13,13,13
2004,330080,1,1,0,6,0,0,0,0,0,0,0,0
2004,330081,0,1,0,0,0,0,0,0,0,0,0,0
2004,330081,1,1,0,0,0,0,0,0,0,0,0,0
2004,330082,1,1,0,0,0,0,0,0,0,0,0,0
2004,330082,2,1,0,0,0,0,0,0,0,0,0,0
2004,330083,1,1,0,0,0,0,0,0,0,0,0,0
2004,330083,2,1,0,0,0,0,0,0,0,0,0,0
2004,330084,1,1,17,17,17,17,17,17,17,17,17,17
2004,330085,1,1,0,0,0,0,0,0,0,0,0,0
2004,330085,2,1,0,0,0,0,1,0,0,0,0,0
2004,330086,1,1,0,0,0,0,0,0,0,0,0,0
2004,330087,1,1,24,24,24,24,24,24,24,24,24,24
2004,330088,1,1,0,0,0,0,0,0,0,0,0,0
2004,330088,2,1,0,0,0,0,0,0,0,0,0,0
2004,330089,1,1,0,0,0,0,0,0,0,0,0,0
2004,330090,1,1,0,0,0,0,0,0,0,0,0,0
2004,330090,2,1,0,0,0,0,0,0,0,0,0,0
2004,330091,1,1,24,24,24,24,24,24,24,24,24,24
2004,330091,2,1,0,0,0,0,0,0,0,7,0,0
2004,330092,1,1,0,0,0,0,0,0,0,0,0,0
2004,330093,1,1,0,0,0,0,0,0,0,0,0,0
2004,330093,2,1,0,0,0,0,0,0,0,0,0,0
2004,330093,3,1,0,0,0,9,0,0,0,0,0,0
2004,330094,1,1,0,0,0,0,0,0,0,0,0,0
2004,330094,2,1,0,0,0,0,0,0,0,0,0,0
2004,330095,1,1,16,16,16,16,16,16,16,16,16,16
2004,330096,1,1,3,3,3,3,3,3,3,3,3,3
2004,330097,1,1,19,19,19,19,19,19,19,19,19,19
2004,330098,1,1,0,0,0,0,0,0,0,0,0,0
2004,330099,1,1,0,0,0,0,0,0,0,0,0,0
2004,330099,2,1,0,0,0,0,0,0,0,0,0,0
2004,330100,1,1,0,0,0,0,0,0,0,0,0,0
2004,330100,2,1,0,0,0,0,0,0,0,0,0,10
2004,330101,1,1,0,0,0,0,0,0,0,0,0,0
2004,330102,1,1,8,8,8,8,8,8,8,8,8,8
2004,330103,1,1,22,22,22,22,22,22,22,22,22,22
2004,330104,1,1,24,24,24,24,24,24,24,24,24,24
2004,330105,1,1,0,0,0,0,0,0,0,0,0,0
2004,330105,2,1,0,0,0,0,0,0,0,8,0,0
2004,330106,1,1,0,0,0,0,0,0,0,0,0,0
2004,330106,2,1,0,0,0,0,0,0,0,0,0,0
2004,330107,1,1,10,10,10,10,10,10,10,10,10,10
2004,330108,1,1,0,0,0,0,0,0,0,0,0,0
2004,330108,2,1,0,0,0,0,0,0,0,0,0,0
2004,330109,1,1,20,20,20,20,20,20,20,20,20,20
2004,330109,2,1,0,0,17,0,0,18,0,0,0,0
2004,330110,0,1,0,0,0,0,0,0,0,0,0,0
2004,330110,1,1,0,0,0,0,0,0,0,0,0,0
2004,330111,1,1,0,13,13,11,0,0,0,0,25,0
2004,330112,1,1,20,20,20,20,20,20,20,20,20,20
2004,330113,1,1,0,0,0,0,0,0,0,0,0,0
2004,330113,2,1,0,0,0,0,0,0,0,0,0,0
2004,330114,0,1,0,0,0,0,0,0,0,0,0,0
2004,330114,1,1,0,0,0,0,0,0,0,0,0,0
2004,330115,1,1,0,0,0,0,0,0,0,0,0,0
2004,330116,1,1,9,9,9,9,9,9,9,9,9,9
2004,330117,0,1,0,0,0,0,0,0,0,0,0,0
2004,330117,1,1,0,0,0,0,11,0,0,0,0,4
2004,330118,1,1,31,31,31,31,31,31,31,31,31,31
2004,330119,1,1,0,0,0,0,0,0,0,0,0,0
2004,330119,2,1,0,0,0,0,0,0,0,0,0,0
2004,330119,3,1,0,0,0,0,0,0,0,0,0,0
2004,330120,0,1,0,0,0,0,0,0,0,0,0,0
2004,330120,1,1,0,0,0,0,0,0,0,0,0,0
2004,330121,1,1,0,0,0,0,0,0,0,0,0,0
2004,330121,2,1,0,0,0,0,0,0,0,0,0,0
2004,330122,1,1,0,0,0,0,0,0,0,0,0,0
2004,330122,2,1,0,0,0,0,0,0,0,0,0,0
2004,330123,1,1,0,0,0,0,0,0,0,0,0,0
2004,330123,2,1,0,0,0,0,0,0,0,0,0,0
2004,330124,1,1,9,9,9,9,9,9,9,9,9,9
2004,330124,2,1,0,0,0,0,0,0,0,0,0,6
2004,330125,1,1,0,0,0,0,0,0,0,0,0,0
2004,330126,1,1,22,22,22,22,22,22,22,22,22,22
2004,330126,2,1,0,0,0,0,0,0,0,0,0,0
2004,330127,1,1,22,22,22,22,22,22,22,22,22,22
2004,330127,2,1,0,0,0,0,0,0,0,0,0,0
2004,330128,1,1,0,0,0,0,0,0,0,0,0,0
2004,330129,1,1,0,0,0,20,0,0,28,0,0,0
2004,330129,2,1,0,0,0,0,0,0,0,0,0,0
2004,330130,1,1,12,12,12,12,12,12,12,12,12,12
2004,330131,1,1,0,0,0,0,0,0,0,0,0,0
2004,330132,1,1,0,0,0,0,0,0,0,0,0,0
2004,330133,1,1,0,0,0,0,0,0,0,0,0,0
2004,330134,1,1,0,0,0,0,0,0,0,0,0,0
2004,330135,0,1,3,3,3,3,3,3,3,3,3,3
2004,330135,1,1,0,0,0,0,0,0,0,0,0,0
2004,330136,1,1,15,15,15,15,15,15,15,15,15,15
2004,330137,1,1,0,0,0,0,0,0,0,0,0,0
2004,330137,2,1,0,15,0,0,0,0,16,0,0,0
2004,330138,1,1,4,4,4,4,4,4,4,4,4,4
2004,330139,0,1,14,14,14,14,14,14,14,14,14,14
2004,330139,1,1,16,16,16,16,16,16,16,16,16,16
2004,330140,1,1,0,0,0,0,0,0,0,0,0,0
2004,330140,2,1,0,0,0,0,0,0,0,0,13,0
2004,330140,3,1,0,17,0,0,0,0,14,0,0,0
2004,330141,1,1,36,36,36,36,36,36,36,36,36,36
2004,330142,0,1,4,4,4,4,4,4,4,4,4,4
2004,330142,1,1,12,12,18,0,5,16,8,26,0,15
2004,330143,1,1,23,23,23,23,23,23,23,23,23,23
2004,330144,1,1,0,0,0,0,0,0,0,0,0,0
2004,330144,2,1,0,0,8,0,0,0,0,0,0,0
2004,330145,1,1,0,0,0,0,0,0,0,0,0,0
2004,330146,1,1,0,0,0,0,0,0,0,0,0,0
2004,330146,2,1,0,0,0,0,0,0,0,0,0,0
2004,330147,1,1,14,14,14,14,14,14,14,14,14,14
2004,330147,2,1,4,4,4,4,4,4,4,4,4,4
2004,330148,0,1,0,0,0,0,0,0,0,0,0,0
2004,330148,1,1,0,0,0,0,0,0,0,0,0,0
2004,330149,1,1,0,0,0,0,0,0,0,0,0,0
2004,330149,2,1,0,0,0,0,0,0,0,0,0,0
2004,330150,1,1,23,23,23,23,23,23,23,23,23,23
2004,330151,1,1,24,24,24,24,24,24,24,24,24,24
2004,330152,1,1,0,0,0,0,0,0,0,0,0,0
2004,330153,1,1,20,20,20,20,20,20,20,20,20,20
2004,330153,2,1,0,0,0,0,0,0,0,0,0,0
2004,330153,3,1,0,0,0,0,11,0,0,0,0,0
2004,330154,1,1,18,18,18,18,18,18,18,18,18,18
2004,330155,1,1,0,0,0,0,0,0,0,0,0,0
2004,330155,2,1,0,7,0,0,0,0,0,0,0,0
2004,330156,1,1,21,21,21,21,21,21,21,21,21,21
2004,330157,1,1,28,28,28,28,28,28,28,28,28,28
2004,330158,0,1,0,0,0,0,0,0,0,0,0,20
2004,330158,1,1,0,0,0,0,0,0,0,0,0,0
2004,340001,1,1,0,0,0,0,0,0,0,0,0,0
2004,340001,2,1,0,0,0,0,0,0,0,0,0,0
2004,340002,1,1,0,0,0,0,0,0,0,0,0,0
2004,340003,1,1,0,0,0,0,0,19,0,17,0,7
2004,340003,2,1,21,21,21,21,21,21,21,21,21,21
2004,340004,1,1,0,0,0,0,0,0,0,0,0,0
2004,340005,1,1,0,0,0,0,0,0,0,0,0,0
2004,340005,2,1,20,20,20,20,20,20,20,20,20,20
2004,340006,0,1,0,0,0,0,0,0,0,0,0,0
2004,340006,1,1,0,0,0,0,0,0,0,0,0,0
2004,340007,0,1,17,17,17,17,17,17,17,17,17,17
2004,340007,1,1,0,0,0,0,0,0,0,0,0,0
2004,340008,1,1,0,0,0,0,0,0,0,0,0,0
2004,340008,2,1,0,0,0,0,0,0,0,0,0,0
2004,340009,1,1,36,36,36,36,36,36,36,36,36,36
2004,340010,1,1,0,0,0,0,0,0,0,0,0,0
2004,340010,2,1,0,0,0,0,0,0,0,0,0,0
2004,340011,1,1,18,18,18,18,18,18,18,18,18,18
2004,340012,1,1,0,0,0,0,0,0,0,0,0,0
2004,340012,2,1,3,3,3,3,3,3,3,3,3,3
2004,340013,0,1,26,0,0,0,0,0,0,0,0,0
2004,340013,0,2,0,0,0,0,0,22,16,0,0,0
2004,340013,1,1,9,9,9,9,9,9,9,9,9,9
2004,340014,1,1,0,10,0,0,13,27,0,21,0,0