YEAR,ST_CASE,veh_no,per_no,P1,P2,P3,P4,P5,P6,P7,P8,P9,P10
2004,340015,1,1,0,0,0,31,0,0,0,0,0,0
2004,340015,2,1,0,0,0,0,0,0,4,0,0,0
2004,340016,1,1,4,0,12,0,27,24,4,0,3,7
2004,340017,1,1,0,0,0,0,0,0,0,0,0,0
2004,340018,1,1,0,0,0,0,0,0,0,0,0,0
2004,340019,0,1,0,0,0,0,0,0,0,0,0,0
2004,340019,0,2,0,0,0,0,0,0,0,0,0,33
2004,340019,1,1,0,0,0,0,0,0,0,0,0,0
2004,340020,1,1,14,22,0,0,0,25,0,20,20,0
2004,340021,1,1,0,0,0,0,0,0,0,0,0,0
2004,340021,2,1,0,0,0,0,0,0,0,0,0,0
2004,340021,3,1,0,0,0,0,0,0,0,0,0,0
2004,340021,4,1,0,0,0,0,0,0,0,0,0,0
2004,340021,5,1,0,0,0,0,0,0,0,0,0,0
2004,340021,6,1,0,0,0,0,0,0,0,0,0,0
2004,340022,1,1,0,0,0,0,0,0,0,0,0,0
2004,340023,1,1,19,19,19,19,19,19,19,19,19,19
2004,340024,1,1,12,12,12,12,12,12,12,12,12,12
2004,340025,0,1,0,0,0,0,0,0,0,0,0,0
2004,340025,1,1,0,0,0,0,0,0,0,0,0,0
2004,340026,1,1,0,0,0,0,0,0,0,0,0,0
2004,340026,2,1,0,0,0,0,0,0,0,0,0,0
2004,340027,1,1,0,0,0,0,0,0,0,0,0,0
2004,340027,2,1,0,0,0,0,0,0,0,0,11,3
2004,340028,1,1,0,0,0,0,0,0,0,0,0,0
2004,340029,0,1,30,30,30,30,30,30,30,30,30,30
2004,340029,1,1,0,0,0,0,0,0,0,0,0,0
2004,340030,1,1,0,0,0,0,0,0,0,0,0,0
2004,340030,2,1,9,9,9,9,9,9,9,9,9,9
2004,340031,1,1,15,15,15,15,15,15,15,15,15,15
2004,340032,1,1,0,0,0,0,0,0,0,0,0,0
2004,340032,2,1,0,0,0,0,0,0,0,0,0,0
2004,340033,0,1,0,0,0,0,0,0,0,0,0,0
2004,340033,1,1,0,0,0,0,0,0,0,0,0,0
2004,340034,1,1,0,0,0,0,0,0,0,0,0,0
2004,340034,2,1,0,0,0,0,0,0,0,0,0,0
2004,340034,3,1,0,0,0,0,0,0,0,0,0,0
2004,340034,4,1,0,0,0,0,0,0,0,0,0,0
2004,340035,1,1,0,0,0,0,0,0,0,0,0,0
2004,340035,2,1,0,0,0,0,0,0,0,0,0,0
2004,340036,0,1,0,0,0,0,0,0,0,0,0,0
2004,340036,1,1,0,0,0,0,0,0,4,12,0,0
2004,340036,2,1,0,0,0,0,0,0,0,0,0,0
2004,340037,1,1,26,26,26,26,26,26,26,26,26,26
2004,340038,1,1,0,21,21,0,18,9,0,17,17,26
2004,340039,1,1,0,0,0,0,0,0,0,0,0,0
2004,340039,2,1,0,0,0,0,0,0,0,0,0,0
2004,340040,1,1,19,19,19,19,19,19,19,19,19,19
2004,340041,1,1,0,0,0,0,0,0,0,0,0,0
2004,340041,2,1,0,0,0,0,0,0,0,0,0,0
2004,340042,1,1,0,0,0,0,0,0,0,0,0,0
2004,340042,2,1,0,0,0,0,0,0,0,0,0,0
2004,340043,1,1,27,27,27,27,27,27,27,27,27,27
2004,340044,1,1,20,28,0,13,6,0,0,8,20,0
2004,340045,0,1,0,0,0,0,20,10,5,0,0,17
2004,340045,0,2,0,0,0,0,0,0,0,0,0,0
2004,340045,1,1,14,0,0,5,0,0,6,8,0,0
2004,340046,0,1,0,0,0,0,0,0,0,0,0,0
2004,340046,1,1,18,19,0,0,0,18,19,0,18,15
2004,340047,0,1,0,0,0,0,0,0,0,0,0,0
2004,340047,1,1,0,0,0,0,0,0,21,0,0,0
2004,340048,0,1,14,14,14,14,14,14,14,14,14,14
2004,340048,1,1,0,0,0,0,0,0,0,0,0,0
2004,340049,1,1,0,5,12,7,0,10,0,0,19,27
2004,340050,0,1,0,0,0,0,0,0,0,0,0,0
2004,340050,1,1,0,0,0,0,0,0,0,0,0,0
2004,340051,1,1,0,0,0,16,7,10,20,0,0,0
2004,340052,1,1,0,0,0,0,0,0,0,0,0,0
2004,340053,1,1,3,3,3,3,3,3,3,3,3,3
2004,340054,1,1,5,5,5,5,5,5,5,5,5,5
2004,340055,0,1,0,0,0,0,0,0,0,0,0,0
2004,340055,1,1,0,0,0,0,0,0,0,0,0,0
2004,340056,1,1,0,0,0,0,0,0,0,0,0,0
2004,340056,2,1,0,0,0,0,0,0,0,0,0,0
2004,340057,0,1,39,39,39,39,39,39,39,39,39,39
2004,340057,1,1,0,0,0,0,0,0,0,0,0,0
2004,340058,1,1,1,1,1,1,1,1,1,1,1,1
2004,340059,1,1,10,0,0,0,0,30,0,15,32,0
2004,340060,1,1,10,10,10,10,10,10,10,10,10,10
2004,340061,1,1,10,10,10,10,10,10,10,10,10,10
2004,340061,2,1,0,0,0,0,0,0,0,0,0,0
2004,340061,3,1,0,17,0,0,0,7,0,0,0,0
2004,340063,1,1,23,23,23,23,23,23,23,23,23,23
2004,340064,1,1,26,26,26,26,26,26,26,26,26,26
2004,340065,1,1,16,16,16,16,16,16,16,16,16,16
2004,340066,1,1,13,13,13,13,13,13,13,13,13,13
2004,340066,2,1,0,0,16,0,0,0,0,0,0,0
2004,340067,1,1,1,1,1,1,1,1,1,1,1,1
2004,340068,1,1,0,0,0,0,0,0,0,0,0,0
2004,340069,1,1,0,0,0,0,0,0,0,0,0,0
2004,340069,2,1,0,0,0,0,0,0,0,0,0,0
2004,340070,0,1,0,0,0,0,0,0,0,0,0,0
2004,340070,1,1,0,0,0,0,0,0,0,0,0,0
2004,340071,1,1,35,35,35,35,35,35,35,35,35,35
2004,340072,1,1,0,0,0,0,0,0,0,0,0,0
2004,340073,1,1,0,0,0,0,0,0,0,0,0,0
2004,340073,2,1,0,0,0,0,0,0,0,0,0,0
2004,340073,3,1,0,0,0,0,0,0,0,0,0,0
2004,340073,4,1,0,0,0,0,0,0,0,0,0,0
2004,340074,0,1,0,0,0,0,0,0,0,0,0,0
2004,340074,1,1,0,0,0,0,0,0,0,0,0,0
2004,340075,1,1,0,0,0,0,0,0,0,0,0,0
2004,340075,2,1,0,0,0,0,0,0,0,0,0,0
2004,340075,3,1,0,0,0,0,0,0,0,0,0,0
2004,340075,4,1,0,0,0,23,0,0,0,0,0,0
2004,340075,5,1,0,0,0,0,0,0,0,0,0,0
2004,340075,6,1,0,0,0,0,0,0,0,0,0,0
2004,340075,7,1,0,0,0,0,0,0,0,0,0,0
2004,340075,8,1,0,0,0,0,0,0,0,0,0,0
2004,340075,9,1,0,0,0,0,0,4,0,0,0,0
2004,340076,1,1,0,0,0,0,0,0,0,0,0,0
2004,340076,2,1,14,14,14,14,14,14,14,14,14,14
2004,340077,1,1,0,0,0,0,0,0,0,0,0,0
2004,340077,2,1,0,0,0,0,0,0,0,0,0,0
2004,340078,1,1,0,0,0,0,0,0,0,0,0,0
2004,340078,2,1,0,0,0,0,0,0,0,0,0,34
2004,340080,1,1,0,0,0,0,0,0,0,0,0,0
2004,340080,2,1,0,0,0,0,0,0,0,0,0,0
2004,340080,3,1,0,0,0,0,0,0,0,0,0,0
2004,340081,1,1,0,0,0,0,0,0,0,0,0,0
2004,340081,2,1,0,0,0,0,0,0,0,0,0,0
2004,340082,0,1,22,0,36,36,50,0,12,20,0,0
2004,340082,1,1,7,15,12,0,34,13,2,0,0,0
2004,340083,1,1,13,13,13,13,13,13,13,13,13,13
2004,340084,1,1,0,0,0,0,0,0,0,0,0,0
2004,340084,2,1,0,0,0,0,0,0,0,0,0,0
2004,340085,0,1,0,0,0,0,0,0,0,0,0,0
2004,340085,1,1,0,0,0,0,0,0,0,0,0,0
2004,340086,1,1,0,0,0,0,0,0,0,0,0,0
2004,340087,0,1,0,0,0,0,0,0,0,0,0,0
2004,340087,1,1,0,0,0,0,0,0,26,0,12,0
2004,340088,1,1,9,9,9,9,9,9,9,9,9,9
2004,340088,2,1,0,0,11,0,0,0,0,0,0,0
2004,340089,1,1,0,0,0,0,0,0,0,0,0,0
2004,340089,2,1,0,0,0,0,0,0,0,0,0,0
2004,340090,1,1,0,0,0,0,0,0,0,0,0,0
2004,340090,2,1,0,0,0,0,0,0,0,0,0,0
2004,340091,1,1,0,0,0,0,0,0,0,0,0,0
2004,340091,2,1,14,14,14,14,14,14,14,14,14,14
2004,340092,0,1,0,0,0,0,0,0,0,0,0,0
2004,340092,1,1,0,0,0,0,0,0,0,0,0,0
2004,340093,1,1,0,0,0,0,0,0,0,0,0,0
2004,340093,2,1,0,0,0,0,0,0,0,0,0,0
2004,340094,1,1,0,0,10,0,0,0,0,0,0,7
2004,340095,0,1,0,0,0,0,0,0,0,0,0,0
2004,340095,1,1,0,0,0,0,0,0,0,0,0,18
2004,340096,1,1,0,0,0,0,0,0,0,0,0,0
2004,340098,0,1,0,0,0,0,0,0,0,0,0,0
2004,340098,0,2,0,0,0,0,0,0,0,0,0,0
2004,340098,1,1,0,0,19,0,0,0,0,11,0,0
2004,340099,1,1,0,0,0,0,0,0,0,0,0,0
2004,340100,1,1,0,0,0,0,0,0,0,0,0,0
2004,340100,2,1,0,0,0,0,0,20,0,0,8,0
2004,340100,3,1,0,0,0,0,10,0,0,0,0,0
2004,340101,1,1,0,0,0,0,0,0,0,0,0,0
2004,340101,2,1,0,11,0,0,25,0,0,0,12,32
2004,340102,1,1,0,0,0,0,0,0,0,0,0,0
2004,340103,1,1,11,0,0,36,18,0,20,4,16,17
2004,340104,1,1,0,0,0,0,0,0,0,0,0,0
2004,340104,2,1,0,0,0,0,0,0,0,0,0,0
2004,340105,0,1,4,4,4,4,4,4,4,4,4,4
2004,340105,1,1,0,0,0,0,0,0,0,0,0,0
2004,340106,1,1,0,0,0,0,0,0,0,0,0,0
2004,340106,2,1,1,1,1,1,1,1,1,1,1,1
2004,340107,1,1,0,16,0,0,0,0,0,0,0,0
2004,340107,2,1,0,0,0,0,0,0,0,0,0,0
2004,340108,1,1,0,0,0,0,0,0,0,0,0,0
2004,340108,2,1,0,0,0,0,0,0,0,0,0,0
2004,340108,3,1,0,0,0,0,0,0,0,0,0,0
2004,340108,4,1,0,22,4,9,0,0,7,0,13,12
2004,340108,5,1,0,0,16,7,0,0,0,0,0,0
2004,340109,1,1,25,25,25,25,25,25,25,25,25,25
2004,340110,1,1,0,0,0,0,0,0,0,0,0,0
2004,340111,1,1,5,5,5,5,5,5,5,5,5,5
2004,340113,1,1,0,0,0,0,0,0,0,0,0,0
2004,340113,2,1,0,0,0,0,0,0,0,0,0,0
2004,340115,1,1,0,0,0,0,0,0,0,0,0,0
2004,340115,2,1,0,0,0,0,0,0,0,0,0,0
2004,340116,1,1,0,0,0,0,0,0,0,0,0,0
2004,340116,2,1,5,10,0,0,0,0,0,17,0,19
2004,340117,1,1,0,0,0,0,0,0,0,0,0,0
2004,340118,0,1,0,0,0,0,0,0,0,0,0,0
2004,340118,1,1,0,0,0,0,0,0,0,0,0,0
2004,340119,0,1,18,18,18,18,18,18,18,18,18,18
2004,340119,1,1,0,0,0,0,0,0,0,0,0,0
2004,340119,2,1,0,0,0,0,0,0,14,17,0,0
2004,340120,0,1,0,0,0,0,0,0,0,0,17,0
2004,340120,1,1,16,0,0,0,0,0,0,0,0,0
2004,340121,1,1,16,16,16,16,16,16,16,16,16,16
2004,340122,1,1,0,0,0,0,0,0,0,0,0,0
2004,340122,2,1,11,11,11,11,11,11,11,11,11,11
2004,340123,1,1,0,0,0,0,0,0,0,13,0,19
2004,340124,1,1,0,0,0,0,0,0,0,0,0,0
2004,340124,2,1,0,0,0,0,0,0,0,0,0,0
2004,340125,1,1,0,0,0,0,0,0,0,0,0,0
2004,340125,2,1,23,23,23,23,23,23,23,23,23,23
2004,340126,0,1,34,34,34,34,34,34,34,34,34,34
2004,340126,1,1,0,19,0,15,0,0,0,0,0,0
2004,340126,2,1,17,15,0,12,0,26,0,0,0,13
2004,340127,1,1,0,0,0,0,0,0,0,0,0,0
2004,340128,1,1,10,10,10,10,10,10,10,10,10,10
2004,340129,1,1,0,0,0,0,0,0,0,0,0,0
2004,340130,1,1,2,2,2,2,2,2,2,2,2,2
2004,340131,0,1,0,0,0,0,0,0,0,0,0,0
2004,340131,1,1,0,0,0,0,0,0,0,0,0,0
2004,340132,1,1,3,3,3,3,3,3,3,3,3,3
2004,340133,1,1,0,0,0,0,19,0,4,5,5,29
2004,340133,2,1,0,0,0,0,0,0,0,0,0,0
2004,340135,0,1,4,4,4,4,4,4,4,4,4,4
2004,340135,1,1,0,0,0,0,0,0,0,0,0,0
2004,340137,1,1,0,0,0,0,0,0,13,0,0,0
2004,340137,2,1,0,0,0,0,0,0,12,0,0,0
2004,340138,1,1,0,0,0,0,0,0,0,0,0,0
2004,340138,2,1,0,0,0,0,0,0,0,0,0,0
2004,340139,0,1,0,0,0,0,0,0,0,0,0,0
2004,340139,1,1,0,0,0,0,0,0,0,0,0,0
2004,340140,1,1,0,0,0,0,0,0,0,0,0,0
2004,340140,2,1,0,0,0,0,0,0,0,0,0,0
2004,340140,3,1,0,0,0,0,0,0,0,0,0,0
2004,340141,0,1,0,0,0,0,0,0,0,0,0,0
2004,340141,1,1,0,0,0,0,0,0,0,0,0,0
2004,340142,1,1,16,0,11,0,14,4,23,0,0,0
2004,340143,1,1,0,0,0,0,0,0,0,0,0,0
2004,340143,2,1,0,0,8,0,0,0,0,0,19,0
2004,340144,1,1,27,27,27,27,27,27,27,27,27,27
2004,340145,1,1,0,0,0,0,0,0,0,0,0,0
2004,340145,2,1,0,0,0,0,0,0,0,0,0,0
2004,340146,1,1,30,30,30,30,30,30,30,30,30,30
2004,340146,2,1,0,0,0,0,0,0,0,0,0,0
2004,340147,1,1,0,0,0,0,0,0,0,0,0,0
2004,340147,2,1,0,0,0,0,0,0,0,0,0,0
2004,340147,3,1,0,0,0,0,0,0,0,0,0,0
2004,340148,1,1,2,2,2,2,2,2,2,2,2,2
2004,340152,1,1,0,0,0,0,0,0,0,0,0,0
2004,340153,1,1,1,1,1,1,1,1,1,1,1,1
2004,340154,1,1,0,0,0,0,0,0,0,0,0,0
2004,340155,1,1,0,0,0,0,0,0,0,0,0,0
2004,340156,1,1,0,0,0,0,0,0,15,0,22,0
2004,340156,2,1,0,0,0,11,0,0,0,0,4,11
2004,340157,0,1,0,0,0,0,0,0,0,0,0,0
2004,340157,1,1,0,0,0,3,0,0,0,0,0,0
2004,340158,1,1,36,36,36,36,36,36,36,36,36,36
2004,340160,0,1,0,0,0,0,0,0,0,0,0,0
2004,340160,1,1,0,0,0,0,0,0,0,0,0,0
2004,340163,1,1,0,0,0,0,0,0,0,0,0,0
2004,340163,2,1,0,0,0,0,0,0,0,0,0,0
2004,340163,3,1,0,0,0,0,0,0,0,0,0,0
2004,340163,4,1,0,0,0,0,0,0,0,0,0,0
2004,340164,1,1,18,18,18,18,18,18,18,18,18,18
2004,340165,1,1,14,14,14,14,14,14,14,14,14,14
2004,340165,2,1,0,0,0,0,0,0,17,0,0,0
2004,340167,1,1,0,0,0,0,0,0,0,0,0,0
2004,340168,1,1,0,0,0,0,0,0,0,0,0,0
2004,340169,1,1,23,0,0,0,0,0,0,0,0,0
2004,340169,2,1,0,0,0,0,4,0,0,0,0,0
2004,340170,1,1,0,0,0,0,0,0,0,0,0,0
2004,340170,2,1,0,0,0,0,0,0,0,0,0,0
2004,340171,1,1,0,0,0,0,0,0,0,0,0,0
2004,340171,2,1,16,31,0,0,0,0,0,20,0,0
2004,340172,0,1,14,14,14,14,14,14,14,14,14,14
2004,340172,1,1,13,13,13,13,13,13,13,13,13,13
2004,340173,1,1,0,0,0,0,0,0,0,0,0,0
2004,340173,2,1,0,0,23,0,0,0,18,18,0,7
2004,340174,1,1,0,0,0,0,0,0,0,0,0,0
2004,340174,2,1,0,0,0,0,0,0,0,0,0,0
2004,340175,1,1,0,0,0,0,0,0,0,0,0,0
2004,340175,2,1,0,0,0,0,0,0,0,0,0,0
2004,340177,1,1,0,0,0,0,0,0,0,0,0,0
2004,340177,2,1,0,0,0,0,0,0,0,0,0,0
2004,340178,1,1,0,0,0,0,0,0,0,0,0,0
2004,340179,1,1,12,12,12,12,12,12,12,12,12,12
2004,340180,1,1,27,27,27,27,27,27,27,27,27,27
2004,340181,1,1,37,37,37,37,37,37,37,37,37,37
2004,340182,1,1,0,0,0,0,0,0,0,0,0,0
2004,340182,2,1,0,0,0,0,0,0,0,0,0,0
2004,340183,1,1,0,0,0,0,0,0,0,0,0,0
2004,340183,2,1,0,0,0,0,0,0,0,0,0,0
2004,340184,0,1,0,0,0,0,0,0,0,0,0,0
2004,340184,1,1,0,0,0,0,0,0,0,0,0,0
2004,340185,1,1,0,0,0,0,0,0,0,0,0,0
2004,340185,2,1,0,0,0,0,0,0,0,0,0,0
2004,340186,1,1,18,18,18,18,18,18,18,18,18,18
2004,340187,1,1,0,0,0,0,0,0,0,0,0,0
2004,340187,2,1,0,0,0,0,0,0,0,0,0,0
2004,340188,1,1,0,12,0,0,0,0,0,0,0,0
2004,340189,0,1,52,52,52,52,52,52,52,52,52,52
2004,340189,1,1,0,0,0,0,0,0,0,0,0,0
2004,340189,2,1,0,0,0,0,0,0,0,0,0,0
2004,340190,1,1,0,0,0,0,0,0,0,0,0,0
2004,340190,2,1,0,8,8,0,7,31,0,0,0,11
2004,340191,0,1,0,0,0,0,0,0,0,0,0,0
2004,340191,1,1,0,0,0,0,0,0,0,0,0,0
2004,340192,1,1,0,0,0,0,0,0,0,0,0,0
2004,340192,2,1,0,0,0,0,6,0,0,0,0,0
2004,340193,0,1,33,33,33,33,33,33,33,33,33,33
2004,340193,1,1,10,0,0,0,0,0,0,0,0,0
2004,340194,0,1,16,16,16,16,16,16,16,16,16,16
2004,340194,1,1,0,0,0,0,0,9,0,0,0,0
2004,340194,2,1,0,0,0,25,0,0,0,0,17,0
2004,340196,1,1,22,22,22,22,22,22,22,22,22,22
2004,340197,1,1,0,0,0,0,22,0,0,0,0,0
2004,340198,1,1,0,0,0,0,0,0,0,0,0,0
2004,340198,2,1,0,0,0,0,0,0,0,0,0,0
2004,340200,0,1,0,0,0,0,0,0,0,0,0,0
2004,340200,1,1,0,0,0,6,0,0,0,0,0,0
2004,340201,1,1,22,22,22,22,22,22,22,22,22,22
2004,340202,0,1,0,0,0,0,0,0,0,0,0,0
2004,340202,1,1,0,0,0,0,0,0,0,0,0,0
2004,340203,1,1,0,0,0,0,0,0,0,0,0,0
2004,340203,2,1,0,0,0,0,0,0,0,0,0,0
2004,340203,3,1,0,0,0,0,0,0,0,0,0,0
2004,340204,1,1,0,0,0,0,0,0,0,0,0,0
2004,340205,1,1,0,0,0,0,0,0,0,0,0,0
2004,340206,1,1,11,0,7,0,15,10,8,10,0,0
2004,340207,1,1,0,0,0,0,0,0,0,0,0,0
2004,340207,2,1,7,7,7,7,7,7,7,7,7,7
2004,340208,1,1,0,14,0,0,10,0,32,0,22,0
2004,340209,1,1,0,0,0,0,0,0,0,0,0,0
2004,340210,0,1,0,0,0,0,0,0,0,0,0,0
2004,340210,1,1,23,23,23,23,23,23,23,23,23,23
2004,340211,1,1,0,0,0,0,0,0,0,0,0,0
2004,340212,1,1,0,0,0,0,0,0,0,0,0,0
2004,340212,2,1,0,0,0,0,0,0,0,0,0,0
2004,340213,0,1,0,0,0,0,0,0,0,0,0,0
2004,340213,1,1,0,0,0,0,0,0,0,0,0,0
2004,340214,1,1,0,25,0,0,0,0,0,0,0,0
2004,340214,2,1,0,0,0,0,8,0,0,0,0,0
2004,340215,1,1,0,0,0,0,0,0,0,0,0,0
2004,340215,2,1,0,0,0,0,0,0,0,0,0,0
2004,340216,1,1,22,22,22,22,22,22,22,22,22,22
2004,340217,1,1,0,0,0,0,0,0,0,0,0,0
2004,340217,2,1,14,6,10,0,0,0,0,0,0,9
2004,340218,1,1,0,21,0,11,0,13,14,0,9,0
2004,340219,1,1,0,0,0,0,0,0,0,0,0,0
2004,340219,2,1,0,0,0,0,9,0,0,0,0,0
2004,340220,1,1,18,18,18,18,18,18,18,18,18,18
2004,340220,2,1,0,13,13,0,9,29,0,0,3,0
2004,340221,1,1,0,0,0,0,0,0,0,0,0,4
2004,340221,2,1,0,19,0,0,0,0,0,0,0,0
2004,340222,1,1,0,0,0,0,0,0,0,0,0,0
2004,340222,2,1,0,0,0,0,0,0,0,0,0,0
2004,340223,1,1,0,0,0,0,0,0,0,0,0,0
2004,340223,2,1,10,0,12,13,0,0,0,0,17,31
2004,340226,1,1,0,0,0,0,0,0,0,0,0,0
2004,340226,2,1,0,0,0,0,0,0,0,0,0,0
2004,340226,3,1,0,0,0,0,0,0,0,0,0,25
2004,340227,0,1,15,15,15,15,15,15,15,15,15,15
2004,340227,1,1,15,15,15,15,15,15,15,15,15,15
2004,340228,1,1,6,6,6,6,6,6,6,6,6,6
2004,340229,1,1,18,18,18,18,18,18,18,18,18,18
2004,340230,0,1,0,0,0,0,0,0,0,0,0,0
2004,340230,1,1,0,0,0,0,0,0,0,0,0,0
2004,340231,1,1,0,0,0,0,0,0,0,0,0,0
2004,340231,2,1,0,0,0,17,0,0,14,0,0,0
2004,340233,1,1,13,13,13,13,13,13,13,13,13,13
2004,340234,1,1,21,21,21,21,21,21,21,21,21,21
2004,340235,2,1,0,0,0,0,0,0,0,0,0,0
2004,340236,0,1,0,0,0,0,0,0,0,0,0,0
2004,340236,1,1,0,0,0,0,0,0,0,0,18,20
2004,340237,1,1,0,0,0,0,0,0,0,0,0,0
2004,340238,1,1,0,0,0,0,0,0,0,0,0,0
2004,340238,2,1,0,0,0,0,0,0,0,0,0,0
2004,340238,3,1,0,0,0,0,0,0,0,0,0,0
2004,340239,1,1,5,0,0,0,16,0,0,0,0,0
2004,340239,2,1,5,0,0,0,0,0,0,0,7,0
2004,340240,1,1,0,0,0,0,0,0,0,0,0,0
2004,340240,2,1,3,3,3,3,3,3,3,3,3,3
2004,340241,1,1,0,0,0,0,0,0,0,0,0,0
2004,340241,2,1,0,0,0,0,0,0,5,0,0,0
2004,340241,3,1,0,0,0,0,0,0,0,0,0,0
2004,340242,0,1,0,0,0,0,0,0,0,0,0,0
2004,340242,1,1,0,0,10,0,0,0,12,0,0,0
2004,340242,2,1,0,24,22,8,0,0,0,0,0,0
2004,340243,0,1,0,0,0,0,0,0,0,0,0,0
2004,340243,1,1,5,5,5,5,5,5,5,5,5,5
2004,340244,1,1,7,7,7,7,7,7,7,7,7,7
2004,340245,1,1,0,0,0,0,0,0,0,0,0,0
2004,340246,0,1,25,25,25,25,25,25,25,25,25,25
2004,340246,1,1,0,0,0,0,0,0,0,0,0,0
2004,340247,1,1,0,0,0,0,0,0,0,0,0,0
2004,340247,2,1,0,0,0,0,0,0,0,0,0,0
2004,340248,1,1,0,0,0,0,0,0,0,0,0,0
2004,340248,2,1,0,0,0,0,0,0,0,0,0,0
2004,340249,1,1,0,0,0,0,0,0,0,0,0,0
2004,340250,1,1,0,0,0,0,0,0,0,0,0,0
2004,340251,1,1,0,28,0,0,0,17,16,0,0,0
2004,340253,1,1,9,14,0,0,0,0,0,0,0,0
2004,340254,1,1,13,13,13,13,13,13,13,13,13,13
2004,340255,0,1,33,32,0,18,0,30,0,29,28,29
2004,340255,0,2,6,0,0,0,12,0,0,20,16,0
2004,340255,1,1,0,0,16,0,0,0,0,0,14,0
2004,340256,0,1,0,0,0,0,0,0,0,0,0,0
2004,340256,1,1,0,0,0,8,0,0,0,24,0,0
2004,340257,1,1,3,3,3,3,3,3,3,3,3,3
2004,340258,0,1,37,37,37,37,37,37,37,37,37,37
2004,340258,1,1,20,12,27,0,0,12,10,0,0,0
2004,340259,1,1,0,0,0,0,0,0,0,0,0,0
2004,340259,2,1,0,0,0,0,0,0,0,0,0,0
2004,340260,1,1,0,0,0,0,0,0,0,0,0,0
2004,340261,1,1,0,0,0,13,0,0,0,0,0,0
2004,340262,0,1,11,0,0,0,0,0,0,0,0,0
2004,340262,1,1,0,0,0,0,0,0,0,0,0,0
2004,340263,1,1,2,2,2,2,2,2,2,2,2,2
2004,340264,0,1,0,0,0,0,0,0,0,0,0,0
2004,340264,1,1,0,0,0,0,0,0,0,0,0,0
2004,340264,2,1,13,0,0,16,0,0,0,0,0,0
2004,340265,1,1,0,0,0,0,0,0,0,0,0,0
2004,340266,0,1,0,0,0,0,0,0,0,0,0,0
2004,340266,1,1,11,32,0,0,0,0,32,12,11,3
2004,340267,1,1,19,31,28,0,18,8,0,37,23,15
2004,340268,1,1,0,0,0,0,0,8,0,0,4,9
2004,340268,2,1,16,16,16,16,16,16,16,16,16,16
2004,340270,1,1,16,16,16,16,16,16,16,16,16,16
2004,340271,1,1,12,12,12,12,12,12,12,12,12,12
2004,340272,1,1,17,17,17,17,17,17,17,17,17,17
2004,340273,0,1,0,0,0,0,0,0,0,0,0,0
2004,340273,1,1,0,0,0,0,0,0,0,0,0,0
2004,340273,2,1,0,0,0,0,0,0,0,0,0,0
2004,340274,1,1,0,0,0,0,0,0,0,0,0,0
2004,340274,2,1,0,0,0,0,0,0,0,0,0,0
2004,340275,1,1,0,0,0,0,0,0,0,0,0,0
2004,340276,0,1,13,13,13,13,13,13,13,13,13,13
2004,340276,1,1,29,29,29,29,29,29,29,29,29,29
2004,340277,1,1,0,0,0,0,0,0,0,0,0,0
2004,340277,2,1,0,0,0,0,0,0,0,0,0,0
2004,340278,1,1,0,0,0,0,0,0,0,0,0,0
2004,340278,2,1,0,0,0,0,0,0,0,0,0,0
2004,340278,3,1,0,13,0,0,0,20,22,20,0,0
2004,340279,1,1,0,0,0,0,0,0,0,0,0,0
2004,340279,2,1,0,0,0,0,0,0,0,0,0,0
2004,340280,1,1,0,0,0,0,0,0,0,24,0,0
2004,340280,2,1,14,0,0,0,0,0,0,0,0,0
2004,340281,1,1,0,0,0,0,0,0,0,0,0,0
2004,340281,2,1,0,0,0,0,0,0,0,0,0,0
2004,340282,0,1,0,0,0,0,0,0,0,0,0,0
2004,340282,1,1,0,0,11,0,3,0,5,10,0,0
2004,340283,1,1,1,1,1,1,1,1,1,1,1,1
2004,340283,2,1,0,0,0,0,0,0,0,0,0,0
2004,340283,3,1,0,0,0,0,10,0,0,0,13,0
2004,340283,4,1,0,0,0,0,0,0,15,24,0,5
2004,340285,0,1,0,0,0,0,0,0,0,0,17,0
2004,340285,1,1,0,0,0,0,0,0,0,0,0,0
2004,340286,1,1,0,0,4,0,0,9,0,0,0,0
2004,340286,2,1,0,0,0,0,0,0,0,0,0,0
2004,340287,1,1,0,0,0,0,0,0,0,0,0,0
2004,340287,2,1,0,0,0,0,0,0,0,0,0,0
2004,340287,3,1,0,0,0,0,0,0,0,0,0,0
2004,340287,4,1,0,0,0,0,0,0,13,0,0,0
2004,340288,1,1,0,0,0,14,0,0,0,0,0,0
2004,340288,2,1,0,0,0,0,0,0,0,0,0,0
2004,340288,3,1,0,0,0,0,0,0,0,0,0,0
2004,340288,4,1,0,16,0,0,0,0,0,0,0,0
2004,340289,1,1,0,0,0,0,0,0,0,0,0,0
2004,340289,2,1,0,0,0,0,0,0,0,0,0,0
2004,340289,3,1,0,0,0,0,0,0,0,0,0,0
2004,340290,1,1,0,0,0,0,0,0,0,0,0,0
2004,340290,2,1,17,17,17,17,17,17,17,17,17,17
2004,340291,1,1,0,0,0,0,0,0,0,0,0,0
2004,340291,2,1,0,0,0,0,0,0,0,0,0,0
2004,340292,1,1,0,0,0,0,0,0,0,0,0,0
2004,340293,1,1,0,0,0,0,0,0,0,0,0,0
2004,340293,2,1,0,0,0,0,0,0,0,0,0,0
2004,340294,1,1,0,0,0,0,0,0,0,0,0,0
2004,340294,2,1,0,0,0,0,0,0,0,0,0,0