YEAR,ST_CASE,veh_no,per_no,P1,P2,P3,P4,P5,P6,P7,P8,P9,P10
2004,340295,0,1,0,0,0,0,0,0,0,0,0,0
2004,340295,1,1,0,0,0,0,0,0,0,0,0,0
2004,340295,2,1,0,0,0,0,0,0,0,0,0,0
2004,340295,3,1,0,0,0,0,0,0,0,0,0,0
2004,340296,1,1,0,0,0,0,0,0,0,0,0,0
2004,340297,1,1,0,0,0,0,0,0,0,0,0,0
2004,340298,1,1,0,0,0,0,0,0,0,0,0,0
2004,340298,2,1,0,0,0,0,0,0,0,0,0,0
2004,340299,1,1,8,8,8,8,8,8,8,8,8,8
2004,340300,1,1,0,0,0,0,15,10,24,21,0,0
2004,340302,1,1,0,0,0,0,0,0,0,0,0,0
2004,340303,0,1,16,16,16,16,16,16,16,16,16,16
2004,340303,1,1,1,1,1,1,1,1,1,1,1,1
2004,340304,1,1,5,5,5,5,5,5,5,5,5,5
2004,340304,2,1,12,0,0,14,14,0,0,4,0,3
2004,340305,1,1,15,15,15,15,15,15,15,15,15,15
2004,340306,1,1,20,20,20,20,20,20,20,20,20,20
2004,340306,2,1,20,0,24,0,5,12,0,0,0,21
2004,340307,0,1,0,0,0,0,0,0,0,0,0,0
2004,340307,1,1,0,0,0,0,0,0,0,0,0,0
2004,340308,1,1,0,0,0,0,0,0,0,0,0,0
2004,340308,2,1,25,25,25,25,25,25,25,25,25,25
2004,340309,0,1,0,0,0,0,0,0,0,0,0,0
2004,340309,1,1,0,0,0,0,0,0,0,0,0,0
2004,340310,1,1,18,18,18,18,18,18,18,18,18,18
2004,340310,2,1,0,0,0,0,0,0,0,0,0,0
2004,340311,1,1,0,0,0,0,0,0,0,0,0,0
2004,340311,2,1,0,0,0,0,0,0,0,0,0,0
2004,340312,1,1,0,0,0,0,0,0,0,8,0,0
2004,340312,2,1,0,0,0,0,0,0,0,0,0,0
2004,340314,1,1,26,26,26,26,26,26,26,26,26,26
2004,340315,0,1,0,0,0,0,11,0,0,0,0,0
2004,340315,1,1,0,21,0,0,13,0,0,14,0,23
2004,340317,1,1,0,0,0,0,0,0,0,0,0,0
2004,340317,2,1,0,0,0,0,0,0,0,0,0,0
2004,340317,3,1,0,0,0,0,0,0,0,0,0,0
2004,340318,0,1,0,0,0,0,0,0,0,0,0,0
2004,340318,1,1,0,0,0,0,0,0,13,0,0,21
2004,340319,1,1,13,13,13,13,13,13,13,13,13,13
2004,340320,1,1,7,7,7,7,7,7,7,7,7,7
2004,340321,1,1,0,0,0,0,0,0,10,0,0,0
2004,340321,2,1,9,0,9,0,0,0,0,0,0,0
2004,340321,3,1,0,0,0,10,0,0,0,0,0,0
2004,340321,4,1,0,0,0,0,0,6,0,0,0,0
2004,340322,0,1,29,29,29,29,29,29,29,29,29,29
2004,340322,0,2,21,21,21,21,21,21,21,21,21,21
2004,340322,1,1,5,5,5,5,5,5,5,5,5,5
2004,340323,1,1,0,0,0,0,0,0,0,0,0,0
2004,340324,0,1,10,10,10,10,10,10,10,10,10,10
2004,340324,1,1,12,12,12,12,12,12,12,12,12,12
2004,340324,2,1,10,0,0,9,0,0,0,0,6,7
2004,340325,1,1,0,0,0,17,0,0,0,0,0,0
2004,340325,2,1,0,0,0,0,0,0,0,0,0,0
2004,340326,1,1,19,19,19,19,19,19,19,19,19,19
2004,340327,1,1,0,0,0,0,0,0,0,0,0,0
2004,340327,2,1,0,0,0,0,0,0,0,0,0,0
2004,340327,3,1,0,0,0,0,0,0,0,0,0,0
2004,340328,1,1,0,0,0,0,0,0,0,0,0,0
2004,340328,2,1,0,0,0,0,0,0,0,0,0,0
2004,340329,1,1,0,0,0,0,0,0,0,0,0,0
2004,340329,2,1,0,0,0,0,0,0,0,0,0,0
2004,340330,1,1,0,0,0,0,0,0,0,0,0,0
2004,340331,1,1,0,0,0,0,0,0,0,0,0,0
2004,340331,2,1,0,0,0,0,0,0,0,0,0,0
2004,340332,1,1,0,0,0,0,0,0,0,0,0,0
2004,340332,2,1,0,0,6,0,0,0,0,0,11,0
2004,340333,1,1,0,0,0,0,0,0,0,0,0,0
2004,340333,2,1,2,2,2,2,2,2,2,2,2,2
2004,340334,1,1,9,9,9,9,9,9,9,9,9,9
2004,340334,2,1,0,0,0,0,0,0,0,0,0,0
2004,340335,1,1,0,0,0,0,0,0,0,0,0,0
2004,340336,1,1,26,26,26,26,26,26,26,26,26,26
2004,340337,1,1,0,0,0,0,17,10,0,0,0,0
2004,340337,2,1,25,25,25,25,25,25,25,25,25,25
2004,340338,1,1,0,0,0,0,0,0,0,0,0,0
2004,340338,2,1,0,0,0,0,0,0,7,0,0,14
2004,340339,0,1,0,0,0,0,0,0,0,0,0,0
2004,340339,1,1,0,35,0,0,0,0,0,0,21,0
2004,340340,1,1,0,0,0,0,0,0,0,0,0,0
2004,340341,1,1,25,25,25,25,25,25,25,25,25,25
2004,340341,2,1,0,0,0,0,0,0,10,0,0,15
2004,340343,1,1,0,0,0,0,0,0,0,0,0,0
2004,340344,1,1,8,30,0,10,15,0,17,0,20,0
2004,340344,2,1,0,0,0,0,0,0,0,0,0,0
2004,340345,1,1,0,0,0,0,0,0,0,0,0,0
2004,340346,1,1,0,0,0,0,0,0,0,0,0,0
2004,340347,1,1,14,0,0,0,42,0,0,11,0,7
2004,340348,0,1,0,0,4,15,0,0,0,0,0,0
2004,340348,1,1,0,0,0,0,17,0,0,0,0,0
2004,340349,1,1,0,0,0,0,0,0,0,0,0,0
2004,340349,2,1,0,0,0,0,0,0,0,0,0,0
2004,340350,1,1,16,16,16,16,16,16,16,16,16,16
2004,340351,0,1,0,0,0,0,0,0,0,0,0,0
2004,340351,1,1,0,0,0,0,0,0,0,0,0,0
2004,340352,1,1,30,0,0,0,0,0,0,0,25,0
2004,340353,1,1,2,2,2,2,2,2,2,2,2,2
2004,340354,1,1,0,0,0,0,0,0,0,0,0,0
2004,340355,1,1,0,0,0,0,0,0,0,0,0,0
2004,340355,2,1,0,0,0,0,0,0,0,0,0,0
2004,340356,1,1,15,15,15,15,15,15,15,15,15,15
2004,340356,2,1,0,0,0,0,0,0,0,0,0,0
2004,340356,3,1,0,0,0,0,0,0,0,0,0,0
2004,340357,1,1,5,5,5,5,5,5,5,5,5,5
2004,340358,1,1,10,10,10,10,10,10,10,10,10,10
2004,340358,2,1,10,21,6,0,0,0,0,0,0,0
2004,340358,3,1,0,7,0,0,0,0,0,0,0,0
2004,340359,0,1,23,23,23,23,23,23,23,23,23,23
2004,340359,1,1,0,0,0,0,0,0,0,0,0,0
2004,340360,1,1,0,0,0,0,0,0,0,0,0,0
2004,340362,1,1,0,0,0,0,0,0,0,0,0,0
2004,340363,0,1,0,0,0,0,0,0,0,0,0,0
2004,340363,1,1,0,0,0,0,0,0,0,0,0,0
2004,340364,1,1,0,0,12,9,33,23,0,18,18,0
2004,340365,1,1,7,7,7,7,7,7,7,7,7,7
2004,340366,1,1,0,0,0,0,0,0,0,0,0,0
2004,340366,2,1,0,0,0,0,0,0,0,0,0,0
2004,340367,1,1,0,0,0,0,0,0,0,0,0,0
2004,340367,2,1,0,0,0,0,0,0,0,0,0,0
2004,340368,0,1,0,0,0,0,0,0,0,0,0,0
2004,340368,1,1,0,0,0,0,0,0,0,0,0,10
2004,340369,1,1,12,12,12,12,12,12,12,12,12,12
2004,340370,1,1,0,0,0,0,0,0,0,0,0,0
2004,340370,2,1,0,0,0,0,0,0,0,0,0,0
2004,340371,1,1,40,40,40,40,40,40,40,40,40,40
2004,340371,2,1,32,0,0,0,4,0,20,0,0,0
2004,340371,3,1,0,0,0,0,0,0,6,0,0,0
2004,340372,1,1,0,0,0,0,0,0,0,0,0,0
2004,340373,1,1,14,14,14,14,14,14,14,14,14,14
2004,340374,1,1,0,0,0,0,0,0,18,0,0,0
2004,340375,1,1,0,0,0,0,0,0,0,0,0,0
2004,340376,1,1,0,0,0,0,0,0,0,0,0,0
2004,340376,2,1,0,0,0,0,0,0,0,0,0,0
2004,340377,0,1,5,5,5,5,5,5,5,5,5,5
2004,340377,1,1,0,0,0,0,0,0,0,0,0,0
2004,340378,1,1,12,12,12,12,12,12,12,12,12,12
2004,340379,1,1,0,13,32,0,0,0,0,0,0,0
2004,340379,2,1,0,0,0,0,0,0,0,0,0,0
2004,340380,1,1,0,0,0,0,0,0,0,0,0,0
2004,340381,1,1,5,5,5,5,5,5,5,5,5,5
2004,340381,2,1,0,0,0,0,0,0,0,0,0,0
2004,340382,1,1,0,0,0,0,0,0,0,0,0,0
2004,340383,1,1,0,0,0,0,0,0,0,0,0,0
2004,340383,2,1,0,0,0,0,0,0,0,0,0,0
2004,340383,3,1,0,0,0,0,0,0,0,0,0,0
2004,340384,1,1,39,39,39,39,39,39,39,39,39,39
2004,340385,1,1,0,0,0,0,0,0,0,0,0,0
2004,340385,2,1,30,30,30,30,30,30,30,30,30,30
2004,340386,1,1,16,16,16,16,16,16,16,16,16,16
2004,340388,1,1,0,0,0,0,0,0,0,0,0,0
2004,340388,2,1,0,0,0,0,0,0,0,0,0,9
2004,340389,1,1,5,5,5,5,5,5,5,5,5,5
2004,340390,0,1,0,0,0,0,0,0,0,0,0,0
2004,340390,0,2,0,0,23,0,0,0,7,0,26,0
2004,340390,0,3,21,0,0,0,27,0,17,0,7,0
2004,340390,1,1,15,0,0,5,20,0,11,14,13,24
2004,340391,1,1,0,0,0,0,0,0,0,0,0,0
2004,340392,0,1,14,14,14,14,14,14,14,14,14,14
2004,340392,1,1,9,0,0,0,21,0,0,0,0,0
2004,340392,2,1,0,0,15,14,0,6,0,4,0,0
2004,340393,1,1,18,18,18,18,18,18,18,18,18,18
2004,340394,1,1,0,0,0,0,0,0,0,0,0,0
2004,340394,2,1,0,0,0,0,0,0,0,0,0,0
2004,340394,3,1,0,0,0,0,0,0,0,0,0,0
2004,340394,4,1,0,0,0,0,0,0,0,0,33,14
2004,340395,1,1,23,23,23,23,23,23,23,23,23,23
2004,340396,1,1,0,0,0,0,0,0,0,0,0,0
2004,340397,1,1,0,0,0,0,0,0,0,0,0,0
2004,340397,2,1,0,0,0,18,0,0,0,0,0,0
2004,340398,1,1,0,0,0,0,0,0,0,0,0,0
2004,340398,2,1,0,0,0,0,0,0,0,0,0,0
2004,340399,0,1,0,0,0,0,0,0,0,0,0,0
2004,340399,1,1,0,0,0,0,0,0,0,0,0,0
2004,340401,1,1,0,0,0,0,0,0,0,0,0,0
2004,340401,2,1,0,6,11,0,6,0,0,0,19,0
2004,340402,2,1,0,0,0,11,0,0,0,0,7,0
2004,340402,3,1,0,0,0,0,0,0,0,0,0,0
2004,340403,0,1,0,0,0,0,0,0,0,0,0,0
2004,340403,1,1,0,0,0,0,0,0,0,0,0,0
2004,340404,1,1,0,0,0,0,0,0,0,0,0,0
2004,340404,2,1,0,0,0,0,0,0,0,0,0,0
2004,340405,1,1,4,4,4,4,4,4,4,4,4,4
2004,340406,1,1,27,27,27,27,27,27,27,27,27,27
2004,340407,1,1,3,3,3,3,3,3,3,3,3,3
2004,340407,2,1,0,0,0,0,0,0,0,0,0,0
2004,340408,1,1,0,0,0,0,0,0,0,0,0,0
2004,340408,2,1,0,0,0,0,0,0,0,0,0,0
2004,340408,3,1,0,0,0,0,0,0,0,0,0,0
2004,340409,1,1,0,0,0,0,0,0,0,0,0,0
2004,340410,0,1,0,26,15,34,22,10,18,19,0,24
2004,340410,3,1,0,17,0,8,15,0,10,0,11,0
2004,340411,1,1,0,0,0,0,0,0,0,0,0,0
2004,340411,2,1,0,0,0,0,0,0,0,0,0,0
2004,340412,0,1,30,30,30,30,30,30,30,30,30,30
2004,340412,1,1,0,0,0,0,0,0,0,0,0,0
2004,340413,1,1,0,0,0,0,0,0,0,0,0,0
2004,340413,2,1,0,0,0,0,0,0,0,0,0,0
2004,340414,1,1,0,0,0,0,0,0,0,0,0,0
2004,340414,2,1,0,0,0,0,0,0,0,0,0,0
2004,340416,1,1,0,0,0,0,0,0,0,0,0,0
2004,340416,2,1,0,0,0,0,0,0,0,0,0,0
2004,340416,3,1,0,0,0,0,0,16,0,0,0,0
2004,340417,1,1,12,12,12,12,12,12,12,12,12,12
2004,340418,1,1,0,0,0,0,0,0,0,0,0,0
2004,340419,1,1,0,0,0,0,0,0,0,0,0,0
2004,340419,2,1,18,18,18,18,18,18,18,18,18,18
2004,340420,1,1,12,12,12,12,12,12,12,12,12,12
2004,340421,1,1,0,0,0,0,0,0,0,0,0,0
2004,340421,2,1,0,0,0,0,0,0,0,0,0,0
2004,340422,1,1,0,0,0,0,0,0,0,0,0,0
2004,340422,2,1,0,0,0,0,0,0,0,0,0,0
2004,340422,3,1,0,0,0,0,0,0,0,0,0,0
2004,340422,4,1,0,0,0,0,0,0,16,0,0,0
2004,340422,5,1,9,0,0,0,0,0,0,0,0,0
2004,340423,1,1,19,19,19,19,19,19,19,19,19,19
2004,340424,1,1,22,22,22,22,22,22,22,22,22,22
2004,340425,1,1,0,0,0,0,0,0,0,0,0,0
2004,340425,2,1,0,0,0,0,0,0,0,0,0,0
2004,340426,1,1,0,0,0,0,0,0,0,0,0,0
2004,340426,2,1,0,0,0,0,0,0,0,0,0,0
2004,340427,1,1,0,0,0,0,0,0,0,0,0,0
2004,340428,1,1,24,24,24,24,24,24,24,24,24,24
2004,340429,1,1,0,0,0,0,0,0,0,0,0,0
2004,340429,2,1,0,0,0,0,0,0,0,0,0,0
2004,340430,1,1,0,0,0,0,0,0,0,0,0,0
2004,340431,1,1,0,0,0,0,0,0,0,0,0,0
2004,340431,2,1,19,19,19,19,19,19,19,19,19,19
2004,340432,1,1,0,0,0,0,0,0,0,0,0,0
2004,340432,2,1,0,0,0,0,0,0,0,0,0,0
2004,340433,1,1,0,0,0,0,0,0,0,0,0,0
2004,340433,2,1,0,23,0,11,0,0,0,0,0,0
2004,340433,3,1,0,0,0,32,0,15,0,0,0,0
2004,340434,0,1,0,0,0,0,0,0,0,0,0,0
2004,340434,1,1,0,0,0,0,0,0,0,0,0,0
2004,340435,1,1,9,9,9,9,9,9,9,9,9,9
2004,340435,2,1,11,0,0,0,0,0,17,29,11,0
2004,340437,0,1,0,0,0,0,0,0,0,0,0,0
2004,340437,1,1,0,0,0,4,0,0,0,0,0,0
2004,340438,0,1,0,0,0,0,0,0,0,0,0,0
2004,340438,1,1,0,0,0,0,0,0,0,0,0,0
2004,340440,0,1,0,0,0,0,0,0,0,0,0,0
2004,340440,0,2,30,0,0,0,0,0,14,3,41,0
2004,340440,1,1,0,0,0,0,0,0,0,0,0,0
2004,340441,1,1,0,0,0,0,0,0,0,0,0,0
2004,340442,1,1,0,0,0,0,0,0,14,12,0,0
2004,340443,0,1,0,0,0,0,0,0,0,0,0,0
2004,340443,1,1,0,0,0,0,0,0,0,0,0,0
2004,340444,0,1,5,5,5,5,5,5,5,5,5,5
2004,340444,1,1,0,0,0,0,0,0,0,0,0,0
2004,340444,2,1,0,0,0,0,0,0,0,0,0,0
2004,340445,1,1,0,0,0,0,0,0,0,0,0,0
2004,340446,0,1,0,0,0,0,0,0,0,0,0,0
2004,340446,1,1,0,0,0,0,0,0,0,0,9,0
2004,340447,1,1,0,19,0,14,0,0,0,3,0,0
2004,340447,2,1,0,0,0,0,0,0,0,0,0,0
2004,340448,0,1,27,0,0,0,0,0,24,0,0,10
2004,340448,1,1,0,0,0,0,0,0,0,0,0,0
2004,340448,2,1,0,0,9,0,4,10,0,0,0,0
2004,340449,1,1,9,0,0,0,0,0,0,0,0,0
2004,340450,1,1,0,0,0,0,0,0,0,0,0,0
2004,340451,1,1,21,21,21,21,21,21,21,21,21,21
2004,340451,2,1,7,7,7,7,7,7,7,7,7,7
2004,340452,0,1,0,0,0,0,0,0,0,0,0,0
2004,340452,1,1,0,0,0,0,0,0,0,0,0,0
2004,340453,0,1,16,16,16,16,16,16,16,16,16,16
2004,340453,1,1,19,19,19,19,19,19,19,19,19,19
2004,340454,1,1,10,10,10,10,10,10,10,10,10,10
2004,340455,1,1,0,0,0,0,0,0,0,0,0,0
2004,340455,2,1,0,3,0,0,0,0,0,0,0,0
2004,340456,1,1,0,0,0,0,0,0,0,0,0,0
2004,340456,2,1,0,0,0,0,0,0,0,0,0,0
2004,340457,1,1,0,0,13,0,0,0,0,0,0,0
2004,340457,2,1,0,0,0,0,0,0,0,0,0,0
2004,340457,3,1,0,0,0,0,0,0,0,0,0,0
2004,340458,1,1,0,0,0,0,0,0,0,0,0,0
2004,340458,2,1,12,0,19,0,0,0,0,0,10,22
2004,340459,0,1,0,0,0,0,0,0,0,0,0,0
2004,340459,1,1,0,0,0,0,0,0,0,0,0,0
2004,340460,1,1,0,0,0,0,0,0,0,0,0,0
2004,340460,2,1,0,0,0,0,0,0,0,0,0,0
2004,340461,1,1,0,20,0,26,0,11,0,0,0,0
2004,340461,2,1,0,0,0,0,0,0,0,10,0,0
2004,340461,3,1,0,0,26,15,0,0,0,7,0,0
2004,340462,0,1,0,0,0,0,0,0,0,0,0,0
2004,340462,1,1,0,0,0,0,0,0,0,0,0,0
2004,340463,1,1,0,0,0,0,0,0,0,0,0,0
2004,340463,2,1,0,0,0,0,0,0,0,0,0,0
2004,340464,0,1,25,25,25,25,25,25,25,25,25,25
2004,340464,1,1,4,26,24,0,0,21,0,0,16,23
2004,340464,2,1,0,0,0,12,0,0,0,0,0,0
2004,340465,1,1,0,0,0,0,0,0,0,0,0,0
2004,340466,1,1,31,31,31,31,31,31,31,31,31,31
2004,340467,1,1,15,15,15,15,15,15,15,15,15,15
2004,340468,0,1,0,0,0,0,0,0,0,0,0,0
2004,340468,1,1,0,0,0,0,0,15,11,0,0,31
2004,340469,1,1,0,0,0,0,0,0,0,0,0,0
2004,340469,2,1,0,0,0,0,0,0,0,0,0,0
2004,340470,1,1,0,0,0,0,0,0,0,0,0,0
2004,340470,2,1,0,0,0,0,0,0,0,0,0,0
2004,340471,1,1,0,0,0,0,0,0,0,0,0,0
2004,340472,0,1,0,0,0,0,0,0,0,0,0,0
2004,340472,1,1,0,0,0,0,0,0,0,0,0,0
2004,340473,1,1,0,0,0,0,0,0,0,0,0,0
2004,340473,2,1,0,0,0,0,0,0,0,0,0,0
2004,340474,0,1,0,0,0,0,0,0,0,0,0,0
2004,340474,1,1,0,0,0,0,0,0,0,0,0,0
2004,340475,1,1,0,0,0,0,0,0,0,0,0,0
2004,340475,2,1,0,0,0,0,0,0,0,0,0,0
2004,340476,0,1,0,0,0,0,0,0,0,0,0,0
2004,340476,1,1,0,9,0,0,0,0,0,0,0,0
2004,340477,1,1,0,0,0,0,0,0,0,0,0,0
2004,340477,2,1,0,0,0,0,0,0,0,0,0,0
2004,340478,1,1,0,0,0,0,0,0,0,0,0,0
2004,340478,2,1,0,0,0,0,0,0,0,0,0,0
2004,340479,1,1,0,0,0,0,0,0,0,0,0,0
2004,340479,2,1,0,0,0,0,0,0,0,0,4,0
2004,340479,3,1,0,0,0,16,0,19,0,18,0,0
2004,340479,4,1,0,0,0,0,0,0,0,0,0,16
2004,340480,1,1,14,14,14,14,14,14,14,14,14,14
2004,340481,0,1,0,0,0,0,0,0,0,0,0,0
2004,340481,1,1,0,0,0,0,0,0,0,0,0,0
2004,340482,1,1,0,0,0,0,0,0,0,0,0,0
2004,340482,2,1,0,0,0,5,0,0,0,0,0,0
2004,340483,1,1,0,0,0,0,0,0,0,0,0,0
2004,340483,2,1,0,0,0,0,0,0,0,0,0,0
2004,340484,1,1,12,12,12,12,12,12,12,12,12,12
2004,340485,1,1,0,0,0,0,0,0,0,0,0,0
2004,340486,0,1,0,0,0,0,0,0,0,0,0,0
2004,340486,1,1,0,0,0,0,0,0,0,0,0,0
2004,340487,0,1,0,0,0,0,0,0,0,0,0,0
2004,340487,1,1,0,0,0,0,0,23,0,0,0,0
2004,340489,1,1,0,0,0,0,0,0,0,0,0,0
2004,340489,2,1,0,6,0,0,0,0,18,0,0,0
2004,340489,3,1,0,0,0,0,0,0,0,0,8,0
2004,340489,4,1,0,0,0,0,0,0,0,0,0,0
2004,340490,0,1,0,0,0,0,0,0,0,0,0,0
2004,340490,1,1,0,0,0,0,0,0,0,0,0,0
2004,340491,1,1,0,0,0,0,0,0,0,0,0,0
2004,340492,1,1,0,0,0,0,0,0,0,0,0,0
2004,340492,2,1,7,7,7,7,7,7,7,7,7,7
2004,340493,1,1,0,0,0,0,0,0,0,0,0,0
2004,340494,1,1,0,0,0,0,0,0,0,0,0,0
2004,340495,1,1,15,15,15,15,15,15,15,15,15,15
2004,340496,1,1,1,1,1,1,1,1,1,1,1,1
2004,340497,1,1,14,0,0,0,0,9,0,0,0,0
2004,340498,0,1,33,33,33,33,33,33,33,33,33,33
2004,340498,1,1,0,0,0,0,0,0,0,0,0,0
2004,340499,0,1,3,3,3,3,3,3,3,3,3,3
2004,340499,1,1,0,0,0,0,0,0,0,0,0,0
2004,340499,2,1,0,0,0,0,0,0,0,0,0,0
2004,340501,0,1,0,0,0,0,0,0,0,0,0,0
2004,340501,1,1,0,0,0,0,0,0,0,0,0,0
2004,340502,1,1,0,0,0,0,0,0,0,0,0,0
2004,340502,2,1,0,0,0,0,0,0,0,0,0,0
2004,340503,1,1,0,0,0,0,0,0,0,0,0,0
2004,340503,2,1,26,26,26,26,26,26,26,26,26,26
2004,340504,1,1,0,0,15,0,0,0,0,0,0,0
2004,340505,1,1,0,0,0,0,0,0,0,0,0,0
2004,340506,1,1,0,0,0,0,0,0,0,0,0,0
2004,340507,1,1,25,25,25,25,25,25,25,25,25,25
2004,340508,1,1,0,0,0,0,0,0,0,0,0,0
2004,340508,2,1,0,0,0,0,0,0,0,0,0,0
2004,340509,0,1,0,0,0,0,0,0,0,0,0,0
2004,340509,1,1,0,0,0,0,0,0,0,0,0,0
2004,340510,0,1,0,0,0,0,0,0,0,0,0,0
2004,340510,1,1,0,13,0,0,0,0,0,0,0,0
2004,340511,1,1,0,0,0,0,0,0,0,0,0,0
2004,340511,2,1,0,0,0,0,0,0,0,0,0,0
2004,340512,1,1,0,0,0,0,0,0,0,0,0,0
2004,340513,0,1,0,0,0,0,0,0,0,0,0,0
2004,340513,1,1,0,0,0,0,0,0,0,0,0,0
2004,340514,1,1,0,0,0,0,0,0,0,0,0,0
2004,340514,2,1,0,0,0,0,0,0,0,0,0,0
2004,340515,1,1,0,0,0,0,0,6,0,0,0,0
2004,340515,2,1,0,0,0,0,0,0,0,0,0,0
2004,340516,1,1,0,0,0,0,0,0,0,0,0,0
2004,340516,2,1,0,0,0,0,0,0,0,0,0,0
2004,340517,1,1,0,0,0,0,0,0,0,0,0,0
2004,340517,2,1,0,0,0,11,0,0,0,0,0,0
2004,340517,3,1,0,0,0,0,0,0,0,0,24,0
2004,340517,4,1,14,0,0,0,0,0,0,0,0,0
2004,340518,1,1,2,2,2,2,2,2,2,2,2,2
2004,340519,1,1,0,0,0,0,0,0,0,0,0,0
2004,340519,2,1,0,0,0,0,0,0,0,0,0,0
2004,340520,1,1,0,0,0,0,0,0,0,0,0,0
2004,340521,1,1,0,0,0,0,0,0,0,0,0,0
2004,340522,1,1,0,0,0,0,0,0,0,0,0,0
2004,340522,2,1,0,0,0,0,0,0,0,0,0,0
2004,340522,3,1,0,0,0,0,0,0,0,0,0,0
2004,340523,1,1,0,24,0,0,0,0,0,0,0,0
2004,340523,2,1,0,0,0,0,0,0,0,0,0,0
2004,340524,1,1,15,15,15,15,15,15,15,15,15,15
2004,340524,2,1,0,0,2,0,0,11,4,0,0,5
2004,340525,1,1,0,0,0,0,0,0,0,0,0,0
2004,340525,2,1,0,0,0,0,0,0,0,0,0,0
2004,340526,1,1,13,13,13,13,13,13,13,13,13,13
2004,340526,2,1,0,5,0,0,0,0,0,0,0,0
2004,340527,1,1,19,19,19,19,19,19,19,19,19,19
2004,340529,1,1,14,14,14,14,14,14,14,14,14,14
2004,340529,2,1,0,0,0,0,0,0,0,0,0,0
2004,340530,1,1,0,0,0,0,0,0,0,0,0,0
2004,340530,2,1,0,0,0,0,0,0,0,0,0,0
2004,340531,1,1,0,0,0,0,0,0,0,0,0,0
2004,340532,0,1,0,0,0,0,0,0,0,0,0,0
2004,340532,1,1,0,0,0,0,0,0,0,0,0,0
2004,340533,1,1,0,0,0,0,0,0,0,0,0,0
2004,340533,2,1,0,0,0,0,0,0,0,0,0,0
2004,340533,3,1,0,0,0,0,0,0,0,0,0,0
2004,340533,4,1,0,0,0,0,0,0,0,0,0,0
2004,340533,5,1,0,0,0,0,0,0,0,0,0,0
2004,340533,6,1,0,0,0,0,0,0,0,0,0,0
2004,340534,0,1,0,0,0,0,0,0,0,0,0,0
2004,340534,1,1,0,0,0,0,0,0,0,0,0,0
2004,340535,0,1,0,0,0,0,0,0,0,0,0,0
2004,340535,1,1,0,0,0,0,0,0,0,0,0,0
2004,340536,0,1,12,12,12,12,12,12,12,12,12,12
2004,340536,1,1,0,0,0,0,0,0,0,0,0,0
2004,340537,1,1,11,12,0,0,0,0,0,0,0,0
2004,340540,1,1,0,0,0,0,0,0,0,0,0,0
2004,340541,1,1,0,0,0,0,0,0,0,0,0,0
2004,340542,1,1,0,0,0,0,0,0,0,0,0,0
2004,340542,2,1,0,0,0,0,7,0,0,0,0,0
2004,340545,0,1,0,0,0,0,0,0,0,0,0,0
2004,340545,1,1,0,0,0,0,0,0,0,0,0,0
2004,340546,1,1,0,0,0,0,0,0,0,0,0,0
2004,340546,2,1,0,0,0,0,0,0,0,0,0,0
2004,340546,3,1,0,0,0,8,0,0,0,0,0,0
2004,340547,1,1,0,0,0,0,0,0,0,0,0,0
2004,340547,2,1,0,0,0,0,0,0,0,0,17,0
2004,340548,1,1,0,0,0,0,0,0,0,0,0,0
2004,340549,1,1,0,0,0,0,0,0,0,0,0,0
2004,340549,2,1,20,20,20,20,20,20,20,20,20,20
2004,340549,3,1,0,0,0,0,0,0,0,0,0,0
2004,340550,1,1,0,0,0,0,0,0,0,0,0,0
2004,340550,2,1,19,0,0,0,0,0,0,0,0,0
2004,340550,3,1,0,0,0,0,0,0,0,0,0,0
2004,340551,1,1,0,6,0,30,0,20,0,0,0,18
2004,340551,2,1,0,0,19,0,0,0,0,0,0,0
2004,340551,3,1,0,0,0,0,0,0,0,0,0,0
2004,340552,1,1,0,0,0,0,0,0,0,0,0,0
2004,340553,1,1,0,0,0,0,0,0,0,0,0,0
2004,340554,0,1,0,0,0,0,0,0,0,0,0,0
2004,340554,1,1,0,0,0,0,0,0,0,0,0,0
2004,340555,1,1,24,24,24,24,24,24,24,24,24,24
2004,340556,1,1,0,0,0,0,0,0,0,0,0,0
2004,340556,2,1,0,0,0,0,0,0,0,0,0,0
2004,340557,0,1,0,0,0,0,0,0,0,0,0,0
2004,340557,1,1,0,0,0,14,0,0,0,0,0,0
2004,340558,1,1,0,0,0,0,0,0,0,0,0,0
2004,340558,2,1,19,19,19,19,19,19,19,19,19,19
2004,340560,1,1,0,0,0,0,0,0,0,0,0,0
2004,340560,2,1,0,0,0,0,0,0,0,0,0,0
2004,340560,3,1,0,0,0,0,0,0,23,0,0,0
2004,340561,0,1,31,31,31,31,31,31,31,31,31,31
2004,340561,1,1,0,0,0,0,0,0,0,0,0,0
2004,340562,1,1,0,0,0,0,0,0,0,0,0,0
2004,340562,2,1,0,0,0,0,0,0,0,0,0,0
2004,340563,1,1,0,0,0,0,0,14,0,0,0,0
2004,340563,2,1,0,0,0,0,0,0,9,0,0,0
2004,340564,1,1,0,0,0,0,0,0,0,8,0,3
2004,340564,2,1,0,0,0,0,0,0,0,0,4,0
2004,340564,3,1,0,10,0,0,0,0,0,0,0,0
2004,340564,4,1,10,0,12,0,3,0,0,16,0,0
2004,340565,1,1,0,0,0,0,0,0,0,0,0,0
2004,340565,2,1,0,0,0,0,0,0,0,3,0,0
2004,340566,1,1,0,0,0,0,0,0,0,0,0,0
2004,340567,1,1,0,2,0,0,0,0,0,0,0,0
2004,340567,2,1,4,0,0,0,13,16,0,0,0,12