YEAR,ST_CASE,veh_no,per_no,P1,P2,P3,P4,P5,P6,P7,P8,P9,P10
2004,340568,1,1,0,0,0,14,0,0,0,0,24,5
2004,340568,2,1,0,0,0,0,0,0,0,0,0,0
2004,340569,1,1,13,13,13,13,13,13,13,13,13,13
2004,340569,2,1,0,0,0,0,0,0,0,7,18,15
2004,340570,1,1,0,0,0,0,0,0,0,0,0,0
2004,340570,2,1,0,0,0,0,0,0,0,0,0,0
2004,340571,1,1,0,0,0,0,0,0,8,0,0,0
2004,340571,2,1,0,0,0,0,13,0,0,0,15,17
2004,340572,1,1,0,0,0,0,0,0,0,0,0,0
2004,340573,1,1,0,0,0,0,0,0,0,0,0,0
2004,340573,2,1,0,0,0,0,0,0,0,0,0,0
2004,340574,1,1,0,0,0,0,0,0,0,0,0,0
2004,340575,1,1,0,0,0,0,0,0,0,0,0,0
2004,340575,2,1,17,10,0,5,16,0,0,0,0,14
2004,340575,3,1,0,0,0,0,0,0,0,0,0,0
2004,340576,0,1,0,0,0,0,0,0,0,0,0,0
2004,340576,1,1,0,0,0,0,0,0,0,0,0,0
2004,340577,1,1,0,0,0,0,0,0,0,0,0,0
2004,340579,1,1,1,1,1,1,1,1,1,1,1,1
2004,340579,2,1,3,3,3,3,3,3,3,3,3,3
2004,340579,3,1,0,0,0,0,0,0,0,0,0,0
2004,340580,1,1,0,0,0,0,0,0,0,0,0,0
2004,340583,0,1,0,0,0,14,20,0,0,0,0,0
2004,340583,1,1,0,0,0,0,0,0,0,0,0,0
2004,340584,1,1,8,13,0,0,0,0,30,0,0,0
2004,340584,2,1,0,0,0,0,0,0,0,0,0,0
2004,340585,0,1,14,23,0,25,14,10,13,16,16,0
2004,340585,1,1,0,0,0,0,0,0,0,0,0,0
2004,340586,1,1,11,11,11,11,11,11,11,11,11,11
2004,340587,1,1,0,0,0,0,0,0,0,0,0,0
2004,340587,2,1,26,26,26,26,26,26,26,26,26,26
2004,340588,1,1,0,0,0,0,0,0,0,0,0,0
2004,340588,2,1,0,0,0,0,0,0,0,0,0,0
2004,340588,3,1,0,0,0,0,0,0,0,0,0,0
2004,340589,1,1,12,0,0,15,0,0,0,0,0,15
2004,340589,2,1,15,0,14,11,13,0,0,23,0,0
2004,340589,3,1,25,25,25,25,25,25,25,25,25,25
2004,340590,1,1,0,0,0,0,0,0,0,0,0,0
2004,340590,2,1,0,0,0,0,0,0,0,0,0,0
2004,340591,0,1,0,0,0,0,0,0,0,0,0,0
2004,340591,1,1,0,0,0,0,0,0,0,0,0,0
2004,340592,1,1,0,0,0,0,0,0,0,0,0,0
2004,340592,2,1,0,0,0,0,0,0,0,0,0,0
2004,340593,1,1,0,0,0,0,0,0,0,0,0,0
2004,340593,2,1,0,0,0,0,0,0,0,0,0,0
2004,340594,0,1,0,0,0,0,0,0,0,0,0,0
2004,340594,1,1,5,5,5,5,5,5,5,5,5,5
2004,340595,0,1,0,0,0,0,0,0,0,0,0,0
2004,340595,1,1,0,0,0,0,0,0,0,0,0,0
2004,340596,0,1,0,0,0,0,0,0,0,0,0,0
2004,340596,1,1,0,0,0,0,0,0,0,0,0,0
2004,340597,1,1,0,0,0,0,0,0,0,0,0,0
2004,340598,1,1,0,0,0,0,0,0,0,0,0,0
2004,340598,2,1,0,0,0,0,0,0,0,0,0,0
2004,340599,1,1,0,0,0,0,0,0,0,0,0,0
2004,340599,2,1,0,0,0,0,0,0,0,0,0,0
2004,340600,1,1,7,0,30,21,11,17,17,15,37,27
2004,340601,1,1,0,0,0,0,0,0,0,0,0,0
2004,340601,2,1,0,0,0,0,0,0,0,0,0,0
2004,340601,3,1,0,0,0,0,0,0,0,0,0,0
2004,340601,4,1,0,0,0,0,0,0,0,0,0,0
2004,340603,0,1,0,0,0,0,0,0,0,0,0,0
2004,340603,1,1,0,0,0,0,0,0,0,0,0,0
2004,340604,1,1,0,0,0,0,0,0,0,0,0,0
2004,340605,1,1,18,18,18,18,18,18,18,18,18,18
2004,340606,1,1,0,0,0,0,0,0,0,0,0,0
2004,340606,2,1,0,0,0,0,0,0,0,0,0,0
2004,340606,3,1,18,0,0,0,0,0,0,0,0,0
2004,340607,1,1,0,23,0,0,0,0,0,0,0,0
2004,340607,2,1,0,0,0,0,0,0,0,0,0,0
2004,340608,1,1,0,0,0,0,0,0,0,0,0,0
2004,340609,1,1,0,0,0,0,0,0,0,0,0,0
2004,340609,2,1,0,0,0,0,27,0,0,0,0,0
2004,340610,1,1,0,0,0,0,0,0,0,0,0,0
2004,340610,2,1,0,0,0,0,0,0,0,0,0,0
2004,340612,0,1,0,0,0,0,0,0,0,0,0,0
2004,340612,1,1,0,0,0,0,0,0,0,0,0,9
2004,340612,2,1,0,13,11,0,0,0,0,0,10,0
2004,340613,0,1,0,0,0,0,0,0,0,0,0,0
2004,340613,1,1,0,0,0,0,0,0,0,0,0,0
2004,340614,0,1,0,0,0,0,0,0,0,0,0,0
2004,340614,1,1,0,0,0,0,0,16,0,0,0,0
2004,340615,1,1,0,0,0,0,0,0,0,0,0,0
2004,340616,1,1,0,0,0,0,0,0,0,0,0,0
2004,340617,1,1,0,0,0,0,0,0,0,0,0,0
2004,340617,2,1,0,0,0,0,0,0,0,0,0,0
2004,340617,3,1,8,0,0,0,0,0,0,0,0,0
2004,340618,0,1,0,0,0,0,0,0,0,0,4,0
2004,340618,0,2,0,0,0,18,0,0,0,5,0,0
2004,340618,1,1,0,9,0,0,0,10,0,0,0,0
2004,340619,1,1,0,0,0,0,0,0,0,0,15,17
2004,340619,2,1,0,0,0,0,0,0,0,0,0,0
2004,340620,0,1,43,43,43,43,43,43,43,43,43,43
2004,340620,1,1,0,0,0,0,0,0,0,0,0,0
2004,340622,0,1,19,19,19,19,19,19,19,19,19,19
2004,340622,1,1,17,0,8,21,9,19,0,0,9,20
2004,340623,1,1,0,0,0,0,0,0,0,0,0,0
2004,340623,2,1,0,0,0,0,0,0,0,0,0,0
2004,340623,3,1,0,0,0,0,0,0,0,0,0,12
2004,340624,1,1,0,0,0,0,0,0,0,0,0,0
2004,340624,2,1,0,0,0,0,0,0,0,0,0,0
2004,340625,1,1,0,0,0,0,0,0,0,0,0,0
2004,340626,1,1,0,0,0,0,0,0,0,0,0,0
2004,340627,1,1,0,0,0,0,0,0,0,0,0,0
2004,340627,2,1,0,0,0,0,0,0,0,0,0,0
2004,340628,0,1,0,0,0,0,0,0,0,0,0,0
2004,340628,1,1,0,0,0,0,0,0,0,0,0,0
2004,340629,1,1,0,0,0,0,0,0,0,0,0,0
2004,340629,2,1,0,0,0,0,0,0,10,0,0,0
2004,340629,3,1,0,0,0,0,0,0,0,0,0,0
2004,340630,0,1,28,28,28,28,28,28,28,28,28,28
2004,340630,1,1,0,0,0,0,0,0,0,0,0,0
2004,340631,0,1,0,0,0,0,0,0,0,0,0,0
2004,340631,1,1,0,0,0,0,0,0,0,0,0,0
2004,340632,1,1,0,0,0,0,0,0,0,0,0,0
2004,340632,2,1,0,0,0,0,0,0,0,0,0,0
2004,340633,1,1,3,0,14,0,17,22,0,5,16,5
2004,340634,1,1,8,8,8,8,8,8,8,8,8,8
2004,340635,1,1,13,13,13,13,13,13,13,13,13,13
2004,340636,1,1,0,0,0,0,0,0,0,0,0,0
2004,340636,2,1,0,0,0,0,0,0,0,0,0,0
2004,340637,1,1,0,0,0,0,0,0,0,0,0,0
2004,340637,2,1,0,0,0,0,0,0,0,0,0,0
2004,340638,0,1,0,0,0,0,0,0,0,0,0,0
2004,340638,1,1,0,0,0,0,0,0,0,0,0,0
2004,340638,2,1,0,0,0,0,0,0,0,0,0,0
2004,340639,1,1,0,6,0,0,0,16,0,0,0,17
2004,340639,2,1,0,0,0,0,0,0,0,0,0,0
2004,340640,0,1,21,21,21,21,21,21,21,21,21,21
2004,340640,1,1,0,0,0,0,0,8,0,0,0,0
2004,340641,1,1,6,24,0,5,0,0,0,0,0,5
2004,340642,0,1,0,0,0,0,0,0,0,0,0,0
2004,340642,1,1,0,0,0,0,0,0,0,16,0,0
2004,340643,1,1,0,0,0,0,0,0,0,0,0,0
2004,340644,1,1,0,0,0,0,0,0,0,0,0,0
2004,340644,2,1,0,0,0,0,0,0,0,0,0,0
2004,340645,0,1,0,0,0,0,0,0,0,0,0,0
2004,340645,1,1,0,0,0,0,0,0,0,0,0,0
2004,340646,0,1,0,0,0,0,0,0,0,0,0,0
2004,340646,1,1,0,0,0,0,0,0,0,0,0,0
2004,340647,1,1,0,0,0,0,0,0,0,0,0,0
2004,340647,2,1,0,0,0,0,0,0,0,0,0,10
2004,340648,1,1,28,0,0,0,0,0,0,0,0,0
2004,340649,1,1,0,0,0,0,0,0,0,0,0,0
2004,340650,1,1,0,0,0,0,0,0,0,0,0,0
2004,340651,1,1,0,0,0,0,0,0,0,0,0,0
2004,340652,0,1,19,19,19,19,19,19,19,19,19,19
2004,340652,1,1,16,16,16,16,16,16,16,16,16,16
2004,340653,0,1,0,0,0,0,0,0,0,0,0,0
2004,340653,1,1,0,0,0,0,0,0,0,0,0,7
2004,340654,1,1,0,0,0,0,0,0,0,0,0,0
2004,340655,1,1,0,21,0,18,0,0,0,0,0,0
2004,340655,2,1,0,0,0,0,0,0,0,0,0,0
2004,340655,3,1,0,0,9,0,10,0,0,0,0,0
2004,340655,4,1,0,0,0,0,0,0,0,0,0,0
2004,340655,5,1,0,0,0,0,0,0,0,0,0,0
2004,340655,6,1,0,0,0,0,0,0,0,15,0,0
2004,340655,7,1,13,0,0,0,0,0,0,0,0,0
2004,340655,8,1,0,0,0,0,0,0,0,0,7,0
2004,340656,0,1,0,0,0,0,0,0,0,0,0,0
2004,340656,1,1,0,0,0,0,0,0,0,0,0,0
2004,340657,1,1,0,0,0,0,0,0,0,0,0,18
2004,340657,2,1,0,0,0,0,0,0,0,0,0,0
2004,340658,0,1,28,28,28,28,28,28,28,28,28,28
2004,340658,1,1,21,0,22,0,17,0,0,0,34,0
2004,340659,1,1,17,17,17,17,17,17,17,17,17,17
2004,340660,1,1,0,0,0,0,0,0,0,0,0,0
2004,340661,1,1,0,0,0,0,0,0,0,0,0,0
2004,340662,1,1,0,0,0,0,0,0,0,0,0,0
2004,340662,2,1,0,0,0,0,0,0,0,0,0,0
2004,340663,1,1,0,0,0,0,0,0,0,0,0,0
2004,340663,2,1,0,0,0,0,0,0,0,0,0,0
2004,340664,1,1,19,19,19,19,19,19,19,19,19,19
2004,340665,0,1,0,0,0,0,0,0,12,0,0,0
2004,340665,1,1,0,0,0,0,0,0,0,11,0,0
2004,340666,0,1,0,0,0,0,0,0,0,0,0,0
2004,340666,1,1,0,0,0,0,0,0,0,0,0,0
2004,340667,1,1,1,1,1,1,1,1,1,1,1,1
2004,340668,1,1,9,9,9,9,9,9,9,9,9,9
2004,340670,1,1,0,0,0,0,0,0,0,0,0,0
2004,340671,1,1,0,13,0,0,15,0,0,0,2,0
2004,340671,2,1,12,3,0,0,0,0,42,0,10,0
2004,340672,1,1,0,0,0,0,0,0,0,0,0,0
2004,340673,0,1,7,6,0,19,0,0,0,0,0,0
2004,340673,0,2,0,0,0,0,0,0,0,0,0,0
2004,340673,1,1,5,5,5,5,5,5,5,5,5,5
2004,340674,1,1,17,0,17,0,0,9,20,0,0,0
2004,340675,1,1,0,0,0,0,0,0,26,10,0,0
2004,340675,2,1,0,0,0,0,0,0,20,0,0,0
2004,340676,1,1,0,0,0,0,0,0,0,0,0,0
2004,340677,1,1,0,0,0,0,0,0,0,0,0,0
2004,340677,2,1,0,0,0,0,0,0,0,0,0,0
2004,340677,3,1,0,0,13,0,0,0,0,0,0,0
2004,340677,4,1,0,0,0,0,0,0,0,0,0,0
2004,340678,1,1,13,13,13,13,13,13,13,13,13,13
2004,340679,0,1,17,17,17,17,17,17,17,17,17,17
2004,340679,1,1,16,16,16,16,16,16,16,16,16,16
2004,340680,1,1,0,13,11,19,0,0,0,0,0,27
2004,340681,1,1,0,0,0,0,0,0,0,0,0,0
2004,340681,2,1,27,27,27,27,27,27,27,27,27,27
2004,340682,1,1,0,0,0,0,0,0,0,0,0,0
2004,340682,2,1,0,0,0,0,0,0,0,0,0,0
2004,340683,1,1,0,0,0,0,0,0,0,0,0,0
2004,340683,2,1,0,0,0,15,0,0,0,0,0,0
2004,340683,3,1,0,0,0,0,0,0,0,0,0,0
2004,340684,0,1,0,0,0,0,0,0,0,0,0,0
2004,340684,1,1,0,0,0,0,0,0,0,0,0,0
2004,340684,2,1,0,0,0,0,0,0,0,0,0,0
2004,340684,3,1,0,0,0,0,0,0,0,0,3,0
2004,340684,4,1,0,0,0,0,0,0,0,0,0,0
2004,340685,1,1,0,0,0,0,0,0,0,0,0,0
2004,340686,1,1,0,0,0,0,0,0,0,0,0,0
2004,340687,1,1,0,0,0,0,0,0,0,0,0,0
2004,340687,2,1,0,0,0,0,0,0,0,0,0,0
2004,340688,1,1,0,0,0,0,0,0,0,0,0,0
2004,340688,2,1,0,0,0,0,0,0,0,0,0,0
2004,340689,1,1,0,0,0,0,0,0,0,34,0,0
2004,340689,2,1,0,0,0,0,0,0,0,0,0,0
2004,340690,0,1,0,0,0,0,0,0,0,0,0,0
2004,340690,0,2,0,0,0,0,0,0,0,0,0,0
2004,340690,1,1,0,0,0,0,0,0,0,0,0,0
2004,340691,0,1,0,0,0,0,0,0,0,0,0,0
2004,340691,1,1,0,18,0,0,0,0,0,0,0,3
2004,340692,1,1,0,0,0,0,0,0,0,0,0,0
2004,340692,2,1,0,0,0,0,0,0,0,0,0,0
2004,340693,1,1,0,0,0,0,0,0,0,0,0,0
2004,340693,2,1,0,0,0,0,0,0,21,0,0,0
2004,340694,0,1,0,0,0,0,0,0,0,0,0,0
2004,340694,1,1,0,0,0,0,0,0,0,0,0,0
2004,340695,0,1,26,26,26,26,26,26,26,26,26,26
2004,340695,1,1,18,0,0,0,0,0,0,0,17,0
2004,340696,1,1,24,24,24,24,24,24,24,24,24,24
2004,340696,2,1,0,0,0,0,0,0,0,0,0,0
2004,340697,1,1,0,0,0,0,0,0,0,0,0,0
2004,340697,2,1,4,0,0,0,0,0,0,0,0,0
2004,340698,1,1,0,0,11,0,0,0,0,0,0,0
2004,340698,2,1,0,0,0,0,0,0,0,0,0,0
2004,340699,1,1,15,15,15,15,15,15,15,15,15,15
2004,340700,0,1,30,30,30,30,30,30,30,30,30,30
2004,340700,1,1,0,0,0,0,0,0,0,0,0,0
2004,340701,1,1,0,0,0,0,0,0,0,0,0,0
2004,340702,1,1,0,0,0,0,0,0,0,0,0,0
2004,340703,0,1,0,0,0,0,0,0,0,0,0,0
2004,340703,1,1,0,0,0,0,0,0,0,0,0,0
2004,340704,0,1,0,0,0,0,0,0,0,0,0,0
2004,340704,1,1,0,0,0,0,0,0,0,0,0,0
2004,340705,1,1,24,24,24,24,24,24,24,24,24,24
2004,340706,1,1,15,0,17,0,0,0,44,0,0,0
2004,340706,2,1,0,0,0,0,0,0,0,0,0,0
2004,340707,1,1,0,0,0,0,0,0,0,0,0,0
2004,340708,1,1,0,0,0,0,0,0,0,0,0,0
2004,340709,1,1,0,21,0,0,0,0,0,0,0,0
2004,340709,2,1,0,15,0,10,0,0,0,0,19,0
2004,340710,0,1,0,0,0,0,0,0,0,0,0,0
2004,340710,1,1,0,0,0,0,0,0,0,0,0,0
2004,340711,0,1,34,34,34,34,34,34,34,34,34,34
2004,340711,1,1,0,0,0,10,0,0,0,20,0,0
2004,340712,0,1,0,0,0,0,0,0,0,0,0,0
2004,340712,1,1,0,0,0,0,0,0,0,14,0,0
2004,340714,0,1,6,6,6,6,6,6,6,6,6,6
2004,340714,1,1,0,0,0,9,0,0,0,0,14,0
2004,340716,0,1,40,40,40,40,40,40,40,40,40,40
2004,340716,1,1,0,0,0,0,0,0,0,0,0,0
2004,340717,0,1,0,23,0,17,11,0,37,0,0,0
2004,340717,1,1,1,1,1,1,1,1,1,1,1,1
2004,340718,1,1,0,0,0,0,0,0,0,0,0,0
2004,340718,2,1,0,0,0,0,0,0,0,0,0,0
2004,340718,3,1,0,0,13,0,22,0,0,13,0,0
2004,340718,4,1,0,0,0,0,0,0,0,21,0,0
2004,340719,0,1,26,26,26,26,26,26,26,26,26,26
2004,340719,1,1,0,0,0,0,0,0,0,0,0,0
2004,340722,1,1,0,0,0,7,3,0,14,0,0,0
2004,340722,2,1,0,0,20,0,9,0,0,3,13,0
2004,340723,0,1,0,0,0,0,0,0,0,0,0,0
2004,340723,0,2,0,0,0,0,0,0,0,0,0,0
2004,340723,1,1,0,0,0,0,0,0,0,0,0,0
2004,340724,1,1,16,16,16,16,16,16,16,16,16,16
2004,340725,1,1,22,22,22,22,22,22,22,22,22,22
2004,340726,1,1,20,19,0,16,18,7,0,0,0,0
2004,340727,1,1,0,0,0,6,0,0,0,14,0,0
2004,340727,2,1,0,0,0,0,0,0,8,23,0,21
2004,340727,3,1,14,14,14,14,14,14,14,14,14,14
2004,340728,0,1,0,0,0,0,0,0,0,0,0,0
2004,340728,1,1,16,16,16,16,16,16,16,16,16,16
2004,340729,1,1,16,16,16,16,16,16,16,16,16,16
2004,340730,1,1,7,12,0,0,0,0,0,18,9,0
2004,340731,1,1,0,0,0,0,0,0,0,0,0,0
2004,340731,2,1,0,0,0,0,0,0,0,0,0,0
2004,340732,1,1,23,23,23,23,23,23,23,23,23,23
2004,340733,0,1,2,2,2,2,2,2,2,2,2,2
2004,340733,1,1,0,0,0,0,24,14,0,23,0,0
2004,340733,2,1,12,0,0,0,0,12,0,0,5,0
2004,340734,0,1,0,0,0,0,0,0,0,0,6,0
2004,340734,1,1,0,0,0,0,0,0,0,0,0,0
2004,340737,0,1,11,11,11,11,11,11,11,11,11,11
2004,340737,1,1,0,0,0,11,0,0,0,0,0,0
2004,340737,2,1,0,0,0,0,0,0,17,0,0,0
2004,340738,1,1,0,0,0,0,0,0,0,0,0,0
2004,350001,1,1,0,0,0,0,0,0,0,0,0,0
2004,350002,1,1,0,0,0,0,0,0,0,0,0,0
2004,350003,0,1,0,0,0,0,0,0,0,0,0,0
2004,350003,1,1,0,0,0,0,0,0,0,0,0,0
2004,350004,1,1,14,14,14,14,14,14,14,14,14,14
2004,350005,1,1,0,0,0,0,0,0,0,0,0,0
2004,350006,1,1,0,0,0,0,0,0,0,0,0,0
2004,350007,1,1,0,0,0,0,0,0,0,0,0,0
2004,350008,1,1,0,0,0,0,0,0,0,0,0,0
2004,350008,2,1,0,0,0,0,0,0,0,0,0,0
2004,350009,1,1,0,0,0,0,0,0,0,0,0,0
2004,350009,2,1,0,0,0,0,0,0,0,0,0,12
2004,350010,1,1,0,0,0,0,0,0,0,0,0,0
2004,350010,2,1,0,0,0,0,0,0,0,0,0,0
2004,350010,3,1,0,0,0,0,0,0,0,0,0,0
2004,350010,4,1,0,0,0,0,0,0,0,0,0,0
2004,350010,5,1,0,0,0,0,0,0,0,0,0,0
2004,350011,0,1,30,30,30,30,30,30,30,30,30,30
2004,350011,1,1,0,10,0,0,14,0,0,0,0,0
2004,350012,1,1,0,0,0,0,0,0,0,0,0,0
2004,350013,1,1,16,16,16,16,16,16,16,16,16,16
2004,350014,1,1,0,0,0,0,0,0,21,0,0,0
2004,350015,1,1,0,0,0,0,12,0,0,0,0,0
2004,350015,2,1,0,0,0,0,0,0,0,0,0,0
2004,350016,1,1,0,0,0,0,0,0,0,0,0,0
2004,350017,1,1,0,0,0,0,0,0,0,0,0,0
2004,350018,1,1,0,0,23,0,11,16,9,0,0,0
2004,350018,2,1,0,0,0,18,0,0,0,8,0,0
2004,350019,1,1,0,0,0,0,0,0,0,0,0,0
2004,350020,1,1,17,17,17,17,17,17,17,17,17,17
2004,350022,1,1,22,22,22,22,22,22,22,22,22,22
2004,350022,2,1,0,0,0,0,0,0,0,0,0,0
2004,350022,3,1,0,0,0,0,0,0,0,0,0,0
2004,350023,0,1,38,38,38,38,38,38,38,38,38,38
2004,350023,1,1,0,0,0,0,0,11,0,0,0,0
2004,350024,1,1,0,0,0,0,0,0,0,0,0,0
2004,350024,2,1,0,0,0,0,0,0,0,0,0,0
2004,350025,1,1,18,18,18,18,18,18,18,18,18,18
2004,350025,2,1,0,0,0,0,0,0,0,0,0,0
2004,350026,1,1,11,11,11,11,11,11,11,11,11,11
2004,350027,1,1,0,0,0,0,0,0,0,0,0,0
2004,350028,0,1,29,29,29,29,29,29,29,29,29,29
2004,350028,1,1,0,0,0,0,0,0,0,0,0,0
2004,350029,1,1,0,0,0,0,0,0,0,12,0,0
2004,350030,1,1,0,0,0,0,0,0,0,0,0,0
2004,350031,1,1,10,10,10,10,10,10,10,10,10,10
2004,350031,2,1,0,0,0,0,0,0,0,0,0,0
2004,350032,1,1,0,0,0,0,0,0,0,0,0,0
2004,350032,2,1,0,0,0,0,0,0,0,0,0,0
2004,350033,1,1,0,0,0,0,0,0,0,0,0,0
2004,350033,2,1,0,0,0,0,0,0,0,0,0,0
2004,350034,1,1,0,0,0,0,0,0,0,0,0,0
2004,350034,2,1,0,0,0,0,0,0,0,0,0,0
2004,350035,0,1,20,20,20,20,20,20,20,20,20,20
2004,350035,1,1,0,0,0,0,0,0,0,0,0,0
2004,350036,1,1,12,12,12,12,12,12,12,12,12,12
2004,350036,2,1,0,0,0,0,0,0,0,0,0,0
2004,350037,1,1,0,0,0,0,0,0,0,0,0,0
2004,350038,1,1,0,0,0,0,0,0,0,0,0,0
2004,350038,2,1,0,0,0,0,0,0,0,0,0,0
2004,350039,1,1,0,0,0,0,0,0,0,0,0,0
2004,350040,1,1,10,10,10,10,10,10,10,10,10,10
2004,350041,1,1,0,0,0,0,0,0,0,0,0,0
2004,350042,1,1,7,7,7,7,7,7,7,7,7,7
2004,350043,1,1,0,0,0,0,0,0,0,0,0,0
2004,350043,2,1,0,0,0,0,0,0,0,0,0,0
2004,350044,1,1,0,0,0,0,0,0,0,0,0,0
2004,350044,2,1,0,0,0,0,0,0,0,0,0,0
2004,350045,1,1,0,0,0,0,0,0,0,0,0,0
2004,350045,2,1,0,0,0,0,0,0,0,0,0,0
2004,350046,1,1,31,31,31,31,31,31,31,31,31,31
2004,350047,1,1,0,0,0,0,0,0,0,0,0,0
2004,350048,1,1,26,26,26,26,26,26,26,26,26,26
2004,350048,2,1,0,0,0,0,0,0,0,0,0,0
2004,350049,1,1,0,0,0,0,0,0,0,10,0,8
2004,350050,0,1,16,16,16,16,16,16,16,16,16,16
2004,350050,1,1,0,0,0,0,0,0,0,0,0,0
2004,350051,1,1,15,15,15,15,15,15,15,15,15,15
2004,350051,2,1,0,0,0,0,0,0,0,0,0,0
2004,350052,1,1,0,0,0,0,0,0,0,0,0,0
2004,350052,2,1,0,0,0,0,0,0,0,0,0,0
2004,350052,3,1,0,0,0,0,0,0,0,0,0,0
2004,350052,4,1,2,0,0,0,0,0,0,0,0,0
2004,350053,0,1,0,0,0,0,0,0,0,0,0,0
2004,350053,1,1,0,0,0,0,0,0,0,0,0,0
2004,350054,1,1,0,0,0,0,0,0,17,0,9,0
2004,350054,2,1,0,0,0,0,0,0,0,0,0,0
2004,350055,1,1,11,11,11,11,11,11,11,11,11,11
2004,350056,1,1,6,6,6,6,6,6,6,6,6,6
2004,350057,1,1,8,8,8,8,8,8,8,8,8,8
2004,350058,1,1,16,16,16,16,16,16,16,16,16,16
2004,350059,1,1,0,0,0,0,0,0,0,0,0,0
2004,350059,2,1,0,0,0,0,0,0,0,0,0,0
2004,350060,1,1,10,6,24,17,26,11,12,22,34,22
2004,350061,1,1,0,0,0,0,0,0,0,0,0,0
2004,350061,2,1,0,0,0,0,0,0,0,0,0,0
2004,350062,1,1,0,0,0,0,0,0,0,0,0,0
2004,350063,1,1,0,0,0,0,0,17,0,0,11,20
2004,350064,1,1,0,0,0,0,0,0,0,0,0,0
2004,350064,2,1,0,0,0,0,0,0,0,0,0,0
2004,350065,1,1,26,13,29,13,5,21,9,24,29,26
2004,350066,1,1,26,26,26,26,26,26,26,26,26,26
2004,350067,1,1,0,0,0,0,0,0,0,0,0,0
2004,350067,2,1,0,0,0,0,0,0,0,0,0,0
2004,350068,1,1,0,0,0,0,0,0,0,0,0,0
2004,350068,2,1,0,0,0,0,0,0,0,0,0,0
2004,350068,3,1,0,0,0,0,0,0,0,0,0,0
2004,350068,4,1,0,0,0,0,0,0,0,0,0,0
2004,350069,1,1,0,0,0,0,0,0,0,0,0,0
2004,350069,2,1,0,0,0,0,0,0,0,0,0,0
2004,350070,1,1,0,9,0,0,0,0,0,0,0,0
2004,350070,2,1,0,0,0,0,0,11,0,0,0,0
2004,350071,1,1,0,0,0,0,0,0,0,0,0,0
2004,350071,2,1,14,14,14,14,14,14,14,14,14,14
2004,350072,0,1,0,0,7,15,16,9,9,11,0,23
2004,350072,1,1,11,6,16,15,21,11,16,3,11,15
2004,350073,1,1,0,0,0,0,0,0,0,0,0,0
2004,350073,2,1,0,0,0,0,0,0,0,0,0,0
2004,350074,1,1,0,0,0,0,0,0,0,0,0,0
2004,350075,1,1,0,0,0,0,0,0,0,0,0,0
2004,350076,1,1,0,0,0,0,0,0,0,0,0,0
2004,350077,1,1,0,0,0,0,0,0,0,0,0,0
2004,350078,0,1,0,0,0,0,0,0,0,0,0,0
2004,350078,0,2,0,0,0,0,0,0,0,0,0,0
2004,350078,1,1,0,0,0,0,0,9,0,0,0,0
2004,350079,1,1,13,13,13,13,13,13,13,13,13,13
2004,350081,1,1,0,0,0,0,0,0,0,0,0,0
2004,350082,1,1,0,0,0,0,0,0,0,0,0,0
2004,350083,1,1,0,0,0,0,0,0,0,0,0,0
2004,350083,2,1,0,0,0,0,0,0,0,26,0,0
2004,350084,1,1,14,3,0,2,13,14,6,12,13,0
2004,350085,1,1,19,24,12,14,9,15,15,8,26,8
2004,350085,2,1,0,0,0,0,0,0,0,4,0,0
2004,350086,1,1,0,0,0,0,0,0,0,0,0,0
2004,350086,2,1,0,0,0,0,0,0,0,0,0,0
2004,350087,1,1,0,0,0,0,0,0,0,0,0,0
2004,350088,1,1,0,14,17,21,15,19,4,14,17,2
2004,350088,2,1,16,0,0,0,0,0,0,0,0,0
2004,350089,0,1,0,0,0,0,0,0,0,0,0,0
2004,350089,1,1,0,0,0,0,0,0,0,0,0,0
2004,350090,1,1,0,0,0,0,0,0,0,0,0,0
2004,350090,2,1,0,0,0,0,0,0,0,0,0,0
2004,350091,1,1,20,20,20,20,20,20,20,20,20,20
2004,350092,1,1,0,0,0,0,0,0,0,0,0,0
2004,350093,1,1,20,20,20,20,20,20,20,20,20,20
2004,350094,1,1,0,0,10,0,0,0,0,0,0,0
2004,350094,2,1,0,0,0,0,0,0,0,0,0,0
2004,350095,1,1,33,33,33,33,33,33,33,33,33,33
2004,350096,1,1,0,0,0,0,0,0,0,0,0,0
2004,350097,1,1,0,0,0,0,0,0,0,0,0,0
2004,350098,0,1,29,29,29,29,29,29,29,29,29,29
2004,350098,1,1,0,0,0,0,24,0,0,0,0,0
2004,350099,1,1,0,0,0,0,0,0,0,0,0,0
2004,350100,1,1,13,13,13,13,13,13,13,13,13,13
2004,350101,1,1,19,19,19,19,19,19,19,19,19,19
2004,350102,1,1,0,0,11,0,0,0,0,0,0,0
2004,350102,2,1,17,17,17,17,17,17,17,17,17,17
2004,350103,1,1,0,0,0,0,0,0,0,0,0,0
2004,350103,2,1,0,0,0,0,0,0,0,0,0,0
2004,350104,1,1,0,0,0,0,0,0,0,0,0,0
2004,350105,1,1,0,0,0,0,0,0,0,0,0,0
2004,350106,1,1,15,15,15,15,15,15,15,15,15,15
2004,350107,1,1,0,0,0,0,0,0,0,0,0,0
2004,350108,1,1,0,0,0,0,0,0,0,0,0,0
2004,350109,1,1,0,0,0,0,0,0,0,0,0,0
2004,350110,1,1,0,0,0,0,0,0,0,0,0,0