YEAR,ST_CASE,veh_no,per_no,P1,P2,P3,P4,P5,P6,P7,P8,P9,P10
2004,350110,2,1,0,0,0,0,0,0,0,0,0,0
2004,350111,1,1,12,0,20,26,16,23,12,7,7,20
2004,350112,0,1,12,12,12,12,12,12,12,12,12,12
2004,350112,1,1,0,0,0,0,0,0,0,0,0,0
2004,350113,1,1,17,17,17,17,17,17,17,17,17,17
2004,350113,2,1,0,0,0,0,0,0,0,0,0,0
2004,350114,1,1,0,0,0,0,0,0,0,0,0,0
2004,350115,1,1,0,0,0,0,0,0,0,0,0,0
2004,350116,1,1,5,5,5,5,5,5,5,5,5,5
2004,350117,1,1,0,0,0,0,0,0,0,0,0,0
2004,350118,1,1,25,25,25,25,25,25,25,25,25,25
2004,350119,0,1,0,0,0,0,0,0,0,0,0,0
2004,350119,1,1,0,0,0,0,0,0,0,0,0,0
2004,350120,0,1,12,12,12,12,12,12,12,12,12,12
2004,350120,1,1,0,0,0,0,0,0,0,0,0,0
2004,350122,1,1,0,0,0,0,0,0,0,0,0,0
2004,350122,2,1,0,0,0,0,0,0,0,0,0,0
2004,350123,1,1,0,0,0,0,0,0,0,0,0,0
2004,350123,2,1,0,0,0,0,0,0,0,0,0,0
2004,350124,1,1,17,17,17,17,17,17,17,17,17,17
2004,350125,1,1,0,0,0,0,0,0,0,0,0,0
2004,350125,2,1,0,0,9,0,0,0,0,0,0,0
2004,350126,0,1,30,30,30,30,30,30,30,30,30,30
2004,350126,1,1,0,0,0,0,0,0,0,0,0,0
2004,350127,0,1,0,0,0,0,0,0,0,0,0,0
2004,350127,1,1,0,0,0,0,0,0,0,0,0,0
2004,350128,1,1,0,0,0,0,0,0,0,0,0,0
2004,350128,2,1,7,10,0,11,9,0,10,5,13,19
2004,350129,1,1,20,20,20,20,20,20,20,20,20,20
2004,350130,0,1,21,0,0,0,22,0,0,0,0,0
2004,350130,1,1,0,0,0,0,0,0,11,0,0,0
2004,350131,1,1,0,0,0,0,0,0,0,0,0,0
2004,350131,2,1,0,0,0,0,0,0,0,0,0,0
2004,350131,3,1,0,0,0,0,0,0,0,0,0,0
2004,350132,1,1,0,0,0,0,0,0,0,0,0,0
2004,350132,2,1,0,0,0,0,0,0,0,0,0,0
2004,350133,1,1,0,0,0,0,0,0,0,0,0,0
2004,350133,2,1,0,0,0,0,0,0,0,0,0,0
2004,350133,3,1,0,0,0,0,0,0,0,0,0,0
2004,350134,1,1,0,0,0,0,0,0,0,0,0,0
2004,350134,2,1,0,0,0,0,0,0,0,0,0,0
2004,350135,0,1,0,0,0,0,0,0,0,0,0,0
2004,350135,1,1,0,0,0,0,0,0,0,0,0,0
2004,350136,1,1,0,0,0,0,0,0,0,0,0,0
2004,350137,0,1,0,0,0,0,0,0,0,0,0,0
2004,350137,1,1,0,0,0,0,0,0,0,0,0,0
2004,350138,1,1,0,0,0,0,0,0,0,34,6,0
2004,350138,2,1,0,0,0,0,0,0,0,19,0,4
2004,350139,0,1,33,33,33,33,33,33,33,33,33,33
2004,350139,1,1,0,0,0,0,0,6,0,0,0,0
2004,350140,1,1,26,26,26,26,26,26,26,26,26,26
2004,350141,1,1,0,0,0,0,0,0,0,0,0,0
2004,350141,2,1,0,0,0,0,0,0,0,0,0,0
2004,350142,1,1,0,0,0,0,17,0,0,0,0,0
2004,350142,2,1,0,0,0,0,0,0,0,0,0,0
2004,350142,3,1,0,0,0,0,0,0,0,0,0,0
2004,350143,1,1,0,0,0,0,0,20,0,0,0,0
2004,350144,1,1,0,0,0,0,0,0,0,0,0,0
2004,350145,1,1,0,0,0,0,0,0,0,0,0,0
2004,350145,2,1,0,0,0,0,0,0,0,0,0,0
2004,350146,1,1,0,0,0,0,0,0,0,0,0,0
2004,350146,2,1,0,0,0,0,0,0,0,0,0,0
2004,350147,1,1,16,16,16,16,16,16,16,16,16,16
2004,350148,1,1,20,20,20,20,20,20,20,20,20,20
2004,350149,0,1,0,0,0,0,0,0,0,0,0,0
2004,350149,1,1,0,0,0,0,0,0,0,0,0,0
2004,350150,1,5,9,0,13,11,0,0,0,8,25,20
2004,350151,1,1,16,16,16,16,16,16,16,16,16,16
2004,350151,2,1,0,0,0,0,0,0,0,0,0,0
2004,350152,1,1,0,0,0,0,0,0,0,0,0,0
2004,350152,2,1,37,37,37,37,37,37,37,37,37,37
2004,350153,1,1,25,25,25,25,25,25,25,25,25,25
2004,350154,1,1,0,0,0,0,20,0,0,0,0,12
2004,350155,1,1,0,0,0,0,0,0,0,0,0,0
2004,350156,1,1,0,0,0,0,0,0,0,0,0,0
2004,350156,2,1,0,0,0,0,0,0,0,0,0,0
2004,350157,1,1,0,0,0,0,0,0,0,0,0,0
2004,350158,1,1,0,0,0,0,0,0,0,0,0,0
2004,350159,0,1,0,0,0,0,0,0,0,0,0,0
2004,350159,1,1,0,0,0,0,0,0,0,0,0,0
2004,350160,1,1,0,0,0,0,0,0,0,0,0,0
2004,350161,1,1,18,18,18,18,18,18,18,18,18,18
2004,350162,1,1,0,0,0,0,0,0,0,0,0,0
2004,350163,0,1,19,19,19,19,19,19,19,19,19,19
2004,350163,1,1,0,0,0,0,0,0,0,0,0,0
2004,350164,0,1,0,0,0,0,0,0,0,0,0,0
2004,350164,1,1,0,0,0,0,0,0,0,0,0,0
2004,350165,1,1,5,5,5,5,5,5,5,5,5,5
2004,350165,2,1,0,0,0,0,0,0,0,0,0,0
2004,350165,3,1,0,0,0,0,0,0,0,0,0,0
2004,350166,1,1,23,23,23,23,23,23,23,23,23,23
2004,350167,0,1,19,19,19,19,19,19,19,19,19,19
2004,350167,1,1,0,0,0,0,0,0,0,0,0,0
2004,350168,1,1,0,0,0,0,0,0,0,0,0,0
2004,350169,1,1,0,0,0,0,0,0,0,0,0,0
2004,350170,1,1,0,0,0,0,0,0,0,0,0,0
2004,350170,2,1,0,0,0,0,0,0,0,0,0,0
2004,350171,1,1,6,6,6,6,6,6,6,6,6,6
2004,350171,2,1,0,0,0,0,0,0,0,0,0,0
2004,350172,1,1,0,0,0,0,0,0,0,0,0,0
2004,350173,1,1,0,0,0,0,0,0,0,0,0,0
2004,350173,2,1,0,0,0,0,0,0,0,0,0,0
2004,350174,0,1,20,20,20,20,20,20,20,20,20,20
2004,350174,1,1,0,0,0,0,0,0,0,0,0,0
2004,350175,1,1,0,0,0,0,0,0,0,23,0,0
2004,350175,2,1,0,0,0,0,0,0,0,0,0,0
2004,350177,1,1,0,0,0,0,0,0,0,0,0,0
2004,350178,1,1,0,0,0,0,0,0,0,0,0,0
2004,350178,2,1,0,0,0,0,0,0,0,0,0,0
2004,350179,1,1,18,18,18,18,18,18,18,18,18,18
2004,350180,1,1,23,0,0,0,0,0,0,0,0,0
2004,350180,2,1,0,0,0,0,0,0,0,0,0,0
2004,350181,1,1,0,0,0,0,0,0,0,0,0,0
2004,350181,2,1,0,0,0,0,0,0,0,0,0,0
2004,350182,1,1,0,0,0,0,0,0,0,0,0,0
2004,350182,2,1,0,0,0,0,0,0,0,0,0,0
2004,350182,3,1,0,0,0,0,0,0,0,0,0,0
2004,350183,1,1,0,0,0,0,0,0,0,0,0,0
2004,350183,2,1,0,0,0,0,0,0,0,0,0,0
2004,350184,1,1,0,0,0,0,0,0,0,0,0,0
2004,350185,1,1,0,0,0,0,0,0,0,0,0,0
2004,350186,1,1,0,0,0,0,0,0,0,0,0,0
2004,350187,1,1,20,20,20,20,20,20,20,20,20,20
2004,350188,1,1,0,0,0,0,0,0,0,0,0,0
2004,350188,2,1,0,0,0,0,0,0,0,0,0,0
2004,350189,1,1,0,0,0,0,0,0,0,0,0,0
2004,350189,2,1,0,0,0,0,0,0,0,0,0,0
2004,350190,1,1,0,0,0,0,0,0,0,0,0,0
2004,350191,1,1,0,0,0,0,0,0,0,0,0,0
2004,350192,1,1,0,0,0,0,0,0,0,0,0,0
2004,350192,2,1,0,0,0,0,0,0,0,0,0,0
2004,350193,1,1,0,0,0,0,0,0,0,0,0,0
2004,350194,1,1,0,0,0,0,0,0,0,0,0,0
2004,350195,1,1,9,0,0,0,0,0,24,0,0,0
2004,350195,2,1,0,0,0,0,0,0,0,0,0,0
2004,350196,1,1,0,0,7,0,0,0,0,0,0,0
2004,350196,2,1,0,0,0,0,0,0,0,0,0,0
2004,350197,0,1,44,44,44,44,44,44,44,44,44,44
2004,350197,1,1,0,0,0,0,0,0,0,0,0,0
2004,350198,1,1,19,24,13,25,23,18,21,26,35,16
2004,350199,1,1,20,20,20,20,20,20,20,20,20,20
2004,350199,2,1,0,0,0,0,0,0,0,0,0,0
2004,350200,1,1,21,21,21,21,21,21,21,21,21,21
2004,350201,1,1,0,0,0,0,0,0,0,0,0,0
2004,350201,2,1,16,0,0,0,0,0,0,0,0,0
2004,350202,1,1,20,20,20,20,20,20,20,20,20,20
2004,350203,1,1,0,0,0,0,0,0,0,0,0,0
2004,350203,2,1,0,0,0,0,0,0,0,0,0,0
2004,350204,0,1,28,28,28,28,28,28,28,28,28,28
2004,350204,0,2,0,0,16,28,34,20,0,18,11,0
2004,350204,1,1,0,0,0,0,0,0,0,0,0,0
2004,350205,1,1,0,0,0,0,0,0,0,0,0,0
2004,350205,2,1,0,0,0,0,0,0,0,0,0,0
2004,350206,1,1,35,35,35,35,35,35,35,35,35,35
2004,350207,0,1,0,0,0,0,0,0,0,0,0,0
2004,350207,1,1,0,25,0,0,0,0,16,0,0,0
2004,350209,1,1,27,27,27,27,27,27,27,27,27,27
2004,350210,1,1,0,0,0,0,0,0,0,0,0,0
2004,350210,2,1,0,0,0,0,0,0,0,0,0,0
2004,350211,1,1,23,23,23,23,23,23,23,23,23,23
2004,350212,1,1,0,0,0,0,0,0,0,0,0,0
2004,350212,2,1,0,0,0,0,0,0,0,0,0,0
2004,350212,3,1,19,19,19,19,19,19,19,19,19,19
2004,350213,1,1,0,0,0,0,0,0,0,0,0,0
2004,350214,1,1,0,0,0,0,0,0,0,0,0,0
2004,350215,1,1,0,0,0,0,0,0,0,0,0,0
2004,350216,1,1,0,0,0,0,0,0,0,0,0,0
2004,350217,1,1,0,0,0,0,0,0,0,0,0,0
2004,350218,1,1,0,0,0,0,0,0,0,0,0,0
2004,350219,1,1,0,0,0,0,0,0,0,0,0,0
2004,350220,0,1,28,28,28,28,28,28,28,28,28,28
2004,350220,1,1,0,0,0,0,0,0,0,0,0,0
2004,350221,1,1,19,19,19,19,19,19,19,19,19,19
2004,350222,1,1,4,4,4,4,4,4,4,4,4,4
2004,350223,1,1,0,0,0,0,0,0,0,0,0,0
2004,350223,2,1,26,26,26,26,26,26,26,26,26,26
2004,350224,1,1,0,0,0,0,0,0,0,0,0,0
2004,350224,2,1,24,24,24,24,24,24,24,24,24,24
2004,350225,1,1,0,0,0,0,0,0,0,0,0,0
2004,350225,2,1,29,5,9,19,0,5,0,6,19,9
2004,350226,1,1,20,0,0,22,12,13,0,0,0,0
2004,350227,1,1,25,0,13,13,19,20,18,13,19,17
2004,350228,1,1,0,0,0,0,0,0,0,0,0,0
2004,350229,0,1,19,19,19,19,19,19,19,19,19,19
2004,350229,1,1,0,0,0,0,0,0,0,0,0,0
2004,350230,1,1,0,0,0,0,0,0,0,0,0,0
2004,350231,1,1,0,17,0,0,0,5,0,0,0,0
2004,350231,2,1,0,0,0,0,0,0,0,0,0,0
2004,350233,1,1,0,0,0,0,0,0,0,0,0,0
2004,350234,0,1,11,11,11,11,11,11,11,11,11,11
2004,350234,1,1,0,0,0,0,0,0,0,0,0,0
2004,350235,1,1,0,0,0,0,0,0,0,0,0,0
2004,350236,1,1,0,0,0,0,0,0,0,0,0,0
2004,350236,2,1,0,0,0,0,0,0,0,0,0,0
2004,350237,1,1,0,12,23,0,22,35,18,14,30,23
2004,350238,1,1,0,0,0,0,0,0,3,0,0,0
2004,350239,1,1,0,0,0,0,0,0,0,0,0,0
2004,350240,1,1,23,0,0,0,0,0,0,0,0,0
2004,350241,1,1,0,0,0,0,0,0,0,0,0,0
2004,350242,1,1,16,16,16,16,16,16,16,16,16,16
2004,350242,2,1,0,0,0,0,0,0,0,0,0,0
2004,350243,1,1,15,0,0,0,0,0,0,16,0,0
2004,350244,1,1,20,20,20,20,20,20,20,20,20,20
2004,350245,0,1,0,0,0,0,0,0,0,0,0,0
2004,350245,1,1,0,0,0,0,0,0,0,0,0,0
2004,350246,1,1,0,0,0,0,0,0,0,0,0,0
2004,350247,1,1,0,0,0,0,0,2,7,0,0,0
2004,350248,1,1,0,0,0,0,0,0,0,0,0,0
2004,350249,1,1,0,0,0,0,0,0,0,0,0,0
2004,350250,0,1,24,24,24,24,24,24,24,24,24,24
2004,350250,1,1,0,0,0,0,0,0,0,0,0,0
2004,350251,1,1,15,15,15,15,15,15,15,15,15,15
2004,350252,0,1,6,6,6,6,6,6,6,6,6,6
2004,350252,1,1,0,8,0,0,0,0,0,0,0,0
2004,350253,0,1,0,0,0,0,0,0,0,0,0,0
2004,350253,1,1,0,0,0,0,0,0,0,0,0,0
2004,350254,1,1,13,0,0,0,0,11,0,0,31,13
2004,350256,1,1,0,0,0,0,0,0,0,0,0,0
2004,350257,1,1,0,0,0,0,0,0,0,0,0,0
2004,350258,1,1,0,0,0,0,0,0,0,0,0,0
2004,350258,2,1,0,0,11,0,0,0,0,0,0,0
2004,350259,1,1,0,0,0,0,0,0,0,0,0,0
2004,350259,2,1,0,0,0,0,0,0,0,0,0,0
2004,350260,1,1,0,0,0,0,0,0,0,0,0,0
2004,350260,2,1,0,0,0,0,0,0,0,0,0,0
2004,350261,1,1,14,13,15,24,18,6,37,7,0,26
2004,350262,0,1,0,0,0,0,0,0,0,0,0,0
2004,350262,1,1,0,0,0,0,4,0,0,0,0,0
2004,350263,1,1,0,0,0,0,0,0,0,0,0,0
2004,350264,1,1,23,23,23,23,23,23,23,23,23,23
2004,350267,1,1,0,0,0,0,0,0,0,0,0,0
2004,350268,0,1,30,24,0,23,0,9,0,0,21,0
2004,350268,0,2,6,0,0,0,29,0,0,0,0,17
2004,350268,1,1,0,0,0,0,13,16,0,0,0,16
2004,350268,2,1,0,8,0,12,0,21,0,0,0,0
2004,350269,1,1,0,0,0,0,0,0,0,0,0,0
2004,350270,1,1,21,21,21,21,21,21,21,21,21,21
2004,350271,1,1,0,0,0,0,0,0,0,0,0,0
2004,350272,1,1,0,0,0,0,0,0,0,0,0,0
2004,350273,1,1,21,21,21,21,21,21,21,21,21,21
2004,350275,1,1,22,8,23,0,0,11,0,28,0,0
2004,350276,1,1,0,0,0,0,0,0,0,0,0,0
2004,350278,1,1,0,0,0,0,0,0,0,0,0,11
2004,350279,1,1,0,0,0,0,0,0,0,0,0,0
2004,350279,2,1,0,0,0,0,0,0,0,0,0,0
2004,350280,1,1,18,18,18,18,18,18,18,18,18,18
2004,350281,1,1,0,0,0,0,0,0,0,0,0,0
2004,350281,2,1,0,0,0,0,0,0,0,0,0,0
2004,350282,1,1,19,19,9,13,14,0,30,21,18,12
2004,350283,1,1,16,16,16,16,16,16,16,16,16,16
2004,350283,2,1,0,0,7,0,0,0,0,0,0,0
2004,350283,3,1,0,0,0,0,0,0,0,0,0,0
2004,350284,1,1,20,20,20,20,20,20,20,20,20,20
2004,350285,1,1,0,0,0,0,0,0,0,0,0,0
2004,350286,0,1,25,25,25,25,25,25,25,25,25,25
2004,350286,1,1,0,0,0,0,0,0,0,0,0,0
2004,350288,1,1,0,0,0,0,0,0,0,0,0,0
2004,350289,1,1,0,0,0,0,0,0,0,0,0,0
2004,350289,2,1,0,0,0,0,0,0,0,0,0,0
2004,350290,1,1,0,0,0,0,0,0,0,0,0,0
2004,350290,2,1,0,0,0,0,0,0,0,0,0,0
2004,350291,1,1,0,0,0,0,0,0,5,0,0,0
2004,350291,2,1,0,0,0,0,0,0,0,0,0,0
2004,350292,1,1,21,21,21,21,21,21,21,21,21,21
2004,350293,1,1,10,10,20,15,0,18,15,4,18,18
2004,350294,1,1,0,0,0,0,0,0,0,0,0,0
2004,350295,1,1,0,0,0,0,0,0,0,0,0,0
2004,350295,2,1,0,0,0,0,0,0,0,0,0,0
2004,350296,1,1,0,0,0,0,0,0,0,0,0,0
2004,350297,1,1,0,0,17,0,0,0,0,0,13,1
2004,350298,1,1,33,33,33,33,33,33,33,33,33,33
2004,350299,1,1,0,0,0,0,0,0,0,0,0,0
2004,350300,1,1,9,9,9,9,9,9,9,9,9,9
2004,350301,1,1,0,0,0,0,0,0,0,0,0,0
2004,350302,1,1,0,0,0,0,0,0,0,0,0,0
2004,350303,1,1,0,0,9,0,0,0,0,0,0,0
2004,350303,2,1,0,0,0,0,0,0,0,0,6,0
2004,350304,1,1,16,16,16,16,16,16,16,16,16,16
2004,350304,2,1,0,0,0,0,0,0,0,0,0,0
2004,350305,1,1,0,0,0,0,0,0,0,0,0,0
2004,350305,2,1,0,0,0,0,0,0,0,0,0,0
2004,350305,3,1,0,0,0,0,0,0,0,0,0,0
2004,350306,1,1,13,13,13,13,13,13,13,13,13,13
2004,350307,1,1,0,0,0,0,0,0,0,0,0,0
2004,350307,2,1,6,6,6,6,6,6,6,6,6,6
2004,350308,1,1,24,24,24,24,24,24,24,24,24,24
2004,350308,2,1,0,0,0,0,0,0,0,0,0,0
2004,350309,1,1,0,0,0,0,0,0,0,0,0,0
2004,350310,1,1,0,0,0,0,0,0,0,0,0,0
2004,350311,1,1,0,0,0,0,0,0,0,0,0,0
2004,350312,1,1,0,0,0,0,0,0,0,0,0,0
2004,350312,2,1,0,0,0,0,0,0,0,0,0,0
2004,350313,0,1,21,21,21,21,21,21,21,21,21,21
2004,350313,1,1,10,19,28,19,9,9,23,10,4,23
2004,350314,1,1,21,21,21,21,21,21,21,21,21,21
2004,350315,1,1,18,17,18,26,13,21,19,12,11,23
2004,350316,1,1,0,0,0,0,0,0,0,0,0,0
2004,350317,1,1,0,0,0,0,0,0,0,0,0,0
2004,350319,1,1,0,16,22,8,21,11,17,17,18,14
2004,350320,1,1,0,0,0,0,0,0,0,0,0,0
2004,350320,2,1,0,0,0,0,0,0,0,0,0,0
2004,350321,1,1,0,0,0,0,0,0,0,0,0,0
2004,350322,0,1,13,13,13,13,13,13,13,13,13,13
2004,350322,1,1,0,0,0,0,0,0,18,10,0,0
2004,350322,2,1,0,0,0,7,0,0,0,0,15,3
2004,350323,1,1,0,0,0,0,0,0,0,0,0,0
2004,350323,2,1,0,0,0,0,0,0,0,0,0,0
2004,350324,1,1,0,0,0,0,0,0,0,0,0,0
2004,350324,2,1,0,0,0,0,0,0,0,0,0,0
2004,350325,1,1,0,0,0,0,0,0,0,0,0,0
2004,350325,2,1,0,0,0,0,0,0,0,0,0,0
2004,350326,1,1,0,0,0,0,0,0,0,0,0,0
2004,350328,1,1,0,0,0,0,0,0,0,0,0,0
2004,350328,2,1,0,0,0,0,0,0,0,0,0,0
2004,350329,1,1,0,13,0,0,26,0,22,19,33,0
2004,350330,1,1,0,0,0,0,0,0,0,0,0,0
2004,350331,1,1,0,0,0,0,0,0,0,0,0,0
2004,350331,2,1,0,0,0,0,0,0,0,0,0,0
2004,350332,1,1,0,0,0,0,0,0,0,0,0,0
2004,350332,2,1,0,0,0,0,0,0,0,0,0,0
2004,350333,1,1,0,0,0,0,0,0,0,0,0,0
2004,350334,1,1,0,0,0,0,0,0,0,0,0,0
2004,350334,2,1,0,0,0,0,0,0,0,0,23,0
2004,350334,3,1,0,0,0,0,0,0,0,0,0,0
2004,350335,1,1,0,0,15,0,0,0,0,0,0,0
2004,350336,1,1,0,0,0,0,0,0,0,0,0,0
2004,350338,1,1,0,0,0,0,0,0,0,0,0,0
2004,350339,1,1,0,0,0,0,0,0,0,0,0,0
2004,350339,2,1,0,0,0,0,0,0,0,0,0,0
2004,350340,1,1,13,14,23,25,26,11,11,10,14,25
2004,350340,2,1,0,0,0,0,0,0,0,0,0,0
2004,350341,1,1,0,0,0,0,0,0,0,0,0,0
2004,350342,1,1,11,11,11,11,11,11,11,11,11,11
2004,350343,1,1,12,13,19,16,0,16,10,16,13,6
2004,350344,1,1,0,22,11,22,13,10,24,0,25,24
2004,350344,2,1,0,0,0,0,0,0,0,0,0,0
2004,350345,0,1,21,21,21,21,21,21,21,21,21,21
2004,350345,1,1,28,14,9,12,23,6,34,16,10,4
2004,350346,1,1,0,0,0,0,0,0,0,0,0,0
2004,350346,2,1,0,0,0,0,0,0,0,0,0,0
2004,350347,1,1,0,0,0,0,0,0,0,0,0,0
2004,350347,2,1,14,14,14,14,14,14,14,14,14,14
2004,350348,1,1,0,0,0,0,0,0,0,0,0,0
2004,350348,2,1,0,0,0,0,0,0,0,0,0,0
2004,350349,0,1,41,41,41,41,41,41,41,41,41,41
2004,350349,1,1,0,0,0,0,0,0,0,0,0,0
2004,350351,1,1,21,21,21,21,21,21,21,21,21,21
2004,350352,1,1,0,0,0,0,0,0,0,0,0,0
2004,350353,1,1,0,0,0,0,0,0,0,0,0,0
2004,350354,1,1,0,0,0,0,0,0,0,0,0,0
2004,350354,2,1,0,0,0,0,0,3,0,0,0,0
2004,350355,1,1,29,29,29,29,29,29,29,29,29,29
2004,350357,0,1,0,0,0,0,0,0,0,0,0,0
2004,350357,1,1,0,0,0,0,0,0,0,0,0,0
2004,350358,1,1,0,0,0,0,0,0,0,0,0,0
2004,350358,2,1,0,0,0,0,0,0,0,0,0,0
2004,350359,1,1,0,0,0,0,0,0,0,0,0,0
2004,350360,1,1,0,0,0,0,12,0,0,0,0,14
2004,350360,2,1,0,17,25,8,12,20,4,18,15,31
2004,350361,1,1,0,0,0,0,0,0,0,0,0,0
2004,350362,1,1,0,0,0,0,0,0,0,0,0,0
2004,350363,1,1,0,0,0,0,0,8,0,0,0,0
2004,350363,2,1,9,9,9,9,9,9,9,9,9,9
2004,350364,1,1,0,0,0,0,0,0,0,0,0,0
2004,350364,2,1,0,0,0,0,0,0,0,0,0,0
2004,350365,1,1,16,16,16,16,16,16,16,16,16,16
2004,350366,1,1,0,0,0,0,0,0,0,0,0,0
2004,350367,1,1,10,17,10,28,17,0,11,10,20,19
2004,350367,2,1,0,0,10,13,0,0,0,0,0,0
2004,350368,1,1,0,0,0,0,0,0,0,0,0,0
2004,350368,2,1,0,0,0,0,0,0,0,0,0,0
2004,350369,1,1,0,0,0,0,0,0,0,0,0,0
2004,350370,1,1,0,0,0,0,0,0,0,0,0,0
2004,350371,1,1,0,0,0,0,0,0,0,0,0,0
2004,350371,2,1,0,0,0,0,0,0,0,0,0,0
2004,350372,1,1,0,14,0,0,0,0,0,0,0,0
2004,350372,2,1,0,0,0,0,0,0,0,0,0,0
2004,350373,1,1,0,0,0,0,0,0,0,0,0,0
2004,350373,2,1,0,0,0,0,0,0,0,0,0,0
2004,350374,1,1,0,0,0,0,0,0,0,0,0,0
2004,350374,2,1,0,0,0,0,0,0,0,0,0,0
2004,350375,1,1,3,3,3,3,3,3,3,3,3,3
2004,350375,2,1,0,0,0,0,0,0,0,0,0,0
2004,350376,0,1,21,21,21,21,21,21,21,21,21,21
2004,350376,1,1,0,21,0,0,0,0,10,0,0,0
2004,350377,1,1,0,0,0,18,0,0,0,0,0,0
2004,350377,2,1,0,0,0,0,0,0,0,0,0,0
2004,350377,3,1,0,0,0,0,0,0,0,0,0,0
2004,350377,4,1,0,0,0,0,0,0,0,0,0,0
2004,350378,1,1,20,0,0,0,0,0,0,0,0,15
2004,350378,2,1,0,0,0,0,0,0,0,0,0,0
2004,350379,1,1,0,0,0,0,0,0,0,0,0,0
2004,350380,1,1,0,0,0,0,0,0,0,0,0,0
2004,350380,2,1,0,0,0,0,0,0,0,0,37,0
2004,350381,0,1,0,0,0,0,0,0,0,0,0,0
2004,350381,1,1,0,0,0,0,0,0,0,0,0,0
2004,350382,1,1,0,0,0,0,0,0,0,0,0,0
2004,350382,2,1,0,0,0,0,0,0,0,0,0,0
2004,350383,1,1,0,0,0,0,0,0,0,0,0,0
2004,350383,2,1,20,12,12,13,16,16,20,0,5,5
2004,350384,1,1,1,1,1,1,1,1,1,1,1,1
2004,350385,1,1,0,0,0,0,0,0,0,0,0,0
2004,350385,2,1,0,0,0,0,13,0,0,0,0,0
2004,350386,1,1,0,0,0,0,0,0,0,0,0,0
2004,350387,0,1,0,0,0,0,0,0,0,0,0,0
2004,350387,1,1,0,0,0,0,0,0,0,0,0,0
2004,350388,1,1,0,0,0,0,0,0,0,0,0,0
2004,350389,1,1,6,22,18,30,18,0,0,0,0,20
2004,350390,0,1,35,35,35,35,35,35,35,35,35,35
2004,350390,1,1,0,0,0,0,0,0,0,0,0,0
2004,350391,1,1,0,0,0,0,0,0,0,0,0,0
2004,350391,2,1,0,0,0,0,0,0,0,0,0,0
2004,350392,1,1,0,0,0,0,0,0,0,0,0,0
2004,350393,1,1,28,28,28,28,28,28,28,28,28,28
2004,350393,2,1,0,0,0,0,0,0,0,0,0,0
2004,350394,0,1,15,15,15,15,15,15,15,15,15,15
2004,350394,1,1,0,0,0,0,0,0,0,0,0,0
2004,350395,0,1,27,56,12,31,27,36,28,54,32,25
2004,350395,1,1,0,0,0,0,0,0,0,0,0,0
2004,350395,2,1,0,0,0,0,0,0,0,0,0,0
2004,350396,1,1,0,0,0,0,0,0,0,0,0,0
2004,350396,2,1,0,0,0,0,0,0,0,0,0,0
2004,350397,1,1,0,0,0,0,0,0,0,0,0,0
2004,350397,2,1,0,0,0,0,0,0,0,0,0,0
2004,350398,0,1,47,47,47,47,47,47,47,47,47,47
2004,350398,1,1,15,0,0,0,0,0,0,0,0,0
2004,350399,1,1,0,0,0,0,0,0,0,0,0,0
2004,350400,1,1,0,0,0,0,0,0,0,0,0,0
2004,350401,1,1,0,8,15,28,24,28,19,20,8,21
2004,350402,0,1,0,0,0,0,0,0,0,0,0,0
2004,350402,1,1,0,0,0,0,0,7,0,0,0,0
2004,350403,1,1,19,19,19,19,19,19,19,19,19,19
2004,350404,1,1,0,0,0,0,0,0,0,0,0,0
2004,350404,2,1,24,24,24,24,24,24,24,24,24,24
2004,350405,1,1,5,5,5,5,5,5,5,5,5,5
2004,350405,2,1,0,0,0,0,0,0,0,0,0,0
2004,350406,0,1,26,26,26,26,26,26,26,26,26,26
2004,350406,1,1,0,0,0,0,0,0,0,0,0,0
2004,350407,1,1,0,0,0,0,0,0,0,0,0,0
2004,350407,2,1,0,0,0,0,0,0,0,0,0,0
2004,350407,3,1,0,0,0,0,0,0,0,0,0,0
2004,350408,1,1,8,8,8,8,8,8,8,8,8,8
2004,350408,2,1,6,6,6,6,6,6,6,6,6,6
2004,350409,1,1,17,7,22,0,12,0,4,2,9,12
2004,350410,1,1,0,0,0,0,0,0,0,11,0,0
2004,350411,0,1,0,0,0,0,0,0,0,0,0,0
2004,350411,1,1,0,0,0,0,0,0,0,0,0,0
2004,350412,0,1,34,34,34,34,34,34,34,34,34,34
2004,350412,1,1,0,0,0,0,0,0,0,0,0,0
2004,350413,1,1,24,24,24,24,24,24,24,24,24,24
2004,350414,1,1,0,0,0,0,0,0,0,0,0,0
2004,350415,1,1,0,0,0,0,0,0,0,0,0,0
2004,350415,2,1,0,0,0,0,0,0,0,0,0,0
2004,350415,3,1,0,0,0,0,0,0,0,0,0,0
2004,350416,1,1,14,14,14,14,14,14,14,14,14,14
2004,350417,1,1,0,0,0,0,0,0,0,0,0,0
2004,350417,2,1,13,13,13,13,13,13,13,13,13,13
2004,350418,1,1,0,0,0,0,0,0,0,0,0,0
2004,350418,2,1,0,0,0,0,0,0,15,0,0,0