YEAR,ST_CASE,veh_no,per_no,P1,P2,P3,P4,P5,P6,P7,P8,P9,P10
2004,350418,3,1,0,0,0,0,0,14,12,0,0,0
2004,350419,1,1,0,0,0,0,0,0,0,0,0,0
2004,350420,1,1,0,0,0,0,0,0,0,0,0,0
2004,350420,2,1,1,1,1,1,1,1,1,1,1,1
2004,350420,3,1,0,0,0,0,0,0,0,0,0,0
2004,350421,1,1,0,0,0,0,0,0,0,0,0,0
2004,350421,2,1,0,0,0,0,0,0,0,0,0,0
2004,350422,1,1,0,0,0,0,0,0,0,0,0,0
2004,350422,2,1,0,0,0,0,0,0,0,0,0,0
2004,350423,1,1,0,0,0,0,0,0,0,0,0,0
2004,350424,0,1,35,35,35,35,35,35,35,35,35,35
2004,350424,1,1,0,0,0,12,0,0,0,0,0,0
2004,350425,1,1,0,0,0,0,0,0,0,0,0,0
2004,350425,2,1,21,21,21,21,21,21,21,21,21,21
2004,350426,1,1,0,0,0,0,0,0,0,0,0,0
2004,350427,1,1,0,0,0,0,0,16,15,14,0,0
2004,350427,2,1,20,20,20,20,20,20,20,20,20,20
2004,350428,1,1,0,0,0,0,0,0,0,0,0,0
2004,350428,2,1,0,0,0,0,0,0,0,0,0,0
2004,350429,1,1,0,0,0,0,0,0,0,0,0,0
2004,350431,0,1,27,27,27,27,27,27,27,27,27,27
2004,350431,1,1,0,0,0,0,0,0,0,0,0,9
2004,350432,0,1,41,18,23,18,28,40,17,40,20,42
2004,350432,1,1,0,0,8,0,0,0,0,0,0,0
2004,350433,1,1,0,0,0,0,0,0,0,0,0,0
2004,350433,2,1,0,0,0,0,0,0,0,0,0,0
2004,350434,1,1,0,0,0,0,0,0,0,0,0,0
2004,350435,1,1,0,0,0,0,0,3,12,0,0,0
2004,350436,1,1,0,0,0,0,0,0,0,0,0,0
2004,350437,1,1,14,14,14,14,14,14,14,14,14,14
2004,350438,1,1,18,18,18,18,18,18,18,18,18,18
2004,350439,1,1,0,27,33,11,0,21,15,19,19,0
2004,350439,2,1,0,0,0,0,0,0,0,0,0,0
2004,350440,1,1,13,17,22,20,0,18,3,14,18,42
2004,350440,2,1,12,12,12,12,12,12,12,12,12,12
2004,350441,1,1,0,0,0,0,0,0,0,0,0,0
2004,350441,2,1,0,0,0,0,0,0,0,0,0,0
2004,350442,1,1,0,0,0,0,0,0,0,0,0,0
2004,350443,1,1,0,0,0,0,0,0,0,0,0,0
2004,350443,2,1,0,0,0,0,0,0,0,0,0,0
2004,350444,1,1,24,24,24,24,24,24,24,24,24,24
2004,350445,1,1,0,0,0,0,0,0,0,0,0,0
2004,350445,2,1,0,0,0,17,0,0,0,0,0,0
2004,350446,1,1,0,0,0,0,0,0,0,0,0,0
2004,350446,2,1,0,0,0,0,0,0,0,0,0,0
2004,350447,1,1,14,14,14,14,14,14,14,14,14,14
2004,350448,1,1,0,0,0,0,0,0,0,0,0,0
2004,350448,2,1,0,0,0,0,0,0,0,0,0,0
2004,350449,1,1,0,0,0,0,0,0,0,0,0,0
2004,350450,1,1,0,0,0,0,0,0,0,0,0,0
2004,350450,2,1,0,0,0,0,0,0,0,0,0,0
2004,350451,1,1,0,0,0,0,0,0,0,0,0,0
2004,350451,2,1,0,0,0,0,0,0,0,0,0,0
2004,350452,0,1,19,19,19,19,19,19,19,19,19,19
2004,350452,1,1,0,0,0,0,0,0,0,5,0,9
2004,350452,2,1,0,0,0,9,17,10,0,0,0,0
2004,350453,1,1,0,20,14,11,6,19,24,9,9,7
2004,350453,2,1,0,0,0,0,0,0,0,0,0,0
2004,350454,1,1,0,0,0,0,0,0,0,0,0,0
2004,350455,1,1,0,0,0,0,0,0,0,0,0,0
2004,350455,2,1,27,27,27,27,27,27,27,27,27,27
2004,350456,1,1,0,0,0,0,0,0,0,0,0,0
2004,350456,2,1,0,0,0,0,0,0,0,0,0,0
2004,350457,1,1,21,21,21,21,21,21,21,21,21,21
2004,350457,2,1,0,0,0,0,0,0,0,0,0,0
2004,360001,0,1,29,29,29,29,29,29,29,29,29,29
2004,360001,1,1,0,0,0,11,0,0,0,0,0,0
2004,360002,1,1,0,0,29,0,10,26,20,0,0,20
2004,360003,1,1,26,14,0,7,30,8,0,20,13,16
2004,360004,0,1,24,25,28,0,22,20,7,28,0,13
2004,360004,1,1,0,0,0,0,0,0,0,8,13,11
2004,360005,1,1,17,17,17,17,17,17,17,17,17,17
2004,360006,1,1,12,12,12,12,12,12,12,12,12,12
2004,360007,1,1,24,24,24,24,24,24,24,24,24,24
2004,360008,1,1,18,18,18,18,18,18,18,18,18,18
2004,360009,1,1,0,0,0,0,0,0,0,0,0,0
2004,360010,1,1,0,0,0,0,0,4,0,0,0,0
2004,360011,1,1,25,20,0,24,19,27,21,27,5,0
2004,360012,0,1,0,0,0,25,13,12,16,26,0,0
2004,360012,1,1,0,11,0,0,0,0,0,0,0,0
2004,360013,1,1,0,0,0,0,0,0,0,0,0,0
2004,360013,2,1,0,0,0,0,0,0,0,0,0,0
2004,360014,0,1,0,0,0,0,0,0,0,0,0,0
2004,360014,1,1,0,0,0,0,0,0,24,0,0,0
2004,360015,1,1,0,0,0,0,0,0,0,0,0,0
2004,360015,2,1,0,0,0,0,0,0,0,0,0,0
2004,360016,1,1,0,0,0,0,0,0,0,0,0,0
2004,360017,0,1,0,0,0,0,0,0,0,0,0,0
2004,360017,1,1,15,0,0,0,0,35,0,20,0,20
2004,360018,1,1,0,0,0,0,0,0,15,0,0,0
2004,360018,2,1,0,0,0,0,0,0,0,0,0,0
2004,360019,1,1,0,0,0,0,0,0,0,0,0,0
2004,360020,1,1,0,0,0,0,0,0,0,0,0,0
2004,360020,2,1,0,0,0,0,0,0,0,0,0,0
2004,360021,1,1,18,18,18,18,18,18,18,18,18,18
2004,360022,1,1,3,0,0,0,0,0,0,0,0,0
2004,360023,1,1,23,23,23,23,23,23,23,23,23,23
2004,360024,1,1,0,15,0,0,0,0,0,0,0,0
2004,360025,0,1,0,0,0,0,0,0,0,0,0,0
2004,360025,0,2,0,0,0,0,0,0,0,0,0,0
2004,360025,1,1,35,0,0,0,27,16,0,0,0,18
2004,360026,1,1,0,0,0,0,0,10,0,0,0,0
2004,360026,2,1,21,21,21,21,21,21,21,21,21,21
2004,360027,1,1,13,26,14,13,13,33,37,14,31,31
2004,360028,0,1,26,14,0,29,17,14,13,0,0,43
2004,360028,1,1,0,0,0,18,5,0,16,9,19,32
2004,360029,1,1,0,0,0,0,0,0,0,0,0,0
2004,360030,1,1,0,0,11,0,0,7,0,29,0,15
2004,360030,2,1,11,0,0,0,0,0,0,0,0,0
2004,360030,3,1,0,0,0,0,0,0,0,0,0,0
2004,360031,1,1,40,40,40,40,40,40,40,40,40,40
2004,360032,1,1,14,14,14,14,14,14,14,14,14,14
2004,360033,1,1,15,15,15,15,15,15,15,15,15,15
2004,360034,1,1,0,0,0,0,0,0,0,0,0,0
2004,360035,1,1,0,0,0,0,0,0,0,10,6,0
2004,360035,2,1,0,0,0,0,0,0,0,0,0,0
2004,360036,1,1,0,0,0,0,0,0,0,0,0,0
2004,360036,2,1,0,0,0,0,0,0,0,0,0,0
2004,360037,1,1,0,0,0,0,0,0,0,0,0,0
2004,360038,1,1,5,0,0,0,0,0,0,0,0,0
2004,360039,1,1,5,5,5,5,5,5,5,5,5,5
2004,360039,2,1,0,0,0,0,0,0,0,0,0,0
2004,360039,3,1,0,0,20,0,18,13,12,0,0,0
2004,360040,0,1,0,0,0,0,0,0,0,0,0,0
2004,360040,1,1,0,0,0,0,0,0,0,0,0,0
2004,360041,1,1,0,0,0,0,5,0,0,8,0,0
2004,360042,1,1,0,0,28,0,16,0,0,0,0,0
2004,360042,2,1,0,0,0,0,0,0,0,0,0,0
2004,360043,0,1,0,0,0,0,0,0,16,0,0,0
2004,360043,1,1,0,0,0,0,0,6,0,18,0,0
2004,360044,1,1,0,0,0,0,0,0,0,0,0,0
2004,360044,2,1,0,0,0,0,0,0,0,0,0,0
2004,360045,1,1,0,0,0,0,0,0,0,0,0,0
2004,360045,2,1,0,0,0,0,0,0,0,0,0,0
2004,360046,1,1,0,0,0,0,0,0,0,0,0,0
2004,360046,2,1,0,0,0,0,19,0,0,0,0,0
2004,360047,1,1,0,0,0,0,0,0,0,0,0,0
2004,360047,2,1,0,0,0,0,0,0,0,0,0,0
2004,360048,1,1,0,0,0,0,0,0,0,0,0,0
2004,360049,0,1,0,0,0,0,0,0,0,0,0,0
2004,360049,1,1,0,0,0,0,0,0,0,0,0,0
2004,360050,1,1,0,0,0,0,0,0,0,0,0,19
2004,360051,1,1,0,0,0,0,0,0,0,0,0,0
2004,360051,2,1,0,0,0,0,0,0,0,0,0,0
2004,360052,1,1,0,0,0,0,0,0,0,0,0,0
2004,360052,2,1,0,0,0,0,0,0,0,0,0,0
2004,360053,1,1,0,0,0,0,0,0,0,0,0,0
2004,360054,0,1,0,0,0,0,0,0,0,0,0,0
2004,360054,1,1,0,0,0,0,0,0,0,0,0,0
2004,360055,1,1,0,0,0,0,0,0,0,0,0,0
2004,360055,2,1,0,0,0,0,0,0,0,0,0,0
2004,360056,1,1,0,0,0,9,0,0,0,0,0,0
2004,360056,2,1,0,0,0,0,0,0,0,0,0,0
2004,360057,1,1,0,0,0,0,0,0,0,0,0,0
2004,360058,1,1,0,9,0,0,0,0,0,0,0,0
2004,360058,2,4,0,0,0,0,15,0,0,0,0,0
2004,360059,1,1,0,0,0,0,0,0,0,0,12,0
2004,360060,1,1,0,0,0,0,0,0,0,0,0,0
2004,360060,2,1,0,0,0,0,0,0,0,0,0,0
2004,360061,1,1,0,0,0,0,0,0,0,0,0,0
2004,360062,1,1,0,0,0,0,0,0,0,0,0,0
2004,360062,2,1,0,0,0,0,0,0,0,0,0,0
2004,360063,0,1,11,11,11,11,11,11,11,11,11,11
2004,360063,1,1,0,15,0,16,0,0,9,8,0,14
2004,360064,1,1,0,0,0,0,0,0,0,0,0,0
2004,360064,2,1,0,0,0,0,0,0,0,0,0,0
2004,360065,0,1,0,0,0,0,0,0,0,0,0,0
2004,360065,1,1,0,0,0,0,0,0,0,0,0,0
2004,360065,3,1,0,0,0,0,0,0,0,0,0,0
2004,360065,4,1,0,0,0,0,0,0,0,0,0,0
2004,360066,1,1,0,0,0,0,0,0,0,0,0,0
2004,360066,2,1,0,0,0,0,0,0,0,0,0,0
2004,360067,1,1,0,0,0,0,0,0,0,0,0,0
2004,360067,2,1,0,0,0,0,0,0,0,0,0,0
2004,360067,3,1,0,0,0,0,0,0,0,0,0,0
2004,360068,1,1,21,28,0,21,4,0,0,0,12,0
2004,360069,1,1,21,0,0,0,23,0,0,0,0,0
2004,360070,0,1,0,0,0,0,0,0,0,0,0,0
2004,360070,0,2,0,0,0,0,0,0,0,0,0,0
2004,360070,0,3,0,0,0,0,0,0,0,0,0,0
2004,360070,1,1,27,0,0,0,0,0,0,0,15,0
2004,360071,1,1,0,18,0,0,0,0,0,0,0,0
2004,360071,2,1,0,0,0,0,0,0,0,0,0,0
2004,360072,1,1,0,0,0,0,0,0,0,0,0,0
2004,360072,2,1,0,0,0,0,0,0,0,0,0,0
2004,360073,1,1,13,5,16,39,23,20,15,22,8,24
2004,360074,1,1,2,2,2,2,2,2,2,2,2,2
2004,360075,1,1,0,0,0,0,13,0,0,0,0,0
2004,360075,2,1,0,0,0,0,0,0,0,0,0,7
2004,360075,3,1,0,0,0,0,0,0,0,0,0,0
2004,360076,1,1,13,13,13,13,13,13,13,13,13,13
2004,360077,1,1,15,15,0,21,3,18,4,0,16,28
2004,360078,1,1,15,15,15,15,15,15,15,15,15,15
2004,360079,1,1,0,0,0,0,0,8,0,0,0,0
2004,360079,2,1,0,0,0,0,0,0,0,0,0,0
2004,360080,1,1,0,0,0,0,0,0,0,0,0,0
2004,360081,1,1,27,27,27,27,27,27,27,27,27,27
2004,360082,0,1,23,23,23,23,23,23,23,23,23,23
2004,360082,1,1,0,0,0,0,0,9,0,0,0,0
2004,360083,1,1,19,19,19,19,19,19,19,19,19,19
2004,360084,1,1,15,5,2,29,0,7,0,2,0,0
2004,360085,1,1,0,0,0,0,0,0,0,0,0,0
2004,360085,2,1,0,0,0,0,0,0,0,0,0,0
2004,360086,1,1,0,0,0,0,0,0,0,0,0,0
2004,360086,2,1,0,0,0,0,0,0,0,0,0,0
2004,360087,1,1,11,0,0,0,0,0,8,0,0,0
2004,360088,1,1,0,5,0,0,0,0,0,0,0,0
2004,360088,2,1,0,0,0,0,0,0,0,0,0,0
2004,360089,0,1,0,29,0,17,0,0,20,0,0,0
2004,360089,1,1,0,0,0,0,0,0,0,0,0,0
2004,360090,1,1,12,16,34,19,12,41,26,10,31,12
2004,360091,0,1,0,0,0,0,0,0,0,0,0,0
2004,360091,1,1,0,0,0,0,0,0,0,0,0,6
2004,360092,1,1,0,0,0,0,0,0,0,0,0,0
2004,360092,2,1,0,0,0,0,0,0,0,0,0,0
2004,360093,1,1,0,0,15,14,14,6,14,0,2,0
2004,360093,2,1,15,17,25,12,26,33,15,31,19,0
2004,360094,0,1,19,19,19,19,19,19,19,19,19,19
2004,360094,1,1,0,23,0,0,0,0,5,15,0,0
2004,360095,1,1,9,16,0,9,0,18,30,0,18,15
2004,360095,2,1,20,38,8,0,20,18,0,15,9,23
2004,360096,1,1,0,0,0,0,0,0,0,0,0,0
2004,360096,2,1,0,0,0,0,0,0,0,0,0,0
2004,360097,1,1,0,0,0,0,0,0,0,0,0,0
2004,360097,2,1,0,0,0,0,0,0,9,0,0,0
2004,360098,1,1,0,0,0,0,0,0,0,0,0,0
2004,360098,2,1,0,0,0,0,0,0,0,0,0,0
2004,360098,3,1,0,0,0,0,0,0,0,0,0,0
2004,360099,1,1,0,0,26,0,10,0,0,0,0,0
2004,360099,2,1,0,0,0,0,0,0,0,0,0,0
2004,360099,3,1,0,0,0,0,0,0,0,0,0,0
2004,360100,1,1,0,43,14,17,0,0,0,0,0,0
2004,360100,2,1,0,11,0,11,0,2,0,0,0,0
2004,360101,0,1,26,40,0,16,0,0,0,20,45,0
2004,360101,1,1,0,0,18,21,0,0,0,27,15,0
2004,360102,1,1,0,0,0,0,0,0,0,0,0,0
2004,360102,2,1,13,18,30,15,12,19,10,21,19,0
2004,360103,0,1,0,0,0,0,0,0,0,0,0,0
2004,360103,1,1,0,0,0,0,0,0,16,0,0,0
2004,360104,1,1,0,0,0,0,0,0,0,0,0,0
2004,360104,2,1,0,0,0,0,0,0,0,0,0,0
2004,360105,1,1,0,0,0,0,0,0,0,0,0,0
2004,360105,2,1,0,0,0,0,0,0,0,0,0,0
2004,360106,1,1,0,0,0,0,0,0,0,0,0,0
2004,360107,1,1,0,0,0,0,0,0,0,0,0,0
2004,360107,2,1,0,0,9,0,0,0,0,0,0,0
2004,360108,1,1,28,0,0,0,0,0,0,0,0,0
2004,360108,2,1,0,0,0,0,0,0,0,0,0,0
2004,360109,1,1,33,10,4,12,18,29,21,18,32,9
2004,360110,0,1,32,32,32,32,32,32,32,32,32,32
2004,360110,1,1,0,0,0,0,0,0,0,0,0,0
2004,360111,1,1,0,0,0,0,0,0,20,0,0,18
2004,360111,2,1,0,0,0,0,0,0,0,0,0,6
2004,360111,3,1,0,0,0,0,0,0,0,0,0,0
2004,360112,1,1,0,0,0,0,0,0,0,0,0,0
2004,360112,2,1,0,0,0,0,0,0,0,0,0,0
2004,360113,1,1,0,0,0,0,0,0,0,0,0,0
2004,360113,2,1,0,0,0,0,0,0,0,0,0,11
2004,360114,1,1,0,0,0,0,11,0,0,0,0,0
2004,360114,2,1,0,0,0,0,0,0,0,0,0,0
2004,360115,1,1,0,0,0,0,0,0,0,0,0,0
2004,360115,2,1,0,0,0,0,0,0,0,0,0,0
2004,360116,1,1,0,0,0,0,0,0,0,0,0,0
2004,360116,2,1,0,0,0,0,0,0,0,0,7,0
2004,360117,1,1,0,0,0,0,0,0,0,0,0,0
2004,360118,1,1,0,19,0,17,0,0,17,0,0,0
2004,360118,2,1,0,0,0,0,0,0,0,5,0,0
2004,360119,1,1,0,0,0,0,0,0,0,0,0,0
2004,360120,1,1,0,0,0,0,0,0,0,0,0,0
2004,360121,1,1,8,0,0,0,0,0,0,0,0,0
2004,360121,2,1,0,0,0,0,0,0,0,0,0,0
2004,360122,1,1,0,0,0,0,0,0,0,0,0,0
2004,360122,2,1,0,0,0,0,0,0,0,0,0,0
2004,360123,0,1,0,0,0,0,0,0,0,0,0,0
2004,360123,0,2,0,0,0,0,0,0,0,0,0,0
2004,360123,1,1,0,0,0,0,0,0,0,0,0,0
2004,360124,1,1,0,0,0,17,0,0,0,0,0,0
2004,360124,2,1,0,7,0,0,0,0,0,0,0,0
2004,360125,1,1,0,0,0,0,0,0,0,0,3,0
2004,360125,2,1,7,0,0,0,0,0,0,0,0,0
2004,360125,3,1,0,0,0,0,0,0,0,0,0,0
2004,360126,0,1,0,0,0,0,0,0,0,0,0,0
2004,360126,1,1,29,15,0,9,0,0,13,23,0,16
2004,360127,1,1,15,15,15,15,15,15,15,15,15,15
2004,360128,1,1,12,0,0,0,4,0,0,0,7,14
2004,360129,1,1,0,0,0,0,0,0,0,0,0,0
2004,360129,2,1,0,24,12,0,16,0,0,0,0,0
2004,360130,1,1,7,7,7,7,7,7,7,7,7,7
2004,360131,0,1,0,0,0,0,0,0,0,0,6,0
2004,360131,1,1,0,0,0,0,0,0,0,0,0,0
2004,360132,1,1,0,0,8,25,0,6,0,0,15,0
2004,360133,1,1,0,0,0,0,0,0,0,0,0,0
2004,360133,2,1,0,0,0,0,0,0,0,0,0,0
2004,360133,3,1,0,0,0,0,0,0,0,0,0,0
2004,360134,0,1,24,0,0,24,0,0,19,0,0,17
2004,360134,1,1,0,0,0,0,0,0,0,0,0,0
2004,360135,1,1,17,17,17,17,17,17,17,17,17,17
2004,360136,0,1,36,5,25,0,8,28,21,0,22,17
2004,360136,1,1,26,0,9,11,26,0,0,0,14,6
2004,360137,0,1,16,16,16,16,16,16,16,16,16,16
2004,360137,1,1,15,0,21,19,7,13,12,18,9,0
2004,360138,1,1,14,14,14,14,14,14,14,14,14,14
2004,360139,1,1,0,0,0,0,0,0,0,0,0,0
2004,360139,2,1,0,0,0,0,0,0,0,13,0,0
2004,360140,1,1,0,0,0,0,0,0,0,0,0,0
2004,360140,2,1,0,0,0,0,0,13,0,0,0,0
2004,360140,3,1,22,0,18,27,13,0,19,0,0,0
2004,360141,1,1,12,0,0,0,0,0,0,0,0,0
2004,360141,2,1,25,25,25,25,25,25,25,25,25,25
2004,360142,1,1,20,0,0,10,12,0,0,0,0,0
2004,360142,2,1,0,0,0,0,15,0,4,0,8,0
2004,360143,1,1,12,20,7,17,4,9,8,8,16,13
2004,360143,2,1,0,0,0,0,0,0,0,0,0,0
2004,360144,1,1,0,0,0,0,0,0,0,0,0,0
2004,360144,2,1,0,0,0,0,0,0,0,0,0,0
2004,360145,1,1,23,0,0,0,0,0,0,0,0,0
2004,360146,1,1,0,0,0,0,0,0,0,0,0,0
2004,360146,2,1,0,0,0,0,0,0,0,0,0,0
2004,360147,1,1,9,0,18,23,25,17,20,29,17,21
2004,360148,0,1,0,0,0,0,0,0,0,0,15,0
2004,360148,1,1,0,0,0,0,0,0,44,0,0,0
2004,360149,1,1,18,20,9,23,23,35,5,13,18,2
2004,360150,0,1,0,0,0,0,0,0,0,0,0,0
2004,360150,1,1,0,0,16,0,0,0,0,0,0,0
2004,360151,1,1,0,0,0,0,0,0,0,0,0,0
2004,360152,1,1,0,0,0,0,0,0,0,0,0,0
2004,360152,2,1,0,0,0,0,0,0,0,0,0,0
2004,360153,1,1,0,0,0,0,17,0,0,0,0,0
2004,360154,1,1,0,0,0,0,0,0,0,0,0,0
2004,360154,2,1,12,12,12,12,12,12,12,12,12,12
2004,360155,1,1,0,0,0,0,0,0,0,0,0,0
2004,360156,1,1,0,0,0,0,0,0,0,0,0,0
2004,360156,2,1,0,0,0,0,0,0,0,0,10,13
2004,360156,3,1,0,0,0,0,0,0,0,0,0,0
2004,360157,1,1,0,0,0,0,0,0,0,0,0,0
2004,360157,2,1,0,0,0,0,0,0,0,0,0,0
2004,360158,1,1,0,0,0,0,0,7,0,0,0,0
2004,360159,0,1,3,0,18,0,18,0,0,0,0,0
2004,360159,1,1,12,14,0,0,0,0,0,0,0,0
2004,360160,0,1,9,9,9,9,9,9,9,9,9,9
2004,360160,1,1,3,23,19,21,8,15,24,20,29,28
2004,360161,1,1,0,0,0,0,0,0,0,0,0,0
2004,360162,1,1,15,15,15,15,15,15,15,15,15,15
2004,360163,0,1,0,0,0,0,0,0,0,0,0,0
2004,360163,1,1,0,0,0,0,0,0,0,0,0,0
2004,360164,0,1,0,38,0,0,19,31,43,0,0,22
2004,360164,1,1,0,0,0,0,0,0,0,0,0,0
2004,360165,1,1,0,0,0,0,9,0,0,22,0,0
2004,360165,2,1,0,0,0,0,0,0,0,0,0,0
2004,360166,1,1,0,0,0,0,0,0,0,0,0,0
2004,360167,1,1,0,0,0,0,0,0,0,0,9,0
2004,360167,2,1,0,0,0,0,0,0,0,0,0,0
2004,360168,0,1,0,0,0,0,0,22,0,0,0,15
2004,360168,1,1,0,0,0,0,0,28,0,0,0,0
2004,360169,1,1,3,3,3,3,3,3,3,3,3,3
2004,360169,2,1,0,0,0,0,0,0,0,0,0,0
2004,360170,1,1,0,0,0,0,14,11,38,0,14,0
2004,360170,2,1,0,19,25,0,0,0,0,24,0,0
2004,360171,1,1,17,17,17,17,17,17,17,17,17,17
2004,360172,0,1,38,15,0,0,29,18,12,18,27,29
2004,360172,1,1,0,0,0,0,0,0,0,0,0,0
2004,360173,1,1,0,0,0,0,0,0,0,0,0,0
2004,360174,1,1,9,9,9,9,9,9,9,9,9,9
2004,360175,1,1,0,0,0,0,0,0,0,0,0,0
2004,360175,2,1,0,0,0,0,0,0,0,8,0,0
2004,360176,1,1,22,22,22,22,22,22,22,22,22,22
2004,360176,2,1,13,10,0,19,28,31,21,25,16,0
2004,360177,0,1,0,0,0,0,0,0,0,0,0,0
2004,360177,1,1,0,0,0,0,0,0,0,0,0,0
2004,360178,0,1,9,9,9,9,9,9,9,9,9,9
2004,360178,1,1,15,0,16,30,25,13,21,18,26,20
2004,360179,1,1,0,11,0,0,0,0,0,0,0,0
2004,360179,2,1,0,0,0,0,0,0,0,0,0,0
2004,360180,1,1,0,0,0,0,0,0,0,0,25,0
2004,360180,2,1,0,0,0,0,2,0,0,0,0,0
2004,360181,1,1,0,12,0,0,0,0,0,0,0,0
2004,360181,2,1,0,0,0,0,0,0,0,0,0,0
2004,360182,1,1,0,0,0,0,0,0,0,0,0,0
2004,360182,2,1,0,0,0,0,0,0,0,0,0,0
2004,360183,0,1,0,0,0,0,0,0,0,0,0,0
2004,360183,1,1,22,0,0,0,0,0,0,0,0,0
2004,360184,1,1,0,0,0,0,0,0,0,0,0,0
2004,360184,2,1,0,0,0,0,0,0,0,0,0,0
2004,360185,1,1,0,0,0,0,0,0,0,0,0,0
2004,360186,1,1,10,0,10,15,21,11,10,0,22,0
2004,360187,1,1,0,0,0,0,19,0,11,0,0,0
2004,360187,2,1,0,0,0,0,0,0,0,0,0,0
2004,360188,1,1,3,3,3,3,3,3,3,3,3,3
2004,360189,1,1,20,20,20,20,20,20,20,20,20,20
2004,360190,1,1,0,0,0,0,0,0,0,0,0,0
2004,360190,2,1,0,0,0,0,0,3,0,0,16,0
2004,360191,0,1,0,0,0,0,0,0,0,0,0,0
2004,360191,1,1,0,0,0,0,0,0,0,0,0,0
2004,360192,0,1,0,0,0,0,0,0,0,0,0,0
2004,360192,1,1,0,0,0,0,0,0,0,0,0,0
2004,360193,0,1,0,0,0,0,0,0,0,0,0,0
2004,360193,1,1,14,0,0,0,9,19,11,0,0,0
2004,360194,1,1,8,17,0,0,0,0,0,0,0,0
2004,360194,2,1,0,0,0,0,0,0,0,0,0,0
2004,360195,1,1,0,0,0,0,0,0,0,0,0,0
2004,360195,2,1,0,0,0,0,0,0,0,0,0,0
2004,360196,1,1,0,0,0,0,0,0,0,0,0,0
2004,360196,2,1,0,0,0,0,0,0,0,0,0,0
2004,360197,1,1,0,0,0,0,0,0,0,0,0,0
2004,360197,2,1,0,0,0,0,0,0,0,0,0,0
2004,360198,1,1,0,0,0,0,0,0,0,0,0,0
2004,360198,2,1,0,0,0,0,0,0,0,0,0,0
2004,360199,1,1,1,0,0,0,0,0,0,0,0,0
2004,360199,2,1,18,0,0,0,0,0,0,0,12,0
2004,360200,1,1,0,0,0,0,0,0,0,0,0,0
2004,360200,2,1,0,0,0,0,0,0,0,0,0,0
2004,360201,1,1,14,5,18,0,6,24,8,7,20,18
2004,360201,2,1,0,0,0,0,0,0,0,0,0,0
2004,360202,1,1,0,0,0,0,0,0,0,0,0,0
2004,360203,0,1,3,3,3,3,3,3,3,3,3,3
2004,360203,1,1,0,0,0,0,0,0,0,0,0,0
2004,360204,1,1,14,14,14,14,14,14,14,14,14,14
2004,360205,1,1,6,6,6,6,6,6,6,6,6,6
2004,360205,2,1,0,0,16,0,0,0,0,0,0,0
2004,360206,1,1,20,20,20,20,20,20,20,20,20,20
2004,360207,0,1,0,0,0,0,0,0,0,0,0,0
2004,360207,1,1,0,0,0,0,0,0,0,0,0,0
2004,360208,1,1,12,14,0,16,4,10,16,11,4,13
2004,360209,1,1,0,0,0,0,0,0,0,0,0,0
2004,360209,2,1,0,0,0,0,0,0,0,0,0,0
2004,360210,1,1,0,0,0,0,0,0,0,0,0,0
2004,360211,0,1,32,32,32,32,32,32,32,32,32,32
2004,360211,1,1,0,0,3,10,0,0,0,0,0,0
2004,360212,1,1,0,0,0,0,0,0,0,0,0,0
2004,360212,2,1,0,0,0,0,0,0,0,0,0,0
2004,360213,1,1,0,0,0,0,0,0,0,0,0,0
2004,360213,2,1,0,0,0,0,0,0,0,0,0,0
2004,360214,1,1,0,0,0,0,0,0,0,0,0,0
2004,360214,2,1,0,0,0,0,0,0,0,0,0,0
2004,360215,0,1,0,23,23,0,20,45,0,26,27,23
2004,360215,1,1,25,0,0,18,13,0,23,18,0,0
2004,360216,0,1,0,0,0,0,0,0,0,17,0,0
2004,360216,1,1,0,0,0,0,0,12,0,0,0,15
2004,360217,0,1,0,0,0,0,0,0,0,0,0,0
2004,360217,1,1,0,0,0,0,0,0,0,0,0,0
2004,360218,1,1,0,0,0,0,0,0,22,0,0,0
2004,360218,2,1,0,0,0,0,0,0,0,0,0,0
2004,360219,1,1,0,0,0,0,0,0,0,0,0,0
2004,360219,2,1,0,0,0,0,0,0,0,0,0,0
2004,360220,1,1,29,0,11,0,0,0,15,33,0,12
2004,360221,1,1,0,0,0,0,0,9,0,0,0,0
2004,360221,2,1,0,0,0,0,0,0,0,0,0,0
2004,360221,3,1,0,0,11,0,0,0,0,0,0,0
2004,360222,1,1,21,21,21,21,21,21,21,21,21,21
2004,360223,0,1,0,0,0,0,0,0,0,0,0,0
2004,360223,1,1,0,0,0,0,0,18,0,0,0,0
2004,360224,0,1,0,16,0,0,18,35,0,23,29,28
2004,360224,1,1,24,9,0,0,0,0,0,0,0,19
2004,360225,0,1,5,5,5,5,5,5,5,5,5,5
2004,360225,1,1,0,0,0,0,0,5,25,0,7,0
2004,360226,0,1,15,0,0,0,0,14,0,31,10,0
2004,360226,1,1,0,0,0,0,0,0,0,0,0,0
2004,360227,1,1,0,0,0,0,0,0,0,0,0,0
2004,360227,2,1,4,21,0,0,0,0,0,0,0,0
2004,360228,0,1,0,0,0,0,0,0,0,0,0,0
2004,360228,1,1,0,8,0,0,0,0,0,0,0,0
2004,360229,1,1,0,0,0,0,0,0,0,0,0,0
2004,360229,2,1,0,0,0,0,0,0,0,0,0,0