YEAR,ST_CASE,veh_no,per_no,P1,P2,P3,P4,P5,P6,P7,P8,P9,P10
2004,360230,1,1,20,21,13,13,8,30,18,17,20,13
2004,360231,1,1,4,4,4,4,4,4,4,4,4,4
2004,360232,1,1,0,0,0,0,0,0,0,0,0,0
2004,360232,2,1,17,17,17,17,17,17,17,17,17,17
2004,360233,1,1,16,16,16,16,16,16,16,16,16,16
2004,360234,1,1,0,0,0,0,0,0,0,0,0,0
2004,360234,2,1,0,0,0,0,0,0,0,0,0,0
2004,360235,1,1,16,16,16,16,16,16,16,16,16,16
2004,360236,1,1,0,27,0,0,0,0,9,0,0,0
2004,360237,1,1,19,19,19,19,19,19,19,19,19,19
2004,360238,0,1,12,12,12,12,12,12,12,12,12,12
2004,360238,1,1,0,0,0,0,0,0,0,20,22,0
2004,360239,1,1,24,4,0,0,19,12,16,28,9,0
2004,360239,2,1,28,9,18,8,10,4,13,11,23,17
2004,360240,1,1,0,0,0,0,0,0,0,0,0,0
2004,360241,0,1,22,0,0,0,0,0,0,0,8,0
2004,360241,1,1,0,0,22,0,0,2,0,0,0,0
2004,360242,1,1,0,0,0,0,0,0,0,0,0,0
2004,360242,2,1,0,0,0,10,0,0,0,0,0,0
2004,360243,0,1,0,0,0,6,0,0,0,0,0,0
2004,360243,0,2,0,0,0,19,0,0,0,0,0,0
2004,360243,1,1,0,0,0,0,0,14,0,0,0,0
2004,360244,1,1,22,22,22,22,22,22,22,22,22,22
2004,360245,1,1,12,12,12,12,12,12,12,12,12,12
2004,360246,1,1,0,0,0,0,0,0,0,0,0,0
2004,360247,1,1,28,28,28,28,28,28,28,28,28,28
2004,360248,1,1,20,20,20,20,20,20,20,20,20,20
2004,360249,0,1,18,0,26,0,0,0,0,0,0,23
2004,360249,1,1,0,0,0,15,0,0,0,0,0,0
2004,360250,0,1,16,0,0,0,0,0,0,6,0,0
2004,360250,1,1,0,0,0,0,0,16,0,0,11,0
2004,360251,1,1,21,0,27,0,0,22,33,20,8,0
2004,360252,1,1,0,0,0,0,0,0,0,0,0,0
2004,360252,2,1,17,0,0,0,0,0,0,0,0,0
2004,360253,1,1,0,0,0,0,0,0,0,0,0,0
2004,360253,2,1,0,0,0,0,0,0,0,0,0,0
2004,360254,1,1,0,0,0,0,19,0,0,17,0,16
2004,360255,1,1,0,0,0,0,0,0,0,0,0,0
2004,360255,2,1,0,0,0,0,0,0,0,0,0,0
2004,360256,1,1,0,0,0,0,0,0,0,0,0,0
2004,360256,2,1,0,0,0,8,0,0,0,0,0,0
2004,360257,1,1,0,0,0,0,0,0,0,0,0,0
2004,360257,2,1,0,0,0,0,0,0,0,0,0,0
2004,360258,1,1,9,9,9,9,9,9,9,9,9,9
2004,360259,1,1,25,25,25,25,25,25,25,25,25,25
2004,360260,1,1,0,0,0,0,0,0,0,0,0,0
2004,360261,1,1,0,0,0,0,0,0,0,29,0,0
2004,360261,2,1,0,12,0,8,0,0,11,0,0,22
2004,360262,1,1,21,21,21,21,21,21,21,21,21,21
2004,360262,2,1,0,0,0,0,0,0,0,0,0,0
2004,360262,3,1,0,0,0,0,0,9,0,0,0,0
2004,360263,0,1,0,0,13,0,0,0,0,0,0,0
2004,360263,1,1,0,0,0,3,0,37,0,0,0,0
2004,360264,1,1,7,24,9,9,4,10,18,15,9,17
2004,360265,1,1,0,0,0,24,0,0,0,0,0,0
2004,360266,0,1,0,0,0,0,0,0,0,0,0,0
2004,360266,1,1,0,0,0,0,0,0,0,0,0,0
2004,360267,1,1,0,0,0,0,0,0,0,0,0,0
2004,360268,1,1,0,0,0,0,0,0,0,0,0,0
2004,360268,2,1,28,0,0,0,0,0,0,0,0,0
2004,360269,1,1,0,0,0,0,0,0,0,0,0,0
2004,360270,0,1,0,0,0,0,0,0,0,0,0,0
2004,360270,1,1,0,21,0,0,0,0,4,0,0,0
2004,360270,2,1,0,0,0,30,0,0,13,0,0,0
2004,360271,1,1,21,21,21,21,21,21,21,21,21,21
2004,360272,0,1,0,0,0,0,0,0,0,0,0,0
2004,360272,1,1,0,0,0,0,0,0,0,0,0,0
2004,360273,0,1,0,0,0,0,0,0,0,0,0,0
2004,360273,1,1,0,0,0,0,0,0,0,0,0,0
2004,360274,1,1,0,0,0,0,0,0,0,0,0,0
2004,360274,2,1,0,0,0,0,0,0,0,0,0,0
2004,360275,1,1,0,0,0,0,0,0,0,0,0,0
2004,360275,2,1,0,0,0,0,0,0,0,0,0,0
2004,360276,1,1,0,18,0,0,0,0,0,11,16,0
2004,360277,1,1,0,0,0,0,0,0,0,0,0,0
2004,360277,2,1,0,0,0,0,0,0,0,0,0,0
2004,360277,3,1,0,0,0,0,0,0,0,0,0,0
2004,360278,0,1,25,25,25,25,25,25,25,25,25,25
2004,360278,1,1,0,0,0,0,0,0,0,0,0,0
2004,360279,1,1,0,8,0,0,0,0,0,0,22,0
2004,360280,1,1,0,0,0,0,0,0,0,0,0,0
2004,360281,1,1,0,0,0,0,0,0,0,0,0,0
2004,360281,2,1,0,0,12,0,0,0,0,0,0,0
2004,360281,3,1,0,0,0,0,0,0,0,0,0,0
2004,360282,1,1,0,0,0,0,0,0,0,0,0,0
2004,360283,0,1,0,0,0,0,0,0,0,0,0,0
2004,360283,1,1,0,0,0,0,16,0,0,0,0,0
2004,360284,1,1,0,0,0,0,0,0,0,0,0,0
2004,360285,1,1,0,8,0,19,30,23,13,15,22,0
2004,360286,1,1,0,0,0,0,0,0,0,0,0,0
2004,360287,1,1,0,0,0,0,0,0,0,0,0,0
2004,360287,2,1,0,17,0,0,0,0,0,0,0,0
2004,360288,1,1,0,0,0,0,0,0,0,0,0,0
2004,360289,1,1,0,0,0,0,0,11,0,0,0,0
2004,360290,0,1,0,0,0,0,12,13,0,0,0,0
2004,360290,1,1,0,0,22,0,0,0,0,0,0,0
2004,360290,2,1,11,0,0,14,0,0,13,0,0,9
2004,360291,0,1,0,0,0,0,28,0,0,0,0,11
2004,360291,1,1,0,14,0,0,0,0,0,0,0,0
2004,360292,1,1,0,0,0,0,0,0,0,0,0,0
2004,360292,2,1,1,1,1,1,1,1,1,1,1,1
2004,360293,1,1,0,0,0,0,0,0,0,0,0,0
2004,360294,1,1,0,0,0,0,0,0,0,0,0,0
2004,360295,1,1,0,0,0,0,0,0,0,0,0,0
2004,360295,2,1,0,0,0,0,0,0,0,0,0,0
2004,360296,0,1,23,23,23,23,23,23,23,23,23,23
2004,360296,1,1,0,0,28,0,0,0,0,9,0,0
2004,360297,1,1,11,11,11,11,11,11,11,11,11,11
2004,360298,0,1,11,11,11,11,11,11,11,11,11,11
2004,360298,1,1,0,0,0,0,0,0,0,0,0,0
2004,360299,1,1,26,0,15,25,26,11,23,27,0,13
2004,360300,1,1,16,0,0,0,0,0,0,0,0,0
2004,360301,1,1,24,24,24,24,24,24,24,24,24,24
2004,360302,0,1,0,0,0,0,0,0,0,0,0,0
2004,360302,1,1,0,0,0,0,13,0,0,0,0,0
2004,360302,2,1,0,0,0,0,0,0,0,0,0,0
2004,360303,1,1,10,10,10,10,10,10,10,10,10,10
2004,360304,1,1,0,0,32,0,0,0,0,0,9,0
2004,360304,2,1,0,0,0,0,0,0,0,0,0,0
2004,360304,3,1,0,0,0,0,0,0,0,0,0,0
2004,360305,1,1,0,0,11,0,0,18,11,0,0,0
2004,360306,0,1,0,0,0,0,0,0,0,0,0,0
2004,360306,1,1,0,0,0,19,0,13,14,22,18,0
2004,360307,0,1,19,15,19,28,31,9,28,36,16,39
2004,360307,1,1,0,0,5,0,0,14,0,0,0,0
2004,360308,0,1,16,19,7,0,0,0,0,0,0,0
2004,360308,1,1,0,0,0,0,0,0,0,0,0,0
2004,360309,0,1,0,12,0,29,0,0,15,0,0,14
2004,360309,1,1,0,0,0,0,0,0,0,0,2,0
2004,360310,1,1,11,11,11,11,11,11,11,11,11,11
2004,360311,1,1,15,25,4,19,8,23,12,18,11,9
2004,360312,1,1,13,13,13,13,13,13,13,13,13,13
2004,360313,0,1,1,1,1,1,1,1,1,1,1,1
2004,360313,0,2,0,0,0,4,0,11,18,19,0,14
2004,360313,1,1,0,0,1,3,0,0,0,6,25,25
2004,360314,1,1,35,13,15,8,17,17,31,8,12,15
2004,360315,1,1,26,9,0,13,3,6,22,0,14,44
2004,360316,1,1,6,22,25,0,26,26,0,0,0,21
2004,360317,1,1,0,0,0,20,27,24,0,0,0,4
2004,360317,2,1,0,0,0,0,0,0,0,0,0,0
2004,360318,1,1,0,0,0,0,0,0,0,0,0,0
2004,360318,2,1,0,0,0,0,0,0,0,0,0,0
2004,360319,1,1,0,0,0,0,0,0,0,0,0,0
2004,360319,2,1,0,0,4,0,0,0,0,0,0,0
2004,360320,1,1,0,0,0,0,0,0,0,0,0,0
2004,360320,2,1,0,0,7,0,0,0,0,0,0,0
2004,360321,1,1,0,0,0,0,0,0,0,0,0,0
2004,360321,2,1,0,0,0,0,0,16,0,0,0,0
2004,360322,0,1,0,0,0,0,0,0,0,0,0,0
2004,360322,1,1,0,0,0,0,0,0,0,0,0,0
2004,360323,1,1,0,15,0,20,0,17,0,15,17,19
2004,360324,1,1,12,0,15,28,10,5,0,0,10,29
2004,360324,2,1,16,16,16,16,16,16,16,16,16,16
2004,360325,1,1,0,0,0,0,0,0,0,0,0,0
2004,360326,1,1,0,0,0,0,0,0,0,0,0,0
2004,360326,2,1,0,11,0,0,18,0,0,0,9,0
2004,360326,3,1,0,0,0,0,0,0,0,0,0,0
2004,360326,4,1,0,0,0,0,0,0,0,0,0,0
2004,360327,1,1,0,0,0,0,0,0,0,0,0,0
2004,360328,1,1,0,0,0,0,0,0,0,0,0,0
2004,360328,2,1,0,0,0,0,0,0,0,0,0,0
2004,360329,1,1,0,0,0,0,0,0,0,0,0,0
2004,360329,2,1,0,0,0,0,0,0,0,0,0,0
2004,360329,3,1,0,0,0,0,0,0,0,0,0,0
2004,360330,1,1,0,0,0,0,0,0,0,0,0,0
2004,360330,2,1,7,13,5,11,13,23,6,13,0,9
2004,360331,1,1,0,0,0,0,0,0,0,0,0,0
2004,360331,2,1,0,0,0,0,0,0,0,0,0,0
2004,360332,1,1,0,0,0,0,0,0,0,0,0,0
2004,360332,2,1,0,0,0,0,0,0,0,0,0,0
2004,360333,0,1,0,0,0,0,0,0,0,0,0,0
2004,360333,1,1,0,0,0,0,0,0,0,0,0,0
2004,360334,0,1,0,0,0,0,0,0,0,0,0,0
2004,360334,1,1,0,0,0,0,0,0,0,0,0,0
2004,360335,1,1,2,0,0,5,14,0,0,0,0,0
2004,360335,2,1,18,18,18,18,18,18,18,18,18,18
2004,360336,0,1,4,4,4,4,4,4,4,4,4,4
2004,360336,1,1,0,29,0,0,0,0,0,0,10,0
2004,360337,1,1,18,18,18,18,18,18,18,18,18,18
2004,360338,1,1,20,20,20,20,20,20,20,20,20,20
2004,360339,1,1,0,16,22,0,0,0,9,12,33,4
2004,360340,1,1,0,0,0,0,0,0,0,0,0,0
2004,360340,2,1,0,0,0,0,0,0,0,0,0,0
2004,360341,1,1,0,0,0,0,0,0,0,0,0,0
2004,360341,2,1,10,24,0,0,0,0,0,9,14,3
2004,360342,0,1,24,24,24,24,24,24,24,24,24,24
2004,360342,1,1,0,11,0,0,0,0,0,0,0,0
2004,360343,1,1,11,11,11,11,11,11,11,11,11,11
2004,360344,1,1,0,0,0,0,0,0,0,0,0,0
2004,360344,2,1,0,0,0,0,0,0,0,0,0,0
2004,360345,1,1,0,0,8,0,0,11,8,0,0,17
2004,360346,1,1,0,0,0,0,0,0,0,0,0,0
2004,360347,1,1,0,0,0,0,0,0,0,0,0,0
2004,360347,2,1,0,0,22,0,0,13,0,0,0,0
2004,360348,0,1,0,0,0,0,0,0,0,0,0,0
2004,360348,1,1,0,0,0,0,0,0,0,0,0,0
2004,360349,0,1,0,0,28,0,0,21,19,11,6,0
2004,360349,1,1,0,0,0,0,0,0,10,0,0,0
2004,360350,1,1,7,0,6,0,0,0,0,0,0,0
2004,360350,2,1,0,0,0,15,0,0,0,7,10,5
2004,360351,1,1,0,0,0,0,0,0,0,0,0,0
2004,360352,1,1,37,10,14,12,12,20,19,31,29,19
2004,360353,1,1,11,11,11,11,11,11,11,11,11,11
2004,360353,2,1,0,0,0,0,0,0,0,0,0,0
2004,360353,3,1,0,0,0,0,4,0,0,0,0,0
2004,360354,1,1,20,20,20,20,20,20,20,20,20,20
2004,360355,1,1,16,16,16,16,16,16,16,16,16,16
2004,360356,1,1,26,0,0,0,22,7,20,13,0,23
2004,360357,0,1,0,0,0,0,0,0,0,0,0,0
2004,360357,1,1,0,0,0,0,0,0,0,0,0,0
2004,360358,0,1,0,0,0,0,0,0,0,0,0,0
2004,360358,1,1,0,0,0,0,0,0,0,21,0,0
2004,360359,0,1,19,19,19,19,19,19,19,19,19,19
2004,360359,1,1,0,0,0,0,0,0,0,0,0,0
2004,360360,1,1,23,23,23,23,23,23,23,23,23,23
2004,360361,1,1,0,0,0,0,0,0,0,0,0,0
2004,360361,2,1,0,0,0,0,0,0,0,0,0,0
2004,360362,0,1,0,0,0,0,0,0,0,0,0,0
2004,360362,1,1,0,0,0,0,0,0,0,0,0,0
2004,360363,1,1,0,0,0,0,0,0,13,0,0,0
2004,360363,2,1,0,0,0,0,0,0,0,0,0,0
2004,360364,1,1,30,27,13,25,12,13,15,33,29,19
2004,360365,1,1,10,0,0,16,0,0,0,0,0,0
2004,360366,1,1,0,0,0,0,0,0,0,0,32,0
2004,360366,2,1,0,0,0,0,0,16,0,0,0,0
2004,360367,1,1,0,0,0,0,9,0,0,0,0,0
2004,360368,1,1,14,9,35,0,0,10,9,0,15,20
2004,360368,2,1,0,0,0,0,0,0,0,0,0,0
2004,360369,1,1,0,0,0,0,0,0,0,0,0,0
2004,360369,2,1,0,0,0,0,0,0,0,0,0,0
2004,360370,0,1,0,0,0,0,0,0,0,0,0,0
2004,360370,0,2,0,0,12,0,8,0,21,23,6,14
2004,360370,1,1,25,28,6,18,29,19,3,14,6,17
2004,360371,1,1,0,0,0,0,0,0,0,0,0,0
2004,360372,1,1,0,0,0,0,0,0,0,0,0,0
2004,360372,2,1,0,0,0,0,0,0,0,0,0,0
2004,360373,1,1,7,7,7,7,7,7,7,7,7,7
2004,360374,1,1,45,45,45,45,45,45,45,45,45,45
2004,360375,1,1,0,0,0,0,0,0,0,0,0,0
2004,360376,1,1,0,0,0,0,0,0,0,0,0,0
2004,360376,2,1,0,0,0,0,0,0,0,7,0,0
2004,360377,1,1,0,0,0,0,0,0,0,13,0,0
2004,360377,2,1,0,18,0,0,0,8,12,0,0,0
2004,360378,0,1,4,4,4,4,4,4,4,4,4,4
2004,360378,1,1,0,0,0,0,0,0,0,0,0,0
2004,360379,1,1,0,0,0,0,0,0,0,0,0,0
2004,360379,2,1,19,19,19,19,19,19,19,19,19,19
2004,360380,1,1,0,0,0,0,0,0,14,0,0,0
2004,360380,2,1,0,0,0,0,0,0,0,0,0,0
2004,360381,1,1,9,0,0,3,0,0,0,0,0,19
2004,360382,1,1,0,0,0,0,0,0,0,0,0,0
2004,360382,2,1,0,0,0,0,0,0,0,0,0,0
2004,360383,1,1,0,0,0,0,0,0,0,0,0,0
2004,360383,2,1,0,0,0,0,0,0,0,0,0,0
2004,360384,1,1,0,0,0,0,12,0,0,0,0,0
2004,360384,2,1,0,0,0,0,0,0,0,0,0,0
2004,360385,1,1,0,0,0,0,0,0,0,0,0,0
2004,360385,2,1,0,0,0,0,0,0,0,0,0,0
2004,360386,0,1,10,0,12,0,14,27,15,41,10,13
2004,360386,1,1,14,20,0,6,13,15,11,11,0,5
2004,360386,2,1,0,0,0,0,0,13,7,0,0,0
2004,360387,1,1,0,0,14,0,17,8,0,0,0,0
2004,360387,2,1,0,3,0,0,0,0,54,0,0,0
2004,360388,1,1,11,11,11,11,11,11,11,11,11,11
2004,360389,1,1,0,0,0,0,0,0,0,0,0,0
2004,360390,1,1,0,0,22,0,17,0,0,0,10,16
2004,360390,2,1,0,6,0,13,0,22,0,0,0,0
2004,360390,3,1,0,0,0,0,0,0,0,0,0,0
2004,360390,4,1,0,0,0,0,0,0,0,0,0,0
2004,360391,1,1,0,0,0,0,0,0,0,15,12,0
2004,360391,2,1,0,0,0,0,0,0,0,0,0,0
2004,360392,1,1,0,0,0,0,0,0,0,0,0,0
2004,360392,2,1,0,0,0,0,0,0,0,0,0,0
2004,360393,1,1,0,0,0,0,0,0,0,0,0,0
2004,360393,2,1,0,0,0,0,0,0,0,0,0,0
2004,360394,1,1,0,0,0,0,0,16,0,0,0,0
2004,360395,1,1,9,2,13,0,0,3,13,13,0,0
2004,360396,1,1,0,0,0,0,0,0,0,0,0,0
2004,360396,2,1,0,0,0,0,0,0,0,0,0,0
2004,360397,1,1,15,15,15,15,15,15,15,15,15,15
2004,360398,1,1,0,0,0,0,0,0,0,0,0,17
2004,360398,2,1,0,24,0,0,0,0,0,0,0,23
2004,360399,1,1,20,20,20,20,20,20,20,20,20,20
2004,360400,1,1,10,9,5,20,9,34,22,24,12,24
2004,360401,1,1,0,0,0,0,0,0,0,0,0,0
2004,360401,2,1,0,0,0,0,0,0,0,0,0,0
2004,360402,1,1,0,0,0,0,0,0,0,0,0,0
2004,360403,1,1,24,16,6,16,0,3,5,14,34,14
2004,360404,1,1,3,12,7,0,20,21,21,19,38,9
2004,360405,1,1,14,11,40,16,9,31,13,11,18,0
2004,360406,1,1,0,0,0,0,0,0,0,0,0,0
2004,360407,1,1,30,30,30,30,30,30,30,30,30,30
2004,360407,2,1,0,0,6,0,0,0,12,0,0,0
2004,360408,1,1,0,0,0,0,0,0,0,0,0,0
2004,360409,0,1,27,22,21,0,34,10,0,0,0,38
2004,360409,1,1,0,20,0,27,0,15,0,31,7,44
2004,360410,1,1,14,33,23,0,8,41,6,17,3,23
2004,360410,2,1,0,0,0,0,0,0,0,0,0,0
2004,360411,0,1,0,0,0,0,0,0,0,0,0,0
2004,360411,1,1,0,0,0,0,0,0,0,0,0,0
2004,360412,0,1,0,0,0,0,0,0,0,0,0,0
2004,360412,0,2,43,0,0,0,23,0,0,0,10,0
2004,360412,1,1,0,10,0,0,17,0,0,2,0,9
2004,360413,1,1,0,0,0,23,9,0,0,33,0,0
2004,360414,1,1,0,0,0,0,0,0,0,0,0,0
2004,360414,2,1,0,0,0,0,8,0,0,0,11,0
2004,360415,1,1,0,0,0,0,0,0,13,0,0,0
2004,360415,2,1,0,0,0,0,0,0,0,0,0,10
2004,360416,1,1,0,0,0,0,0,0,0,0,0,0
2004,360416,2,1,0,4,0,15,0,9,0,0,0,0
2004,360417,0,1,0,0,0,0,0,0,0,0,0,0
2004,360417,1,1,0,0,0,0,0,0,19,0,0,0
2004,360418,1,1,0,0,0,0,0,0,0,0,0,0
2004,360418,2,1,0,0,0,0,0,0,0,0,0,0
2004,360419,1,1,0,0,0,0,0,0,0,0,0,0
2004,360420,1,1,0,0,0,0,0,0,0,0,0,0
2004,360420,2,1,0,0,0,0,0,0,0,0,0,0
2004,360421,1,1,0,0,0,0,0,0,0,0,0,0
2004,360421,2,1,0,0,0,0,0,0,0,0,0,0
2004,360422,1,1,0,0,12,0,0,0,0,0,0,0
2004,360422,2,1,0,0,0,0,0,0,0,0,0,0
2004,360423,1,1,0,0,0,0,0,0,0,0,0,0
2004,360423,2,1,0,0,0,0,0,0,0,0,0,0
2004,360424,1,1,11,0,0,0,0,0,0,6,0,14
2004,360425,1,1,0,0,0,0,0,0,0,0,0,0
2004,360425,2,1,0,0,0,0,0,0,17,0,0,0
2004,360426,1,1,0,0,11,19,0,0,24,9,19,0
2004,360427,1,1,0,0,0,0,0,0,0,5,4,16
2004,360427,2,1,0,0,9,0,0,0,0,0,0,0
2004,360428,1,1,0,0,0,0,0,0,0,0,0,0
2004,360429,1,1,0,0,0,0,0,0,0,0,0,0
2004,360429,2,1,0,0,0,0,0,0,0,0,0,0
2004,360430,1,1,0,0,0,0,0,0,0,0,0,0
2004,360431,1,1,14,9,12,14,11,12,15,14,11,9
2004,360431,2,1,12,0,0,0,0,0,0,0,0,0
2004,360432,1,1,0,0,0,0,0,0,0,0,0,0
2004,360433,1,1,0,0,0,0,0,0,0,0,0,0
2004,360434,0,1,0,0,0,0,0,0,0,0,0,0
2004,360434,1,1,0,0,0,0,0,0,0,0,0,0
2004,360435,1,1,0,0,0,0,0,0,0,0,0,0
2004,360436,1,1,20,20,20,20,20,20,20,20,20,20
2004,360436,2,1,0,0,0,0,0,0,17,0,0,0
2004,360437,1,1,9,9,9,9,9,9,9,9,9,9
2004,360438,0,1,0,0,0,0,0,0,0,0,0,0
2004,360438,1,1,0,0,0,0,0,0,0,0,0,0
2004,360439,1,1,0,0,0,0,0,0,0,0,0,0
2004,360439,2,1,0,0,0,0,0,0,0,0,0,0
2004,360440,1,1,0,0,0,2,0,0,0,13,0,0
2004,360440,2,1,0,0,0,0,0,0,0,0,0,0
2004,360440,3,1,0,0,0,0,0,0,0,0,0,0
2004,360440,4,1,0,0,0,0,0,0,0,0,0,0
2004,360440,5,1,0,0,0,0,0,0,0,0,0,0
2004,360441,0,1,0,0,0,0,0,0,0,0,0,9
2004,360441,0,2,0,0,0,0,15,44,0,13,0,0
2004,360441,1,1,0,0,11,15,0,0,7,20,0,0
2004,360442,1,1,26,0,10,0,0,7,28,18,6,0
2004,360443,0,1,0,0,0,0,0,0,0,0,0,0
2004,360443,1,1,0,0,0,0,0,0,0,0,0,0
2004,360444,1,1,27,13,0,3,12,0,19,0,11,19
2004,360445,1,1,18,18,18,18,18,18,18,18,18,18
2004,360446,1,1,0,22,0,0,0,0,22,9,0,0
2004,360447,1,1,0,0,0,0,0,0,0,0,0,0
2004,360448,1,1,0,0,0,0,0,0,0,0,0,0
2004,360449,1,1,0,0,0,0,0,0,0,0,0,0
2004,360449,2,1,0,0,0,0,0,0,0,0,0,0
2004,360450,1,1,0,0,0,0,0,0,0,0,0,0
2004,360451,1,1,0,0,0,0,0,0,0,0,0,4
2004,360452,0,1,0,0,0,0,0,0,0,0,0,0
2004,360452,1,1,0,0,20,37,0,0,0,0,0,0
2004,360452,2,1,0,0,12,0,0,0,0,0,0,0
2004,360453,0,1,0,0,0,0,0,0,0,0,28,0
2004,360453,1,1,0,0,0,0,0,0,0,0,0,0
2004,360454,0,1,0,17,0,0,0,23,11,11,14,0
2004,360454,1,1,0,0,0,0,0,0,0,0,0,17
2004,360454,2,1,0,0,0,6,0,0,0,0,0,0
2004,360454,3,1,0,0,0,0,0,0,0,22,15,16
2004,360455,1,1,14,19,17,16,8,9,23,38,3,19
2004,360456,0,1,22,21,4,19,0,11,0,0,0,19
2004,360456,1,1,0,0,0,0,0,0,0,0,0,0
2004,360457,0,1,20,0,0,14,0,0,0,0,4,32
2004,360457,1,1,0,0,0,0,0,14,0,0,0,0
2004,360458,1,1,16,0,0,0,0,0,16,0,0,0
2004,360459,0,1,14,13,0,26,25,0,19,0,3,0
2004,360459,0,2,27,21,0,30,0,29,33,0,0,15
2004,360459,1,1,22,0,0,0,0,0,0,0,0,0
2004,360459,2,1,0,13,0,27,20,0,0,0,0,0
2004,360460,1,1,0,0,0,0,17,0,8,0,0,0
2004,360460,2,1,9,11,0,20,9,16,20,8,28,17
2004,360461,0,1,0,0,0,20,0,21,41,0,0,12
2004,360461,1,1,0,0,15,0,0,0,0,0,11,12
2004,360461,2,1,0,0,0,0,0,0,0,0,0,0
2004,360462,0,1,0,0,6,0,21,0,0,0,0,0
2004,360462,1,1,0,0,0,0,3,0,0,0,0,0
2004,360463,1,1,0,0,0,0,0,0,0,0,0,0
2004,360464,0,1,0,0,0,0,0,0,0,0,0,0
2004,360464,1,1,0,10,0,0,0,0,0,0,0,0
2004,360465,1,1,7,7,7,7,7,7,7,7,7,7
2004,360466,1,1,20,20,20,20,20,20,20,20,20,20
2004,360466,2,1,0,17,0,0,17,0,14,24,0,0
2004,360466,3,1,19,20,16,3,14,23,18,17,18,19
2004,360467,1,1,0,20,0,0,28,0,4,18,0,5
2004,360468,1,1,6,18,7,21,0,7,9,15,17,8
2004,360469,1,1,0,0,0,0,0,0,0,0,0,0
2004,360469,2,1,0,0,0,0,0,0,0,0,0,0
2004,360470,0,1,19,0,0,8,0,0,0,0,0,0
2004,360470,0,2,12,0,0,10,0,0,0,0,0,19
2004,360470,1,1,28,18,19,19,26,17,15,21,8,0
2004,360471,1,1,9,0,0,0,0,0,0,12,0,0
2004,360472,1,1,13,13,13,13,13,13,13,13,13,13
2004,360473,1,1,0,0,0,0,0,0,0,0,0,0
2004,360473,2,1,0,0,0,0,0,0,0,0,0,0
2004,360474,1,1,0,0,0,0,0,0,0,0,15,0
2004,360475,1,1,0,0,0,0,0,0,0,0,0,0
2004,360476,1,1,0,0,0,0,11,4,0,0,0,0
2004,360476,2,1,0,0,8,0,0,0,23,0,0,0
2004,360477,1,1,0,0,0,26,13,0,0,0,0,0
2004,360478,1,1,12,17,8,21,14,0,21,0,0,17
2004,360479,1,1,0,0,0,0,0,0,0,0,0,0
2004,360479,2,1,0,12,0,0,0,0,0,0,10,0
2004,360480,0,1,19,18,28,20,7,0,0,30,0,25
2004,360480,1,1,0,0,25,4,0,0,34,14,13,0
2004,360481,0,1,0,0,22,0,0,7,0,0,9,7
2004,360481,1,1,17,17,17,17,17,17,17,17,17,17
2004,360482,1,1,0,13,0,0,0,0,0,17,22,6
2004,360482,2,1,0,0,0,0,0,0,0,0,0,0
2004,360482,3,1,0,0,12,0,9,0,0,0,0,3
2004,360483,0,1,10,10,10,10,10,10,10,10,10,10
2004,360483,1,1,0,0,10,0,0,0,0,21,0,0
2004,360484,1,1,0,0,0,0,0,2,0,0,0,0
2004,360484,2,1,0,0,0,0,10,0,0,0,0,0
2004,360485,1,1,0,0,0,0,0,0,0,0,0,0
2004,360485,2,1,0,0,0,0,0,0,0,0,0,0
2004,360485,3,1,0,0,0,0,0,0,0,0,0,0
2004,360486,0,1,0,0,0,0,0,0,0,0,0,0
2004,360486,1,1,0,0,0,11,0,0,0,0,0,0
2004,360487,1,1,0,0,0,0,0,0,0,0,0,0
2004,360488,1,1,0,0,0,0,0,0,0,0,0,0
2004,360488,2,1,0,0,0,0,0,0,0,0,0,0
2004,360489,1,1,0,0,0,0,0,0,0,0,0,0
2004,360489,2,1,0,0,0,0,0,0,0,0,0,0
2004,360490,1,1,19,32,20,19,20,31,4,15,19,14
2004,360491,0,1,0,0,0,0,0,0,0,0,0,0
2004,360491,1,1,0,0,0,0,0,0,0,0,0,0
2004,360492,1,1,0,0,0,0,0,0,0,0,0,0
2004,360492,2,1,0,0,0,0,0,0,0,0,0,0
2004,360493,1,1,0,0,0,0,0,0,0,0,0,0
2004,360493,2,1,0,0,0,0,7,0,0,0,0,0
2004,360494,1,1,0,0,0,0,0,0,0,0,0,0
2004,360494,2,1,0,0,0,0,0,0,0,0,0,0
2004,360495,1,1,21,17,0,19,18,25,15,12,24,11
2004,360496,0,1,0,0,0,0,0,0,0,0,0,0
2004,360496,1,1,0,0,0,0,0,0,0,0,0,0
2004,360497,1,1,11,0,12,0,0,10,0,0,0,15
2004,360497,2,1,0,0,18,0,0,0,0,0,12,0
2004,360498,1,1,0,0,0,0,0,0,0,0,0,0
2004,360498,2,1,0,0,0,0,0,0,0,0,0,0
2004,360499,1,1,0,0,0,0,0,0,0,0,0,0
2004,360499,2,1,0,0,0,0,0,0,0,0,23,0
2004,360500,1,1,0,0,0,0,0,0,0,0,0,0
2004,360500,2,1,0,0,0,0,6,6,2,0,0,0
2004,360501,1,1,0,0,0,0,0,0,0,0,0,0