YEAR,ST_CASE,veh_no,per_no,P1,P2,P3,P4,P5,P6,P7,P8,P9,P10
2004,360501,2,1,0,0,0,0,0,0,0,0,0,0
2004,360502,0,1,0,0,0,0,0,0,0,0,0,0
2004,360502,1,1,0,0,0,0,0,0,0,0,0,0
2004,360503,1,1,0,0,0,0,0,0,0,0,0,0
2004,360503,2,1,21,4,0,0,0,0,0,0,0,0
2004,360504,1,1,11,11,11,11,11,11,11,11,11,11
2004,360505,1,1,12,12,12,12,12,12,12,12,12,12
2004,360506,1,1,0,0,0,0,0,10,17,0,0,0
2004,360506,2,1,0,0,0,18,0,0,0,0,0,0
2004,360507,1,1,0,0,0,0,0,0,0,0,0,0
2004,360508,0,1,0,0,0,0,28,0,0,0,0,0
2004,360508,1,1,0,0,16,0,0,0,0,0,0,0
2004,360509,1,1,0,8,16,0,12,0,0,12,16,0
2004,360510,1,1,1,1,1,1,1,1,1,1,1,1
2004,360511,1,1,0,15,19,0,16,24,22,13,7,12
2004,360512,1,1,0,0,0,0,0,0,0,0,0,0
2004,360512,2,1,5,0,0,41,20,13,0,0,8,22
2004,360513,1,1,0,0,0,0,0,0,0,0,0,0
2004,360513,2,1,0,0,0,0,0,0,0,0,0,0
2004,360514,1,1,11,0,0,0,0,26,9,13,0,0
2004,360514,2,1,0,0,0,0,15,0,0,0,0,0
2004,360515,1,1,21,21,21,21,21,21,21,21,21,21
2004,360515,2,1,0,0,0,0,0,9,0,16,24,0
2004,360516,1,1,0,0,0,18,0,0,0,0,0,0
2004,360516,2,1,0,0,0,0,0,0,0,0,0,0
2004,360516,3,1,0,0,0,0,0,0,0,0,0,0
2004,360517,1,1,0,10,0,0,0,0,24,0,17,0
2004,360517,2,1,0,0,0,0,0,0,0,0,0,0
2004,360518,1,1,16,16,16,16,16,16,16,16,16,16
2004,360518,2,1,0,0,0,0,0,0,0,0,0,0
2004,360519,1,1,0,0,0,0,0,0,0,0,0,0
2004,360519,2,1,0,0,0,0,0,17,0,0,0,0
2004,360520,1,1,9,9,9,9,9,9,9,9,9,9
2004,360521,0,1,0,0,0,0,0,22,0,11,0,0
2004,360521,1,1,0,0,0,0,0,0,0,0,0,0
2004,360522,1,1,0,0,0,0,0,0,0,0,0,3
2004,360522,2,1,0,0,0,0,0,0,0,0,0,0
2004,360523,1,1,0,0,0,0,0,0,0,0,0,0
2004,360523,2,1,28,21,0,9,0,13,0,0,0,11
2004,360524,1,1,12,12,12,12,12,12,12,12,12,12
2004,360524,2,1,0,0,0,0,0,0,0,0,0,0
2004,360525,1,1,0,0,0,0,0,0,0,0,0,0
2004,360526,1,1,0,0,0,0,0,11,0,0,0,0
2004,360526,2,1,0,0,0,0,0,0,0,9,0,0
2004,360526,3,1,0,0,0,0,0,0,0,0,0,0
2004,360527,0,1,0,0,0,0,0,0,0,0,0,0
2004,360527,1,1,0,9,9,0,0,0,0,0,7,30
2004,360528,1,1,0,0,0,0,0,18,0,0,0,0
2004,360528,2,1,0,0,0,0,0,0,0,0,0,0
2004,360529,1,1,0,0,0,0,0,0,0,0,0,0
2004,360529,2,1,0,10,16,0,0,0,24,0,15,0
2004,360530,1,1,21,13,9,22,14,12,12,0,17,5
2004,360530,2,1,0,8,0,0,0,0,15,0,0,20
2004,360531,1,1,0,0,0,0,0,0,0,0,0,0
2004,360531,2,1,0,0,0,0,0,0,0,0,0,0
2004,360532,1,1,0,0,0,0,0,0,0,0,0,0
2004,360533,1,1,0,0,0,0,0,0,0,0,0,0
2004,360533,2,1,0,0,0,0,0,0,0,0,0,0
2004,360534,1,1,0,0,0,0,0,0,0,0,0,0
2004,360534,2,1,0,0,0,0,0,0,0,0,0,0
2004,360535,0,1,0,0,0,0,0,0,0,0,0,0
2004,360535,1,1,16,18,6,21,9,19,13,17,21,22
2004,360536,1,1,29,29,29,29,29,29,29,29,29,29
2004,360537,1,1,15,3,5,14,13,3,20,10,11,21
2004,360538,1,1,11,3,0,0,0,16,22,21,15,14
2004,360538,2,1,0,0,0,0,0,0,0,0,0,0
2004,360539,1,1,23,0,7,19,0,0,14,0,16,5
2004,360540,1,1,24,0,8,0,0,0,18,0,0,0
2004,360540,2,1,0,0,0,0,0,0,0,0,0,0
2004,360541,1,1,12,0,0,0,0,0,0,0,0,0
2004,360541,2,1,0,0,0,0,0,0,0,0,0,0
2004,360542,1,1,23,0,0,0,0,0,0,0,0,0
2004,360543,1,1,0,0,0,0,0,0,0,0,0,0
2004,360544,0,1,0,0,0,0,0,0,0,0,0,0
2004,360544,1,1,0,0,0,0,0,0,0,0,0,0
2004,360545,1,1,0,0,0,0,0,0,0,15,0,0
2004,360545,2,1,0,0,0,0,0,0,0,0,0,0
2004,360546,1,1,9,7,23,6,11,16,26,17,13,4
2004,360546,2,1,0,0,0,18,0,17,3,18,0,0
2004,360547,1,1,12,12,12,12,12,12,12,12,12,12
2004,360548,1,1,20,8,15,36,0,7,0,0,32,0
2004,360548,2,1,0,0,0,0,0,0,0,0,0,0
2004,360549,1,1,0,0,0,0,0,0,0,0,0,0
2004,360549,2,1,0,0,0,8,0,0,0,0,10,0
2004,360549,3,1,0,0,0,0,0,0,0,0,0,0
2004,360549,4,1,0,0,15,0,0,0,13,0,0,0
2004,360549,5,1,0,0,0,0,0,0,0,0,0,0
2004,360550,1,1,0,0,0,0,0,0,0,0,0,0
2004,360550,2,1,0,0,0,0,0,0,0,0,0,0
2004,360551,0,1,15,19,0,17,0,0,0,0,12,0
2004,360551,1,1,11,11,11,11,11,11,11,11,11,11
2004,360552,1,1,0,0,0,0,0,0,0,0,0,0
2004,360553,1,1,0,0,0,0,0,0,0,0,0,0
2004,360553,2,1,0,29,0,0,0,0,27,0,0,0
2004,360554,1,1,0,0,0,0,0,0,0,0,0,0
2004,360555,1,1,0,0,0,14,0,0,0,15,0,12
2004,360556,1,1,0,0,0,0,0,0,0,0,0,0
2004,360556,2,1,0,0,4,0,0,0,0,0,0,14
2004,360557,0,1,1,1,1,1,1,1,1,1,1,1
2004,360557,0,2,0,0,0,0,0,0,0,0,0,0
2004,360557,0,3,0,0,0,0,0,0,0,0,0,0
2004,360557,0,4,0,0,0,0,0,7,3,0,0,0
2004,360557,0,5,0,0,0,0,0,0,13,0,0,10
2004,360557,0,6,0,0,0,0,0,7,0,0,0,0
2004,360557,0,7,0,0,0,0,0,0,0,0,0,0
2004,360557,0,8,0,0,0,0,0,0,0,0,0,20
2004,360557,0,9,0,0,0,0,0,0,0,0,0,0
2004,360557,1,1,0,0,0,0,0,15,0,0,0,0
2004,360558,1,1,0,0,0,0,0,0,0,0,0,0
2004,360558,2,1,0,0,0,0,0,0,0,16,28,0
2004,360559,1,1,0,0,0,0,0,0,0,0,0,0
2004,360560,1,1,0,6,9,0,25,0,16,9,13,0
2004,360561,1,1,15,0,6,15,13,23,11,30,28,22
2004,360561,2,1,0,0,0,0,0,0,0,0,0,0
2004,360562,1,1,0,0,0,0,0,0,0,0,0,0
2004,360562,2,1,0,0,0,0,0,0,0,0,0,0
2004,360563,1,1,23,15,12,18,19,5,14,21,0,14
2004,360563,2,1,0,0,0,0,27,16,0,15,39,6
2004,360564,1,1,0,0,0,0,0,0,0,12,0,24
2004,360564,2,1,0,0,0,0,0,0,0,0,0,0
2004,360565,1,1,0,0,0,0,0,0,0,0,0,0
2004,360566,1,1,0,0,0,0,0,0,0,0,0,0
2004,360567,1,1,0,0,0,0,0,0,0,0,0,0
2004,360567,2,1,0,0,0,0,0,0,0,0,0,0
2004,360568,1,1,0,0,0,0,15,0,0,0,0,0
2004,360568,2,1,0,0,0,0,0,0,0,13,0,0
2004,360569,1,1,0,0,0,0,0,0,0,0,0,0
2004,360569,2,1,0,0,0,0,0,0,0,0,0,0
2004,360570,1,1,0,15,0,0,0,0,20,6,26,17
2004,360570,2,1,0,0,0,6,0,13,0,19,0,25
2004,360571,0,1,21,0,0,0,0,0,0,0,0,0
2004,360571,1,1,0,0,0,0,0,0,0,0,4,0
2004,360572,1,1,0,0,0,0,0,0,0,0,0,0
2004,360572,2,1,0,0,0,0,0,0,0,0,0,0
2004,360572,3,1,0,0,0,0,0,0,0,0,0,0
2004,360573,1,1,0,0,0,0,0,0,0,0,0,0
2004,360573,2,1,0,0,0,0,0,0,0,0,0,0
2004,360574,1,1,5,5,5,5,5,5,5,5,5,5
2004,360575,0,1,0,0,0,0,0,0,0,0,0,0
2004,360575,1,1,0,0,0,0,0,21,0,12,0,0
2004,360576,1,1,0,0,0,0,0,0,0,0,0,0
2004,360577,1,1,0,12,30,0,0,29,0,35,0,7
2004,360578,0,1,0,9,0,17,0,8,0,0,0,11
2004,360578,1,1,20,0,35,23,15,0,5,0,0,0
2004,360579,1,1,0,0,0,0,0,0,0,0,0,0
2004,360579,2,1,0,0,0,0,0,12,0,0,0,0
2004,360580,0,1,0,0,0,0,0,0,0,0,0,0
2004,360580,1,1,0,0,22,0,0,0,0,0,0,22
2004,360581,1,1,0,0,0,0,0,0,0,0,6,0
2004,360582,1,1,24,0,0,22,0,26,0,0,23,0
2004,360583,1,1,0,9,0,0,0,0,0,0,0,0
2004,360584,1,1,0,0,0,0,0,0,6,0,0,0
2004,360585,1,1,0,17,19,0,8,7,17,16,0,21
2004,360586,0,1,0,0,0,0,0,0,0,0,0,0
2004,360586,1,1,0,11,0,0,0,0,0,0,0,0
2004,360587,1,1,0,0,18,0,17,28,0,18,0,0
2004,360588,1,1,5,0,33,14,0,12,22,31,17,0
2004,360588,2,1,0,0,0,14,0,15,0,22,0,0
2004,360589,1,1,0,29,0,0,30,26,14,18,8,23
2004,360590,0,1,0,0,0,0,0,0,0,10,0,0
2004,360590,1,1,0,0,0,0,0,0,15,0,0,21
2004,360590,2,1,0,17,0,0,0,0,0,0,0,0
2004,360591,0,1,0,0,0,0,0,0,0,0,0,0
2004,360591,1,1,19,10,9,9,9,9,6,10,0,12
2004,360592,0,1,15,15,15,15,15,15,15,15,15,15
2004,360592,1,1,7,6,13,0,0,23,20,0,0,0
2004,360593,1,1,20,0,14,0,0,0,0,0,0,0
2004,360593,2,1,0,0,0,0,0,0,0,0,0,0
2004,360594,1,1,0,0,0,0,0,0,0,0,0,0
2004,360595,1,1,0,0,0,0,0,11,0,11,0,13
2004,360595,2,1,4,4,4,4,4,4,4,4,4,4
2004,360596,1,1,0,0,0,0,0,0,0,0,0,0
2004,360596,2,1,0,0,0,0,0,0,0,0,0,0
2004,360597,0,1,0,0,0,0,0,0,0,0,0,0
2004,360597,1,1,0,0,0,0,0,0,0,0,0,0
2004,360598,0,1,25,25,25,25,25,25,25,25,25,25
2004,360598,0,2,40,0,17,0,0,4,13,17,26,0
2004,360598,1,1,0,0,0,0,17,0,17,0,0,29
2004,360599,1,1,0,0,0,0,0,0,0,0,0,0
2004,360600,0,1,17,0,0,0,0,0,0,0,11,0
2004,360600,1,1,0,22,0,0,0,0,15,0,0,0
2004,360601,1,1,6,6,6,6,6,6,6,6,6,6
2004,360602,0,1,0,0,0,0,0,0,0,0,0,0
2004,360602,1,1,0,0,0,0,0,0,0,0,0,0
2004,360603,1,1,0,0,0,0,0,0,0,0,0,0
2004,360603,2,1,0,0,0,0,0,0,0,15,0,0
2004,360604,1,1,0,3,0,0,0,5,0,0,0,0
2004,360604,2,1,0,0,0,0,0,0,0,0,0,0
2004,360604,3,1,0,0,0,0,0,0,0,0,0,0
2004,360605,0,1,13,13,13,13,13,13,13,13,13,13
2004,360605,1,1,9,20,0,0,0,0,9,16,16,0
2004,360606,1,1,0,0,0,0,0,0,0,0,0,0
2004,360606,2,1,0,18,0,0,0,0,0,0,0,0
2004,360607,1,1,0,0,0,0,0,0,0,0,0,0
2004,360608,0,1,0,0,0,0,0,0,0,0,0,0
2004,360608,1,1,0,0,0,0,0,0,0,0,0,20
2004,360609,1,1,21,29,19,18,35,41,30,20,25,18
2004,360610,1,1,10,0,28,0,15,11,0,19,17,10
2004,360611,1,1,0,0,0,0,0,0,0,0,0,0
2004,360611,2,1,10,0,0,0,0,0,0,0,0,0
2004,360611,3,1,0,9,0,0,0,0,0,0,0,0
2004,360612,1,1,0,0,11,0,0,0,19,0,0,0
2004,360612,2,1,0,0,17,0,15,22,13,21,8,0
2004,360613,0,1,24,29,31,0,0,0,0,24,0,0
2004,360613,1,1,16,0,0,0,8,0,23,0,0,8
2004,360614,1,1,0,19,0,7,0,0,0,19,10,0
2004,360615,1,1,0,0,0,0,0,0,0,0,0,0
2004,360616,0,1,19,0,0,0,0,0,0,0,0,0
2004,360616,1,1,0,0,0,0,0,0,0,0,0,0
2004,360617,1,1,0,0,0,0,0,0,0,0,0,0
2004,360617,2,1,0,0,0,0,0,0,0,0,0,0
2004,360618,1,1,0,0,0,0,0,0,0,0,0,0
2004,360618,2,1,0,0,0,0,0,0,0,9,0,0
2004,360619,1,1,12,12,12,12,12,12,12,12,12,12
2004,360619,2,1,0,0,0,0,17,0,0,0,0,0
2004,360620,1,1,0,0,0,0,0,0,0,0,0,0
2004,360621,1,1,0,0,0,0,0,0,0,0,0,0
2004,360621,2,1,0,0,0,0,0,0,0,0,0,0
2004,360622,1,1,0,0,0,0,0,0,0,0,0,0
2004,360622,2,1,0,0,0,0,0,6,0,0,0,0
2004,360622,3,1,0,0,0,0,0,0,0,0,0,0
2004,360623,1,1,0,0,0,0,0,0,0,0,0,0
2004,360623,2,1,1,1,1,1,1,1,1,1,1,1
2004,360624,1,1,0,0,23,0,9,0,0,16,0,37
2004,360625,1,1,0,0,0,0,0,0,0,0,0,0
2004,360625,2,1,0,0,0,13,0,0,0,0,0,0
2004,360626,1,1,0,0,0,0,0,0,0,0,0,0
2004,360627,1,1,13,13,13,13,13,13,13,13,13,13
2004,360627,2,1,0,0,0,0,0,0,0,0,0,0
2004,360628,1,1,33,0,0,0,0,0,0,0,0,0
2004,360628,2,1,17,17,17,17,17,17,17,17,17,17
2004,360629,1,1,0,0,0,0,0,0,0,0,0,0
2004,360630,0,1,0,0,4,22,0,0,0,9,0,0
2004,360630,0,2,0,0,17,17,0,0,0,18,12,16
2004,360630,1,1,0,0,19,5,0,0,0,15,0,0
2004,360631,1,1,16,16,16,16,16,16,16,16,16,16
2004,360632,1,1,10,28,22,12,22,14,8,8,16,13
2004,360632,2,1,0,0,0,0,0,0,0,0,0,0
2004,360633,1,1,18,13,15,12,12,5,27,13,27,9
2004,360633,2,1,6,0,0,0,0,0,0,0,0,16
2004,360634,1,1,0,0,0,0,0,0,0,0,0,0
2004,360635,1,1,0,0,0,0,8,4,0,0,0,0
2004,360636,1,1,0,0,0,0,17,0,0,0,0,0
2004,360636,2,1,9,9,9,9,9,9,9,9,9,9
2004,360637,1,1,0,0,0,0,0,0,0,10,0,0
2004,360638,0,1,12,32,41,27,0,26,15,30,18,0
2004,360638,1,1,28,15,11,18,0,32,0,14,3,51
2004,360639,1,1,0,0,0,0,0,0,0,0,0,0
2004,360639,2,1,0,0,0,0,0,0,0,0,0,0
2004,360640,1,1,0,0,0,0,0,0,0,0,0,0
2004,360640,2,1,0,27,0,0,0,0,15,19,5,0
2004,360641,1,1,0,0,0,0,0,0,0,0,0,0
2004,360641,2,1,0,5,0,0,0,0,0,0,0,0
2004,360642,0,1,0,15,6,16,0,25,0,0,22,15
2004,360642,1,1,14,0,26,0,0,12,0,25,25,0
2004,360643,1,1,0,0,0,0,0,0,0,0,0,0
2004,360644,1,1,0,0,0,0,20,0,0,0,0,0
2004,360644,2,1,0,0,0,0,0,0,0,0,0,0
2004,360645,1,1,0,0,0,0,0,0,0,0,0,0
2004,360646,1,1,3,3,3,3,3,3,3,3,3,3
2004,360646,2,1,0,0,0,0,0,0,15,27,3,16
2004,360647,0,1,0,0,0,0,0,27,45,8,0,0
2004,360647,1,1,30,0,25,12,0,0,11,8,0,0
2004,360648,1,1,3,3,3,3,3,3,3,3,3,3
2004,360649,1,1,0,0,0,0,0,0,0,0,0,0
2004,360649,2,1,0,0,0,0,0,0,0,0,0,0
2004,360650,0,1,0,0,0,0,0,0,0,0,0,0
2004,360650,1,1,0,0,0,0,0,0,18,0,0,0
2004,360651,1,1,9,9,9,9,9,9,9,9,9,9
2004,360652,1,1,8,8,8,8,8,8,8,8,8,8
2004,360653,1,1,21,21,21,21,21,21,21,21,21,21
2004,360654,1,1,13,0,13,9,11,23,3,19,23,28
2004,360655,1,1,0,2,0,0,0,0,0,0,0,4
2004,360655,2,1,7,7,7,7,7,7,7,7,7,7
2004,360656,0,1,25,25,25,25,25,25,25,25,25,25
2004,360656,1,1,0,0,10,13,7,16,0,6,0,0
2004,360657,0,1,0,0,0,0,0,0,0,0,0,0
2004,360657,1,1,37,0,0,0,0,0,0,0,0,0
2004,360658,1,1,0,0,0,0,0,0,0,0,0,0
2004,360658,2,1,0,0,0,0,0,7,0,0,0,0
2004,360659,0,1,1,1,1,1,1,1,1,1,1,1
2004,360659,0,2,1,1,1,1,1,1,1,1,1,1
2004,360659,1,1,0,0,0,0,0,0,0,0,8,0
2004,360660,1,1,0,0,0,0,0,0,0,0,0,0
2004,360660,2,1,0,0,0,0,0,0,0,0,0,0
2004,360661,0,1,0,0,0,0,0,0,0,0,0,0
2004,360661,1,1,0,0,0,0,0,0,0,0,0,0
2004,360662,0,1,0,0,0,0,0,0,0,0,0,0
2004,360662,1,1,0,0,0,0,0,0,0,0,0,0
2004,360663,0,1,0,0,0,0,0,0,0,0,0,0
2004,360663,1,1,0,0,0,0,0,0,6,0,0,0
2004,360664,1,1,0,0,0,0,0,0,0,0,0,0
2004,360665,1,1,18,18,18,18,18,18,18,18,18,18
2004,360666,1,1,0,0,0,0,0,0,0,0,0,0
2004,360666,2,1,0,0,0,0,0,0,0,0,0,0
2004,360666,3,1,0,17,0,0,0,4,0,0,0,0
2004,360667,1,1,0,0,0,0,0,0,0,0,0,0
2004,360667,2,1,0,0,0,0,0,0,0,18,16,0
2004,360668,1,1,0,0,0,0,0,0,0,0,0,0
2004,360668,2,1,0,0,0,0,0,0,0,0,0,0
2004,360669,1,1,25,25,25,25,25,25,25,25,25,25
2004,360670,1,1,0,0,0,0,3,0,0,0,0,0
2004,360670,2,1,9,0,0,0,5,0,0,0,0,0
2004,360671,1,1,9,14,4,10,16,5,10,14,11,13
2004,360671,2,1,0,0,22,0,3,0,0,13,7,0
2004,360672,1,1,9,9,9,9,9,9,9,9,9,9
2004,360673,1,1,0,0,0,0,0,0,0,0,0,0
2004,360673,2,1,0,0,0,0,0,0,0,0,0,0
2004,360674,0,1,0,0,0,0,0,0,0,0,0,0
2004,360674,1,1,30,9,20,0,15,0,0,27,13,0
2004,360675,1,1,14,14,14,14,14,14,14,14,14,14
2004,360676,1,1,0,0,0,0,0,0,0,0,0,0
2004,360677,0,1,0,0,0,0,0,0,0,0,0,0
2004,360677,1,1,0,0,0,0,0,0,0,0,0,0
2004,360678,1,1,0,0,0,0,0,12,0,0,18,0
2004,360678,2,1,20,20,20,20,20,20,20,20,20,20
2004,360679,1,1,0,0,0,0,0,0,0,0,0,0
2004,360679,2,1,0,0,0,17,7,0,19,0,0,0
2004,360680,1,1,27,0,0,0,0,0,0,0,0,0
2004,360680,2,1,0,0,0,0,0,0,0,0,0,0
2004,360681,1,1,0,0,0,0,0,0,0,0,0,0
2004,360681,2,1,0,0,18,16,17,17,0,0,0,15
2004,360682,1,1,0,0,0,0,0,0,0,0,0,0
2004,360683,1,1,0,0,0,0,0,0,0,0,0,0
2004,360683,2,1,0,0,0,0,0,0,0,2,0,0
2004,360684,0,1,7,15,49,21,13,0,16,14,21,15
2004,360684,1,1,0,16,15,0,4,0,13,0,6,2
2004,360685,1,1,10,23,0,16,24,5,17,19,28,14
2004,360686,1,1,0,0,0,0,0,0,0,0,0,0
2004,360687,1,1,28,31,26,16,9,17,9,3,22,41
2004,360688,1,1,6,0,0,0,13,0,0,0,0,0
2004,360689,0,1,22,22,22,22,22,22,22,22,22,22
2004,360689,1,1,0,0,0,0,0,0,0,0,0,0
2004,360690,1,1,0,0,0,0,0,0,0,0,0,0
2004,360690,2,1,24,26,11,0,0,0,22,19,0,0
2004,360691,1,1,14,15,16,20,17,16,23,20,0,22
2004,360692,0,1,0,0,0,0,0,0,0,0,0,0
2004,360692,1,1,0,0,28,0,0,0,20,0,0,0
2004,360693,0,1,0,0,0,0,0,0,0,0,0,0
2004,360693,1,1,42,27,27,8,9,11,20,17,7,15
2004,360694,1,1,0,0,0,0,0,0,0,0,0,0
2004,360694,2,1,0,0,10,4,0,0,0,0,0,0
2004,360695,1,1,0,0,0,0,0,0,0,0,0,0
2004,360695,2,1,0,0,0,0,0,0,0,0,0,13
2004,360696,1,1,0,0,0,0,0,0,0,0,0,0
2004,360696,2,1,0,0,0,0,0,0,0,0,0,0
2004,360697,0,1,0,0,0,0,0,0,0,0,0,0
2004,360697,1,1,0,0,0,0,0,8,0,0,0,0
2004,360698,1,1,0,0,16,21,19,22,39,23,12,15
2004,360699,1,1,0,0,0,0,0,0,0,0,0,0
2004,360699,2,1,0,0,0,0,0,0,0,0,0,0
2004,360700,1,1,0,10,0,0,0,0,0,0,0,0
2004,360700,2,1,0,0,0,0,0,0,0,0,0,0
2004,360701,1,1,0,0,0,0,0,0,0,0,0,0
2004,360702,1,1,0,0,0,8,18,0,0,0,11,0
2004,360703,1,1,0,0,0,0,0,0,0,0,0,0
2004,360704,0,1,0,0,0,0,0,0,0,0,0,0
2004,360704,0,2,0,0,0,0,0,0,0,0,0,0
2004,360704,1,1,24,17,9,0,25,16,34,0,12,19
2004,360705,0,1,0,0,0,0,0,0,0,0,0,0
2004,360705,1,1,0,0,0,0,0,0,0,0,0,0
2004,360706,0,1,0,0,0,0,0,0,0,0,0,0
2004,360706,1,1,0,0,0,0,0,0,0,0,0,0
2004,360707,1,1,0,0,0,0,0,0,0,0,0,0
2004,360707,2,1,0,0,0,0,0,0,0,0,0,0
2004,360708,1,1,7,15,0,18,9,23,23,12,0,0
2004,360709,1,1,0,14,0,0,20,19,18,23,18,16
2004,360710,0,1,0,0,0,0,0,0,0,3,0,0
2004,360710,0,2,15,5,0,12,0,21,0,0,0,0
2004,360710,1,1,0,0,0,15,0,0,0,0,0,0
2004,360711,1,1,0,0,0,0,0,0,0,0,0,0
2004,360712,1,1,22,22,22,22,22,22,22,22,22,22
2004,360713,0,1,0,0,0,0,0,0,0,0,0,0
2004,360713,1,1,0,0,0,0,22,0,0,0,0,0
2004,360714,1,1,0,0,0,0,0,0,0,0,0,0
2004,360714,2,1,12,12,12,12,12,12,12,12,12,12
2004,360714,3,1,0,0,0,12,0,0,0,5,0,0
2004,360715,1,1,0,0,0,0,0,0,0,0,0,0
2004,360715,2,1,0,0,0,0,0,0,0,0,0,0
2004,360716,1,1,0,0,0,0,0,0,0,0,0,0
2004,360717,1,1,0,0,0,0,0,0,0,0,0,0
2004,360717,2,1,0,0,0,0,0,0,0,0,0,0
2004,360718,1,1,0,0,0,0,0,0,0,0,0,0
2004,360718,2,1,0,0,0,0,0,0,0,0,0,0
2004,360719,1,1,0,0,0,0,0,0,0,0,0,0
2004,360719,2,1,14,14,14,14,14,14,14,14,14,14
2004,360720,0,1,0,0,21,0,27,8,0,10,0,0
2004,360720,1,1,15,0,0,0,0,0,0,0,0,0
2004,360721,0,1,0,0,0,0,0,0,0,0,0,3
2004,360721,1,1,1,0,0,0,0,0,0,0,0,0
2004,360722,0,1,11,0,36,30,20,20,0,15,23,0
2004,360722,1,1,0,33,0,0,14,0,21,0,0,0
2004,360723,0,1,0,0,0,0,0,0,0,0,0,0
2004,360723,1,1,0,0,14,0,0,0,0,0,0,0
2004,360724,1,1,0,0,0,0,0,0,6,0,0,0
2004,360725,1,1,28,28,28,28,28,28,28,28,28,28
2004,360726,0,1,7,0,0,0,0,0,0,4,12,0
2004,360726,1,1,0,13,0,0,0,0,0,8,21,4
2004,360727,1,1,17,18,17,24,24,21,17,17,25,22
2004,360728,1,1,0,0,0,0,0,0,0,0,0,0
2004,360728,2,1,0,0,0,0,0,0,0,0,0,0
2004,360729,1,1,9,34,25,0,8,20,0,0,0,0
2004,360730,1,1,0,0,0,0,0,0,0,0,6,28
2004,360730,2,1,0,0,0,0,0,0,0,0,0,0
2004,360731,1,1,0,0,0,0,13,27,14,17,8,26
2004,360732,1,1,3,3,3,3,3,3,3,3,3,3
2004,360733,1,1,0,0,0,0,0,0,0,0,0,0
2004,360734,1,1,0,0,0,0,0,0,0,0,0,0
2004,360734,2,1,0,12,0,0,0,0,0,0,0,0
2004,360735,1,1,0,0,0,0,0,0,0,0,0,0
2004,360735,2,1,6,6,6,6,6,6,6,6,6,6
2004,360736,1,1,23,23,23,23,23,23,23,23,23,23
2004,360737,1,1,10,10,0,0,13,0,0,23,0,0
2004,360737,2,1,0,0,0,0,0,0,0,24,15,0
2004,360738,1,1,0,0,0,0,0,0,0,0,0,0
2004,360738,2,1,0,0,0,0,8,0,0,0,0,0
2004,360739,1,1,1,1,1,1,1,1,1,1,1,1
2004,360740,1,1,0,0,0,7,0,0,8,12,0,0
2004,360740,2,1,0,0,0,0,0,0,0,0,0,0
2004,360741,1,1,0,0,0,0,0,0,0,0,0,0
2004,360742,0,1,1,1,1,1,1,1,1,1,1,1
2004,360742,1,1,0,0,0,0,0,0,0,12,0,0
2004,360743,1,1,12,12,12,12,12,12,12,12,12,12
2004,360743,2,1,0,0,0,0,0,0,0,0,0,0
2004,360744,1,1,0,0,0,0,0,0,0,0,0,0
2004,360745,1,1,6,6,6,6,6,6,6,6,6,6
2004,360746,1,1,0,0,0,0,24,0,0,0,0,0
2004,360747,0,1,7,20,18,21,27,0,0,21,23,12
2004,360747,1,1,0,0,9,3,0,0,0,0,0,0
2004,360748,1,1,0,0,0,35,5,32,0,0,0,0
2004,360749,1,1,0,0,0,0,0,0,0,0,0,0
2004,360749,2,1,0,0,0,0,0,0,0,0,0,0
2004,360750,1,1,0,0,0,0,0,0,0,0,0,13
2004,360750,2,1,0,0,0,0,0,0,0,0,0,0
2004,360751,1,1,0,0,0,0,0,0,0,0,0,0
2004,360751,2,1,0,0,0,0,0,0,0,0,0,0
2004,360752,1,1,0,0,0,0,13,0,15,0,0,0
2004,360753,1,1,0,5,0,0,0,0,0,0,0,0
2004,360754,1,1,8,8,8,8,8,8,8,8,8,8
2004,360755,1,1,0,0,0,0,0,0,0,0,0,0
2004,360755,2,1,0,0,0,0,0,0,0,0,0,0
2004,360756,1,1,0,0,0,0,14,0,0,0,0,0
2004,360756,2,1,0,0,0,0,0,0,0,0,0,0
2004,360757,0,1,0,0,0,0,0,0,0,0,0,0
2004,360757,1,1,0,0,0,0,0,0,0,0,0,0
2004,360758,1,1,9,0,0,0,0,0,17,0,27,0
2004,360759,0,1,5,10,0,0,26,34,21,25,0,0
2004,360759,1,1,0,0,0,0,0,0,0,0,0,0
2004,360760,1,1,0,6,0,0,0,0,0,0,0,0
2004,360760,2,1,28,0,0,0,0,0,0,0,0,0
2004,360761,0,1,0,0,0,0,0,0,0,0,0,0
2004,360761,0,2,0,0,0,0,0,25,0,0,0,0
2004,360761,1,1,14,0,0,0,0,0,0,0,0,0
2004,360761,2,1,12,0,0,0,0,0,0,0,0,20
2004,360762,1,1,13,13,17,10,0,22,9,0,9,7
2004,360763,1,1,0,0,0,0,0,0,0,0,0,0
2004,360763,2,1,0,0,0,0,0,0,0,0,0,0
2004,360764,1,1,20,20,20,20,20,20,20,20,20,20
2004,360764,2,1,0,0,0,0,0,9,0,0,0,0
2004,360764,3,1,0,0,0,21,0,0,19,0,0,0
2004,360764,4,1,0,0,0,0,0,0,0,0,0,0
2004,360765,1,1,17,20,15,15,12,23,27,0,24,22
2004,360766,1,1,13,13,13,13,13,13,13,13,13,13
2004,360767,1,1,8,0,0,0,0,13,0,0,0,0