YEAR,ST_CASE,veh_no,per_no,P1,P2,P3,P4,P5,P6,P7,P8,P9,P10
2004,360767,2,1,0,0,0,0,0,0,0,0,0,0
2004,360768,1,1,0,0,0,0,0,0,0,0,0,0
2004,360769,0,1,0,0,0,0,0,0,0,0,0,0
2004,360769,1,1,0,0,0,0,0,0,0,0,0,0
2004,360769,2,1,0,0,0,23,0,0,16,0,0,9
2004,360770,1,1,0,0,0,0,0,0,0,0,0,0
2004,360770,2,1,0,0,0,0,0,0,0,0,0,13
2004,360771,1,1,0,0,0,0,0,0,0,0,0,0
2004,360771,2,1,0,37,0,0,0,0,5,0,0,0
2004,360772,0,1,0,0,0,0,0,0,0,0,0,0
2004,360772,1,1,1,1,1,1,1,1,1,1,1,1
2004,360773,1,1,0,0,0,0,0,0,0,0,0,0
2004,360773,2,1,30,4,0,18,0,23,0,8,0,0
2004,360774,1,1,0,0,17,0,21,0,0,13,0,2
2004,360774,2,1,0,0,0,0,0,0,0,0,0,0
2004,360774,3,1,0,0,0,0,0,0,0,0,0,0
2004,360775,1,1,0,0,0,0,0,0,0,0,0,0
2004,360775,2,1,0,0,0,0,0,0,0,0,0,0
2004,360775,3,1,0,0,0,0,0,0,15,0,0,6
2004,360776,1,1,0,0,0,0,0,0,0,0,0,0
2004,360776,2,1,0,0,0,0,0,0,0,0,0,0
2004,360777,0,1,0,0,0,0,0,0,0,0,16,0
2004,360777,1,1,0,0,0,0,0,0,0,0,0,0
2004,360778,1,1,26,26,26,26,26,26,26,26,26,26
2004,360779,1,1,14,14,14,14,14,14,14,14,14,14
2004,360780,1,1,0,0,0,0,0,0,0,0,0,0
2004,360780,2,1,0,0,0,0,0,0,0,0,0,0
2004,360781,1,1,0,0,0,0,0,0,0,0,0,0
2004,360781,2,1,0,0,0,0,0,0,0,0,8,0
2004,360782,1,1,0,0,0,0,0,0,0,0,0,0
2004,360782,2,1,0,0,0,0,0,0,0,0,0,0
2004,360782,3,1,0,0,0,0,0,0,0,0,0,0
2004,360783,1,1,26,0,0,0,0,0,17,0,0,0
2004,360783,2,1,9,0,0,0,0,0,0,7,12,10
2004,360784,1,1,0,0,0,0,0,0,0,0,0,0
2004,360784,2,1,0,0,0,0,0,0,0,0,0,0
2004,360784,3,1,0,0,0,0,0,0,0,0,0,0
2004,360784,4,1,0,0,0,0,0,0,0,0,0,0
2004,360784,5,1,0,0,0,0,0,0,0,0,0,0
2004,360785,0,1,20,20,20,20,20,20,20,20,20,20
2004,360785,1,1,0,27,0,0,0,0,0,0,0,0
2004,360786,1,1,0,0,0,16,0,0,0,0,0,0
2004,360786,2,1,0,0,0,0,0,0,0,0,0,0
2004,360787,1,1,0,0,0,0,0,0,0,0,0,0
2004,360787,2,1,0,0,0,0,0,0,0,0,0,0
2004,360788,0,1,13,0,0,0,0,17,0,0,18,0
2004,360789,1,1,0,0,8,0,23,0,13,18,10,16
2004,360790,1,1,12,24,0,30,18,13,0,10,14,0
2004,360791,1,1,0,0,0,0,0,0,0,0,0,0
2004,360791,2,1,0,14,0,0,0,0,0,0,0,0
2004,360792,1,1,18,23,17,19,9,17,17,10,15,20
2004,360793,1,1,15,9,16,17,15,15,17,7,13,8
2004,360794,1,1,0,0,0,0,0,0,0,0,0,0
2004,360795,1,1,14,14,14,14,14,14,14,14,14,14
2004,360795,2,1,0,0,0,0,15,0,0,0,4,15
2004,360796,1,1,0,5,0,0,0,14,0,0,13,18
2004,360796,2,1,0,0,0,0,0,0,0,0,0,0
2004,360797,1,1,0,0,0,0,0,0,0,0,0,0
2004,360797,2,1,0,0,0,0,0,0,0,0,0,0
2004,360797,3,1,0,0,0,0,0,0,0,0,0,0
2004,360798,1,1,0,0,0,0,0,0,0,0,0,0
2004,360798,2,1,0,0,0,0,0,0,0,0,0,0
2004,360799,1,1,0,0,13,0,0,0,0,0,0,0
2004,360799,2,1,0,0,0,0,0,0,0,0,0,0
2004,360800,0,1,0,0,0,0,0,0,0,0,0,0
2004,360800,1,1,0,0,0,0,0,0,0,0,0,49
2004,360801,1,1,20,20,20,20,20,20,20,20,20,20
2004,360801,2,1,0,0,0,0,0,12,0,0,13,0
2004,360802,1,1,23,29,23,0,12,0,16,29,18,0
2004,360802,2,1,0,0,0,0,0,0,0,0,0,0
2004,360803,1,1,0,0,0,0,0,0,0,0,0,0
2004,360804,0,1,0,0,0,0,0,24,0,0,19,0
2004,360804,1,1,0,0,0,0,0,0,0,0,0,0
2004,360805,1,1,17,6,0,0,10,0,0,0,13,0
2004,360806,1,1,0,0,0,0,0,0,0,26,34,0
2004,360806,2,1,0,0,14,0,0,0,0,0,0,0
2004,360807,1,1,0,0,0,0,0,0,0,0,0,0
2004,360807,2,1,0,18,0,0,0,0,0,0,0,0
2004,360807,3,1,0,0,8,0,0,0,19,0,0,0
2004,360808,0,1,0,0,0,0,0,0,0,0,0,0
2004,360808,1,1,0,0,0,14,0,0,0,0,0,0
2004,360809,0,1,0,12,0,0,0,0,15,0,0,0
2004,360809,1,1,19,22,19,19,21,15,0,35,15,17
2004,360810,0,1,0,0,0,0,0,0,14,5,0,9
2004,360810,1,1,0,0,0,0,16,0,0,0,12,12
2004,360810,2,1,0,0,0,13,0,0,0,0,0,0
2004,360811,0,1,0,0,0,10,4,0,0,0,0,17
2004,360811,1,1,7,7,7,7,7,7,7,7,7,7
2004,360812,1,1,0,0,0,0,8,0,0,0,0,0
2004,360812,2,1,19,28,0,0,18,2,14,0,0,0
2004,360812,3,1,0,0,19,0,0,0,0,0,0,0
2004,360813,1,1,0,0,0,0,0,8,0,0,0,0
2004,360814,1,1,22,0,0,0,0,0,0,0,0,3
2004,360815,1,1,0,30,0,0,0,23,0,0,10,14
2004,360816,0,1,0,0,0,0,0,0,0,0,0,0
2004,360816,1,1,0,0,0,0,0,0,0,0,0,0
2004,360817,1,1,13,0,0,8,0,0,0,0,11,4
2004,360817,2,1,0,0,0,17,0,0,0,0,0,0
2004,360818,1,1,0,0,0,0,0,0,0,0,0,0
2004,360818,2,1,0,0,0,0,0,0,0,0,0,0
2004,360818,3,1,0,0,0,0,0,0,0,0,0,0
2004,360819,1,1,0,0,6,16,0,0,0,0,0,0
2004,360819,2,1,0,0,0,0,0,0,0,28,0,0
2004,360820,0,1,12,27,14,0,0,0,7,0,20,32
2004,360820,0,2,10,16,13,0,20,23,13,13,10,28
2004,360820,3,1,0,0,19,17,0,0,13,0,0,0
2004,360821,0,1,0,0,8,0,0,0,0,0,14,0
2004,360821,1,1,0,0,0,0,0,0,9,0,0,0
2004,360822,0,1,0,15,0,0,12,9,0,0,16,0
2004,360822,1,1,17,10,0,0,0,0,0,28,14,21
2004,360823,1,1,28,0,6,0,12,0,0,0,0,0
2004,360824,0,1,0,0,0,0,0,0,0,0,0,0
2004,360824,1,1,0,0,0,0,0,0,0,0,0,0
2004,360825,1,1,0,0,31,0,0,0,19,0,0,18
2004,360826,0,1,17,0,0,0,0,0,1,42,0,0
2004,360826,1,1,25,0,0,0,0,0,0,0,18,0
2004,360827,0,1,0,23,26,13,0,13,0,0,15,29
2004,360827,1,1,0,35,0,9,0,11,0,23,0,0
2004,360828,1,1,0,0,0,0,0,0,0,0,8,0
2004,360829,1,1,0,6,0,0,16,0,22,17,0,18
2004,360829,2,1,0,0,0,0,0,10,0,0,0,0
2004,360830,1,1,25,3,25,12,27,14,13,29,13,16
2004,360831,1,1,0,0,0,0,0,0,7,0,0,12
2004,360832,0,1,0,0,0,0,0,0,0,0,0,0
2004,360832,1,1,0,26,25,0,0,0,0,0,19,0
2004,360833,1,1,11,12,0,20,13,18,36,13,13,6
2004,360834,0,1,32,20,0,16,35,20,0,0,22,0
2004,360834,1,1,33,3,5,0,10,0,0,6,7,0
2004,360835,1,1,14,12,13,19,0,13,2,6,0,0
2004,360836,0,1,24,0,0,13,0,0,0,0,30,0
2004,360836,1,1,0,0,14,0,0,0,15,0,0,0
2004,360837,1,1,0,15,0,10,0,5,10,9,12,23
2004,360837,2,1,0,0,0,0,0,0,0,0,0,0
2004,360838,1,1,0,0,0,5,0,0,0,0,0,0
2004,360838,2,1,0,0,0,0,0,0,0,0,0,0
2004,360839,0,1,0,0,10,0,0,0,0,19,0,0
2004,360839,0,2,0,0,0,30,37,0,0,0,0,12
2004,360839,0,3,0,14,16,19,24,0,19,9,13,0
2004,360839,1,1,0,0,0,0,0,0,0,0,0,0
2004,360840,1,1,0,0,0,0,0,0,0,0,0,0
2004,360840,2,1,0,0,0,0,0,0,0,0,0,0
2004,360841,0,1,0,0,0,0,0,0,0,0,0,0
2004,360841,1,1,0,0,0,0,0,0,0,0,0,0
2004,360842,0,1,39,35,8,0,22,0,0,0,15,27
2004,360842,1,1,0,0,0,0,0,0,0,15,0,0
2004,360843,0,1,52,0,0,0,32,25,0,0,21,0
2004,360843,1,1,0,0,0,0,0,0,0,0,0,0
2004,360844,0,1,0,28,0,0,15,0,16,0,0,0
2004,360844,1,1,0,0,0,0,0,0,0,0,0,24
2004,360844,2,1,0,0,0,0,0,0,0,0,7,0
2004,360845,1,1,0,0,0,0,0,0,0,0,0,0
2004,360846,0,1,0,13,22,0,37,21,26,12,41,0
2004,360846,1,1,3,12,25,16,17,21,12,21,18,25
2004,360847,1,1,0,0,0,0,0,0,0,0,0,0
2004,360847,2,1,0,0,0,0,0,0,0,0,0,0
2004,360848,1,1,0,0,7,0,0,0,0,27,0,0
2004,360849,1,1,0,0,0,0,0,0,0,0,0,0
2004,360849,2,1,0,0,0,0,0,0,0,0,0,0
2004,360850,0,1,0,0,0,0,0,0,47,9,0,0
2004,360850,1,1,0,0,10,26,0,0,0,15,15,0
2004,360851,0,1,0,0,0,0,0,0,0,0,0,0
2004,360851,1,1,0,0,0,0,0,0,0,0,0,0
2004,360852,1,1,0,0,0,0,0,0,0,0,0,0
2004,360853,0,1,16,35,18,10,0,0,0,0,0,0
2004,360853,1,1,25,0,0,9,0,0,0,10,9,0
2004,360854,1,1,0,0,0,0,0,0,0,0,11,0
2004,360854,2,1,0,0,3,0,0,0,8,0,0,13
2004,360855,1,1,0,0,12,8,6,15,0,0,0,0
2004,360855,2,1,0,0,25,6,0,0,0,0,0,0
2004,360856,1,1,16,0,0,0,3,0,28,0,0,0
2004,360856,2,1,0,0,0,0,0,9,0,0,0,17
2004,360857,0,1,5,0,0,0,0,0,0,0,0,0
2004,360857,1,1,0,21,0,25,0,0,0,0,0,0
2004,360858,0,1,16,29,0,0,11,32,0,0,20,5
2004,360858,1,1,0,0,0,0,16,0,20,0,14,0
2004,360859,1,1,0,0,0,0,0,0,0,16,20,0
2004,360860,1,1,0,0,0,0,0,0,0,0,0,0
2004,360860,2,1,0,0,0,0,0,0,0,0,0,0
2004,360861,1,1,0,0,0,0,0,0,0,0,0,0
2004,360861,2,1,0,0,0,0,0,0,0,0,0,0
2004,360862,1,1,0,0,0,0,0,0,0,0,0,0
2004,360862,2,1,0,0,6,0,0,0,0,0,0,0
2004,360863,0,1,0,0,0,0,0,14,9,22,33,42
2004,360863,1,1,0,0,0,0,0,22,0,0,0,0
2004,360864,0,1,0,0,0,0,0,0,0,0,0,0
2004,360864,1,1,0,0,0,0,0,0,0,0,0,0
2004,360865,0,1,41,0,30,20,33,0,8,20,26,34
2004,360865,1,1,6,6,6,6,6,6,6,6,6,6
2004,360866,0,1,0,0,0,0,0,0,0,0,0,0
2004,360866,1,1,0,0,0,23,0,0,0,0,0,0
2004,360867,1,1,0,0,0,0,0,0,0,0,0,0
2004,360867,2,1,0,0,0,0,0,0,0,0,0,0
2004,360868,1,1,0,0,0,0,0,14,0,0,0,7
2004,360868,2,1,0,0,6,21,0,0,0,0,0,0
2004,360869,1,1,0,0,0,21,12,0,0,0,10,0
2004,360869,2,1,0,0,0,16,0,0,0,0,0,0
2004,360870,1,1,0,0,0,0,0,0,0,18,0,0
2004,360870,2,1,0,0,0,0,0,0,0,0,0,0
2004,360871,0,1,0,0,0,0,0,0,26,0,0,0
2004,360871,1,1,15,15,15,15,15,15,15,15,15,15
2004,360872,1,1,0,0,0,0,0,0,0,0,0,0
2004,360873,1,1,0,0,0,0,0,0,0,0,0,0
2004,360873,2,1,0,0,0,0,0,0,0,0,0,0
2004,360874,1,1,0,0,0,0,0,0,0,0,0,0
2004,360875,0,1,0,0,0,0,0,0,0,0,0,0
2004,360875,1,1,0,0,0,0,0,0,0,0,0,0
2004,360876,1,1,0,0,0,0,0,0,0,0,0,0
2004,360876,2,1,0,0,0,0,0,0,0,0,0,0
2004,360877,0,1,0,0,0,0,0,0,0,0,0,0
2004,360877,0,2,0,12,0,0,0,27,22,0,11,0
2004,360877,1,1,0,0,0,14,0,0,0,0,0,0
2004,360878,1,1,16,0,9,0,15,0,0,0,0,0
2004,360879,1,1,0,0,0,0,0,0,0,0,0,0
2004,360879,2,1,0,0,0,0,0,0,0,0,0,0
2004,360880,1,1,0,0,0,0,0,0,0,0,0,0
2004,360880,2,1,0,0,0,0,19,0,24,0,0,0
2004,360881,1,1,0,0,0,0,0,0,0,0,0,0
2004,360882,1,1,0,0,0,0,0,0,0,0,0,0
2004,360882,2,1,0,0,0,0,0,0,0,0,0,0
2004,360883,0,1,0,0,0,0,0,0,0,0,0,11
2004,360883,1,1,0,0,0,0,0,0,0,0,0,16
2004,360884,1,1,10,10,10,10,10,10,10,10,10,10
2004,360885,1,1,0,5,6,0,21,20,0,0,0,15
2004,360885,2,1,15,21,12,11,13,12,22,9,8,13
2004,360886,0,1,15,0,0,0,0,0,0,0,4,14
2004,360886,1,1,0,0,0,0,0,0,0,0,0,0
2004,360887,0,1,19,19,19,19,19,19,19,19,19,19
2004,360887,1,1,0,21,0,0,0,0,0,2,0,31
2004,360888,1,1,27,27,27,27,27,27,27,27,27,27
2004,360889,0,1,0,0,0,0,0,0,0,0,0,0
2004,360889,1,1,0,0,0,0,0,0,0,0,0,0
2004,360890,0,1,12,12,12,12,12,12,12,12,12,12
2004,360890,1,1,23,23,0,7,8,8,0,26,5,6
2004,360891,1,1,0,0,0,0,0,0,0,0,0,10
2004,360891,2,1,0,0,0,0,0,0,0,0,0,0
2004,360892,1,1,0,2,0,0,0,0,0,0,0,0
2004,360892,2,1,0,0,0,0,0,0,0,0,0,0
2004,360893,0,1,0,0,0,0,0,0,0,0,0,0
2004,360893,1,1,0,0,0,0,0,0,0,0,0,0
2004,360894,0,1,0,0,0,0,0,0,0,0,0,0
2004,360894,1,1,0,0,0,0,0,0,0,0,19,0
2004,360895,1,1,0,0,0,0,0,0,0,0,0,0
2004,360895,2,1,0,0,0,0,0,0,0,0,0,0
2004,360896,1,1,0,0,0,0,0,0,0,0,0,0
2004,360896,2,1,0,0,0,0,0,19,0,0,0,0
2004,360897,1,1,0,0,0,0,0,0,0,0,0,0
2004,360897,2,1,0,0,0,0,0,0,0,0,0,0
2004,360898,1,1,22,22,22,22,22,22,22,22,22,22
2004,360898,2,1,0,0,15,0,0,12,0,0,0,0
2004,360899,1,1,0,0,0,15,0,0,0,0,0,0
2004,360900,1,1,18,18,18,18,18,18,18,18,18,18
2004,360901,1,1,16,17,13,0,13,0,26,0,11,0
2004,360902,1,1,0,0,0,0,0,0,0,0,0,0
2004,360902,2,1,0,0,0,0,0,0,0,0,23,0
2004,360903,1,1,0,0,0,0,0,0,0,0,0,0
2004,360903,2,1,0,0,0,0,0,0,0,0,0,0
2004,360904,1,1,0,0,0,0,0,0,0,0,0,0
2004,360904,2,1,0,0,0,0,0,0,0,0,0,21
2004,360905,1,1,0,0,0,0,0,0,0,0,0,0
2004,360906,1,1,0,0,12,0,0,0,0,14,0,0
2004,360907,1,1,18,18,18,18,18,18,18,18,18,18
2004,360908,1,1,26,19,23,8,20,19,19,6,16,11
2004,360909,1,1,16,16,16,16,16,16,16,16,16,16
2004,360909,2,1,0,5,0,0,0,20,0,0,0,0
2004,360910,0,1,0,0,11,0,0,0,0,0,0,23
2004,360910,1,1,0,0,0,0,0,0,0,0,0,0
2004,360911,1,1,10,0,9,0,0,18,21,0,12,0
2004,360912,1,1,24,4,16,18,34,16,10,2,0,15
2004,360912,2,1,0,0,0,5,0,0,0,14,16,0
2004,360913,1,1,14,14,14,14,14,14,14,14,14,14
2004,360914,1,1,0,0,0,0,0,0,0,0,0,0
2004,360915,1,1,0,0,0,0,0,0,0,0,0,0
2004,360916,1,1,0,0,0,0,0,0,0,0,0,0
2004,360916,2,1,0,0,0,0,5,0,0,0,0,0
2004,360916,3,1,0,0,0,0,0,0,0,0,0,0
2004,360917,1,1,0,0,17,0,0,0,0,8,0,0
2004,360917,2,1,0,0,0,0,0,0,0,0,0,0
2004,360918,1,1,0,0,0,0,0,0,0,0,0,0
2004,360919,0,1,0,0,0,0,0,0,0,0,0,0
2004,360919,1,1,0,0,0,0,0,0,0,0,0,0
2004,360920,1,1,19,19,19,19,19,19,19,19,19,19
2004,360921,1,1,0,0,0,0,0,0,0,0,0,0
2004,360921,2,1,0,0,0,0,0,0,0,0,0,0
2004,360922,1,1,0,0,0,0,0,0,0,0,0,0
2004,360922,2,1,10,0,0,0,0,0,0,0,0,0
2004,360923,1,1,0,13,0,0,0,0,0,0,12,15
2004,360924,1,1,9,17,16,10,8,8,0,8,9,21
2004,360925,1,1,0,0,0,0,0,0,0,0,15,0
2004,360925,2,1,0,0,0,0,0,0,0,0,0,0
2004,360926,0,1,0,0,0,0,0,0,0,0,0,0
2004,360926,1,1,0,0,0,0,0,15,0,0,0,0
2004,360927,1,1,0,0,0,0,0,0,8,0,0,0
2004,360928,1,1,0,0,0,0,0,0,0,0,0,0
2004,360928,2,1,0,0,0,0,0,0,0,0,0,0
2004,360928,3,1,0,0,0,0,0,0,0,0,0,0
2004,360929,0,1,5,5,5,5,5,5,5,5,5,5
2004,360929,1,1,0,0,0,5,0,0,31,0,0,0
2004,360930,0,1,0,0,0,0,0,0,0,0,0,0
2004,360930,1,1,0,0,0,0,0,0,0,0,0,0
2004,360931,0,1,8,0,0,16,0,4,15,30,38,32
2004,360931,1,1,0,14,0,35,0,0,0,0,0,0
2004,360931,2,1,6,0,0,0,0,22,0,0,0,0
2004,360932,0,1,0,0,0,0,0,0,0,0,0,0
2004,360932,1,1,10,0,0,0,0,0,12,0,0,3
2004,360933,1,1,0,0,0,0,0,0,10,21,0,6
2004,360934,1,1,0,0,0,0,0,0,0,0,16,0
2004,360934,2,1,0,0,0,0,0,0,0,0,0,0
2004,360935,1,1,0,0,0,0,0,0,0,0,0,0
2004,360935,2,1,0,0,0,0,0,0,0,0,0,0
2004,360936,1,1,0,0,0,0,0,0,0,0,0,0
2004,360936,2,1,0,0,0,0,0,0,0,0,0,0
2004,360937,1,1,0,0,0,0,0,0,0,0,0,0
2004,360938,1,1,13,13,13,13,13,13,13,13,13,13
2004,360939,1,1,0,0,0,0,0,0,0,0,0,0
2004,360939,2,1,0,0,0,0,0,0,9,0,0,0
2004,360940,1,1,22,22,22,22,22,22,22,22,22,22
2004,360941,1,1,32,0,7,0,0,0,0,0,0,0
2004,360942,1,1,31,11,13,0,0,17,6,11,0,23
2004,360943,1,1,0,13,0,0,0,0,8,0,18,0
2004,360943,2,1,0,0,0,0,0,0,0,0,0,0
2004,360944,0,1,0,0,22,40,22,0,40,38,21,0
2004,360944,1,1,6,0,0,0,0,0,0,14,5,0
2004,360945,0,1,0,0,0,0,0,0,0,0,0,0
2004,360945,1,1,0,0,0,0,0,0,0,0,0,0
2004,360946,0,1,0,0,0,0,0,0,0,0,0,0
2004,360946,1,1,0,0,0,0,0,0,0,0,0,0
2004,360947,0,1,0,0,36,0,0,0,18,0,38,0
2004,360947,1,1,0,0,0,23,0,0,24,10,0,0
2004,360948,1,1,33,0,0,0,33,11,0,0,0,0
2004,360949,1,1,20,16,16,22,0,27,19,9,0,11
2004,360950,1,1,0,0,0,0,0,0,0,0,0,0
2004,360951,0,1,0,0,0,0,0,0,0,0,0,0
2004,360951,1,1,0,0,0,0,0,0,0,0,0,0
2004,360952,1,1,0,13,11,10,0,0,0,0,0,0
2004,360952,2,1,18,0,0,0,0,0,0,0,0,0
2004,360953,0,1,0,39,0,27,0,16,47,12,0,0
2004,360953,1,1,5,5,5,5,5,5,5,5,5,5
2004,360954,0,1,0,0,0,0,0,0,0,0,0,0
2004,360954,1,1,0,0,0,0,0,0,0,0,0,0
2004,360955,1,1,14,0,0,7,6,8,0,0,14,0
2004,360956,1,1,20,18,0,31,0,0,0,25,0,11
2004,360956,2,1,0,0,11,0,0,0,0,0,0,0
2004,360957,1,1,21,0,0,0,0,0,0,0,0,0
2004,360957,2,1,0,0,0,0,0,0,0,0,0,0
2004,360958,1,1,0,0,0,0,0,0,0,0,0,0
2004,360958,2,1,0,0,0,0,0,0,0,0,0,0
2004,360959,1,1,4,4,4,4,4,4,4,4,4,4
2004,360960,1,1,0,0,0,0,0,0,0,10,0,0
2004,360960,2,1,0,0,0,0,12,0,0,8,0,0
2004,360960,3,1,0,0,19,23,0,10,0,0,0,14
2004,360961,1,1,14,14,14,14,14,14,14,14,14,14
2004,360961,2,1,0,8,8,13,0,0,12,0,0,0
2004,360962,1,1,0,0,0,0,0,0,0,0,0,0
2004,360963,0,1,0,9,0,26,26,16,18,0,0,0
2004,360963,1,1,0,0,0,0,0,0,0,0,0,0
2004,360964,0,1,23,23,23,23,23,23,23,23,23,23
2004,360964,1,1,0,0,0,0,0,0,0,0,0,0
2004,360965,1,1,0,0,0,0,0,0,0,0,0,0
2004,360966,1,1,23,23,23,23,23,23,23,23,23,23
2004,360967,0,1,0,0,0,0,0,0,0,0,0,0
2004,360967,1,1,0,0,0,17,0,0,0,0,0,0
2004,360968,0,1,0,0,0,0,0,0,0,0,0,0
2004,360968,1,1,0,30,0,0,28,0,0,0,0,0
2004,360969,1,1,18,18,18,18,18,18,18,18,18,18
2004,360970,0,1,0,0,0,0,0,0,0,0,0,0
2004,360970,1,1,0,0,0,0,0,0,0,0,0,0
2004,360971,1,1,21,0,27,14,17,14,21,18,7,9
2004,360971,2,1,0,0,0,0,0,0,17,0,0,15
2004,360972,0,1,20,20,20,20,20,20,20,20,20,20
2004,360972,1,1,0,0,0,0,25,0,0,0,0,23
2004,360973,1,1,0,0,0,0,0,0,0,0,0,0
2004,360973,2,1,0,0,0,0,0,0,0,0,0,0
2004,360974,1,1,0,0,0,0,0,0,0,0,0,0
2004,360974,2,1,0,0,0,0,0,0,0,0,0,0
2004,360975,0,1,0,0,0,0,0,0,0,0,0,0
2004,360975,1,1,0,0,7,0,14,26,0,8,0,0
2004,360976,1,1,24,0,0,0,0,0,8,0,0,0
2004,360976,2,1,0,0,0,0,0,0,0,0,0,0
2004,360977,0,1,24,24,24,24,24,24,24,24,24,24
2004,360977,1,1,0,0,8,0,0,9,0,0,0,0
2004,360978,1,1,0,0,0,0,0,0,14,17,0,0
2004,360979,1,1,11,22,21,5,19,13,33,18,20,20
2004,360980,0,1,16,0,0,0,0,0,0,0,0,0
2004,360980,1,1,0,0,16,28,0,0,0,0,10,0
2004,360981,0,1,0,0,0,0,0,0,0,0,0,0
2004,360981,1,1,0,0,0,0,0,0,0,11,0,0
2004,360982,1,1,0,4,2,0,0,9,0,0,0,0
2004,360982,2,1,0,8,0,10,0,18,0,0,0,0
2004,360983,0,1,0,0,0,0,0,0,0,0,12,0
2004,360983,1,1,0,0,0,0,0,0,0,0,0,0
2004,360984,1,1,0,11,14,0,17,0,0,0,0,0
2004,360985,1,1,0,0,0,0,0,0,0,0,0,0
2004,360985,2,1,0,0,0,0,0,0,0,0,0,0
2004,360986,1,1,0,0,0,0,0,0,0,0,0,0
2004,360986,2,1,14,7,26,18,10,20,23,14,11,10
2004,360987,1,1,0,0,0,0,0,0,0,0,0,0
2004,360988,1,1,26,21,9,11,26,17,8,14,17,0
2004,360989,1,1,0,30,0,0,0,0,8,0,0,0
2004,360989,2,1,0,0,0,0,0,0,0,0,0,0
2004,360990,0,1,0,13,28,0,15,36,12,0,0,0
2004,360990,1,1,0,0,0,0,0,14,0,0,0,0
2004,360991,1,1,21,0,19,15,0,32,10,30,22,27
2004,360992,1,1,20,0,0,0,45,0,0,15,15,0
2004,360992,2,1,30,30,21,30,15,16,11,13,22,14
2004,360992,3,1,0,0,0,0,0,0,0,0,0,0
2004,360993,1,1,0,0,0,0,0,0,0,0,0,0
2004,360993,2,1,0,0,0,0,0,0,0,0,0,0
2004,360994,1,1,0,0,0,0,0,9,0,0,0,0
2004,360994,2,1,0,0,0,0,0,0,0,0,0,0
2004,360995,1,1,0,0,0,0,15,0,0,15,0,19
2004,360996,1,1,0,0,0,0,0,0,0,0,0,0
2004,360997,1,1,24,0,0,20,25,0,0,0,16,7
2004,360998,0,1,0,0,0,0,0,0,0,0,0,0
2004,360998,1,1,0,0,0,0,0,0,0,0,0,0
2004,360999,0,1,0,0,0,0,0,0,0,0,0,0
2004,360999,1,1,0,0,0,0,0,0,0,0,19,0
2004,361000,1,1,0,0,0,15,0,0,6,8,0,0
2004,361000,2,1,0,7,0,0,0,0,0,0,0,0
2004,361001,1,1,0,0,0,0,0,0,0,0,0,0
2004,361001,2,1,0,0,5,0,0,0,0,0,0,0
2004,361002,1,1,0,0,0,0,0,0,0,0,0,0
2004,361003,1,1,0,0,0,0,0,0,0,0,0,0
2004,361004,1,1,21,21,21,21,21,21,21,21,21,21
2004,361005,1,1,20,20,20,20,20,20,20,20,20,20
2004,361006,1,1,0,0,0,0,3,0,0,0,0,0
2004,361007,1,1,0,0,7,12,8,0,0,0,12,0
2004,361007,2,1,14,0,0,0,0,0,0,0,0,0
2004,361008,1,1,0,0,0,0,0,18,0,0,0,0
2004,361008,2,1,13,0,0,0,0,0,0,0,0,0
2004,361009,1,1,0,0,0,0,0,0,0,0,0,0
2004,361009,2,1,0,0,0,0,0,0,0,0,0,0
2004,361010,1,1,13,3,8,16,12,5,3,20,20,6
2004,361011,1,1,0,0,0,0,0,0,0,0,0,0
2004,361012,1,1,12,10,31,7,0,14,33,4,5,19
2004,361013,0,1,0,0,0,0,0,0,0,0,0,0
2004,361013,1,1,0,0,0,0,0,0,0,0,0,0
2004,361014,0,1,14,0,0,0,0,0,0,0,0,0
2004,361014,1,1,0,0,0,25,0,0,0,0,8,0
2004,361015,1,1,27,27,27,27,27,27,27,27,27,27
2004,361016,1,1,0,0,0,0,0,0,0,0,0,0
2004,361017,1,1,13,26,30,13,28,13,21,20,26,9
2004,361018,1,1,0,0,0,12,0,0,0,0,0,0
2004,361019,1,1,21,21,21,21,21,21,21,21,21,21
2004,361020,1,1,24,23,14,4,12,19,13,30,16,15
2004,361020,2,1,0,14,0,9,0,8,0,8,13,25
2004,361021,1,1,0,46,0,0,0,0,0,0,13,13
2004,361022,1,1,0,0,0,2,0,0,0,0,0,0
2004,361022,2,1,3,0,0,0,0,0,0,0,0,0
2004,361023,1,1,29,29,29,29,29,29,29,29,29,29
2004,361024,1,1,0,0,0,0,0,0,0,0,0,0
2004,361025,1,1,0,0,0,0,0,0,0,0,0,0
2004,361025,2,1,0,0,0,0,16,12,0,0,0,30
2004,361026,1,1,0,0,0,0,0,0,0,0,0,0
2004,361026,2,1,5,20,21,17,0,8,23,12,20,0
2004,361027,1,1,0,0,0,0,0,0,0,0,0,0
2004,361027,2,1,0,0,0,0,0,0,0,0,0,0
2004,361027,3,1,0,0,0,0,0,0,0,0,0,0
2004,361027,4,1,0,0,0,0,0,0,0,0,0,0
2004,361027,5,1,0,0,0,0,0,0,0,0,0,0
2004,361028,1,1,14,14,14,14,14,14,14,14,14,14
2004,361029,1,1,0,0,0,0,0,0,0,0,0,0
2004,361030,1,1,0,0,0,15,15,0,0,15,0,0