YEAR,ST_CASE,veh_no,per_no,P1,P2,P3,P4,P5,P6,P7,P8,P9,P10
2004,361285,1,1,0,0,0,0,0,0,0,0,0,0
2004,361286,1,1,0,0,10,0,0,0,0,23,0,0
2004,361287,0,1,0,0,0,0,0,0,0,0,0,0
2004,361287,1,1,0,0,0,0,0,0,0,0,0,0
2004,361288,0,1,0,0,0,0,0,0,0,0,0,0
2004,361288,1,1,0,0,0,0,0,0,0,0,0,0
2004,361289,0,1,0,0,0,0,18,0,0,0,0,0
2004,361289,1,1,0,0,0,0,0,0,0,17,0,0
2004,361290,1,1,0,0,0,0,0,0,0,0,0,0
2004,361291,0,1,0,0,0,0,0,0,0,0,0,0
2004,361291,1,1,13,29,16,20,15,18,5,2,19,11
2004,361292,0,1,0,0,0,0,0,10,0,0,0,20
2004,361292,1,1,0,0,0,0,0,0,0,0,0,0
2004,361293,1,1,0,0,23,21,12,0,29,15,12,0
2004,361294,1,1,0,0,0,0,0,0,0,0,0,0
2004,361294,2,1,0,0,14,0,0,0,0,0,0,0
2004,361295,0,1,0,30,23,14,12,37,17,21,21,0
2004,361295,1,1,0,0,0,0,0,0,0,0,0,0
2004,361296,1,1,8,0,16,0,21,23,8,14,0,4
2004,361296,2,1,0,12,0,0,6,6,2,0,0,0
2004,361297,0,1,0,0,0,21,0,26,15,0,0,0
2004,361297,1,1,0,0,0,0,0,0,14,0,0,0
2004,361298,0,1,0,0,42,36,15,4,19,10,0,0
2004,361298,1,1,0,0,5,0,0,0,0,8,0,0
2004,361299,1,1,0,0,0,0,0,0,0,0,0,0
2004,361300,0,1,4,0,35,30,32,0,13,29,19,0
2004,361300,1,1,0,0,0,0,14,16,0,0,0,14
2004,361301,0,1,0,0,16,11,33,43,20,8,22,21
2004,361301,1,1,11,7,0,5,0,23,29,0,0,0
2004,361302,0,1,11,0,0,16,27,13,0,0,19,19
2004,361302,1,1,0,0,0,0,0,0,0,0,0,0
2004,361303,0,1,0,0,0,0,0,0,0,15,0,0
2004,361303,1,1,0,0,0,0,0,0,0,0,0,0
2004,361304,1,1,24,24,22,0,24,12,14,38,0,13
2004,361305,1,1,16,13,12,42,26,23,11,16,33,13
2004,361306,0,1,0,0,0,0,0,0,0,0,0,0
2004,361306,1,1,0,0,0,26,0,0,0,0,0,0
2004,361307,1,1,0,0,0,12,0,23,0,0,0,0
2004,361308,1,1,0,0,20,13,30,2,0,25,0,18
2004,361309,1,1,0,0,20,0,0,0,0,0,0,0
2004,361310,1,1,0,0,0,0,21,0,0,0,0,0
2004,361311,1,1,0,0,0,0,0,0,0,0,0,0
2004,361312,1,1,0,0,13,0,19,0,22,15,0,16
2004,361312,2,1,0,0,0,0,0,0,0,0,0,0
2004,361313,1,1,0,0,0,0,0,0,0,0,0,0
2004,361313,2,1,15,21,0,0,0,18,8,29,0,19
2004,361314,1,1,0,14,12,19,0,22,14,0,0,0
2004,361314,2,1,26,0,0,0,10,0,0,16,0,0
2004,361315,1,1,17,18,23,10,8,16,7,20,20,23
2004,361315,2,1,0,21,14,12,0,8,16,14,25,0
2004,361315,3,1,0,19,0,19,0,0,14,0,0,0
2004,361316,0,1,19,17,0,0,0,0,0,0,20,0
2004,361316,1,1,0,0,0,0,0,0,0,0,0,0
2004,361317,1,1,5,0,0,0,0,0,0,0,14,0
2004,361317,2,1,0,0,0,0,0,0,0,8,0,0
2004,361318,0,1,0,0,0,0,21,0,0,0,0,0
2004,361318,0,2,27,0,0,0,0,8,0,0,0,0
2004,361318,1,1,14,0,17,0,9,0,0,0,0,0
2004,361319,0,1,0,0,0,0,0,0,0,18,0,0
2004,361319,1,1,0,0,0,0,0,0,0,0,0,0
2004,361320,1,1,0,0,0,0,0,0,0,0,0,0
2004,361320,2,1,0,0,0,0,0,0,0,0,0,0
2004,361321,1,1,0,0,0,0,0,0,0,0,0,0
2004,361321,2,1,0,0,0,0,0,0,0,0,0,0
2004,361322,1,1,0,0,30,0,0,8,0,0,0,0
2004,361323,0,1,0,0,0,0,0,0,0,0,0,0
2004,361323,1,1,0,3,0,0,0,0,9,0,0,19
2004,361324,1,1,0,0,10,0,0,0,0,0,0,6
2004,361324,2,1,0,0,0,0,0,0,0,0,0,0
2004,361325,1,1,0,5,10,0,0,0,15,16,0,12
2004,361326,1,1,25,17,0,0,0,14,0,0,14,0
2004,361326,2,1,0,0,0,0,0,0,0,0,0,0
2004,361327,1,1,14,0,0,0,16,18,25,18,0,24
2004,361328,0,1,0,0,0,0,0,0,0,0,0,0
2004,361328,1,1,0,0,0,0,0,0,0,0,0,0
2004,361329,1,1,0,0,0,0,0,0,0,0,0,0
2004,361329,2,1,0,0,0,0,14,0,0,0,0,11
2004,361330,1,1,2,2,2,2,2,2,2,2,2,2
2004,361330,2,1,0,0,0,0,0,0,0,0,0,0
2004,361331,1,1,0,0,0,0,24,0,0,8,7,14
2004,361331,2,1,0,0,0,0,0,0,0,4,0,0
2004,361332,1,1,0,0,0,0,0,0,0,0,0,0
2004,361332,2,1,0,0,14,0,0,0,0,0,0,0
2004,361333,0,1,0,0,0,0,0,0,0,0,0,0
2004,361333,1,1,0,0,0,0,0,0,0,0,0,0
2004,361334,1,1,0,0,0,0,0,0,0,0,0,0
2004,361335,1,1,0,0,13,0,0,0,0,0,0,0
2004,361335,2,1,0,0,8,3,0,0,0,0,0,14
2004,361336,1,1,23,23,23,23,23,23,23,23,23,23
2004,361337,1,1,0,0,0,0,0,0,0,0,0,0
2004,361338,1,1,16,9,4,16,21,14,28,19,6,14
2004,361339,1,1,0,0,11,0,0,0,0,0,0,6
2004,361340,1,1,0,0,0,0,0,0,0,0,0,0
2004,361340,2,1,29,0,0,0,0,0,0,48,0,0
2004,361341,0,1,0,0,0,0,0,0,0,0,0,0
2004,361341,1,1,0,0,0,0,26,0,0,0,0,0
2004,361342,1,1,0,0,0,0,0,0,0,0,0,0
2004,361342,2,1,0,0,0,0,0,0,0,0,0,0
2004,361343,0,1,0,0,27,4,23,0,0,0,0,0
2004,361343,1,1,0,0,0,0,0,0,0,0,0,0
2004,361344,1,1,0,0,0,0,0,0,0,0,0,0
2004,361345,1,1,26,22,15,8,14,0,16,0,14,14
2004,361346,1,1,0,0,0,0,0,0,0,0,0,0
2004,361346,2,1,0,0,0,7,0,0,0,14,0,0
2004,361347,1,1,0,0,8,0,11,0,14,10,13,11
2004,361348,1,1,0,0,0,0,0,0,0,0,0,0
2004,361349,1,1,0,9,54,0,0,26,19,29,12,11
2004,361349,2,1,0,0,0,0,0,0,0,16,0,0
2004,361350,0,1,24,24,24,24,24,24,24,24,24,24
2004,361350,1,1,0,0,0,0,0,0,0,0,0,0
2004,361351,0,1,0,0,8,0,0,0,0,0,0,0
2004,361351,1,1,0,0,0,0,0,0,0,0,0,0
2004,361352,1,1,0,0,0,0,0,0,0,0,0,0
2004,361353,1,1,0,0,0,0,0,0,0,0,0,0
2004,361353,2,1,0,0,0,0,0,0,0,10,0,0
2004,361354,0,1,0,0,0,0,0,0,0,0,0,0
2004,361354,1,1,0,0,0,0,0,0,0,0,0,0
2004,361355,1,1,0,0,0,21,0,26,0,23,23,24
2004,361356,0,1,0,0,0,0,0,0,0,0,0,0
2004,361356,1,1,0,0,0,0,0,0,0,0,0,0
2004,361357,0,1,0,0,0,0,0,0,0,0,0,0
2004,361357,0,2,0,0,0,0,0,0,0,0,0,0
2004,361357,1,1,0,10,0,0,0,0,0,0,0,0
2004,361358,0,1,0,0,0,0,0,0,15,0,0,0
2004,361358,0,2,0,0,0,0,0,0,0,4,0,0
2004,361358,0,3,0,0,0,0,0,0,0,0,0,0
2004,361358,0,4,0,0,0,0,0,0,0,0,0,0
2004,361358,0,5,0,0,0,4,0,0,0,0,0,0
2004,361358,0,6,0,0,0,0,0,0,0,0,0,0
2004,361358,0,7,0,0,0,0,0,0,0,0,0,7
2004,361358,1,1,0,0,0,9,0,0,0,0,0,0
2004,361359,1,1,45,32,23,0,0,0,14,23,0,27
2004,361359,2,1,0,0,0,0,0,0,0,0,0,0
2004,361360,0,1,0,0,0,0,0,0,14,23,0,0
2004,361360,1,1,0,0,0,0,0,0,0,0,0,0
2004,361361,0,1,20,0,0,0,23,0,0,0,0,0
2004,361361,1,1,0,0,0,19,0,0,0,0,0,3
2004,361362,0,1,0,0,0,0,0,0,0,0,0,0
2004,361362,1,1,0,0,0,0,0,0,0,0,0,0
2004,361363,1,1,4,4,4,4,4,4,4,4,4,4
2004,361364,1,1,0,0,0,0,16,0,0,0,0,0
2004,361365,1,1,0,0,0,0,0,0,0,0,0,0
2004,361365,2,1,9,0,0,0,0,0,0,0,0,0
2004,361366,1,1,0,0,0,0,0,0,0,0,0,0
2004,361367,1,1,0,0,15,0,0,7,0,0,18,31
2004,361368,0,1,12,0,0,0,16,0,0,0,15,0
2004,361368,1,1,0,0,0,0,16,0,0,8,0,22
2004,361369,0,1,24,27,0,0,0,12,27,25,0,0
2004,361369,1,1,0,0,0,0,18,0,0,0,12,0
2004,361370,1,1,0,35,13,13,26,0,17,11,20,0
2004,361370,2,1,36,17,28,21,17,25,3,11,19,18
2004,361371,1,1,19,0,0,14,10,15,30,17,12,13
2004,361371,2,1,0,0,0,0,0,0,0,0,0,0
2004,361372,1,1,0,10,0,0,0,0,0,0,0,0
2004,361372,2,1,0,0,0,0,0,0,0,0,0,22
2004,370001,1,1,18,18,18,18,18,18,18,18,18,18
2004,370002,1,1,0,0,0,0,0,0,0,0,0,0
2004,370003,1,1,0,0,0,0,0,0,0,0,0,0
2004,370004,1,1,0,0,0,0,0,0,0,0,0,0
2004,370004,2,1,0,0,0,0,0,0,0,0,0,0
2004,370005,1,1,0,0,0,12,0,0,0,0,0,0
2004,370005,2,1,0,0,0,0,0,0,0,0,0,0
2004,370006,1,1,23,23,23,23,23,23,23,23,23,23
2004,370007,1,1,0,0,0,0,0,0,0,0,0,0
2004,370007,2,1,0,0,0,0,0,0,0,0,0,0
2004,370008,1,1,22,22,22,22,22,22,22,22,22,22
2004,370009,0,1,19,19,19,19,19,19,19,19,19,19
2004,370009,1,1,0,10,0,0,0,0,0,0,0,0
2004,370010,1,1,0,0,0,0,0,0,0,0,0,0
2004,370010,2,1,0,0,0,0,0,0,0,0,0,0
2004,370011,1,1,0,0,0,0,0,0,0,0,0,0
2004,370011,2,1,0,0,0,0,0,0,0,0,0,0
2004,370012,1,1,5,0,0,0,0,0,0,5,0,0
2004,370012,2,1,0,0,0,0,0,0,0,0,0,0
2004,370012,3,1,0,0,0,0,0,0,0,0,0,0
2004,370013,1,1,0,0,0,0,0,0,0,0,0,0
2004,370013,2,1,0,20,28,11,19,8,5,20,20,4
2004,370014,1,1,0,0,0,0,0,0,0,0,0,0
2004,370014,2,1,0,0,0,0,0,0,0,0,0,0
2004,370015,1,1,0,0,0,0,0,0,0,0,0,0
2004,370015,2,1,0,0,0,0,0,0,0,0,0,0
2004,370016,1,1,16,16,16,16,16,16,16,16,16,16
2004,370017,1,1,29,21,20,18,0,19,22,0,23,21
2004,370018,0,1,0,0,0,0,0,0,0,0,0,0
2004,370018,1,1,0,0,4,0,0,0,0,0,0,0
2004,370019,1,1,0,0,0,0,0,0,0,0,17,22
2004,370019,2,1,0,0,0,0,0,0,0,0,0,0
2004,370020,1,1,0,0,0,0,0,0,0,0,0,0
2004,370021,1,1,28,28,28,28,28,28,28,28,28,28
2004,370023,1,1,4,0,0,0,0,0,0,0,0,0
2004,370023,2,1,0,0,0,0,0,0,0,0,0,0
2004,370024,1,1,30,30,30,30,30,30,30,30,30,30
2004,370025,1,1,0,0,0,0,0,0,0,0,1,0
2004,370025,2,1,0,0,0,0,0,0,0,0,0,0
2004,370026,1,1,0,0,0,0,0,0,0,0,0,0
2004,370027,1,1,0,0,0,0,0,0,0,0,0,0
2004,370027,2,1,0,0,0,0,0,0,0,0,0,7
2004,370028,0,1,0,0,0,0,0,0,0,0,0,0
2004,370028,1,1,0,0,0,0,0,0,0,0,0,0
2004,370029,1,1,0,0,0,0,0,0,0,0,0,0
2004,370029,2,1,0,0,0,0,0,0,0,13,0,0
2004,370029,3,1,0,10,0,0,0,0,0,0,0,0
2004,370029,4,1,0,0,0,0,0,0,0,0,0,0
2004,370030,1,1,28,28,28,28,28,28,28,28,28,28
2004,370030,2,1,0,0,0,0,0,0,0,12,0,0
2004,370031,1,1,0,0,0,0,0,0,0,0,0,0
2004,370032,0,1,0,0,0,0,0,0,0,0,0,0
2004,370032,1,1,0,0,0,0,0,0,0,0,0,0
2004,370033,1,1,31,31,31,31,31,31,31,31,31,31
2004,370034,1,1,26,26,26,26,26,26,26,26,26,26
2004,370035,1,1,0,0,0,0,0,0,0,0,0,0
2004,370035,2,1,0,0,0,0,0,0,0,0,0,0
2004,370035,3,1,0,0,0,0,0,0,0,0,0,0
2004,370035,4,1,0,0,0,0,0,0,0,0,0,0
2004,370035,5,1,0,0,0,0,0,0,0,0,0,0
2004,370036,1,1,0,0,0,0,0,0,0,0,0,0
2004,370037,1,1,0,0,0,0,0,0,0,0,0,0
2004,370037,2,1,0,0,0,0,0,0,0,0,0,11
2004,370038,1,1,0,0,0,0,0,0,0,0,0,0
2004,370038,2,1,0,0,0,0,0,0,0,0,0,0
2004,370039,1,1,0,0,0,0,0,0,0,0,0,0
2004,370039,2,1,0,0,0,0,0,0,0,0,0,0
2004,370040,1,1,0,0,0,0,0,0,0,0,0,0
2004,370041,1,1,0,0,0,0,0,0,0,0,0,0
2004,370042,1,1,0,0,0,0,0,0,0,0,0,0
2004,370042,2,1,0,0,0,0,0,0,0,0,0,0
2004,370043,1,1,0,0,0,0,0,0,0,0,0,0
2004,370043,2,1,0,0,0,0,0,0,0,0,0,0
2004,370044,1,1,0,0,0,0,0,0,0,0,0,0
2004,370045,0,1,0,0,0,0,0,0,0,0,0,0
2004,370045,1,1,0,0,13,0,0,0,0,0,0,0
2004,370046,1,1,0,0,0,0,0,0,0,0,0,0
2004,370046,2,1,0,0,0,0,0,0,0,0,0,0
2004,370047,1,1,0,0,0,0,0,0,0,0,0,0
2004,370048,0,1,0,0,0,0,0,0,0,0,0,0
2004,370048,1,1,0,0,0,0,0,0,0,0,0,0
2004,370049,1,1,0,0,0,0,0,0,0,0,0,0
2004,370050,1,1,7,7,7,7,7,7,7,7,7,7
2004,370051,1,1,35,35,35,35,35,35,35,35,35,35
2004,370052,1,1,0,0,0,0,0,0,0,0,0,0
2004,370052,2,1,19,19,19,19,19,19,19,19,19,19
2004,370053,1,2,15,22,26,19,5,34,0,0,10,20
2004,370054,1,1,23,23,23,23,23,23,23,23,23,23
2004,370055,0,1,0,0,0,0,0,0,0,0,0,0
2004,370055,1,1,0,0,0,0,0,0,0,0,24,0
2004,370056,1,1,0,0,0,0,0,0,0,0,0,0
2004,370057,1,1,0,0,0,0,0,0,0,0,0,0
2004,370057,2,1,0,0,0,0,0,0,0,0,0,0
2004,370058,0,1,0,0,0,0,0,0,0,0,0,0
2004,370058,1,1,0,0,0,0,0,0,0,0,0,0
2004,370059,1,1,11,11,11,11,11,11,11,11,11,11
2004,370060,1,1,0,0,0,0,0,0,0,0,0,0
2004,370060,2,1,0,0,2,0,0,0,0,0,0,0
2004,370061,1,1,0,0,0,0,0,0,0,0,0,0
2004,370062,1,1,0,0,0,0,0,0,0,0,0,0
2004,370063,1,1,0,0,0,0,0,0,0,0,0,9
2004,370063,2,1,0,0,0,0,0,0,0,0,0,0
2004,370064,1,1,0,0,0,17,0,0,0,0,0,0
2004,370064,2,1,0,0,10,0,0,0,0,0,0,0
2004,370065,1,1,34,34,34,34,34,34,34,34,34,34
2004,370066,1,1,0,0,0,0,0,0,0,0,0,0
2004,370066,2,1,0,0,0,0,0,0,0,0,0,0
2004,370067,1,1,0,0,0,0,0,0,0,0,0,0
2004,370067,2,1,0,0,0,0,0,0,0,0,0,0
2004,370068,1,1,0,0,0,0,0,0,0,0,0,0
2004,370069,1,1,13,0,0,0,0,0,0,0,0,0
2004,370069,2,1,0,0,0,0,7,0,0,0,0,0
2004,370070,1,1,0,0,0,0,0,0,0,0,0,0
2004,370071,1,1,30,15,8,11,16,0,28,13,32,0
2004,370072,1,1,0,0,0,0,0,0,0,0,0,0
2004,370073,1,1,0,0,0,0,0,0,0,0,0,0
2004,370073,2,1,0,0,0,0,0,0,0,0,0,0
2004,370074,1,1,0,0,0,35,0,0,0,0,0,0
2004,370075,1,1,0,0,0,0,0,0,0,0,0,0
2004,370075,2,1,0,0,6,0,0,0,0,0,0,0
2004,370076,0,1,0,0,0,0,0,0,0,0,0,0
2004,370076,1,1,20,20,4,12,17,14,19,8,14,3
2004,370077,1,1,0,0,0,0,0,12,0,8,0,49
2004,370078,1,1,0,0,0,0,0,0,0,0,0,0
2004,370078,2,1,0,0,0,0,0,0,0,0,0,0
2004,370079,1,1,0,0,0,0,0,0,0,0,0,0
2004,370079,2,1,0,0,0,0,0,0,14,0,0,0
2004,370080,1,1,0,0,0,0,0,0,0,0,0,0
2004,370080,2,1,0,0,0,0,0,0,0,0,0,0
2004,370081,1,1,0,0,0,0,0,19,0,0,0,0
2004,370082,1,1,0,0,0,0,0,0,0,0,0,0
2004,370082,2,1,0,0,0,29,0,0,0,0,0,0
2004,370083,1,1,0,0,0,0,0,0,0,0,0,0
2004,370083,2,1,0,9,0,0,0,0,0,0,0,0
2004,370084,1,1,0,0,0,0,0,0,0,0,0,0
2004,370084,2,1,0,0,0,0,0,0,0,0,0,0
2004,370085,1,1,14,14,14,14,14,14,14,14,14,14
2004,370086,1,1,0,0,0,0,0,0,0,0,0,0
2004,370086,2,1,0,0,0,0,0,0,0,0,0,0
2004,370087,1,1,15,12,16,17,20,10,9,15,15,18
2004,370088,0,1,31,10,11,0,18,19,0,0,9,19
2004,370088,1,1,0,0,0,0,0,0,0,0,0,0
2004,370089,1,1,19,19,19,19,19,19,19,19,19,19
2004,370090,1,1,0,0,0,0,0,0,0,0,0,17
2004,370090,2,1,0,0,0,0,0,0,0,0,0,0
2004,370091,1,1,0,0,0,0,0,0,0,0,0,0
2004,370091,2,1,0,0,0,0,0,0,0,0,0,0
2004,370092,1,1,21,21,21,21,21,21,21,21,21,21
2004,370093,1,1,0,0,0,0,0,0,0,0,0,0
2004,370094,1,1,14,14,14,14,14,14,14,14,14,14
2004,370095,1,1,0,0,0,0,0,0,0,0,0,0
2004,370096,1,1,0,0,0,0,0,0,0,0,0,0
2004,370096,2,1,0,0,0,0,0,0,0,0,0,0
2004,370097,1,1,16,16,16,16,16,16,16,16,16,16
2004,370098,1,1,0,15,0,0,0,0,0,0,5,11
2004,370098,2,1,0,0,0,0,0,0,0,0,0,0
2004,370099,1,1,0,0,0,0,0,0,0,0,0,0
2004,370099,2,1,0,0,0,0,0,0,0,0,0,0
2004,370100,1,1,0,0,0,0,0,0,0,0,0,0
2004,370101,1,1,11,34,17,7,15,16,3,21,15,16
2004,370101,2,1,0,0,0,0,0,0,0,0,0,0
2004,370102,1,1,4,16,1,4,20,0,10,23,25,15
2004,370103,0,1,20,20,20,20,20,20,20,20,20,20
2004,370103,1,1,0,0,0,0,0,0,0,0,0,0
2004,370104,1,1,0,0,0,0,0,0,0,0,0,0
2004,370104,2,1,0,0,0,0,0,0,0,0,0,0
2004,370105,1,1,12,12,12,12,12,12,12,12,12,12
2004,370106,1,1,0,0,0,0,0,0,0,0,0,0
2004,370106,2,1,0,0,0,0,0,0,0,0,0,0
2004,370107,1,1,0,0,0,0,0,0,0,0,0,0
2004,370108,1,1,26,23,10,31,5,20,15,18,16,28
2004,370109,1,1,0,0,0,0,0,0,0,0,0,0
2004,370109,2,1,0,0,0,0,0,0,0,0,0,0
2004,370110,1,1,0,0,0,0,0,0,0,0,0,0
2004,370110,2,1,0,0,0,0,0,0,0,0,0,0
2004,370111,1,1,14,10,10,17,4,10,9,8,14,12
2004,370112,1,1,31,31,31,31,31,31,31,31,31,31
2004,370112,2,1,0,0,0,0,0,0,0,0,0,0
2004,370113,1,1,0,0,0,0,0,0,0,0,0,0
2004,370114,1,1,0,0,0,0,0,0,0,0,0,0
2004,370115,0,1,0,0,0,0,0,0,0,0,0,0
2004,370115,1,1,0,0,0,0,0,0,0,0,0,0
2004,370116,0,1,27,27,27,27,27,27,27,27,27,27
2004,370116,1,1,0,0,0,0,0,0,0,0,0,0
2004,370116,2,1,0,0,0,9,0,0,0,6,0,0
2004,370117,1,1,17,17,17,17,17,17,17,17,17,17
2004,370118,1,1,0,0,0,0,0,0,0,0,0,0
2004,370119,1,1,0,0,0,0,0,0,0,0,0,0
2004,370119,2,1,0,0,0,0,0,0,0,0,0,0
2004,370119,3,1,0,0,0,0,0,0,0,0,0,0
2004,370120,1,1,0,0,0,0,0,0,0,0,0,0
2004,370120,2,1,0,0,0,0,0,0,0,0,0,0
2004,370121,1,1,0,0,0,0,0,0,0,0,0,0
2004,370121,2,1,12,13,35,15,19,21,17,15,28,29
2004,370122,1,1,0,0,0,18,0,0,0,0,0,0
2004,370122,2,1,0,0,0,0,0,0,0,0,0,0
2004,370123,1,1,16,24,0,8,10,13,7,19,9,13
2004,370123,2,1,0,0,0,0,0,0,0,0,0,0
2004,370124,1,1,5,6,22,6,21,22,15,14,0,19
2004,370124,2,1,0,0,0,0,0,0,0,0,0,0
2004,370125,1,1,0,0,0,0,0,0,0,0,0,0
2004,370125,2,1,0,0,0,0,0,0,0,0,0,0
2004,370126,1,1,0,0,0,0,0,0,0,0,0,0
2004,370126,2,1,0,9,14,14,15,17,0,30,14,0
2004,370127,0,1,0,0,0,0,0,0,0,0,0,0
2004,370127,1,1,0,0,0,0,0,0,0,0,0,0
2004,370128,1,1,0,0,0,0,0,0,0,0,0,0
2004,370129,1,1,0,0,0,0,0,0,0,0,0,0
2004,370129,2,1,0,0,0,0,0,0,0,0,0,0
2004,370130,1,1,29,29,29,29,29,29,29,29,29,29
2004,370131,1,1,15,15,15,15,15,15,15,15,15,15
2004,370132,1,1,0,0,0,0,0,0,0,0,0,0
2004,370133,1,1,0,0,0,0,0,0,0,0,0,0
2004,370134,1,1,0,0,0,0,0,0,0,0,0,0
2004,370135,1,1,0,0,0,0,0,0,0,0,0,4
2004,370135,2,1,0,0,0,0,0,0,0,0,0,0
2004,370136,1,1,0,0,0,0,0,0,0,0,0,0
2004,370137,1,1,0,0,0,0,0,0,0,0,0,0
2004,370138,1,1,0,0,0,0,0,0,0,0,0,0
2004,370138,2,1,15,12,0,0,0,10,0,0,0,0
2004,370139,1,1,10,10,10,10,10,10,10,10,10,10
2004,370140,1,1,8,8,8,8,8,8,8,8,8,8
2004,370141,1,1,0,0,0,0,0,0,0,0,0,0
2004,370142,1,1,17,17,17,17,17,17,17,17,17,17
2004,370142,2,1,0,0,10,0,0,0,0,0,0,0
2004,370143,1,1,0,0,0,0,0,0,0,0,0,0
2004,370143,2,1,0,0,0,0,0,0,0,0,0,0
2004,370144,1,1,0,0,0,0,0,0,0,0,0,0
2004,370144,2,1,0,0,0,0,0,0,0,0,0,0
2004,370145,1,1,8,8,8,8,8,8,8,8,8,8
2004,370146,1,1,23,23,23,23,23,23,23,23,23,23
2004,370147,0,1,10,10,10,10,10,10,10,10,10,10
2004,370147,1,1,0,0,0,0,8,0,0,0,0,0
2004,370148,1,1,11,11,11,11,11,11,11,11,11,11
2004,370149,1,1,23,23,23,23,23,23,23,23,23,23
2004,370150,1,1,0,0,0,0,0,0,0,0,0,0
2004,370151,1,1,28,28,28,28,28,28,28,28,28,28
2004,370152,1,1,0,0,0,0,0,0,0,0,0,0
2004,370152,2,1,14,14,14,14,14,14,14,14,14,14
2004,370153,1,1,23,23,23,23,23,23,23,23,23,23
2004,370154,1,1,0,0,0,0,0,0,0,0,3,0
2004,370154,2,1,0,0,0,0,0,0,0,0,0,0
2004,370154,3,1,0,0,0,0,0,0,0,0,0,0
2004,370155,0,1,0,0,0,0,0,0,0,0,0,0
2004,370155,1,1,0,0,0,0,0,0,0,0,0,0
2004,370156,1,1,0,0,0,0,0,0,0,0,0,0
2004,370157,1,1,0,0,0,0,0,0,0,0,0,0
2004,370157,2,1,0,0,0,0,0,0,0,0,0,0
2004,370158,1,1,0,0,0,0,0,0,0,0,0,0
2004,370159,1,1,0,0,0,0,0,0,0,0,0,0
2004,370159,2,1,0,0,0,0,0,0,0,0,0,0
2004,370160,1,1,0,0,0,0,0,0,0,0,0,0
2004,370160,2,1,0,0,0,0,0,0,0,0,0,0
2004,370161,0,1,19,19,19,19,19,19,19,19,19,19
2004,370161,1,1,0,0,0,0,0,0,0,0,0,0
2004,370162,1,1,0,0,0,0,0,0,0,0,0,0
2004,370162,2,1,0,0,0,0,0,0,0,0,0,0
2004,370163,1,1,10,10,10,10,10,10,10,10,10,10
2004,370164,1,1,0,0,0,0,0,0,0,0,0,0
2004,370164,2,1,0,0,0,0,0,10,0,0,0,0
2004,370165,1,1,13,0,0,0,0,0,0,0,0,12
2004,370165,2,1,29,0,14,8,15,19,9,21,9,11
2004,370166,1,1,0,0,0,0,0,0,0,0,0,0
2004,370167,1,1,0,0,0,0,0,0,0,0,0,0
2004,370168,1,1,0,0,0,16,0,0,0,0,0,0
2004,370169,1,1,0,0,0,0,0,0,0,0,0,0
2004,370169,2,1,5,5,5,5,5,5,5,5,5,5
2004,370170,1,1,19,19,19,19,19,19,19,19,19,19
2004,370171,1,1,0,0,0,0,0,0,0,0,0,0
2004,370172,1,1,0,0,0,0,0,0,0,0,0,0
2004,370172,2,1,0,0,0,0,0,0,0,0,0,0
2004,370173,0,1,0,0,0,0,0,0,0,0,0,0
2004,370173,1,1,0,0,0,0,0,0,0,0,0,0
2004,370174,0,1,35,35,35,35,35,35,35,35,35,35
2004,370174,1,1,0,0,0,0,0,0,0,0,0,0
2004,370175,1,1,0,0,0,0,0,0,0,0,0,0
2004,370175,2,1,10,17,5,10,18,18,13,27,15,4
2004,370176,1,1,0,0,0,0,0,0,0,0,0,0
2004,370176,2,1,0,0,0,0,0,0,0,0,0,20
2004,370177,1,1,0,0,0,0,0,0,0,0,0,0
2004,370177,2,1,0,0,0,0,0,0,0,0,0,0
2004,370177,3,1,0,0,0,0,0,0,0,0,0,0
2004,370177,4,1,0,0,0,0,0,0,0,0,13,10
2004,370178,0,1,0,0,0,0,0,0,0,0,0,0
2004,370178,0,2,0,0,0,0,0,0,0,0,0,0
2004,370178,1,1,0,0,0,0,0,0,0,0,0,0
2004,370178,2,1,0,0,0,0,0,0,0,0,0,0
2004,370179,1,1,23,23,23,23,23,23,23,23,23,23
2004,370180,1,1,0,0,0,0,0,0,0,0,0,0
2004,370180,2,1,0,0,0,0,0,0,0,0,0,0
2004,370181,1,1,26,26,26,26,26,26,26,26,26,26
2004,370182,1,1,0,0,0,0,0,0,0,0,0,0
2004,370182,2,1,0,0,0,0,0,0,0,0,0,0
2004,370183,0,1,0,0,0,0,0,0,0,0,0,0
2004,370183,0,2,0,0,0,0,0,0,0,0,0,0
2004,370183,1,1,0,0,13,0,0,0,0,0,0,0
2004,370184,1,1,0,0,0,0,0,0,0,0,0,0
2004,370185,1,1,0,0,5,0,0,0,0,0,0,0
2004,370185,2,1,0,0,0,0,0,0,0,0,0,0
2004,370186,1,1,0,0,0,0,0,0,0,0,0,0
2004,370186,2,1,0,0,0,0,0,0,0,0,0,0
2004,370187,1,1,12,12,12,12,12,12,12,12,12,12
2004,370187,2,1,0,0,0,0,0,0,0,0,0,0
2004,370187,3,1,0,0,0,0,0,0,0,0,0,0
2004,370188,2,1,50,50,50,50,50,50,50,50,50,50
2004,370189,1,1,0,0,0,0,0,0,0,0,0,0
2004,370190,0,1,0,0,0,0,0,0,0,0,0,0
2004,370190,0,2,0,0,0,0,0,0,0,0,0,0