YEAR,ST_CASE,veh_no,per_no,P1,P2,P3,P4,P5,P6,P7,P8,P9,P10
2004,370190,1,1,0,0,0,0,0,0,0,0,0,0
2004,370191,1,1,0,0,0,0,0,0,0,0,0,0
2004,370191,2,1,0,0,0,0,0,0,0,0,0,0
2004,370192,0,1,0,0,0,0,0,0,0,0,0,0
2004,370192,1,1,0,0,0,0,0,0,0,0,0,0
2004,370193,1,1,0,0,0,0,0,0,0,0,0,0
2004,370194,1,1,0,0,0,0,0,0,0,0,0,0
2004,370194,2,1,0,0,0,0,0,0,0,0,0,0
2004,370195,1,1,0,0,0,0,0,0,0,0,0,0
2004,370196,1,1,0,0,0,0,0,0,0,0,0,0
2004,370196,2,1,0,0,0,0,0,0,0,0,0,0
2004,370196,3,1,0,0,0,0,0,0,0,0,0,0
2004,370197,0,1,0,0,0,0,0,0,0,0,0,0
2004,370197,1,1,0,0,0,0,0,0,0,0,0,0
2004,370198,1,1,0,0,0,0,0,0,0,0,0,0
2004,370198,2,1,0,0,0,0,0,0,0,0,0,0
2004,370198,3,1,0,0,0,12,0,0,0,0,0,0
2004,370199,0,1,8,8,8,8,8,8,8,8,8,8
2004,370199,1,1,0,0,0,0,0,0,13,0,27,0
2004,370199,2,1,0,0,0,0,10,0,0,0,0,0
2004,370200,1,1,0,0,0,0,0,0,0,0,0,0
2004,370200,2,1,0,0,0,0,0,0,0,0,0,0
2004,370200,3,1,0,0,0,0,0,0,0,0,13,0
2004,370201,1,1,0,0,0,0,0,0,0,0,0,0
2004,370201,2,1,0,0,0,0,0,0,0,0,0,0
2004,370201,3,1,0,0,0,0,0,0,0,0,0,0
2004,370202,1,1,32,8,0,8,2,8,18,24,19,16
2004,370203,1,1,0,29,0,0,0,0,0,0,0,0
2004,370203,2,1,0,0,0,0,0,0,0,0,0,0
2004,370203,3,1,0,0,5,0,0,0,0,0,0,0
2004,370204,1,1,0,0,0,0,0,0,0,0,0,0
2004,370205,1,1,0,0,0,0,0,0,0,0,0,0
2004,370205,2,1,0,0,0,0,0,0,0,0,0,0
2004,370205,3,1,0,0,0,0,0,0,0,0,0,0
2004,370206,1,1,0,0,0,0,0,0,0,0,0,0
2004,370206,2,1,0,0,0,0,0,0,0,0,0,0
2004,370206,3,1,0,0,0,0,0,0,0,0,0,0
2004,370207,1,1,0,0,0,0,0,0,0,0,0,0
2004,370207,2,1,0,0,0,0,0,0,0,0,0,0
2004,370208,0,1,11,11,11,11,11,11,11,11,11,11
2004,370208,1,1,0,8,0,0,0,0,0,0,0,0
2004,370209,1,1,0,0,0,0,0,0,0,0,0,0
2004,370209,2,1,0,0,0,0,0,0,0,0,0,0
2004,370210,1,1,0,0,0,0,0,0,0,0,0,0
2004,370210,2,1,0,0,0,0,0,0,0,0,0,0
2004,370210,3,1,0,0,0,0,0,0,0,0,0,0
2004,370211,1,1,0,0,0,0,0,0,0,0,0,0
2004,370211,2,1,0,0,0,0,0,0,0,0,0,0
2004,370212,1,1,0,0,0,0,0,0,0,0,0,0
2004,370212,2,1,0,0,0,0,0,0,0,0,0,0
2004,370213,1,1,0,0,0,0,0,0,0,0,0,0
2004,370213,2,1,0,0,0,0,0,0,0,0,0,7
2004,370214,1,1,0,0,0,0,0,0,0,0,0,0
2004,370215,1,1,0,0,0,0,0,0,0,0,0,0
2004,370216,1,1,17,17,17,17,17,17,17,17,17,17
2004,370216,2,1,0,0,0,0,0,0,0,0,0,0
2004,370217,1,1,0,0,0,0,0,14,0,0,0,0
2004,370217,2,1,0,0,0,0,0,0,0,0,0,0
2004,370218,1,1,0,0,0,0,0,0,0,0,0,0
2004,370218,2,1,0,0,0,0,0,0,0,0,0,0
2004,370219,1,1,0,0,0,0,0,0,0,0,0,0
2004,370220,0,1,19,31,30,8,21,0,0,0,20,0
2004,370220,0,2,22,22,22,22,22,22,22,22,22,22
2004,370220,0,3,21,21,21,21,21,21,21,21,21,21
2004,370220,0,4,21,11,12,0,0,0,0,19,25,0
2004,370220,1,1,1,1,1,1,1,1,1,1,1,1
2004,370221,1,1,9,9,9,9,9,9,9,9,9,9
2004,370222,0,1,27,27,27,27,27,27,27,27,27,27
2004,370222,1,1,0,0,0,0,0,0,0,0,0,0
2004,370222,2,1,0,0,0,7,0,0,0,0,0,0
2004,370223,1,1,20,20,20,20,20,20,20,20,20,20
2004,370224,1,1,0,0,0,0,0,0,0,0,0,0
2004,370225,1,1,0,0,0,0,0,0,0,0,0,0
2004,370225,2,1,0,0,0,0,0,0,0,0,0,0
2004,370226,1,1,16,18,22,13,6,20,22,23,13,20
2004,370226,2,1,0,0,0,0,0,0,14,0,0,25
2004,370227,1,1,0,0,0,0,0,0,0,0,0,0
2004,370227,2,1,0,0,0,0,0,0,0,0,0,0
2004,370228,1,1,0,0,0,0,0,0,0,0,32,0
2004,370229,1,1,0,0,0,0,0,0,0,0,0,0
2004,370230,1,1,0,0,0,0,0,0,0,0,0,0
2004,370231,1,1,0,0,0,0,0,0,0,0,0,3
2004,370231,2,1,0,0,0,0,0,0,0,0,0,0
2004,370232,1,1,0,0,0,0,0,0,0,0,0,0
2004,370232,2,1,0,0,0,0,0,0,0,0,0,0
2004,370233,1,1,0,0,0,0,0,0,0,0,0,0
2004,370234,1,1,12,12,29,10,30,15,8,12,14,14
2004,370235,1,1,0,0,0,0,0,0,0,0,0,0
2004,370236,1,1,2,2,2,2,2,2,2,2,2,2
2004,370237,1,1,0,0,0,0,0,0,0,0,0,0
2004,370237,2,1,0,0,0,0,0,0,0,0,0,0
2004,370238,1,1,0,0,0,0,0,0,0,0,0,0
2004,370238,2,1,9,9,9,9,9,9,9,9,9,9
2004,370238,3,1,0,0,0,0,0,0,0,0,0,0
2004,370239,1,1,0,0,0,0,0,0,0,0,0,31
2004,370239,2,1,0,0,0,0,0,0,0,0,0,0
2004,370240,1,1,0,0,0,0,0,0,0,0,0,0
2004,370241,1,1,24,24,24,24,24,24,24,24,24,24
2004,370242,1,1,0,0,0,0,0,0,0,0,0,0
2004,370243,0,1,15,15,15,15,15,15,15,15,15,15
2004,370244,1,1,0,0,0,0,0,0,0,0,0,0
2004,370244,2,1,0,24,0,9,12,0,21,0,14,0
2004,370245,1,1,0,0,0,0,0,0,0,0,0,0
2004,370245,2,1,0,0,0,0,0,0,0,0,0,0
2004,370246,1,1,0,0,0,0,0,0,0,0,0,0
2004,370246,2,1,0,0,0,0,0,0,0,0,0,0
2004,370246,3,1,0,0,0,0,0,0,0,0,0,0
2004,370247,1,1,0,0,0,0,0,0,0,0,0,0
2004,370247,2,1,0,0,0,0,0,0,0,0,0,0
2004,370248,1,1,0,0,0,0,0,0,0,0,0,0
2004,370248,2,1,0,0,0,0,0,0,0,0,0,0
2004,370249,1,1,13,13,13,13,13,13,13,13,13,13
2004,370250,1,1,0,0,0,0,0,0,0,0,0,0
2004,370251,1,1,0,0,0,0,0,0,0,0,0,0
2004,370251,2,1,0,0,0,0,0,0,0,0,0,0
2004,370252,1,1,0,0,0,0,0,0,0,0,0,0
2004,370253,1,1,0,0,0,0,0,0,0,0,0,0
2004,370253,2,1,0,0,0,0,0,0,0,0,0,0
2004,370254,1,1,35,35,35,35,35,35,35,35,35,35
2004,370255,1,1,0,0,0,0,0,0,0,0,0,0
2004,370256,0,1,0,0,0,0,0,0,0,0,0,0
2004,370256,1,1,0,0,0,0,0,0,0,0,0,0
2004,370257,0,1,29,29,29,29,29,29,29,29,29,29
2004,370257,1,1,0,0,0,0,0,11,0,0,0,0
2004,370258,1,1,33,33,33,33,33,33,33,33,33,33
2004,370258,2,1,0,0,0,0,0,0,0,0,0,0
2004,370259,1,1,0,0,0,0,0,0,0,0,0,0
2004,370259,2,1,0,0,0,0,0,0,0,0,0,0
2004,370260,1,1,29,29,29,29,29,29,29,29,29,29
2004,370261,1,1,0,0,0,0,0,0,0,0,0,0
2004,370262,1,1,26,26,26,26,26,26,26,26,26,26
2004,370263,1,1,20,20,20,20,20,20,20,20,20,20
2004,370264,1,1,16,24,16,20,16,10,34,17,23,26
2004,370265,1,1,0,0,0,0,0,0,0,0,0,0
2004,370265,2,1,0,0,0,0,0,0,0,0,0,0
2004,370266,0,1,0,0,0,0,0,0,0,0,0,0
2004,370266,1,1,0,0,0,7,0,0,0,0,0,0
2004,370267,1,1,17,17,17,17,17,17,17,17,17,17
2004,370268,1,1,0,0,0,0,0,0,0,0,0,0
2004,370268,2,1,0,0,0,0,0,0,0,0,0,0
2004,370269,1,1,13,13,13,13,13,13,13,13,13,13
2004,370270,1,1,0,0,0,0,0,0,0,0,0,0
2004,370271,1,1,0,0,0,0,0,0,0,0,0,0
2004,370272,1,1,0,21,15,0,0,0,0,0,23,0
2004,370273,1,1,0,0,0,0,0,0,0,0,0,0
2004,370273,2,1,0,0,0,0,0,0,0,0,0,0
2004,370274,1,1,0,0,0,0,0,0,0,0,0,0
2004,370275,0,1,7,7,7,7,7,7,7,7,7,7
2004,370275,1,1,0,0,0,0,0,0,0,0,0,0
2004,370276,1,1,0,0,0,0,0,0,0,0,0,0
2004,370276,2,1,0,0,0,0,0,0,0,0,0,0
2004,370277,1,1,15,36,19,11,20,13,11,14,29,14
2004,370278,1,1,0,0,0,0,0,0,0,0,0,0
2004,370278,2,1,0,0,0,0,0,0,16,0,0,0
2004,370279,1,1,0,0,0,0,0,5,0,0,0,0
2004,370279,2,1,0,0,0,0,0,0,0,0,0,0
2004,370280,1,1,0,0,0,0,0,0,0,0,0,0
2004,370280,2,1,0,0,0,0,0,0,0,0,0,0
2004,370280,3,1,0,0,0,0,0,0,0,0,0,0
2004,370281,1,1,18,18,18,18,18,18,18,18,18,18
2004,370282,1,1,0,0,0,0,0,0,0,0,0,0
2004,370282,2,1,0,0,0,0,0,0,0,0,0,0
2004,370283,1,1,0,0,0,0,0,0,0,0,0,0
2004,370283,2,1,0,0,0,0,0,0,0,0,0,0
2004,370284,0,1,0,9,0,0,0,0,0,0,19,0
2004,370284,1,1,0,0,0,0,0,0,0,0,0,0
2004,370284,2,1,0,0,0,0,0,0,0,0,0,0
2004,370284,3,1,0,0,0,0,0,0,0,0,0,0
2004,370285,1,1,0,0,0,0,0,0,0,0,0,0
2004,370285,2,1,0,0,0,0,0,0,0,0,0,0
2004,370286,1,1,0,0,0,0,0,0,0,0,0,0
2004,370286,2,1,0,0,0,0,0,0,0,0,0,0
2004,370287,1,1,0,0,0,0,0,0,0,0,0,0
2004,370287,2,1,0,0,0,0,10,0,0,0,0,0
2004,370288,1,1,0,0,0,0,0,0,0,0,0,0
2004,370288,2,1,0,0,0,12,8,0,0,0,0,0
2004,370288,3,1,3,3,3,3,3,3,3,3,3,3
2004,370288,4,1,0,0,0,0,0,0,0,0,0,0
2004,370288,5,1,0,0,0,0,0,0,0,0,0,0
2004,370289,0,1,0,0,0,0,0,0,0,0,0,0
2004,370289,1,1,0,0,0,0,0,0,0,0,0,0
2004,370290,1,1,0,0,0,0,0,0,0,0,0,0
2004,370290,2,1,0,0,0,0,0,0,0,0,0,0
2004,370291,1,1,0,0,0,7,0,0,13,23,0,0
2004,370292,1,1,0,0,0,0,0,0,0,0,0,0
2004,370293,1,1,31,31,31,31,31,31,31,31,31,31
2004,370294,0,1,46,46,46,46,46,46,46,46,46,46
2004,370294,1,1,0,0,0,0,0,0,0,0,0,0
2004,370295,1,1,0,0,0,0,0,0,0,0,0,0
2004,370295,2,1,0,0,0,0,0,0,0,0,0,0
2004,370296,1,1,0,0,0,0,0,0,0,0,0,0
2004,370296,2,1,0,0,0,0,0,0,0,0,0,0
2004,370297,1,1,0,0,0,0,0,0,0,0,0,0
2004,370297,2,1,14,0,0,0,0,0,0,0,0,0
2004,370297,3,1,0,0,0,0,0,0,0,0,0,0
2004,370298,1,1,0,0,0,0,0,0,0,0,0,0
2004,370298,2,1,0,0,0,0,0,0,0,0,0,0
2004,370299,1,1,0,0,0,0,0,0,0,0,0,0
2004,370299,2,1,0,0,0,0,0,0,0,0,0,0
2004,370300,1,1,0,0,0,0,0,0,0,0,0,0
2004,370300,2,1,0,14,0,0,0,0,0,0,0,0
2004,370301,1,1,0,0,0,0,0,0,0,0,0,0
2004,370302,1,1,0,0,0,0,0,0,0,0,0,0
2004,370302,2,1,0,0,0,0,0,0,0,0,0,0
2004,370303,1,1,0,0,0,0,0,0,0,0,0,0
2004,370303,2,1,0,0,0,0,0,0,0,0,0,0
2004,370304,1,1,0,0,0,0,0,0,0,0,0,0
2004,370304,2,1,0,0,0,0,0,0,0,21,0,0
2004,370305,1,1,25,25,25,25,25,25,25,25,25,25
2004,370306,1,1,4,4,4,4,4,4,4,4,4,4
2004,370307,1,1,0,0,0,0,0,0,0,0,0,0
2004,370308,1,1,21,21,21,21,21,21,21,21,21,21
2004,370309,1,1,0,0,0,0,0,0,0,0,0,0
2004,370309,2,1,0,0,0,0,0,0,0,0,0,0
2004,370310,1,1,0,0,0,0,3,0,0,0,0,0
2004,370310,2,1,0,0,0,0,0,0,0,0,0,0
2004,370311,1,1,0,0,0,0,0,0,0,0,0,0
2004,370312,1,1,0,0,0,0,21,0,0,0,0,0
2004,370313,1,1,0,0,0,0,0,0,0,0,0,0
2004,370313,2,1,0,0,0,0,0,0,13,0,0,0
2004,370314,1,1,0,0,0,0,0,0,0,0,0,0
2004,370314,2,1,0,0,0,0,0,0,0,0,0,0
2004,370315,0,1,0,0,0,0,0,0,0,0,0,0
2004,370315,1,1,0,0,0,0,0,0,0,0,0,0
2004,370316,1,1,0,0,0,0,0,0,0,0,0,0
2004,370316,2,1,0,0,0,0,0,0,0,0,0,0
2004,370317,1,1,8,6,12,14,10,5,13,20,0,10
2004,370317,2,1,0,0,0,0,15,0,0,19,0,0
2004,370318,1,1,14,13,14,6,25,14,17,8,12,11
2004,370318,2,1,28,10,25,18,24,25,13,9,8,13
2004,370319,0,1,26,26,26,26,26,26,26,26,26,26
2004,370319,1,1,0,0,0,0,0,0,0,0,0,0
2004,370320,1,1,0,0,0,0,0,0,0,0,0,0
2004,370321,0,1,0,0,0,0,0,0,0,0,0,0
2004,370321,2,1,0,0,0,0,0,0,0,0,0,0
2004,370322,1,1,0,0,0,0,0,0,0,0,0,0
2004,370323,1,1,0,0,0,0,0,0,0,0,0,0
2004,370324,1,1,0,0,0,0,0,0,0,0,0,0
2004,370325,1,1,0,0,0,0,0,0,0,0,0,0
2004,370326,1,1,0,0,0,0,0,0,0,0,0,0
2004,370326,2,1,31,31,31,31,31,31,31,31,31,31
2004,370327,1,1,0,0,0,0,0,0,0,0,0,0
2004,370327,2,1,0,0,0,0,0,0,0,0,0,0
2004,370328,1,1,25,25,25,25,25,25,25,25,25,25
2004,370329,1,1,0,0,0,0,0,0,0,0,0,0
2004,370329,2,1,0,0,0,0,0,10,0,0,0,0
2004,370329,3,1,0,0,0,0,0,0,0,0,0,0
2004,370330,1,1,0,0,0,0,0,0,0,0,0,0
2004,370331,1,1,0,0,0,7,0,0,0,0,0,0
2004,370331,2,1,23,23,23,23,23,23,23,23,23,23
2004,370332,0,1,0,0,0,0,0,0,0,0,0,0
2004,370332,1,1,0,0,0,0,0,0,0,0,0,0
2004,370333,1,1,0,0,0,0,0,0,0,0,0,0
2004,370333,2,1,0,0,0,0,0,0,0,0,0,0
2004,370334,1,1,0,0,0,0,0,0,0,0,0,0
2004,370335,1,1,0,0,19,0,0,0,0,0,0,0
2004,370336,1,1,0,0,0,0,0,0,0,0,0,0
2004,370337,1,1,0,0,0,0,0,0,0,0,0,0
2004,370337,2,1,0,0,0,0,0,0,0,0,0,0
2004,370338,1,1,0,0,0,0,0,0,0,0,0,0
2004,370339,1,1,22,22,22,22,22,22,22,22,22,22
2004,370340,1,1,0,0,6,0,0,0,0,0,0,0
2004,370340,2,1,0,0,0,0,0,0,0,0,0,0
2004,370341,1,1,0,0,0,0,0,0,0,0,0,0
2004,370342,1,1,0,0,0,0,0,0,0,0,0,0
2004,370343,1,1,0,0,0,0,0,0,0,0,0,0
2004,370344,1,1,0,0,0,0,0,0,0,0,0,0
2004,370345,1,1,28,28,28,28,28,28,28,28,28,28
2004,370345,2,1,0,0,0,0,0,0,0,0,0,0
2004,370346,1,1,19,14,21,18,17,12,6,31,7,16
2004,370346,2,1,0,0,0,0,0,0,0,0,0,0
2004,370347,1,1,24,24,24,24,24,24,24,24,24,24
2004,370348,1,1,0,0,0,0,0,0,0,0,0,0
2004,370349,1,1,0,0,0,0,0,0,0,0,0,0
2004,370350,1,1,8,8,8,8,8,8,8,8,8,8
2004,370351,1,1,0,0,0,0,0,0,0,0,0,0
2004,370351,2,1,0,0,9,0,0,0,0,0,0,0
2004,370351,3,1,0,0,0,0,0,0,0,0,0,0
2004,370352,1,1,0,0,0,0,0,0,0,0,0,0
2004,370352,2,1,0,0,0,0,0,0,0,0,0,0
2004,370353,1,1,0,0,0,0,0,0,0,0,0,0
2004,370354,1,1,0,0,0,0,0,0,0,0,4,7
2004,370354,2,1,0,0,0,0,0,0,0,0,0,0
2004,370355,1,1,0,0,0,0,0,0,0,0,0,0
2004,370355,2,1,0,0,0,0,0,0,0,0,0,0
2004,370356,1,1,11,11,11,11,11,11,11,11,11,11
2004,370357,1,1,0,0,0,0,0,0,0,0,0,0
2004,370357,2,1,0,0,0,0,0,0,0,0,0,0
2004,370358,1,1,0,0,0,0,0,0,0,0,0,0
2004,370358,2,1,0,0,0,0,0,0,0,0,0,0
2004,370358,3,1,0,0,0,0,0,0,0,0,13,0
2004,370358,4,1,0,0,0,0,0,0,0,0,0,0
2004,370359,1,1,0,0,0,0,0,0,0,0,0,0
2004,370359,2,1,0,0,0,0,0,0,0,0,0,0
2004,370360,0,1,0,0,0,0,0,0,0,0,0,0
2004,370360,1,1,0,0,18,0,5,22,0,0,0,0
2004,370361,1,1,0,0,0,0,0,0,0,0,0,0
2004,370361,2,1,16,16,16,16,16,16,16,16,16,16
2004,370362,1,1,0,0,0,0,0,0,0,0,0,0
2004,370362,2,1,0,0,0,0,0,0,0,0,0,0
2004,370363,0,1,0,0,0,0,0,0,0,0,0,0
2004,370363,1,1,0,0,0,10,0,0,0,0,0,0
2004,370364,1,1,0,0,0,0,0,0,0,0,0,0
2004,370364,2,1,0,0,0,0,0,0,0,0,0,0
2004,370365,1,1,0,0,0,0,0,0,0,0,0,0
2004,370365,2,1,0,0,0,0,0,0,0,3,0,0
2004,370366,1,1,0,0,0,0,0,0,0,0,0,0
2004,370366,2,1,0,0,0,0,0,0,0,0,0,0
2004,370366,3,1,0,0,0,0,0,0,0,0,0,0
2004,370367,1,1,10,10,10,10,10,10,10,10,10,10
2004,370368,1,1,0,0,0,0,0,12,0,0,0,0
2004,370368,2,1,0,0,0,0,0,0,0,0,0,0
2004,370369,1,1,0,0,0,0,0,0,0,0,0,0
2004,370370,1,1,15,15,15,15,15,15,15,15,15,15
2004,370371,1,1,0,0,0,0,0,0,0,0,0,0
2004,370372,1,1,16,16,16,16,16,16,16,16,16,16
2004,370372,2,1,0,0,0,0,0,13,0,0,0,0
2004,370373,1,1,0,0,0,0,0,0,0,0,0,0
2004,370373,2,1,0,0,0,0,0,0,0,0,0,0
2004,370374,1,1,0,0,0,0,0,0,0,0,0,0
2004,370375,0,1,0,0,0,0,0,0,0,0,0,0
2004,370375,1,1,0,0,9,21,0,0,0,0,0,0
2004,370376,1,1,0,0,0,0,0,0,0,0,0,0
2004,370376,2,1,0,0,0,0,0,0,0,0,0,0
2004,370377,1,1,0,0,0,0,0,0,0,0,0,0
2004,370378,1,1,0,0,0,0,0,0,0,0,0,0
2004,370379,1,1,19,19,19,19,19,19,19,19,19,19
2004,370380,0,1,0,0,0,0,0,0,0,0,0,0
2004,370380,1,1,0,13,0,17,0,0,0,0,0,0
2004,370381,1,1,0,0,0,0,0,0,0,0,0,0
2004,370381,2,1,0,0,0,0,0,0,0,0,0,0
2004,370382,1,1,0,0,0,0,0,0,0,0,0,0
2004,370382,2,1,0,0,0,0,0,0,0,0,0,0
2004,370383,1,1,0,0,0,0,0,0,0,0,0,0
2004,370384,1,1,0,0,0,0,0,0,0,0,0,0
2004,370385,1,1,0,0,0,0,0,0,0,5,18,0
2004,370385,2,1,0,0,0,0,0,0,0,0,0,0
2004,370386,1,1,0,0,0,0,0,0,0,0,0,0
2004,370386,2,1,0,0,0,0,0,0,0,0,0,0
2004,370387,1,1,11,11,11,11,11,11,11,11,11,11
2004,370388,1,1,0,0,0,0,0,0,0,0,0,0
2004,370389,1,1,77,77,77,77,77,77,77,77,77,77
2004,370390,1,1,0,0,0,0,0,0,0,0,0,0
2004,370390,2,1,12,8,10,21,20,15,10,19,21,5
2004,370391,1,1,0,0,0,0,0,0,0,0,0,0
2004,370392,1,1,0,0,0,0,0,0,0,0,0,0
2004,370393,1,1,28,28,28,28,28,28,28,28,28,28
2004,370394,1,1,0,0,0,0,0,0,0,0,0,0
2004,370394,2,1,0,0,0,0,0,0,0,0,0,0
2004,370395,1,1,17,17,17,17,17,17,17,17,17,17
2004,370396,1,1,0,0,0,0,0,0,0,0,0,0
2004,370396,2,1,0,0,0,0,0,0,0,0,0,0
2004,370397,1,1,39,6,4,21,4,18,18,14,10,18
2004,370397,2,1,0,0,0,0,0,0,0,0,0,0
2004,370398,1,1,11,16,11,31,11,3,9,13,8,6
2004,370398,2,1,0,0,0,0,0,0,0,0,0,0
2004,370399,1,1,0,0,0,0,0,0,0,0,0,0
2004,370400,0,1,16,16,16,16,16,16,16,16,16,16
2004,370400,1,1,0,3,0,0,0,0,11,0,0,25
2004,370401,1,1,0,0,0,0,0,0,0,0,0,0
2004,370401,2,1,0,0,0,0,0,0,0,0,0,0
2004,370402,1,1,16,8,10,2,0,6,0,8,22,0
2004,370402,2,1,11,10,16,0,22,0,15,0,17,16
2004,370403,1,1,0,0,0,0,0,0,0,0,0,0
2004,370403,2,1,0,0,0,0,0,0,0,0,0,0
2004,370404,1,1,0,0,0,0,0,0,0,0,9,0
2004,370405,1,1,12,12,12,12,12,12,12,12,12,12
2004,370406,1,1,0,0,0,0,0,0,0,0,0,0
2004,370406,2,1,0,0,0,0,0,0,0,0,0,0
2004,370407,1,1,0,0,0,0,0,0,0,0,0,0
2004,370407,2,1,0,0,0,0,0,0,0,0,0,0
2004,370408,1,1,0,0,0,0,0,0,0,0,0,0
2004,370408,2,1,0,0,0,0,0,0,0,0,0,0
2004,370409,1,1,0,0,0,0,0,0,0,0,0,0
2004,370409,2,1,0,0,9,0,0,6,0,0,0,0
2004,370410,1,1,18,18,18,18,18,18,18,18,18,18
2004,370411,1,1,11,11,11,11,11,11,11,11,11,11
2004,370412,1,1,0,0,0,0,0,0,0,0,0,0
2004,370412,2,1,0,0,0,0,0,0,0,0,0,0
2004,370413,1,1,0,0,0,0,11,0,0,0,0,0
2004,370414,1,1,22,22,22,22,22,22,22,22,22,22
2004,370415,1,1,0,0,0,0,0,0,0,0,0,0
2004,370415,2,1,0,0,0,0,0,0,0,0,0,0
2004,370416,1,1,0,0,0,0,0,0,0,0,0,0
2004,370416,2,1,0,0,0,0,0,0,0,0,0,0
2004,370417,1,1,0,0,0,0,0,0,0,0,0,0
2004,370418,1,1,0,0,0,0,0,0,0,0,0,0
2004,370418,2,1,20,0,0,0,0,12,0,0,0,0
2004,370419,1,1,20,8,12,20,0,32,12,7,7,11
2004,370420,1,1,0,0,0,0,0,0,0,0,0,0
2004,370421,1,1,0,0,0,0,0,0,0,0,0,0
2004,370421,2,1,0,0,0,0,0,0,0,0,0,0
2004,370422,1,1,0,0,0,0,0,0,0,0,0,0
2004,370422,2,1,0,0,0,0,0,0,0,0,0,0
2004,370423,1,1,11,0,0,0,0,19,0,19,0,2
2004,370423,2,1,0,0,0,0,0,0,0,0,16,9
2004,370424,0,1,8,8,8,8,8,8,8,8,8,8
2004,370424,1,1,0,0,0,0,7,0,0,0,0,0
2004,370425,0,1,0,0,0,0,0,0,0,0,0,0
2004,370425,1,1,0,0,0,0,9,0,0,0,0,0
2004,370426,1,1,0,0,0,0,0,0,0,0,0,0
2004,370426,2,1,0,0,0,0,0,0,0,0,0,0
2004,370427,1,1,0,0,0,0,0,0,0,0,0,0
2004,370427,2,1,0,0,0,0,0,0,0,0,0,0
2004,370428,0,1,23,0,21,0,27,5,0,15,0,17
2004,370428,1,1,0,0,0,0,0,0,0,0,0,0
2004,370429,1,1,0,0,0,0,0,0,0,0,0,0
2004,370429,2,1,0,0,0,0,0,0,0,0,0,0
2004,370430,1,2,29,0,22,0,16,0,0,0,12,0
2004,370431,1,1,25,25,25,25,25,25,25,25,25,25
2004,370432,0,1,28,28,28,28,28,28,28,28,28,28
2004,370432,1,1,0,0,0,0,0,0,0,0,0,0
2004,370433,1,1,7,7,7,7,7,7,7,7,7,7
2004,370434,1,1,13,13,13,13,13,13,13,13,13,13
2004,370435,1,1,9,9,9,9,9,9,9,9,9,9
2004,370436,1,1,0,0,0,0,0,0,0,0,0,0
2004,370437,1,1,0,0,0,0,0,0,0,0,0,0
2004,370438,1,1,0,0,0,0,0,0,0,0,0,0
2004,370439,1,1,0,0,0,0,0,0,0,0,0,0
2004,370440,1,1,0,0,0,0,0,0,0,0,0,0
2004,370440,2,1,0,0,0,0,0,0,0,0,0,0
2004,370441,1,1,0,0,0,0,0,0,0,0,0,0
2004,370441,2,1,27,27,27,27,27,27,27,27,27,27
2004,370441,3,1,0,0,0,0,0,0,0,0,0,0
2004,370442,1,1,20,20,20,20,20,20,20,20,20,20
2004,370442,2,1,0,0,0,0,0,0,0,0,0,0
2004,370443,1,1,28,28,28,28,28,28,28,28,28,28
2004,370443,2,1,0,0,0,0,0,0,0,0,0,0
2004,370444,1,1,0,0,0,0,0,0,0,0,0,0
2004,370444,2,1,0,0,0,0,0,0,0,0,0,0
2004,370445,1,1,0,0,0,0,0,0,0,0,0,0
2004,370446,1,1,0,0,0,0,6,0,0,0,0,0
2004,370446,2,1,0,0,0,0,10,0,0,0,0,0
2004,370447,1,1,12,12,12,12,12,12,12,12,12,12
2004,370448,1,1,0,0,18,0,0,0,0,0,0,0
2004,370448,2,1,0,0,0,0,0,0,0,0,0,0
2004,370448,3,1,0,0,0,0,0,0,0,0,0,15
2004,370449,1,1,0,0,0,0,0,0,0,0,0,0
2004,370449,2,1,0,0,0,0,0,0,0,0,0,0
2004,370450,1,1,6,6,6,6,6,6,6,6,6,6
2004,370451,1,1,0,0,0,0,0,0,0,0,0,0
2004,370451,2,1,0,0,0,0,0,0,0,0,0,18
2004,370451,3,1,0,0,0,0,0,0,0,0,0,0
2004,370452,0,1,17,17,17,17,17,17,17,17,17,17
2004,370452,1,1,0,0,0,0,0,0,0,0,0,6
2004,370453,1,1,0,0,0,0,0,0,0,0,0,0
2004,370453,2,1,0,0,0,0,0,0,0,0,0,0
2004,370454,1,1,0,0,0,14,0,0,15,0,0,0
2004,370455,1,1,0,0,0,0,0,0,0,0,0,0
2004,370456,1,1,10,10,10,10,10,10,10,10,10,10
2004,370457,1,1,0,0,0,0,0,0,0,0,0,0
2004,370457,2,1,0,0,0,0,0,0,0,0,0,0
2004,370458,1,1,0,0,0,0,0,0,0,0,0,0
2004,370458,2,1,18,18,18,18,18,18,18,18,18,18
2004,370459,1,1,0,0,0,0,0,0,0,0,0,0
2004,370460,1,1,0,0,0,0,0,0,0,0,0,0
2004,370460,2,1,0,0,0,0,0,0,0,0,0,0
2004,370460,3,1,0,0,0,0,0,0,0,0,0,0
2004,370461,1,1,0,0,0,0,0,0,0,0,0,0
2004,370461,2,1,0,0,0,0,0,0,0,0,0,0
2004,370462,1,1,27,27,27,27,27,27,27,27,27,27
2004,370463,1,1,0,0,0,0,0,0,0,0,0,0
2004,370464,1,1,0,0,0,0,0,0,0,0,0,0
2004,370465,1,1,15,15,15,15,15,15,15,15,15,15
2004,370466,1,1,0,0,0,0,0,0,0,0,0,0
2004,370467,1,1,0,0,0,0,0,0,0,0,0,0
2004,370467,2,1,0,0,0,0,0,0,0,0,0,0