YEAR,ST_CASE,veh_no,per_no,P1,P2,P3,P4,P5,P6,P7,P8,P9,P10
2004,370747,1,1,0,0,0,0,0,0,0,0,0,0
2004,370748,1,1,15,15,15,15,15,15,15,15,15,15
2004,370749,1,1,0,0,0,0,0,0,0,0,0,0
2004,370750,1,1,0,0,0,0,0,0,0,0,0,0
2004,370750,2,1,0,0,0,0,0,0,0,0,0,0
2004,370751,1,1,0,0,0,0,0,0,0,0,0,0
2004,370752,1,1,0,0,0,0,0,0,0,0,0,0
2004,370752,2,1,0,0,0,0,0,0,0,0,0,0
2004,370753,1,1,0,0,0,0,0,17,0,0,0,0
2004,370753,2,1,0,0,0,0,0,0,14,0,0,0
2004,370754,1,1,0,0,0,0,0,0,0,0,0,0
2004,370754,2,1,0,0,0,0,0,0,0,0,0,0
2004,370755,1,1,17,17,17,17,17,17,17,17,17,17
2004,370756,1,1,0,0,6,0,0,0,14,0,6,0
2004,370756,2,1,0,0,0,0,0,0,0,0,0,0
2004,370757,1,1,0,0,0,0,0,0,0,0,0,0
2004,370758,0,1,0,0,0,0,0,0,0,0,0,0
2004,370758,1,1,0,0,9,0,0,0,0,0,0,0
2004,370759,1,1,0,0,0,0,0,0,0,0,0,0
2004,370759,2,1,0,0,0,0,0,0,0,0,0,0
2004,370759,3,1,0,0,0,0,0,0,0,0,0,0
2004,370759,4,1,0,0,0,0,0,0,0,0,0,0
2004,370760,1,1,0,0,0,0,0,0,0,0,0,0
2004,370760,2,1,0,0,0,0,0,0,0,0,0,0
2004,370761,1,1,22,22,22,22,22,22,22,22,22,22
2004,370762,1,1,0,0,18,0,0,0,0,0,0,0
2004,370762,2,1,24,24,24,24,24,24,24,24,24,24
2004,370763,1,1,19,26,14,12,25,30,21,11,33,0
2004,370763,2,1,0,20,0,0,0,0,0,0,0,0
2004,370764,1,1,0,0,0,0,9,0,0,0,0,0
2004,370764,2,1,0,0,0,0,0,0,0,0,0,0
2004,370765,1,1,0,0,0,0,0,0,0,0,0,0
2004,370766,1,1,0,0,0,0,0,0,0,0,0,0
2004,370766,2,1,0,0,0,0,0,0,0,0,0,0
2004,370767,1,1,20,20,20,20,20,20,20,20,20,20
2004,370768,1,1,0,0,0,0,0,0,0,0,0,0
2004,370768,2,1,0,0,0,0,14,0,0,23,0,0
2004,370769,1,1,0,0,0,0,0,0,0,0,0,0
2004,370771,1,1,15,15,15,15,15,15,15,15,15,15
2004,370771,2,1,15,15,15,15,15,15,15,15,15,15
2004,370772,0,1,38,38,38,38,38,38,38,38,38,38
2004,370772,1,1,0,0,0,23,0,6,0,0,0,0
2004,370773,0,1,7,7,7,7,7,7,7,7,7,7
2004,370773,1,1,0,0,0,0,0,0,0,0,0,0
2004,370774,1,1,0,0,0,0,0,0,0,0,0,0
2004,370775,1,1,10,10,10,10,10,10,10,10,10,10
2004,370776,0,1,0,0,0,0,0,0,0,0,0,0
2004,370776,1,1,0,0,0,0,0,21,0,0,9,0
2004,370777,0,1,0,0,0,0,0,0,0,0,0,0
2004,370777,1,1,0,0,0,0,0,0,0,0,0,0
2004,370778,1,1,0,0,0,0,0,0,0,0,0,0
2004,370778,2,1,21,0,14,14,10,11,8,0,21,0
2004,370779,1,1,0,0,0,0,0,0,0,0,0,0
2004,370780,1,1,0,0,0,0,0,0,0,0,0,0
2004,370781,1,1,0,0,0,0,0,0,0,0,0,0
2004,370781,2,1,0,0,0,0,0,0,0,0,0,0
2004,370782,0,1,0,0,0,0,0,0,0,0,0,0
2004,370782,1,1,0,0,0,0,0,0,0,0,0,0
2004,370783,1,1,17,2,10,30,10,15,11,15,6,13
2004,370784,1,1,0,0,0,0,0,0,0,0,0,0
2004,370785,1,1,0,17,0,0,0,0,0,0,0,0
2004,370785,2,1,0,0,0,0,0,0,0,0,0,0
2004,370786,0,1,0,0,0,0,0,0,0,0,0,0
2004,370786,1,1,0,0,0,0,0,0,0,0,0,0
2004,370787,1,1,0,0,0,0,0,0,0,0,0,0
2004,370788,1,1,0,0,0,0,0,0,0,0,0,0
2004,370788,2,1,0,0,0,0,0,0,0,0,0,0
2004,370789,1,1,0,0,0,0,0,0,0,0,10,0
2004,370789,2,1,0,0,0,0,0,0,0,0,0,0
2004,370790,1,1,36,36,36,36,36,36,36,36,36,36
2004,370791,1,1,13,13,13,13,13,13,13,13,13,13
2004,370792,1,1,0,0,0,0,0,0,0,0,0,0
2004,370793,1,1,0,0,0,0,0,0,0,0,0,0
2004,370793,2,1,0,0,0,0,0,0,0,0,0,0
2004,370794,1,1,21,21,21,21,21,21,21,21,21,21
2004,370795,1,1,0,0,0,0,0,0,0,0,0,0
2004,370795,2,1,0,0,0,0,0,0,0,0,0,0
2004,370795,3,1,0,0,0,0,0,0,0,0,0,0
2004,370796,1,1,0,0,0,0,0,0,0,0,0,0
2004,370796,2,1,0,0,0,0,3,0,0,0,0,0
2004,370797,1,1,0,0,0,0,0,0,0,0,0,0
2004,370797,2,1,0,0,0,0,0,0,0,0,0,0
2004,370798,1,1,0,0,0,0,0,0,0,0,0,0
2004,370798,2,1,0,0,0,0,0,0,0,0,0,0
2004,370799,0,1,0,0,0,0,0,0,0,0,0,0
2004,370799,1,1,0,0,0,0,0,0,0,0,0,0
2004,370800,1,1,0,0,0,0,0,0,0,0,0,0
2004,370801,0,1,0,0,0,0,0,0,0,0,0,0
2004,370801,1,1,0,0,0,0,0,0,0,0,0,0
2004,370802,0,1,0,0,0,0,0,0,0,0,0,0
2004,370802,1,1,0,0,0,0,0,0,0,0,0,0
2004,370803,1,1,0,0,0,0,0,0,0,0,0,0
2004,370803,2,1,0,0,0,0,0,0,0,0,0,0
2004,370804,0,1,35,35,35,35,35,35,35,35,35,35
2004,370804,1,1,0,0,0,0,0,0,0,0,0,0
2004,370805,1,1,5,5,5,5,5,5,5,5,5,5
2004,370805,2,1,0,0,0,0,0,0,0,0,0,0
2004,370806,1,1,0,0,0,0,0,0,0,0,0,0
2004,370806,2,1,0,0,0,0,0,0,0,0,0,0
2004,370807,1,1,0,0,0,0,0,0,0,0,0,0
2004,370807,2,1,0,0,0,0,0,0,0,0,0,0
2004,370808,0,1,0,0,0,0,0,0,0,0,0,0
2004,370808,0,2,0,0,9,0,0,0,0,0,0,12
2004,370808,1,1,0,15,0,0,0,0,0,0,0,0
2004,370808,2,1,16,15,10,13,11,14,36,13,5,7
2004,370809,1,1,12,12,12,12,12,12,12,12,12,12
2004,370810,1,1,0,0,0,0,0,0,0,0,0,0
2004,370810,2,1,0,0,0,0,0,0,0,0,0,0
2004,370811,1,1,17,17,10,5,4,0,19,14,18,9
2004,370812,1,1,0,0,0,0,0,0,0,25,0,0
2004,370812,2,1,26,26,26,26,26,26,26,26,26,26
2004,370813,1,1,0,0,0,0,0,0,0,0,0,0
2004,370813,2,1,0,0,0,0,0,0,0,0,0,0
2004,370814,1,1,0,0,0,0,0,0,0,0,0,0
2004,370814,2,1,0,0,0,0,0,0,0,0,0,0
2004,370815,1,1,7,0,0,0,0,0,0,0,0,0
2004,370815,2,1,0,0,0,0,8,0,0,0,0,0
2004,370816,1,1,0,0,0,0,0,0,0,0,0,0
2004,370816,2,1,0,0,0,0,0,0,0,0,0,0
2004,370816,3,1,0,0,0,0,0,0,0,0,0,0
2004,370817,1,1,0,0,0,0,0,0,0,0,0,0
2004,370817,2,1,4,23,23,11,17,6,17,15,14,34
2004,370818,1,1,0,0,10,0,0,0,12,5,0,0
2004,370819,1,1,0,0,0,0,0,0,0,0,0,0
2004,370819,2,1,0,0,0,0,0,0,0,0,0,0
2004,370820,1,1,0,0,0,0,0,0,0,0,0,0
2004,370820,2,1,0,0,0,0,0,0,0,0,0,0
2004,370821,0,1,23,23,23,23,23,23,23,23,23,23
2004,370821,1,1,0,0,0,0,0,0,0,0,0,0
2004,370822,1,1,0,0,0,0,0,0,0,0,0,0
2004,370823,1,1,27,0,21,0,5,0,11,0,0,6
2004,370823,2,1,0,0,0,0,0,0,0,0,0,0
2004,370824,1,1,9,33,27,14,21,6,11,5,19,16
2004,370825,1,1,0,0,0,0,0,0,0,0,0,0
2004,370825,2,1,0,0,0,0,0,0,0,0,0,0
2004,370825,3,1,0,0,0,0,0,0,28,0,0,0
2004,370826,0,1,0,21,28,49,0,0,0,0,8,7
2004,370826,1,1,0,6,9,10,12,0,39,13,13,34
2004,370827,1,1,0,0,0,0,0,0,0,0,0,0
2004,370827,2,1,0,0,0,0,0,0,0,0,0,0
2004,370828,0,1,9,9,9,9,9,9,9,9,9,9
2004,370828,1,1,0,0,0,0,16,12,0,0,0,0
2004,370829,1,1,19,19,19,19,19,19,19,19,19,19
2004,370830,1,1,0,0,0,0,0,0,0,0,0,0
2004,370830,2,1,0,0,0,0,0,0,0,0,0,0
2004,370831,1,1,0,0,0,0,0,0,0,0,0,0
2004,370831,2,1,0,0,0,0,0,0,0,0,0,0
2004,370832,1,1,0,0,0,0,0,0,0,0,0,0
2004,370832,2,1,0,0,0,0,0,0,0,0,0,0
2004,370833,1,1,8,12,0,0,0,0,0,0,0,0
2004,370833,2,1,0,0,0,0,0,0,0,0,0,0
2004,370834,1,1,24,24,24,24,24,24,24,24,24,24
2004,370835,1,1,0,0,0,0,0,0,5,0,0,0
2004,370835,2,1,0,0,0,0,0,0,0,0,0,0
2004,370836,1,1,15,15,15,15,15,15,15,15,15,15
2004,370837,1,1,19,19,19,19,19,19,19,19,19,19
2004,370838,1,1,0,0,0,0,0,0,0,0,0,0
2004,370838,2,1,0,0,0,0,0,0,0,0,0,0
2004,370838,3,1,0,0,0,0,0,0,0,0,0,0
2004,370838,4,1,0,0,0,0,0,0,0,0,0,0
2004,370839,1,1,30,30,30,30,30,30,30,30,30,30
2004,370840,1,1,0,0,0,0,0,0,0,0,0,0
2004,370841,1,1,23,23,23,23,23,23,23,23,23,23
2004,370841,2,1,0,0,0,0,0,0,0,0,0,7
2004,370842,1,1,30,30,30,30,30,30,30,30,30,30
2004,370842,2,1,0,0,0,0,0,0,0,0,0,0
2004,370843,1,1,13,0,0,0,0,0,0,0,0,0
2004,370843,2,1,0,0,0,0,0,0,0,0,0,0
2004,370844,1,1,28,28,28,28,28,28,28,28,28,28
2004,370845,1,1,0,0,24,0,0,0,0,0,0,0
2004,370846,1,1,0,0,0,0,0,0,0,0,0,0
2004,370846,2,1,0,0,0,0,0,0,0,0,0,0
2004,370847,1,1,0,0,0,0,0,0,0,0,0,0
2004,370848,1,1,0,0,0,0,0,0,0,0,0,0
2004,370849,0,1,0,0,0,0,0,0,0,0,0,0
2004,370849,1,1,0,0,0,0,0,0,0,0,0,0
2004,370850,0,1,0,0,0,0,0,0,0,0,0,0
2004,370850,1,1,0,0,0,0,0,16,0,0,0,0
2004,370851,1,1,19,19,19,19,19,19,19,19,19,19
2004,370851,2,1,0,0,0,0,0,0,0,0,0,0
2004,370852,1,1,0,0,0,0,0,0,0,0,0,0
2004,370853,1,1,0,0,0,0,0,0,0,0,0,0
2004,370853,2,1,0,0,0,0,0,0,0,0,0,0
2004,370854,1,1,10,30,10,20,4,16,14,21,14,23
2004,370855,1,1,0,0,0,0,0,0,0,0,0,0
2004,370856,1,1,8,0,10,14,19,19,28,31,9,16
2004,370857,1,1,0,0,0,0,0,0,0,0,0,0
2004,370858,1,1,0,0,0,0,0,0,0,0,0,0
2004,370858,2,1,0,0,0,0,0,0,0,0,0,0
2004,370859,1,1,27,27,27,27,27,27,27,27,27,27
2004,370860,1,1,0,0,0,0,0,0,0,0,0,0
2004,370861,1,1,16,16,16,16,16,16,16,16,16,16
2004,370862,1,1,28,28,28,28,28,28,28,28,28,28
2004,370863,1,1,4,4,4,4,4,4,4,4,4,4
2004,370863,2,1,0,0,0,0,9,0,0,0,0,0
2004,370864,1,1,0,0,0,0,0,13,0,0,0,0
2004,370864,2,1,0,0,0,0,0,0,0,0,0,0
2004,370864,3,1,10,13,11,4,16,9,8,11,3,13
2004,370865,1,1,7,7,7,7,7,7,7,7,7,7
2004,370866,1,1,0,0,0,0,0,0,0,0,0,0
2004,370867,0,1,0,0,0,0,0,0,0,0,0,0
2004,370867,1,1,0,0,0,0,0,0,0,0,0,0
2004,370868,1,1,17,17,17,17,17,17,17,17,17,17
2004,370869,1,1,0,0,0,0,0,0,0,0,0,0
2004,370869,2,1,0,0,0,0,0,0,0,0,0,0
2004,370870,1,1,24,6,21,24,23,8,15,18,13,0
2004,370871,1,1,0,0,0,0,0,0,0,0,0,0
2004,370872,1,1,23,23,23,23,23,23,23,23,23,23
2004,370873,1,1,0,0,0,0,0,0,0,0,0,0
2004,370874,1,1,0,0,0,0,0,14,0,0,0,0
2004,370874,2,1,0,0,0,0,0,0,0,0,0,0
2004,370875,1,1,0,0,0,0,0,0,0,0,0,0
2004,370875,2,1,0,0,0,0,0,0,0,0,0,0
2004,370876,0,1,0,0,35,19,30,0,0,47,28,38
2004,370876,1,1,0,0,0,0,0,0,0,0,0,0
2004,370877,0,1,0,0,0,0,0,0,0,0,0,0
2004,370877,1,1,0,0,0,0,0,0,0,0,0,0
2004,370878,1,1,5,5,5,5,5,5,5,5,5,5
2004,370878,2,1,0,0,0,0,0,0,0,0,0,0
2004,370879,0,1,0,0,0,0,0,0,0,0,0,0
2004,370879,1,1,0,0,0,0,0,0,0,0,0,0
2004,370880,0,1,0,0,0,0,0,0,0,0,0,0
2004,370880,1,1,0,0,0,0,0,0,9,0,0,0
2004,370881,1,1,0,0,0,0,0,0,0,0,0,0
2004,370882,0,1,31,31,31,31,31,31,31,31,31,31
2004,370882,1,1,0,0,0,0,0,0,0,0,0,0
2004,370883,1,1,10,0,10,0,0,0,14,0,0,0
2004,370884,1,1,22,22,22,22,22,22,22,22,22,22
2004,370885,1,1,0,0,0,0,0,0,33,0,17,0
2004,370885,2,1,0,0,0,0,0,0,0,0,0,0
2004,370885,3,1,0,0,0,0,0,0,0,0,0,0
2004,370885,4,1,0,0,0,0,0,0,0,0,0,0
2004,370886,1,1,0,0,0,0,0,0,0,0,0,0
2004,370887,1,1,0,0,0,0,0,0,0,0,0,0
2004,370888,0,1,0,0,0,0,0,0,0,0,0,0
2004,370888,1,1,0,0,0,0,0,0,0,0,0,0
2004,370889,1,1,0,0,0,0,0,0,0,0,0,0
2004,370889,2,1,0,0,0,0,0,0,0,0,0,0
2004,370890,1,1,0,0,0,0,0,0,0,0,0,0
2004,370890,2,1,21,21,21,21,21,21,21,21,21,21
2004,370891,1,1,17,17,17,17,17,17,17,17,17,17
2004,370891,2,1,0,0,0,0,0,0,0,0,0,0
2004,370892,1,1,0,0,0,0,0,0,0,0,0,0
2004,370893,1,1,12,12,12,12,12,12,12,12,12,12
2004,370894,1,1,0,0,0,0,0,0,0,0,0,0
2004,370894,2,1,0,0,0,0,0,0,0,0,0,0
2004,370895,1,1,0,0,0,0,0,0,0,0,0,0
2004,370895,2,1,0,0,0,0,0,0,0,0,0,0
2004,370896,1,1,0,0,0,0,0,0,0,0,0,0
2004,370896,2,1,0,0,0,0,0,0,0,0,0,0
2004,370897,1,1,0,0,0,0,0,0,0,0,0,0
2004,370897,2,1,0,0,0,0,0,0,0,0,0,2
2004,370897,3,1,0,0,0,0,0,0,0,0,0,0
2004,370898,1,1,0,0,0,0,0,0,0,0,0,0
2004,370899,1,1,0,0,0,0,0,0,0,0,0,0
2004,370899,2,1,0,0,0,0,0,0,0,0,0,0
2004,370900,1,1,0,0,0,0,0,0,0,0,0,0
2004,370901,1,1,0,0,0,0,0,0,0,0,0,0
2004,370901,2,1,0,0,0,0,0,0,0,0,0,0
2004,370902,1,1,0,26,0,0,0,0,0,0,0,0
2004,370902,2,1,0,0,0,0,0,0,0,0,0,4
2004,370903,1,1,0,0,0,0,0,0,0,0,0,0
2004,370904,1,1,0,0,0,0,0,0,0,0,0,0
2004,370905,1,1,0,0,0,0,0,0,0,0,0,0
2004,370906,1,1,0,0,0,0,0,0,0,0,0,0
2004,370906,2,1,0,0,0,0,0,0,0,0,0,0
2004,370906,3,1,0,0,0,0,0,0,0,0,0,0
2004,370907,1,1,0,0,0,0,0,0,0,0,0,0
2004,370907,2,1,0,0,0,0,0,0,0,0,0,0
2004,370908,1,1,0,0,0,0,0,0,0,0,0,0
2004,370909,1,1,13,13,13,13,13,13,13,13,13,13
2004,370910,0,1,15,15,15,15,15,15,15,15,15,15
2004,370910,1,1,15,10,14,9,9,4,19,12,0,9
2004,370911,1,1,17,12,17,18,33,2,13,7,12,10
2004,370911,2,1,0,0,0,0,0,0,0,0,0,0
2004,370912,1,1,27,27,27,27,27,27,27,27,27,27
2004,370914,1,1,0,0,0,0,0,0,0,0,0,0
2004,370915,1,1,0,0,0,0,0,0,0,0,0,0
2004,370915,2,1,0,0,0,0,0,0,0,0,0,0
2004,370916,1,1,0,0,0,0,0,0,0,0,0,0
2004,370917,0,1,20,20,20,20,20,20,20,20,20,20
2004,370917,1,1,0,9,0,0,7,0,0,0,0,0
2004,370918,1,1,0,0,0,0,0,0,0,0,0,0
2004,370918,2,1,0,0,0,0,0,0,0,0,0,0
2004,370918,3,1,0,0,0,0,0,0,0,0,0,0
2004,370919,1,1,0,0,0,0,0,0,0,0,0,0
2004,370920,2,1,8,8,8,8,8,8,8,8,8,8
2004,370921,1,1,25,16,8,17,13,17,31,29,2,8
2004,370922,0,1,26,26,26,26,26,26,26,26,26,26
2004,370922,1,1,0,0,0,11,0,0,0,0,0,0
2004,370923,1,1,0,0,0,0,0,7,0,0,0,0
2004,370923,2,1,0,0,0,0,0,0,0,0,0,0
2004,370924,1,1,0,0,0,0,0,0,0,0,0,0
2004,370924,2,1,0,0,0,0,0,0,0,0,0,0
2004,370925,1,1,0,0,0,0,0,0,0,0,0,0
2004,370925,2,1,0,0,0,0,0,0,0,0,0,0
2004,370926,1,1,0,0,0,0,0,0,0,0,0,0
2004,370927,1,1,0,0,0,0,0,0,0,0,0,0
2004,370927,2,1,3,3,3,3,3,3,3,3,3,3
2004,370928,1,1,0,0,0,0,0,0,0,0,0,0
2004,370929,1,1,0,0,0,0,0,0,0,0,0,0
2004,370929,2,1,8,8,8,8,8,8,8,8,8,8
2004,370930,0,1,0,0,0,0,0,0,0,0,0,0
2004,370930,1,1,0,0,16,0,0,0,0,15,0,0
2004,370931,0,1,28,28,28,28,28,28,28,28,28,28
2004,370931,1,1,0,12,0,0,0,0,0,0,0,0
2004,370932,1,1,23,23,23,23,23,23,23,23,23,23
2004,370933,1,1,0,0,0,0,21,6,0,0,0,0
2004,370933,2,1,0,0,0,0,0,0,0,0,0,0
2004,370934,1,1,0,0,0,0,0,0,0,0,0,0
2004,370934,2,1,0,0,0,0,0,0,0,0,0,0
2004,370935,1,1,0,0,0,0,0,0,0,0,0,0
2004,370935,2,1,0,0,0,0,0,0,0,0,0,0
2004,370936,1,1,0,0,0,0,0,0,0,0,0,0
2004,370937,0,1,16,16,16,16,16,16,16,16,16,16
2004,370937,0,2,11,0,0,12,21,0,16,10,20,25
2004,370937,0,3,0,21,42,14,6,0,0,27,0,0
2004,370937,1,1,0,0,0,0,0,0,0,0,0,0
2004,370938,1,1,5,20,11,16,17,19,18,11,7,18
2004,370939,1,1,25,15,22,17,13,32,25,15,15,9
2004,370939,2,1,0,0,0,0,0,0,0,0,0,0
2004,370939,3,1,0,0,0,0,0,0,0,0,0,0
2004,370940,1,1,0,0,0,0,0,0,0,0,0,0
2004,370940,2,1,0,0,26,0,0,0,0,0,0,0
2004,370941,1,1,0,0,0,0,0,0,0,0,0,0
2004,370941,2,1,0,0,0,0,0,0,0,0,0,0
2004,370942,1,1,0,0,0,0,0,0,0,0,0,0
2004,370943,1,1,6,8,11,33,17,12,26,5,20,3
2004,370943,2,1,0,0,0,0,0,0,0,0,0,0
2004,370944,0,1,0,0,0,0,0,0,0,0,0,0
2004,370944,1,1,0,0,0,0,0,0,0,4,0,0
2004,370945,1,1,12,12,12,12,12,12,12,12,12,12
2004,370946,1,1,0,0,29,0,0,0,0,0,6,0
2004,370946,2,1,0,0,0,0,0,0,0,0,0,0
2004,370946,3,1,0,0,0,0,0,0,0,0,7,0
2004,370947,1,1,0,0,0,0,0,0,0,0,0,0
2004,370947,2,1,0,0,0,0,0,0,0,0,0,0
2004,370948,1,1,0,0,0,0,0,0,0,0,0,0
2004,370949,1,1,0,0,0,0,0,0,0,0,0,0
2004,370949,2,1,0,0,0,0,0,0,0,0,0,0
2004,370950,1,1,0,0,0,0,0,0,0,0,0,0
2004,370951,1,1,0,0,0,0,18,0,0,0,0,0
2004,370952,1,1,0,0,0,0,0,0,0,0,0,0
2004,370952,2,1,0,0,0,0,8,0,0,0,0,0
2004,370953,0,1,0,0,0,0,0,0,0,0,0,0
2004,370953,1,1,8,6,10,5,0,0,12,15,0,0
2004,370954,1,1,0,0,0,0,0,0,0,0,0,0
2004,370954,2,1,0,0,0,0,0,0,0,0,0,0
2004,370955,0,1,0,0,0,0,0,0,0,0,0,0
2004,370955,1,1,0,0,0,0,0,0,0,0,0,8
2004,370956,0,1,0,0,0,0,0,0,0,0,0,0
2004,370956,1,1,0,0,0,0,0,0,0,0,0,0
2004,370957,1,1,0,0,0,0,0,0,0,0,0,0
2004,370957,2,1,0,0,0,0,0,0,0,0,0,0
2004,370958,0,1,13,13,13,13,13,13,13,13,13,13
2004,370958,1,1,0,24,3,0,11,0,0,7,0,18
2004,370959,1,1,0,0,0,0,0,0,0,0,0,0
2004,370959,2,1,0,0,0,0,0,0,0,0,0,0
2004,370960,1,1,0,0,0,0,0,0,0,0,0,0
2004,370960,2,1,0,0,0,0,0,0,0,0,0,0
2004,370961,1,1,8,32,11,18,15,11,12,22,20,5
2004,370962,1,1,0,0,0,0,0,0,0,0,0,0
2004,370962,2,1,0,0,0,0,0,0,0,0,0,0
2004,370963,1,1,0,0,0,0,0,0,0,0,16,0
2004,370963,2,1,0,0,0,0,18,0,0,0,0,0
2004,370964,1,1,0,0,0,0,0,0,0,0,0,0
2004,370965,1,1,0,0,0,0,0,0,0,0,0,0
2004,370966,1,1,0,0,0,0,0,0,0,0,0,0
2004,370966,2,1,0,0,0,0,0,0,0,0,0,0
2004,370967,1,1,0,0,0,0,0,7,0,0,0,0
2004,370967,2,1,0,0,0,0,0,0,0,0,0,0
2004,370968,1,1,0,0,0,0,0,0,0,0,0,0
2004,370968,2,1,0,0,0,7,0,0,0,0,0,0
2004,370968,3,1,0,0,0,0,0,0,0,0,0,0
2004,370969,1,1,0,0,0,0,0,0,0,0,0,0
2004,370970,1,1,23,23,23,23,23,23,23,23,23,23
2004,370971,1,1,10,24,0,0,0,29,8,0,22,0
2004,370972,1,1,1,1,1,1,1,1,1,1,1,1
2004,370972,2,1,0,0,0,0,0,0,7,0,0,0
2004,370973,1,1,18,18,18,18,18,18,18,18,18,18
2004,370974,1,1,5,21,15,8,14,5,19,14,0,15
2004,370975,0,1,20,20,20,20,20,20,20,20,20,20
2004,370975,1,1,0,0,0,0,0,0,0,0,0,0
2004,370976,1,1,8,8,8,8,8,8,8,8,8,8
2004,370976,2,1,0,0,0,0,0,0,0,0,0,0
2004,370977,1,1,24,24,24,24,24,24,24,24,24,24
2004,370978,1,1,0,0,0,0,0,0,0,0,0,0
2004,370978,2,1,0,0,0,0,0,0,0,0,0,0
2004,370979,1,1,21,21,21,21,21,21,21,21,21,21
2004,370980,0,1,0,0,0,0,0,0,0,0,0,0
2004,370980,1,1,0,0,0,0,0,0,0,0,0,0
2004,370981,1,1,0,0,0,0,0,0,0,0,0,0
2004,370982,1,1,0,0,0,0,0,0,0,0,0,0
2004,370982,2,1,0,0,0,0,0,0,0,0,0,0
2004,370983,1,1,0,0,0,0,0,0,0,0,0,0
2004,370983,2,1,0,0,0,0,0,0,0,0,0,0
2004,370983,3,1,0,0,0,0,0,0,0,0,0,0
2004,370983,4,1,0,0,0,0,0,0,0,0,0,0
2004,370984,1,1,0,15,0,0,0,0,0,0,0,0
2004,370984,2,1,0,0,0,0,0,6,0,0,0,0
2004,370985,1,1,0,0,0,0,0,0,0,0,0,0
2004,370986,1,1,0,0,0,0,0,0,0,0,0,0
2004,370987,1,1,0,0,0,0,0,0,0,0,0,0
2004,370987,2,1,0,0,0,0,0,0,0,0,0,0
2004,370988,1,1,0,0,0,0,0,0,0,0,0,0
2004,370988,2,1,0,0,0,0,0,0,0,0,0,0
2004,370988,3,1,0,0,0,0,0,0,0,0,0,0
2004,370989,1,1,0,0,21,0,0,0,0,0,0,0
2004,370989,2,1,0,0,0,0,0,0,0,0,0,0
2004,370990,0,1,0,0,0,0,0,0,0,0,0,0
2004,370990,1,1,0,0,0,0,0,0,0,0,0,0
2004,370991,1,1,0,0,0,0,0,0,0,0,0,0
2004,370991,2,1,0,0,0,0,0,0,0,0,0,0
2004,370992,1,1,25,25,25,25,25,25,25,25,25,25
2004,370993,1,1,0,0,0,0,0,0,0,0,0,0
2004,370993,2,1,0,0,0,0,0,0,0,0,0,0
2004,370994,1,1,0,0,0,0,0,0,0,0,0,0
2004,370994,2,1,9,0,0,0,0,0,0,0,0,0
2004,370995,1,1,0,0,9,0,0,0,0,3,0,0
2004,370996,1,1,0,0,0,0,0,0,0,0,0,0
2004,370996,2,1,0,0,0,0,0,0,0,0,0,0
2004,370996,3,1,0,0,0,0,0,0,0,0,0,0
2004,370997,1,1,19,19,19,19,19,19,19,19,19,19
2004,370998,1,1,0,0,0,0,0,0,0,0,0,0
2004,370998,2,1,0,0,0,0,0,0,0,0,0,0
2004,370999,0,1,0,0,0,0,0,0,0,0,0,0
2004,370999,1,1,0,4,0,0,0,0,0,0,0,0
2004,371000,0,1,17,17,17,17,17,17,17,17,17,17
2004,371000,1,1,0,0,0,0,0,0,0,0,0,0
2004,371001,1,1,15,15,15,15,15,15,15,15,15,15
2004,371002,1,1,13,13,13,13,13,13,13,13,13,13
2004,371003,1,1,31,31,31,31,31,31,31,31,31,31
2004,371004,0,1,0,0,0,0,0,0,0,0,0,0
2004,371004,1,1,0,0,0,0,0,0,0,0,0,0
2004,371005,1,1,21,21,21,21,21,21,21,21,21,21
2004,371006,1,1,0,0,0,0,0,0,0,0,0,0
2004,371006,2,1,0,0,0,0,0,0,0,0,0,0
2004,371007,1,1,0,0,0,0,0,0,0,0,0,0
2004,371007,2,1,0,17,0,0,0,0,0,0,0,0
2004,371008,1,1,0,0,0,0,0,0,0,0,0,0
2004,371008,2,1,0,0,0,0,0,0,0,0,0,0
2004,371009,1,1,0,0,0,0,0,31,0,0,0,0
2004,371010,1,1,0,0,0,0,0,0,0,0,0,0
2004,371010,2,1,0,0,0,0,0,0,0,0,0,0
2004,371010,3,1,0,0,0,0,0,0,0,0,0,0
2004,371011,1,1,8,16,17,6,17,18,12,22,18,14
2004,371011,2,1,24,15,14,4,0,19,12,18,0,9
2004,371012,1,1,0,0,0,0,0,0,0,0,0,0
2004,371013,1,1,0,17,0,0,0,0,0,3,0,0
2004,371014,0,1,0,0,0,0,0,0,0,0,0,0
2004,371014,1,1,0,0,0,0,0,0,0,6,0,0
2004,371015,1,1,0,0,0,6,0,0,0,0,0,0
2004,371015,2,1,0,0,0,0,0,0,0,0,4,0
2004,371016,1,1,13,13,13,13,13,13,13,13,13,13
2004,371016,2,1,0,0,0,0,0,0,0,0,0,0
2004,371017,1,1,0,0,0,0,0,0,0,0,0,0
2004,371017,2,1,0,0,0,0,0,0,0,0,0,0
2004,371017,3,1,0,0,0,0,0,0,0,0,0,0
2004,371018,1,1,0,0,0,0,0,0,0,0,0,0
2004,371019,1,1,14,14,14,14,14,14,14,14,14,14
2004,371020,1,1,0,0,0,0,0,0,0,0,0,0
2004,371020,2,1,0,0,0,0,0,0,0,0,0,0
2004,371021,1,1,0,0,0,33,0,20,0,0,0,13
2004,371021,2,1,0,0,0,0,0,0,0,0,0,0