YEAR,ST_CASE,veh_no,per_no,P1,P2,P3,P4,P5,P6,P7,P8,P9,P10
2004,371021,3,1,0,0,0,0,0,0,0,0,0,0
2004,371022,1,1,0,0,0,0,0,0,0,0,0,0
2004,371022,2,1,0,0,0,0,0,0,0,0,0,0
2004,371023,1,1,0,0,0,0,0,0,0,0,0,0
2004,371023,2,1,0,0,0,0,0,0,0,0,0,0
2004,371024,1,1,12,12,12,12,12,12,12,12,12,12
2004,371025,1,1,0,0,0,0,0,0,0,0,0,0
2004,371026,1,1,25,25,25,25,25,25,25,25,25,25
2004,371027,1,1,0,0,0,0,0,0,0,0,0,0
2004,371028,1,1,0,0,0,0,0,0,0,0,0,0
2004,371028,2,1,0,0,0,0,0,0,0,0,0,0
2004,371029,1,1,0,0,0,0,0,0,0,0,0,0
2004,371029,2,1,0,0,0,0,0,0,0,0,0,0
2004,371030,1,1,0,0,0,0,0,0,0,0,0,0
2004,371030,2,1,0,0,0,0,0,0,0,0,0,0
2004,371031,1,1,0,0,0,6,0,0,0,0,0,0
2004,371031,2,1,0,0,0,0,0,0,0,0,0,0
2004,371032,1,1,0,0,0,0,0,0,0,0,0,0
2004,371033,1,1,0,0,0,0,0,0,0,0,0,0
2004,371034,1,1,0,0,0,0,0,0,0,0,0,0
2004,371035,1,1,0,0,0,0,0,0,0,0,0,0
2004,371035,2,1,5,0,0,0,0,0,0,0,0,0
2004,371036,1,1,7,7,7,7,7,7,7,7,7,7
2004,371037,1,1,26,26,26,26,26,26,26,26,26,26
2004,371037,2,1,0,0,0,0,0,0,17,0,0,0
2004,371038,1,1,0,0,0,0,0,0,0,0,0,0
2004,371038,2,1,0,0,0,0,0,0,0,0,0,15
2004,371039,0,1,0,0,0,0,0,0,0,0,0,0
2004,371039,1,1,0,0,0,0,0,0,0,0,0,0
2004,371040,1,1,0,0,0,10,0,0,0,0,0,0
2004,371040,2,1,0,0,0,0,0,0,0,0,0,0
2004,371041,1,1,0,0,0,0,0,0,0,0,4,0
2004,371041,2,1,0,0,0,0,0,0,0,4,13,0
2004,371041,3,1,0,0,0,0,0,0,0,0,0,26
2004,371042,1,1,19,19,19,19,19,19,19,19,19,19
2004,371043,1,1,14,14,14,14,14,14,14,14,14,14
2004,371044,1,1,0,0,0,0,0,0,0,0,0,0
2004,371044,2,1,0,0,0,0,0,0,0,0,0,0
2004,371044,3,1,0,0,0,0,0,0,0,0,0,0
2004,371045,1,1,0,0,0,0,0,0,0,0,0,0
2004,371046,1,1,0,0,0,0,0,0,0,0,0,0
2004,371046,2,1,0,0,0,0,0,0,0,0,0,0
2004,371047,1,1,14,14,14,14,14,14,14,14,14,14
2004,371048,1,1,10,10,10,10,10,10,10,10,10,10
2004,371048,2,1,0,0,0,0,0,0,0,0,0,0
2004,371049,1,1,0,0,0,0,0,0,0,0,0,0
2004,371050,1,1,22,22,22,22,22,22,22,22,22,22
2004,371051,1,1,0,0,0,0,0,0,0,0,0,0
2004,371052,1,1,0,0,0,0,0,0,0,0,0,0
2004,371052,2,1,0,0,0,0,0,0,0,0,0,0
2004,371052,3,1,0,0,0,0,0,0,0,0,0,0
2004,371053,1,1,23,23,23,23,23,23,23,23,23,23
2004,371054,1,1,0,0,0,0,0,0,0,0,0,0
2004,371054,2,1,0,0,0,0,0,0,0,0,0,0
2004,371055,1,1,22,22,22,22,22,22,22,22,22,22
2004,371056,1,1,31,31,31,31,31,31,31,31,31,31
2004,371057,1,1,0,0,0,0,0,0,0,0,0,0
2004,371058,0,1,0,0,0,0,0,0,0,0,0,0
2004,371058,1,1,0,0,0,0,14,0,0,0,0,0
2004,371058,2,1,0,0,0,0,0,0,0,0,0,0
2004,371058,3,1,0,0,0,0,0,0,0,0,0,0
2004,371059,1,1,10,10,10,10,10,10,10,10,10,10
2004,371059,2,1,9,8,0,0,7,30,8,29,10,0
2004,371060,0,1,29,29,29,29,29,29,29,29,29,29
2004,371060,1,1,0,0,0,0,0,0,0,0,0,0
2004,371061,1,1,20,0,5,22,17,12,10,8,10,6
2004,371061,2,1,0,0,0,0,0,17,0,0,0,0
2004,371062,0,1,0,0,0,0,0,0,0,0,0,0
2004,371062,1,1,7,0,0,0,0,0,12,11,0,0
2004,371062,2,1,0,0,0,0,0,0,0,0,0,0
2004,371063,1,1,0,0,0,0,0,0,0,0,0,0
2004,371064,1,1,0,0,0,0,0,0,0,0,0,0
2004,371064,2,1,0,0,0,0,0,0,0,0,0,0
2004,371064,3,1,0,0,0,0,0,0,10,0,0,0
2004,371064,4,1,0,0,0,0,0,0,0,0,0,0
2004,371065,1,1,0,0,0,0,0,0,0,0,0,0
2004,371066,1,1,0,0,0,0,0,0,0,0,0,0
2004,371066,2,1,0,12,0,0,0,0,0,0,0,0
2004,371067,1,1,0,0,0,0,0,0,0,0,0,0
2004,371067,2,1,0,0,0,0,0,0,0,0,0,0
2004,371068,1,1,0,0,0,18,0,0,17,0,0,24
2004,371069,1,1,12,12,12,12,12,12,12,12,12,12
2004,371070,1,1,0,0,0,0,0,0,27,0,0,6
2004,371071,2,1,0,0,0,0,25,0,0,0,0,0
2004,371072,1,1,0,0,0,0,0,0,0,0,0,0
2004,371073,1,1,0,0,0,0,0,0,0,0,0,0
2004,371074,1,1,0,0,0,0,0,0,0,0,0,0
2004,371074,2,1,0,0,0,0,0,0,0,0,0,0
2004,371075,1,1,2,2,2,2,2,2,2,2,2,2
2004,371075,2,1,0,0,0,0,0,0,0,0,0,0
2004,371076,1,1,2,2,2,2,2,2,2,2,2,2
2004,371077,1,1,0,0,0,0,0,0,0,0,0,0
2004,371078,1,1,0,0,0,0,0,0,0,0,0,0
2004,371079,1,1,0,0,0,0,0,0,0,0,0,0
2004,371079,2,1,0,0,0,0,0,0,0,0,0,0
2004,371080,1,1,0,0,0,0,0,0,0,0,0,0
2004,371080,2,1,0,0,0,0,0,0,0,0,0,0
2004,371080,3,1,0,0,9,0,0,0,0,0,0,0
2004,371080,4,1,0,0,0,0,0,0,0,0,0,0
2004,371080,5,1,0,0,0,0,0,0,0,0,0,0
2004,371081,0,1,10,10,10,10,10,10,10,10,10,10
2004,371081,1,1,0,0,0,0,0,0,0,0,0,0
2004,371082,1,1,0,0,0,0,0,0,0,0,0,0
2004,371082,2,1,0,0,0,0,0,0,0,0,0,0
2004,371083,0,1,0,0,0,0,0,0,0,0,0,0
2004,371083,1,1,0,0,0,0,0,0,0,0,0,0
2004,371084,1,1,0,0,0,0,0,0,0,0,0,0
2004,371085,1,1,18,18,18,18,18,18,18,18,18,18
2004,371086,1,1,16,16,16,16,16,16,16,16,16,16
2004,371087,1,1,0,0,0,0,0,0,0,0,0,0
2004,371088,1,1,0,0,0,0,0,0,0,0,0,0
2004,371089,1,1,0,0,0,0,0,0,0,0,0,0
2004,371089,2,1,0,0,0,0,0,0,0,0,0,0
2004,371090,1,1,0,13,0,17,21,18,0,0,0,0
2004,371091,1,1,0,0,0,0,0,0,0,0,0,0
2004,371091,2,1,20,20,20,20,20,20,20,20,20,20
2004,371092,1,1,0,0,7,22,4,0,20,25,0,20
2004,371093,0,1,0,0,0,0,0,0,0,0,0,0
2004,371093,1,1,0,0,0,0,0,0,0,0,0,0
2004,371094,1,1,15,15,15,15,15,15,15,15,15,15
2004,371095,1,1,0,0,0,0,0,0,0,0,23,0
2004,371096,1,1,0,0,0,0,0,0,0,0,0,0
2004,371097,1,1,13,13,13,13,13,13,13,13,13,13
2004,371098,1,1,0,0,0,0,0,0,0,0,0,0
2004,371098,2,1,0,0,0,0,0,0,0,0,0,0
2004,371099,0,1,0,0,0,0,0,0,0,0,0,0
2004,371099,1,1,0,0,0,0,0,0,6,0,0,0
2004,371100,0,1,0,0,0,0,0,0,0,0,0,0
2004,371100,0,2,0,0,0,0,0,0,0,0,0,0
2004,371100,1,1,0,0,0,0,0,0,0,0,0,0
2004,371101,1,1,0,0,0,0,0,0,0,0,0,0
2004,371101,2,1,0,0,0,0,0,0,0,0,0,0
2004,371102,1,1,0,0,0,0,0,0,0,15,12,16
2004,371103,1,1,0,0,0,0,0,0,0,0,0,0
2004,371104,1,1,7,7,7,7,7,7,7,7,7,7
2004,371105,0,1,0,0,0,0,0,0,0,0,0,0
2004,371105,1,1,0,0,0,0,0,0,0,0,0,13
2004,371106,1,1,0,0,0,0,0,0,0,0,0,0
2004,371107,1,1,0,0,0,0,0,0,0,0,0,0
2004,371108,1,1,0,0,0,0,0,0,0,0,0,0
2004,371108,2,1,0,0,0,0,0,0,0,0,0,0
2004,371109,1,1,0,0,30,0,24,18,22,22,10,10
2004,371109,2,1,0,0,0,0,0,0,0,0,0,0
2004,371109,3,1,0,12,0,0,0,0,0,0,0,0
2004,371110,1,1,0,0,0,0,0,0,0,0,0,0
2004,371110,2,1,0,0,0,0,0,0,0,0,0,0
2004,371111,1,1,0,0,0,0,0,0,0,0,0,0
2004,371111,2,1,0,0,0,0,8,0,0,0,0,0
2004,371112,1,1,0,0,0,0,0,0,0,0,0,0
2004,371113,0,1,26,26,26,26,26,26,26,26,26,26
2004,371113,1,1,23,0,0,0,18,0,0,0,0,15
2004,371114,0,1,0,0,0,0,0,0,0,0,0,0
2004,371114,1,1,0,0,0,0,0,0,0,0,0,0
2004,371115,1,1,0,0,0,0,0,0,0,0,0,0
2004,371116,1,1,0,0,0,0,0,0,0,0,6,0
2004,371116,2,1,0,0,0,0,0,0,0,0,0,0
2004,371117,1,1,0,0,0,0,0,0,0,0,0,0
2004,371118,0,1,0,0,0,0,0,0,0,0,0,0
2004,371118,1,1,0,0,0,0,0,0,0,0,0,0
2004,371119,0,1,0,0,0,0,0,0,0,0,0,0
2004,371119,1,1,0,0,0,0,0,0,0,0,0,0
2004,371120,1,1,21,21,21,21,21,21,21,21,21,21
2004,371121,1,1,0,0,0,0,0,0,0,0,0,0
2004,371122,1,1,0,0,0,0,0,0,0,0,0,0
2004,371122,2,1,0,0,12,0,0,0,0,0,0,0
2004,371122,3,1,0,0,0,0,0,0,0,0,0,0
2004,371123,0,1,31,31,31,31,31,31,31,31,31,31
2004,371123,1,1,0,0,0,0,0,0,0,0,0,0
2004,371124,1,1,0,0,0,0,0,0,0,0,0,0
2004,371124,2,1,0,0,0,0,0,0,0,0,0,0
2004,371125,1,1,0,0,0,4,0,0,0,0,0,0
2004,371125,2,1,5,18,4,23,18,17,13,0,25,19
2004,371126,0,1,0,0,0,0,0,0,0,0,0,0
2004,371126,1,1,0,0,0,0,0,0,0,14,0,0
2004,371127,1,1,0,0,0,0,0,0,0,0,0,0
2004,371127,2,1,0,0,0,0,0,0,0,0,0,0
2004,371128,0,1,0,0,0,0,0,0,0,0,0,0
2004,371128,1,1,0,0,0,0,0,0,0,8,0,0
2004,371129,1,1,2,2,2,2,2,2,2,2,2,2
2004,371129,2,1,0,0,0,0,0,0,0,0,0,0
2004,371130,1,1,20,20,20,20,20,20,20,20,20,20
2004,371131,1,1,0,0,0,0,0,0,0,0,0,0
2004,371131,2,1,0,0,0,0,0,0,0,0,0,0
2004,371131,3,1,0,0,0,0,0,0,0,0,0,0
2004,371132,1,1,0,0,0,0,0,0,0,0,0,0
2004,371132,2,1,0,0,0,0,0,0,0,0,0,0
2004,371133,1,1,23,23,23,23,23,23,23,23,23,23
2004,371134,1,1,5,16,9,6,27,12,35,9,21,12
2004,371135,1,1,0,0,0,0,0,0,0,0,0,0
2004,371135,2,1,0,0,0,12,0,0,0,0,0,0
2004,371135,3,1,0,0,0,0,0,0,0,0,0,0
2004,371136,1,1,5,5,5,5,5,5,5,5,5,5
2004,371137,0,1,23,23,23,23,23,23,23,23,23,23
2004,371137,1,1,0,0,0,0,0,0,0,0,0,0
2004,371138,1,1,0,0,0,0,0,0,0,8,0,0
2004,371138,2,1,0,0,0,0,0,0,0,0,0,0
2004,371139,1,1,0,0,0,0,0,0,0,0,0,0
2004,371139,2,1,0,0,0,0,0,0,0,0,0,0
2004,371140,1,1,0,0,0,0,0,0,0,0,0,0
2004,371141,1,1,0,0,0,0,0,0,0,0,0,0
2004,371142,1,1,25,25,25,25,25,25,25,25,25,25
2004,371143,1,1,0,0,0,0,0,0,0,0,0,0
2004,371143,2,1,0,0,0,0,0,0,0,0,0,0
2004,371144,1,1,0,0,0,0,0,0,0,0,0,0
2004,371145,1,1,8,8,8,8,8,8,8,8,8,8
2004,371146,1,1,13,26,12,8,30,5,14,17,16,16
2004,371147,1,1,0,0,0,0,0,0,0,0,0,0
2004,371148,1,1,23,23,23,23,23,23,23,23,23,23
2004,371149,1,1,0,0,0,0,0,0,0,0,0,0
2004,371150,0,1,0,0,0,0,0,0,0,0,0,0
2004,371150,1,1,0,0,0,0,0,0,0,0,12,0
2004,371151,0,1,32,32,32,32,32,32,32,32,32,32
2004,371151,1,1,0,0,0,0,0,0,0,0,0,0
2004,371152,0,1,17,17,17,17,17,17,17,17,17,17
2004,371152,1,1,0,0,0,0,0,0,0,0,0,0
2004,371152,2,1,0,0,0,0,0,0,0,0,0,0
2004,371153,1,1,0,0,0,0,0,0,0,0,0,0
2004,371153,2,1,0,0,0,0,0,0,0,0,0,0
2004,371154,1,1,0,0,0,0,0,0,0,0,0,0
2004,371155,0,1,28,28,28,28,28,28,28,28,28,28
2004,371155,1,1,0,0,0,0,0,0,0,0,0,0
2004,371156,1,1,0,0,0,0,0,0,0,0,0,0
2004,371157,0,1,0,0,0,0,0,0,0,0,0,0
2004,371157,1,1,0,0,0,0,0,0,7,0,0,0
2004,371158,1,1,9,5,18,11,0,0,13,4,0,16
2004,371158,2,1,0,0,0,0,0,0,0,0,0,0
2004,371159,1,1,24,24,24,24,24,24,24,24,24,24
2004,371160,1,1,17,17,17,17,17,17,17,17,17,17
2004,371161,1,1,21,21,21,21,21,21,21,21,21,21
2004,371162,1,1,0,0,0,0,0,0,0,0,0,0
2004,371163,1,1,0,0,0,0,0,0,0,0,0,0
2004,371164,1,1,12,0,12,18,17,15,8,13,6,22
2004,371164,2,1,0,0,0,0,0,0,0,0,0,0
2004,371165,1,1,22,22,22,22,22,22,22,22,22,22
2004,371166,1,1,0,0,0,0,0,0,0,0,0,0
2004,371166,2,1,0,0,0,0,0,0,0,19,0,0
2004,371167,1,1,0,0,0,0,0,0,0,0,0,0
2004,371168,1,1,0,0,0,0,0,0,0,0,0,0
2004,371169,1,1,0,0,0,0,0,0,0,0,0,0
2004,371169,2,1,0,0,0,0,0,0,0,0,0,0
2004,371170,1,1,20,20,20,20,20,20,20,20,20,20
2004,371171,1,1,15,15,15,15,15,15,15,15,15,15
2004,371171,2,1,0,0,0,0,0,0,0,0,0,0
2004,371172,1,1,0,0,0,0,0,0,0,0,0,0
2004,371173,1,1,0,0,0,0,0,0,0,0,0,0
2004,371173,2,1,0,0,0,0,0,0,0,0,0,0
2004,371174,1,1,0,0,0,0,0,0,0,0,0,0
2004,371175,1,1,22,22,22,22,22,22,22,22,22,22
2004,371176,1,1,11,10,8,25,9,18,14,13,22,11
2004,371177,1,1,0,0,0,0,0,0,0,0,0,0
2004,371178,1,1,0,0,0,0,0,0,0,0,0,0
2004,371178,2,1,0,0,10,0,0,0,0,0,0,0
2004,371179,1,1,10,10,10,10,10,10,10,10,10,10
2004,371180,0,1,10,10,10,10,10,10,10,10,10,10
2004,371180,1,1,7,9,15,9,19,9,15,17,21,17
2004,371181,0,1,0,0,0,0,0,0,0,0,0,0
2004,371181,1,1,0,0,0,0,0,0,0,0,0,0
2004,371182,1,1,31,31,31,31,31,31,31,31,31,31
2004,371183,1,1,0,0,0,0,0,0,0,0,0,0
2004,371184,1,1,0,0,0,0,0,0,0,0,0,0
2004,371184,2,1,0,0,0,0,0,0,0,0,0,0
2004,371185,1,1,15,15,15,15,15,15,15,15,15,15
2004,371186,1,1,0,0,0,0,0,0,0,0,0,0
2004,371186,2,1,0,0,0,0,0,0,0,0,0,0
2004,371187,0,1,0,0,0,0,0,0,0,0,0,0
2004,371187,1,1,16,20,8,6,12,0,37,5,26,31
2004,371188,1,1,7,7,7,7,7,7,7,7,7,7
2004,371188,2,1,0,0,0,0,0,0,0,0,0,0
2004,371188,3,1,22,0,0,0,0,0,0,0,0,0
2004,371189,1,1,0,0,0,0,0,0,0,0,0,0
2004,371190,1,1,13,13,13,13,13,13,13,13,13,13
2004,371191,1,1,14,14,14,14,14,14,14,14,14,14
2004,371192,1,1,0,0,0,0,0,0,0,0,0,0
2004,371193,1,1,0,0,0,0,0,0,0,0,0,0
2004,371193,2,1,0,0,0,0,0,0,0,0,0,0
2004,371194,1,1,0,0,0,0,0,0,0,0,0,0
2004,371195,1,1,0,0,0,0,0,0,0,0,0,0
2004,371196,1,1,0,0,0,0,0,0,0,0,0,0
2004,371197,1,1,21,21,21,21,21,21,21,21,21,21
2004,371198,1,1,0,0,0,0,0,0,0,0,0,0
2004,371199,1,1,19,19,19,19,19,19,19,19,19,19
2004,371200,1,1,17,17,17,17,17,17,17,17,17,17
2004,371201,0,1,0,0,0,0,0,0,0,0,0,0
2004,371201,1,1,0,0,0,0,0,0,0,0,0,0
2004,371202,1,1,0,0,0,0,0,0,0,0,0,0
2004,371202,2,1,0,0,0,0,0,0,0,0,0,0
2004,371203,1,1,9,13,16,15,7,10,36,43,3,9
2004,371203,2,1,20,11,12,0,0,0,0,0,28,0
2004,371204,1,1,3,3,3,3,3,3,3,3,3,3
2004,371205,1,1,0,0,9,0,0,5,0,0,0,0
2004,371205,2,1,0,0,0,0,0,0,0,0,0,0
2004,371206,0,1,31,31,31,31,31,31,31,31,31,31
2004,371206,1,1,0,0,0,0,0,0,0,0,0,0
2004,371207,1,1,0,0,0,0,0,0,0,0,0,0
2004,371208,0,1,0,0,0,0,0,0,0,0,0,0
2004,371208,1,1,0,0,0,0,0,0,10,0,0,0
2004,371209,1,1,0,0,0,0,0,0,0,0,0,17
2004,371210,1,1,0,0,0,0,0,0,0,0,0,0
2004,371210,2,1,0,0,0,0,0,0,0,0,0,0
2004,371211,1,1,0,0,0,0,0,0,0,0,0,0
2004,371212,1,1,0,0,0,0,0,0,0,0,0,0
2004,371212,2,1,0,0,0,0,0,0,0,0,0,0
2004,371213,0,1,0,0,0,0,0,0,0,0,0,0
2004,371213,1,1,0,0,0,0,0,0,0,0,0,0
2004,371214,1,1,30,30,30,30,30,30,30,30,30,30
2004,371215,1,1,0,0,0,0,0,0,0,0,0,0
2004,371216,1,1,0,0,0,0,0,0,0,0,0,0
2004,371216,2,1,0,0,0,0,0,0,0,0,0,0
2004,371217,1,1,12,12,12,12,12,12,12,12,12,12
2004,371218,1,1,15,15,15,15,15,15,15,15,15,15
2004,371219,1,1,0,0,0,0,0,0,0,0,0,0
2004,371219,2,1,0,0,0,0,0,0,0,0,0,0
2004,371220,1,1,24,24,24,24,24,24,24,24,24,24
2004,371221,0,1,0,0,0,0,0,0,0,0,0,0
2004,371221,1,1,0,0,0,0,0,0,0,0,0,0
2004,371222,1,1,0,0,0,0,0,0,0,0,0,0
2004,371223,1,1,0,0,0,0,0,0,0,0,0,0
2004,371224,0,1,0,0,0,0,0,0,0,0,0,0
2004,371224,1,1,0,0,0,0,19,0,0,0,0,0
2004,371225,1,1,26,11,0,0,0,13,21,5,0,13
2004,371226,1,1,0,0,0,0,0,0,0,0,0,0
2004,371226,2,1,0,0,0,0,0,0,0,0,0,0
2004,371227,1,1,0,0,0,0,0,0,0,0,0,0
2004,371228,1,1,0,0,0,0,0,0,0,0,0,0
2004,371229,1,1,0,0,0,0,0,0,0,0,0,0
2004,371230,1,1,0,0,0,0,0,0,0,0,0,0
2004,371231,1,1,0,0,0,0,0,0,0,0,0,0
2004,371231,2,1,0,0,0,0,0,0,0,0,0,0
2004,371232,0,1,0,0,0,0,0,0,0,0,0,0
2004,371232,1,1,0,0,0,0,13,0,0,0,0,0
2004,371233,0,1,18,18,18,18,18,18,18,18,18,18
2004,371233,1,1,0,0,19,0,0,0,0,0,0,0
2004,371234,1,1,0,0,0,0,0,0,0,0,0,0
2004,371234,2,1,0,0,0,0,0,0,0,0,0,0
2004,371235,1,1,0,0,0,0,0,0,0,0,0,0
2004,371236,0,1,31,31,31,31,31,31,31,31,31,31
2004,371236,1,1,14,0,0,0,28,13,21,14,14,0
2004,371237,1,1,15,20,6,15,17,12,4,31,9,10
2004,371237,2,1,0,0,0,0,0,0,0,0,0,0
2004,371238,1,1,0,0,0,0,0,0,0,0,0,0
2004,371238,2,1,0,0,0,0,0,0,10,0,0,0
2004,371239,0,1,43,43,43,43,43,43,43,43,43,43
2004,371239,1,1,0,0,0,25,0,0,0,14,0,0
2004,371240,1,1,0,0,0,0,0,0,0,0,0,0
2004,371241,1,1,0,0,0,0,0,0,0,0,0,0
2004,371241,2,1,0,0,0,0,0,0,0,0,0,0
2004,371242,1,1,0,0,0,0,0,0,0,0,0,0
2004,371242,2,1,10,10,10,10,10,10,10,10,10,10
2004,371243,1,1,0,0,0,0,0,0,0,0,0,0
2004,371244,1,1,0,0,0,0,0,0,0,0,0,0
2004,371244,2,1,17,0,0,0,0,0,0,3,20,0
2004,371245,1,1,0,0,0,0,0,0,0,0,0,0
2004,371245,2,1,0,0,0,0,0,0,0,0,0,0
2004,371245,3,1,0,0,0,0,0,0,0,0,0,0
2004,371246,1,1,26,16,13,19,23,21,19,21,11,17
2004,371247,1,1,0,0,0,0,0,0,8,0,0,0
2004,371247,2,1,0,0,5,0,0,0,0,0,0,0
2004,371248,1,1,0,0,0,0,0,0,0,0,0,0
2004,371248,2,1,20,20,20,20,20,20,20,20,20,20
2004,371249,1,1,21,21,21,21,21,21,21,21,21,21
2004,371249,2,1,0,0,0,0,0,0,0,0,0,0
2004,371251,1,1,29,29,29,29,29,29,29,29,29,29
2004,371252,1,1,0,0,0,0,0,0,0,0,0,0
2004,371253,1,1,0,0,0,0,0,0,0,0,0,0
2004,371254,0,1,0,0,0,0,0,0,0,0,0,0
2004,371254,1,1,0,0,0,0,0,0,0,0,0,0
2004,371255,1,1,0,0,0,0,0,0,0,0,0,0
2004,371255,2,1,24,0,0,0,0,0,0,0,0,0
2004,371256,1,1,0,0,0,0,0,0,0,0,0,0
2004,371256,2,1,0,0,0,0,0,0,0,0,0,0
2004,371257,1,1,0,0,0,0,0,0,0,0,0,0
2004,371258,0,1,17,17,17,17,17,17,17,17,17,17
2004,371258,1,1,0,0,31,14,0,0,0,8,0,0
2004,371259,1,1,33,27,0,19,0,0,0,0,0,0
2004,371259,2,1,0,0,0,0,0,0,0,0,0,0
2004,371260,1,1,20,20,20,20,20,20,20,20,20,20
2004,371261,1,1,0,0,0,0,0,0,0,0,0,0
2004,371262,1,1,7,0,0,0,0,0,0,0,0,0
2004,371262,2,1,0,0,0,0,0,0,0,0,0,0
2004,371262,3,1,0,0,0,0,0,0,0,0,0,0
2004,371262,4,1,0,0,0,0,0,0,0,0,0,0
2004,371262,5,1,0,0,0,0,0,0,0,0,0,0
2004,371262,6,1,0,0,0,0,0,0,0,0,0,0
2004,371262,7,1,0,0,0,0,0,0,0,0,0,0
2004,371262,8,1,0,0,0,0,0,0,0,0,0,0
2004,371262,9,1,0,0,0,0,0,0,0,0,0,0
2004,371262,10,1,0,0,0,0,0,0,0,0,0,0
2004,371263,1,1,0,0,0,0,0,0,0,0,0,0
2004,371263,2,1,0,0,0,0,0,0,0,0,0,0
2004,371264,0,1,3,3,3,3,3,3,3,3,3,3
2004,371264,0,2,24,24,24,24,24,24,24,24,24,24
2004,371264,1,1,17,0,0,0,8,0,0,0,0,0
2004,371265,1,1,10,10,10,10,10,10,10,10,10,10
2004,371266,1,1,14,14,14,14,14,14,14,14,14,14
2004,371267,1,1,11,11,11,11,11,11,11,11,11,11
2004,371268,0,1,0,0,0,0,0,0,0,0,0,0
2004,371268,1,1,0,0,0,0,0,0,0,0,0,0
2004,371269,1,1,0,0,0,0,0,0,0,0,0,0
2004,371269,2,1,0,0,0,0,0,0,0,0,0,0
2004,371270,1,1,9,15,4,6,14,9,15,23,16,18
2004,371270,2,1,0,0,0,0,0,0,0,0,0,0
2004,371270,3,1,0,0,0,0,0,0,0,0,0,0
2004,371271,0,1,0,0,0,0,0,0,0,0,0,0
2004,371271,1,1,0,0,0,0,0,0,0,0,0,0
2004,371272,1,1,9,28,27,10,0,17,6,11,20,0
2004,371272,2,1,0,0,0,0,0,0,0,0,0,0
2004,371273,0,1,14,14,14,14,14,14,14,14,14,14
2004,371273,1,1,0,0,0,0,0,0,0,0,0,0
2004,371274,1,1,0,8,0,13,14,8,17,33,20,19
2004,371274,2,1,0,0,0,0,0,0,0,0,0,0
2004,371275,1,1,0,0,0,0,0,0,0,0,0,0
2004,371276,1,1,0,0,0,0,0,0,0,0,0,0
2004,371277,1,1,10,0,21,8,10,13,0,24,12,0
2004,371278,1,1,20,14,17,30,11,13,2,21,13,16
2004,371279,1,1,0,0,0,0,0,0,0,0,0,0
2004,371280,1,1,0,0,0,0,0,0,0,0,0,0
2004,371280,2,1,0,0,0,0,0,0,0,0,0,0
2004,371281,1,1,0,0,0,0,0,0,0,0,0,0
2004,371281,2,1,0,0,0,0,0,0,0,0,0,0
2004,371282,1,1,0,0,0,0,0,0,0,0,0,0
2004,371282,2,1,0,0,0,0,0,0,0,0,0,0
2004,371283,1,1,0,0,0,0,0,0,0,0,0,0
2004,371283,2,1,0,0,0,0,0,0,0,0,0,0
2004,371283,3,1,0,0,0,0,0,8,0,0,0,0
2004,371283,4,1,0,0,0,0,0,0,0,0,0,0
2004,371284,0,1,12,12,12,12,12,12,12,12,12,12
2004,371284,1,1,0,22,0,0,10,12,0,0,0,0
2004,371285,1,1,32,32,32,32,32,32,32,32,32,32
2004,371286,1,1,0,0,0,0,0,0,0,0,0,0
2004,371287,1,1,0,0,0,0,0,0,0,0,0,0
2004,371287,2,1,0,0,0,0,0,0,0,0,0,0
2004,371287,3,1,0,0,0,0,0,2,0,0,9,0
2004,371288,1,1,16,16,16,16,16,16,16,16,16,16
2004,371288,2,1,0,0,0,0,0,0,0,0,0,0
2004,371289,1,1,0,0,0,0,0,0,0,0,0,0
2004,371290,1,1,0,0,0,0,0,0,13,0,0,0
2004,371290,2,1,17,6,14,12,11,0,7,0,0,8
2004,371291,1,1,0,0,0,0,0,0,0,0,0,0
2004,371292,1,1,0,0,0,0,0,0,0,0,0,0
2004,371293,0,1,26,23,14,0,0,6,0,0,26,20
2004,371293,1,1,0,0,0,0,0,0,0,5,0,0
2004,371294,0,1,0,0,0,0,0,0,0,0,0,0
2004,371294,1,1,27,0,8,0,0,10,0,10,0,0
2004,371295,1,1,11,9,5,13,29,24,6,29,23,5
2004,371295,2,1,0,0,0,0,0,0,0,0,0,0
2004,371296,1,1,0,0,0,0,0,0,0,0,0,0
2004,371296,2,1,0,0,0,0,0,0,0,0,0,0
2004,371297,1,1,0,0,0,0,0,0,0,0,0,0
2004,371297,2,1,0,0,0,0,0,0,0,0,0,0
2004,371297,3,1,0,0,0,0,0,0,0,0,0,0
2004,371298,1,1,0,0,23,10,0,0,0,0,12,0
2004,371299,1,1,23,13,4,26,0,22,9,14,9,14
2004,371299,2,1,0,8,0,0,0,0,0,0,0,0
2004,371299,3,1,0,0,0,0,0,0,0,0,0,0
2004,371300,1,1,0,0,0,0,0,0,0,0,0,0
2004,371300,2,1,0,0,0,0,0,0,0,0,0,0
2004,371301,1,1,0,0,0,0,0,0,0,0,0,0
2004,371301,2,1,0,0,0,0,0,0,0,0,0,0
2004,371302,1,1,0,0,0,0,0,0,0,0,0,0
2004,371302,2,1,0,0,0,0,0,0,0,0,0,0
2004,371303,0,1,36,36,36,36,36,36,36,36,36,36
2004,371303,1,1,0,0,0,0,0,0,0,0,0,0