YEAR,ST_CASE,veh_no,per_no,P1,P2,P3,P4,P5,P6,P7,P8,P9,P10
2004,371304,0,1,0,0,0,0,0,0,0,0,0,0
2004,371304,1,1,0,0,0,25,0,0,0,0,0,0
2004,371305,1,1,0,0,0,0,0,0,0,0,0,0
2004,371306,1,1,0,0,0,0,0,0,0,0,0,0
2004,371306,2,1,0,0,0,0,0,0,0,0,0,0
2004,371306,3,1,0,0,0,0,0,0,0,0,0,0
2004,371307,1,1,13,13,13,13,13,13,13,13,13,13
2004,371308,1,1,0,0,16,0,8,0,0,0,0,0
2004,371309,1,1,0,0,0,0,0,0,0,0,0,0
2004,371309,2,1,0,0,0,0,0,0,0,0,0,0
2004,371310,1,1,4,4,4,4,4,4,4,4,4,4
2004,371310,2,1,0,0,0,0,0,0,0,0,0,0
2004,371311,1,1,0,0,0,0,0,0,0,0,0,0
2004,371311,2,1,0,0,0,0,0,0,0,0,0,0
2004,371312,1,1,0,0,0,0,0,0,0,0,0,0
2004,371313,1,1,0,0,0,0,0,0,0,0,0,0
2004,371313,2,1,0,0,0,0,0,0,0,0,0,0
2004,371314,1,1,0,0,0,0,0,0,0,0,0,0
2004,371315,1,1,0,0,0,0,0,0,0,0,0,0
2004,371315,2,1,0,0,0,0,0,0,0,0,0,0
2004,371315,3,1,0,0,0,0,0,0,0,0,0,0
2004,371316,1,1,0,0,0,0,0,0,0,0,0,0
2004,371316,2,1,0,0,0,0,0,0,0,0,0,0
2004,371317,1,1,0,0,0,0,0,0,0,0,0,0
2004,371317,2,1,0,0,0,0,0,0,0,0,0,0
2004,371317,3,1,0,0,0,0,0,0,0,0,0,0
2004,371318,1,1,0,0,0,0,0,0,0,0,0,0
2004,371318,2,1,0,0,0,0,0,0,0,0,0,0
2004,371319,1,1,0,0,0,0,0,0,0,0,0,0
2004,371319,2,1,0,0,0,0,0,0,0,0,0,0
2004,371320,1,1,28,28,28,28,28,28,28,28,28,28
2004,371320,2,1,0,0,0,0,0,0,14,0,0,0
2004,371321,0,1,0,0,0,0,0,0,0,0,0,0
2004,371321,1,1,0,0,0,17,0,0,0,0,0,0
2004,371322,1,1,0,0,0,0,0,0,0,0,0,0
2004,371323,1,1,0,0,0,0,0,0,0,0,0,0
2004,371324,0,1,23,23,23,23,23,23,23,23,23,23
2004,371324,1,1,0,0,0,0,0,0,0,0,0,0
2004,371325,1,1,0,0,0,0,0,0,0,0,0,0
2004,371325,2,1,0,12,0,41,0,0,0,16,0,0
2004,371326,1,1,0,0,0,0,0,0,0,0,0,0
2004,371326,2,1,0,0,0,0,0,0,0,0,0,0
2004,371327,1,1,0,0,0,0,0,0,0,0,0,0
2004,371327,2,1,0,0,12,0,0,18,14,0,0,0
2004,371328,1,1,0,0,0,0,0,0,0,0,0,0
2004,371329,1,1,0,0,0,0,0,0,0,0,0,0
2004,371329,2,1,15,14,28,0,8,22,20,0,12,15
2004,371330,0,1,0,0,0,0,0,0,0,0,0,0
2004,371330,1,1,20,0,0,0,0,0,0,0,0,0
2004,371330,2,1,0,0,0,0,0,0,0,0,0,0
2004,371330,3,1,0,0,0,0,0,0,0,0,0,0
2004,371331,1,1,0,0,0,0,0,0,0,0,0,0
2004,371332,1,1,0,0,11,0,0,0,0,0,0,0
2004,371332,2,1,0,0,0,0,0,0,0,0,0,0
2004,371333,1,1,0,0,0,0,0,12,0,0,0,0
2004,371334,1,1,13,13,13,13,13,13,13,13,13,13
2004,371335,0,1,31,31,31,31,31,31,31,31,31,31
2004,371335,1,1,0,0,0,0,0,0,0,0,0,0
2004,371336,1,1,24,24,24,24,24,24,24,24,24,24
2004,371337,1,1,0,0,0,0,0,0,0,0,0,0
2004,371337,2,1,0,0,6,0,0,0,0,0,0,0
2004,371338,1,1,0,0,0,0,0,0,0,0,0,0
2004,371339,1,1,0,0,0,0,0,0,0,0,0,0
2004,371339,2,1,0,0,0,0,0,0,0,0,0,0
2004,371340,0,1,0,0,0,0,0,0,0,0,0,0
2004,371340,1,1,22,0,11,33,22,27,13,13,3,0
2004,371341,1,1,0,0,0,0,0,0,0,0,0,0
2004,371342,1,1,0,0,0,0,0,0,0,0,0,0
2004,371342,2,1,0,0,0,0,0,0,0,0,0,0
2004,371343,1,1,25,25,25,25,25,25,25,25,25,25
2004,371343,2,1,0,0,8,0,0,0,3,0,0,0
2004,371344,1,1,0,0,0,0,0,0,0,0,0,13
2004,371344,2,1,23,23,23,23,23,23,23,23,23,23
2004,371345,1,1,0,0,0,0,0,0,0,0,0,0
2004,371345,2,1,0,0,0,0,0,0,0,0,0,0
2004,371346,0,1,23,23,23,23,23,23,23,23,23,23
2004,371346,1,1,10,4,25,13,23,6,12,9,27,0
2004,371347,0,1,37,37,37,37,37,37,37,37,37,37
2004,371347,1,1,0,0,0,0,0,0,0,0,0,0
2004,371348,1,1,0,0,0,0,0,0,0,0,0,0
2004,371348,2,1,0,0,15,27,27,10,21,6,20,8
2004,371349,1,1,0,0,0,0,0,0,12,0,0,0
2004,371350,1,1,0,0,0,0,0,0,0,0,0,0
2004,371350,2,1,0,0,0,0,0,0,0,0,0,0
2004,371351,0,1,5,5,5,5,5,5,5,5,5,5
2004,371351,1,1,0,0,0,28,21,0,0,0,0,0
2004,371352,1,1,0,0,0,0,0,0,0,0,0,0
2004,371352,2,1,0,0,0,0,0,0,0,0,0,0
2004,371352,3,1,0,0,0,0,0,0,0,0,0,0
2004,371353,1,1,0,0,0,0,0,0,0,0,0,0
2004,371353,2,1,0,0,0,0,0,0,0,0,0,0
2004,371354,1,1,0,0,0,0,0,0,0,0,0,0
2004,371354,2,1,0,0,0,0,0,0,0,0,0,0
2004,371355,1,1,0,0,0,0,0,0,0,0,0,0
2004,371355,2,1,0,0,0,0,0,0,0,0,0,0
2004,371355,3,1,0,0,0,0,0,0,0,0,0,0
2004,371356,1,1,0,0,0,0,0,0,0,0,0,0
2004,371356,2,1,0,0,0,0,0,0,0,0,0,0
2004,371357,1,1,0,0,0,0,0,0,0,0,0,5
2004,371357,2,1,0,0,0,0,0,0,0,0,0,0
2004,371358,0,1,12,12,12,12,12,12,12,12,12,12
2004,371358,1,1,0,0,0,16,0,0,0,0,0,0
2004,371359,0,1,21,21,21,21,21,21,21,21,21,21
2004,371359,1,1,0,0,0,0,0,0,0,0,0,0
2004,371360,1,1,0,0,0,0,0,0,0,19,0,19
2004,371361,0,1,0,0,0,0,0,0,0,0,0,0
2004,371361,1,1,0,10,0,0,0,0,0,0,0,0
2004,371362,1,1,0,0,0,0,0,0,0,0,0,0
2004,371363,1,1,7,13,0,0,13,0,0,0,11,18
2004,371363,2,1,0,0,0,0,0,0,0,0,7,0
2004,371363,3,1,0,0,3,0,0,0,9,29,0,0
2004,371364,1,1,0,0,0,0,0,0,0,0,0,0
2004,371365,1,1,0,0,0,0,0,0,0,0,0,0
2004,371365,2,1,0,0,0,0,0,0,0,0,0,0
2004,371365,3,1,0,13,0,0,0,0,0,0,0,0
2004,371366,1,1,0,0,0,0,0,0,0,0,0,0
2004,371367,1,1,0,0,0,0,0,0,0,0,0,0
2004,371367,2,1,0,0,0,0,0,0,0,0,0,0
2004,371367,3,1,0,0,0,0,0,0,4,0,0,0
2004,371368,1,1,4,19,8,14,0,13,10,20,19,33
2004,371368,2,1,0,0,0,0,0,0,0,0,0,0
2004,371369,1,1,28,28,28,28,28,28,28,28,28,28
2004,371369,2,1,0,0,0,0,0,0,0,0,0,0
2004,371370,1,1,0,0,0,0,0,0,0,0,0,0
2004,371370,2,1,0,0,0,0,0,0,0,0,0,0
2004,371371,1,1,0,0,0,0,0,0,0,0,0,0
2004,371371,2,1,0,0,0,0,0,0,0,0,0,0
2004,371372,1,1,22,0,14,16,8,0,2,0,16,0
2004,371372,2,1,0,0,0,0,0,0,0,0,0,0
2004,371373,1,1,0,0,0,0,0,0,0,0,0,0
2004,371373,2,1,0,0,0,0,0,0,0,0,0,0
2004,371373,3,1,0,0,0,0,0,0,0,0,0,0
2004,371374,1,1,0,0,0,0,0,0,0,0,0,0
2004,371375,1,1,0,0,0,24,0,0,2,21,15,18
2004,371375,2,1,0,0,0,0,0,0,0,0,0,0
2004,371376,1,1,0,0,0,0,0,0,0,0,0,0
2004,371376,2,1,28,0,0,11,7,0,0,0,0,0
2004,371377,1,1,0,0,0,0,0,0,0,0,0,0
2004,371378,1,1,0,0,0,0,0,0,0,0,0,0
2004,371378,2,1,0,0,0,0,0,0,0,0,0,0
2004,371379,1,1,0,0,0,0,0,0,0,0,0,0
2004,371379,2,1,0,0,0,0,0,0,0,0,0,0
2004,371380,1,1,0,0,0,0,0,0,0,0,0,0
2004,371381,1,1,0,0,0,0,0,0,0,0,0,0
2004,371381,2,1,0,0,0,0,0,0,0,0,0,0
2004,371382,1,1,0,19,0,0,19,17,0,0,0,0
2004,371382,2,1,0,0,0,0,0,0,0,0,0,0
2004,371383,0,1,0,0,0,0,0,0,0,0,0,0
2004,371383,1,1,0,0,0,0,0,12,0,0,0,0
2004,371384,1,1,0,0,0,0,0,0,0,0,0,0
2004,371384,2,1,0,0,0,0,0,0,0,0,0,0
2004,371385,1,1,0,0,0,0,0,0,0,0,0,0
2004,371385,2,1,0,0,0,0,0,0,0,0,23,0
2004,371386,0,1,0,0,0,0,0,0,0,0,0,0
2004,371386,1,1,0,0,0,0,0,0,0,0,0,0
2004,371387,1,1,0,0,0,15,0,0,0,0,0,0
2004,371388,0,1,0,0,0,0,0,0,0,0,0,0
2004,371388,1,1,0,0,0,0,0,0,0,0,0,0
2004,371389,1,1,0,0,0,0,0,0,0,0,0,0
2004,371389,2,1,17,0,0,0,0,0,0,0,0,0
2004,371390,1,1,0,0,0,0,0,0,0,0,0,0
2004,371390,2,1,0,0,0,0,0,0,0,0,0,0
2004,371391,1,1,24,14,12,15,12,17,14,22,12,0
2004,371392,1,1,0,0,0,0,0,0,0,0,0,0
2004,371392,2,1,0,14,0,16,0,0,0,0,0,0
2004,371393,1,1,0,0,0,0,0,0,0,0,0,0
2004,371394,1,1,34,29,7,10,8,13,20,20,6,12
2004,371394,2,1,0,0,0,0,0,0,0,0,0,0
2004,371394,3,1,0,0,0,0,0,0,0,0,0,0
2004,371395,1,1,0,0,0,0,0,0,0,0,0,0
2004,371395,2,1,0,0,0,0,0,0,0,0,0,0
2004,371396,1,1,0,0,0,0,0,0,0,0,0,0
2004,371396,2,1,0,0,0,0,0,0,0,0,0,0
2004,371396,3,1,0,0,0,0,0,0,0,0,0,0
2004,371397,1,1,11,16,17,14,10,5,16,17,7,9
2004,371398,0,1,0,0,0,0,0,0,0,0,0,0
2004,371398,1,1,0,0,0,0,0,0,0,0,0,0
2004,371399,1,1,13,13,13,13,13,13,13,13,13,13
2004,371400,1,1,0,0,0,0,0,0,0,0,0,0
2004,371400,2,1,0,0,0,0,0,0,0,0,0,0
2004,371401,1,1,0,0,0,0,0,0,0,0,0,0
2004,371401,2,1,0,0,0,0,0,0,0,0,0,0
2004,371402,1,1,0,0,0,0,0,0,0,0,0,0
2004,371403,1,1,0,0,0,0,0,0,0,0,0,0
2004,371404,0,1,18,18,18,18,18,18,18,18,18,18
2004,371404,1,1,0,0,0,0,0,0,0,0,0,0
2004,371405,1,1,15,15,15,15,15,15,15,15,15,15
2004,371406,1,1,0,0,0,0,0,0,0,0,0,0
2004,371406,2,1,0,0,0,0,0,0,0,0,0,0
2004,371406,3,1,0,0,0,0,0,0,0,0,0,0
2004,371406,4,1,0,0,0,0,0,0,0,0,0,0
2004,371407,1,1,0,9,0,0,0,0,0,0,0,0
2004,371408,1,1,2,2,2,2,2,2,2,2,2,2
2004,371409,1,1,0,11,0,14,21,0,25,0,0,0
2004,371410,1,1,0,0,0,0,0,0,0,0,0,0
2004,371411,1,1,0,0,0,0,0,0,0,0,0,0
2004,371412,1,1,0,0,0,0,0,0,0,0,0,0
2004,371412,2,1,0,0,0,0,0,0,0,0,0,0
2004,371413,1,1,17,18,6,29,9,27,17,13,9,9
2004,371413,2,1,0,0,0,0,0,0,0,0,0,0
2004,371414,0,1,0,0,0,0,0,0,0,0,0,0
2004,371414,1,1,0,0,0,0,0,0,0,0,0,0
2004,371415,1,1,0,0,0,0,0,0,0,0,0,0
2004,371415,2,1,0,0,0,0,0,0,0,0,0,0
2004,371416,1,1,13,13,13,13,13,13,13,13,13,13
2004,371417,1,1,0,0,0,0,0,0,0,0,0,0
2004,371417,2,1,0,0,0,0,0,0,0,0,0,0
2004,371418,1,1,0,0,0,0,0,0,0,0,0,0
2004,371418,2,1,0,0,0,0,0,0,0,0,0,0
2004,371419,1,1,0,0,0,0,0,0,0,0,0,0
2004,371419,2,1,0,0,0,0,0,0,0,0,0,0
2004,371420,1,1,17,26,10,11,0,17,35,15,0,16
2004,371420,2,1,0,0,0,0,0,0,0,0,0,0
2004,371420,3,1,14,0,0,0,0,29,0,10,0,0
2004,371421,0,1,0,0,0,0,0,9,0,0,0,0
2004,371421,1,1,15,15,15,15,15,15,15,15,15,15
2004,380001,1,1,0,0,0,0,0,0,0,13,0,0
2004,380001,2,1,0,0,0,0,0,0,0,0,0,0
2004,380002,1,1,0,0,0,0,0,0,0,0,0,0
2004,380002,2,1,0,0,0,0,0,0,0,0,0,0
2004,380002,3,1,0,0,0,0,0,0,0,0,0,0
2004,380003,1,1,0,0,0,0,0,0,0,0,0,0
2004,380003,2,1,0,0,0,0,0,0,0,0,0,0
2004,380004,1,1,24,24,24,24,24,24,24,24,24,24
2004,380005,1,1,0,0,0,0,0,0,0,0,0,0
2004,380005,2,1,0,0,0,0,0,0,0,0,0,0
2004,380006,1,1,0,0,0,0,0,0,0,0,0,0
2004,380006,2,1,0,0,0,0,0,0,0,0,0,0
2004,380007,1,1,22,22,22,22,22,22,22,22,22,22
2004,380008,1,1,20,20,20,20,20,20,20,20,20,20
2004,380009,1,1,28,28,28,28,28,28,28,28,28,28
2004,380010,1,1,0,0,0,0,0,0,0,0,0,0
2004,380011,1,1,0,0,0,0,0,0,0,0,0,0
2004,380011,2,1,0,0,0,0,0,0,0,0,0,0
2004,380012,1,1,0,0,0,0,0,0,0,0,0,0
2004,380012,2,1,0,0,0,0,0,0,0,0,0,0
2004,380013,1,1,0,0,0,0,0,0,0,0,0,0
2004,380013,2,1,0,0,0,0,0,0,0,0,0,0
2004,380014,0,3,0,0,5,0,0,0,0,0,0,0
2004,380014,1,1,0,0,0,0,0,0,0,0,0,0
2004,380015,1,1,17,17,17,17,17,17,17,17,17,17
2004,380016,1,1,0,0,0,0,0,0,0,0,0,0
2004,380016,2,1,0,0,0,0,0,0,0,0,0,0
2004,380017,1,1,0,0,0,0,0,0,0,0,0,0
2004,380017,2,1,0,0,0,3,0,0,0,0,0,0
2004,380018,1,1,0,0,0,0,0,0,0,0,0,0
2004,380019,1,1,0,0,0,0,0,0,0,0,0,0
2004,380019,2,1,0,0,0,0,0,0,0,0,0,0
2004,380019,3,1,0,0,0,0,0,0,0,0,0,15
2004,380020,1,1,37,37,37,37,37,37,37,37,37,37
2004,380021,1,1,30,25,25,0,0,10,0,0,0,15
2004,380021,2,1,0,0,0,0,0,0,0,0,0,0
2004,380022,1,1,23,23,23,23,23,23,23,23,23,23
2004,380023,1,1,5,5,5,5,5,5,5,5,5,5
2004,380024,1,1,0,0,0,0,0,0,0,0,0,0
2004,380024,2,1,0,0,0,0,0,0,0,0,0,0
2004,380025,1,1,0,0,0,0,0,0,0,0,0,0
2004,380025,2,1,0,0,0,0,0,0,0,0,0,0
2004,380026,1,1,24,24,24,24,24,24,24,24,24,24
2004,380027,1,1,25,25,25,25,25,25,25,25,25,25
2004,380028,1,1,14,14,14,14,14,14,14,14,14,14
2004,380029,1,1,0,0,0,0,0,0,0,0,0,0
2004,380030,1,1,0,0,0,0,0,0,0,0,0,0
2004,380030,2,1,2,2,2,2,2,2,2,2,2,2
2004,380031,1,1,0,0,0,0,0,0,0,0,0,0
2004,380032,1,1,0,0,0,0,0,0,0,0,9,0
2004,380032,2,1,0,0,0,0,0,13,0,0,0,0
2004,380033,1,1,0,0,0,0,0,12,0,0,0,0
2004,380033,2,1,0,0,0,0,0,0,0,0,0,0
2004,380034,1,1,0,0,0,0,0,0,0,0,0,0
2004,380034,2,1,0,0,0,0,0,0,0,0,0,0
2004,380035,1,1,0,0,0,0,0,0,0,0,0,0
2004,380035,2,1,0,0,0,0,0,0,0,0,0,0
2004,380036,1,1,18,18,18,18,18,18,18,18,18,18
2004,380037,1,1,9,9,9,9,9,9,9,9,9,9
2004,380038,1,1,9,9,9,9,9,9,9,9,9,9
2004,380039,1,1,15,15,15,15,15,15,15,15,15,15
2004,380040,1,1,0,0,0,0,0,0,0,0,0,0
2004,380041,1,1,6,6,6,6,6,6,6,6,6,6
2004,380042,1,1,0,0,0,0,0,0,0,0,21,0
2004,380042,2,1,0,0,0,0,0,0,0,0,0,0
2004,380043,1,1,0,0,0,0,0,0,0,0,0,0
2004,380043,2,1,31,31,31,31,31,31,31,31,31,31
2004,380044,0,1,0,0,0,0,0,0,0,0,0,0
2004,380044,1,1,0,0,0,0,0,0,0,0,0,0
2004,380045,1,1,0,0,0,0,0,0,0,0,0,0
2004,380045,2,1,0,0,0,0,0,0,0,0,0,0
2004,380046,1,1,0,0,0,0,0,0,0,0,0,0
2004,380046,2,1,0,0,0,0,0,0,0,0,0,0
2004,380047,1,1,0,0,0,0,0,0,0,0,0,0
2004,380048,1,1,0,0,0,0,21,17,11,0,15,0
2004,380048,2,1,2,0,0,9,0,0,0,0,0,0
2004,380049,1,1,0,0,0,0,0,0,0,0,0,0
2004,380050,1,1,0,0,0,0,0,0,0,0,0,0
2004,380051,1,1,0,0,0,0,0,0,0,0,0,0
2004,380052,0,1,0,0,0,0,0,0,0,0,0,0
2004,380052,1,1,0,0,0,0,0,0,0,0,0,0
2004,380053,1,1,0,0,0,0,0,0,0,0,0,0
2004,380054,1,1,0,0,0,0,0,0,0,0,0,0
2004,380054,2,1,0,0,0,0,0,0,0,0,0,0
2004,380055,1,1,24,24,24,24,24,24,24,24,24,24
2004,380056,1,1,0,0,0,0,0,0,0,0,0,0
2004,380056,2,1,0,0,0,0,0,0,0,0,0,0
2004,380057,1,1,0,0,0,0,0,0,0,0,0,0
2004,380057,2,1,0,0,0,0,0,0,0,0,0,0
2004,380058,1,1,18,18,18,18,18,18,18,18,18,18
2004,380058,2,1,0,0,0,0,0,0,0,0,0,0
2004,380059,1,1,0,0,0,0,0,0,0,0,0,0
2004,380059,2,1,0,0,0,0,0,0,0,0,0,0
2004,380060,1,1,34,34,34,34,34,34,34,34,34,34
2004,380061,1,1,0,0,0,0,18,0,0,0,0,0
2004,380061,2,1,3,3,3,3,3,3,3,3,3,3
2004,380062,1,1,0,0,0,0,0,0,0,0,0,0
2004,380062,2,1,0,0,0,0,0,0,0,0,0,0
2004,380063,1,1,0,0,19,0,0,0,0,0,0,0
2004,380064,1,1,33,33,33,33,33,33,33,33,33,33
2004,380065,1,1,0,0,0,0,19,0,0,0,0,0
2004,380065,2,1,0,0,0,0,0,0,0,0,0,0
2004,380066,1,1,18,0,0,0,0,0,0,0,0,0
2004,380067,1,1,0,0,0,0,0,0,0,0,0,0
2004,380068,1,1,0,0,0,0,0,0,0,0,0,0
2004,380069,1,1,17,17,17,17,17,17,17,17,17,17
2004,380069,2,1,0,0,0,0,0,0,0,0,0,0
2004,380070,1,1,0,0,0,0,0,0,0,11,0,0
2004,380070,2,1,0,0,0,0,0,0,0,0,0,0
2004,380071,1,1,27,27,27,27,27,27,27,27,27,27
2004,380072,1,1,16,16,16,16,16,16,16,16,16,16
2004,380073,1,1,0,0,0,0,0,0,0,0,0,0
2004,380074,1,1,20,20,20,20,20,20,20,20,20,20
2004,380075,0,1,0,0,0,0,0,0,0,0,0,0
2004,380075,1,1,0,0,0,0,0,0,0,0,0,0
2004,380076,0,1,0,0,0,0,0,0,0,0,0,0
2004,380076,1,1,0,0,0,0,0,0,0,0,0,0
2004,380077,1,1,23,23,23,23,23,23,23,23,23,23
2004,380077,2,1,0,0,0,0,22,10,19,0,0,0
2004,380078,1,1,20,20,20,20,20,20,20,20,20,20
2004,380079,1,1,16,16,16,16,16,16,16,16,16,16
2004,380080,1,1,0,0,0,0,0,0,0,0,0,0
2004,380080,2,1,0,0,0,0,0,0,0,0,0,0
2004,380081,1,1,34,34,34,34,34,34,34,34,34,34
2004,380082,0,1,0,0,0,0,0,0,0,0,0,0
2004,380082,1,1,0,0,0,0,0,0,0,0,0,0
2004,380083,1,1,21,21,21,21,21,21,21,21,21,21
2004,380084,0,1,15,17,15,26,16,28,30,9,5,0
2004,380084,1,1,0,0,0,0,0,0,0,0,0,0
2004,380085,1,1,0,0,0,0,0,0,0,0,0,0
2004,380085,2,1,0,0,0,0,0,0,0,0,0,0
2004,380086,1,1,0,0,0,0,0,0,0,0,0,0
2004,380087,1,1,30,13,0,0,12,17,9,9,13,13
2004,380088,1,1,0,0,0,0,0,0,0,0,0,0
2004,380089,1,1,0,0,0,0,0,0,0,0,0,0
2004,380090,0,1,43,43,43,43,43,43,43,43,43,43
2004,380090,1,1,23,23,23,23,23,23,23,23,23,23
2004,380091,1,1,21,21,21,21,21,21,21,21,21,21
2004,380092,1,1,12,12,12,12,12,12,12,12,12,12
2004,380092,2,1,0,0,0,0,0,0,0,0,0,0
2004,380093,1,1,0,0,0,0,0,0,0,0,0,0
2004,380094,1,1,0,0,0,0,0,0,0,0,0,0
2004,380095,1,1,0,0,25,16,0,0,0,0,0,0
2004,390001,1,1,0,0,0,0,0,0,0,0,0,0
2004,390002,1,1,21,21,21,21,21,21,21,21,21,21
2004,390003,1,1,0,0,0,0,0,0,0,0,0,0
2004,390004,1,1,0,0,0,0,0,0,0,0,0,0
2004,390004,2,1,0,0,0,0,0,0,0,0,0,0
2004,390004,3,1,0,0,0,0,0,0,0,0,0,0
2004,390004,4,1,0,0,0,0,0,0,0,0,0,0
2004,390005,1,1,0,0,0,0,0,0,0,0,0,0
2004,390005,2,1,0,0,0,0,0,0,0,0,0,0
2004,390006,1,1,0,0,0,0,0,0,0,0,0,0
2004,390006,2,1,9,9,9,9,9,9,9,9,9,9
2004,390007,1,1,0,0,0,0,0,0,0,0,0,0
2004,390007,2,1,0,0,0,0,0,0,0,0,0,0
2004,390008,1,1,0,0,0,0,0,0,0,0,0,0
2004,390008,2,1,0,0,0,0,0,0,0,0,0,0
2004,390009,0,1,0,0,0,0,0,0,0,0,0,0
2004,390009,1,1,0,0,0,0,0,0,0,0,0,0
2004,390010,1,1,25,25,25,25,25,25,25,25,25,25
2004,390011,1,1,0,0,0,0,0,0,0,0,0,0
2004,390011,2,1,0,0,0,0,0,0,0,0,0,0
2004,390012,1,1,0,0,0,0,0,0,0,0,0,0
2004,390012,2,1,0,0,0,0,0,0,0,0,0,0
2004,390012,3,1,0,0,0,0,0,0,0,0,0,0
2004,390013,1,1,0,0,0,0,0,0,0,0,0,0
2004,390013,2,1,0,0,0,0,0,0,0,0,0,0
2004,390013,3,1,0,0,0,0,0,0,0,0,0,0
2004,390014,1,1,0,0,0,0,0,0,0,0,0,0
2004,390015,1,1,0,0,0,0,0,0,0,0,0,0
2004,390015,2,1,0,0,0,0,0,0,0,0,0,0
2004,390016,1,1,0,0,0,0,0,0,0,0,0,0
2004,390016,2,1,0,0,0,0,0,0,0,0,0,0
2004,390017,1,1,0,0,0,0,0,0,0,0,0,0
2004,390017,2,1,0,0,0,0,0,0,0,0,0,0
2004,390018,1,1,0,0,0,0,0,0,0,0,0,0
2004,390018,2,1,0,0,0,0,0,0,0,0,0,0
2004,390019,1,1,9,9,9,9,9,9,9,9,9,9
2004,390020,1,1,0,0,0,0,0,0,0,0,0,0
2004,390020,2,1,0,0,0,0,0,0,0,0,0,0
2004,390021,1,1,0,0,0,0,0,0,0,0,0,0
2004,390021,2,1,0,0,0,0,0,0,0,0,0,0
2004,390022,1,1,0,0,24,0,0,0,0,0,0,0
2004,390022,2,1,0,0,0,0,0,0,0,0,0,0
2004,390024,1,1,0,0,0,0,0,0,0,0,0,0
2004,390024,2,1,0,0,0,0,0,0,0,0,0,0
2004,390024,3,1,0,0,0,0,0,0,0,0,0,0
2004,390024,4,1,0,0,0,0,0,0,0,0,0,0
2004,390025,0,1,0,0,0,0,0,0,0,0,0,0
2004,390025,1,1,0,0,0,0,0,0,0,0,0,8
2004,390026,0,1,0,0,22,0,0,0,0,0,0,0
2004,390026,1,1,0,0,0,0,0,0,0,0,0,0
2004,390027,1,1,0,0,0,0,0,0,0,0,0,0
2004,390027,2,1,0,0,0,4,0,0,0,0,0,0
2004,390028,1,1,20,20,20,20,20,20,20,20,20,20
2004,390029,1,1,0,0,0,0,0,0,0,0,0,0
2004,390029,2,1,0,0,0,0,0,0,0,0,0,0
2004,390030,1,1,0,0,0,0,0,0,0,0,0,0
2004,390030,2,1,0,0,0,0,0,0,0,0,0,0
2004,390031,1,1,24,24,24,24,24,24,24,24,24,24
2004,390032,1,1,18,18,18,18,18,18,18,18,18,18
2004,390033,1,1,0,0,0,0,0,0,0,0,0,0
2004,390034,1,1,0,0,0,0,0,0,0,0,0,0
2004,390035,0,1,0,0,0,0,0,0,0,0,0,0
2004,390035,1,1,0,0,0,0,0,0,0,0,0,0
2004,390036,1,1,0,0,0,0,0,0,0,0,0,0
2004,390036,2,1,0,0,0,0,0,0,0,0,0,0
2004,390037,1,1,0,0,0,0,0,0,0,0,0,0
2004,390038,1,1,0,0,0,0,0,0,0,0,0,0
2004,390038,2,1,0,0,0,0,0,0,0,0,0,0
2004,390039,1,1,0,0,0,0,0,0,0,0,0,0
2004,390040,1,1,19,19,19,19,19,19,19,19,19,19
2004,390040,2,1,0,0,0,0,13,0,0,0,0,0
2004,390040,3,1,0,0,0,0,0,0,0,0,0,0
2004,390041,1,1,0,0,0,0,0,0,0,0,0,0
2004,390041,2,1,0,0,0,0,0,0,0,0,0,0
2004,390042,1,1,0,0,0,0,0,0,0,0,0,0
2004,390042,2,1,0,0,0,0,0,0,0,0,0,0
2004,390042,3,1,0,12,0,0,0,0,0,4,0,0
2004,390042,4,1,0,0,0,0,0,0,0,0,0,0
2004,390043,1,1,0,0,0,0,0,0,0,0,0,0
2004,390043,2,1,3,3,3,3,3,3,3,3,3,3
2004,390044,1,1,16,16,16,16,16,16,16,16,16,16
2004,390045,1,1,0,0,0,0,0,0,0,0,0,0
2004,390045,2,1,0,0,0,0,0,0,0,0,0,0
2004,390046,1,1,27,27,27,27,27,27,27,27,27,27
2004,390047,1,1,0,0,0,0,0,0,0,0,0,0
2004,390048,1,1,0,0,0,0,0,0,0,0,0,0
2004,390048,2,1,4,0,0,0,0,0,0,4,0,0
2004,390048,3,1,0,0,0,0,0,0,0,0,0,0
2004,390049,1,1,18,18,18,18,18,18,18,18,18,18
2004,390050,1,1,0,0,0,0,0,0,0,0,0,0
2004,390051,1,1,0,0,0,0,0,0,0,0,16,19
2004,390052,1,1,0,0,0,0,0,0,0,0,0,0
2004,390052,2,1,0,0,0,0,0,0,0,0,0,0
2004,390053,1,1,15,15,15,15,15,15,15,15,15,15
2004,390055,1,1,0,0,0,0,0,0,0,0,0,0
2004,390055,2,1,0,0,0,0,0,0,0,0,0,0
2004,390056,1,1,0,0,0,0,0,0,0,0,0,0
2004,390057,1,1,0,0,0,0,0,0,0,0,0,0
2004,390058,1,1,0,0,0,0,0,0,0,0,0,0
2004,390058,2,1,0,0,0,0,0,0,0,0,0,0
2004,390058,3,1,0,0,0,0,0,0,0,0,0,0
2004,390059,0,1,0,0,0,0,0,0,0,0,0,0
2004,390059,1,1,0,0,0,0,0,0,0,0,0,0
2004,390060,1,1,0,0,0,0,0,0,0,0,0,0
2004,390060,2,1,29,29,29,29,29,29,29,29,29,29
2004,390060,3,1,0,0,0,0,0,0,0,0,0,0
2004,390061,1,1,0,0,0,0,0,0,0,0,0,0
2004,390062,1,1,0,0,0,0,0,0,0,0,0,0