YEAR,ST_CASE,veh_no,per_no,P1,P2,P3,P4,P5,P6,P7,P8,P9,P10
2004,390648,0,1,0,0,0,0,0,0,0,0,0,0
2004,390648,1,1,0,0,0,0,0,0,0,0,0,0
2004,390649,1,1,0,0,0,0,0,0,0,0,0,0
2004,390649,2,1,0,0,0,0,0,0,0,0,0,0
2004,390649,3,1,0,0,0,0,0,0,0,0,0,0
2004,390650,1,1,3,3,3,3,3,3,3,3,3,3
2004,390651,1,1,0,0,0,0,0,0,0,0,0,0
2004,390652,1,1,22,22,22,22,22,22,22,22,22,22
2004,390653,1,1,0,0,0,0,0,0,0,0,0,0
2004,390654,1,1,21,21,21,21,21,21,21,21,21,21
2004,390655,1,1,0,0,0,0,0,0,0,0,0,0
2004,390656,1,1,0,0,0,0,0,0,0,0,0,0
2004,390656,2,1,0,0,0,0,0,0,0,0,0,0
2004,390657,1,1,18,18,18,18,18,18,18,18,18,18
2004,390658,1,1,0,0,0,0,0,0,0,0,0,0
2004,390658,2,1,0,0,0,0,0,0,0,0,0,0
2004,390659,1,1,0,0,0,0,0,0,0,0,0,0
2004,390660,1,1,27,27,27,27,27,27,27,27,27,27
2004,390661,1,1,0,0,0,0,0,0,0,0,0,0
2004,390662,1,1,0,0,0,0,0,0,0,0,0,0
2004,390663,1,1,0,0,0,0,0,0,0,0,0,0
2004,390664,1,1,0,0,0,0,0,0,0,0,0,0
2004,390665,1,1,13,11,7,10,17,16,21,21,36,12
2004,390665,2,1,0,0,0,0,0,0,0,0,0,0
2004,390666,1,1,19,19,19,19,19,19,19,19,19,19
2004,390667,1,1,0,0,0,0,0,0,0,0,0,0
2004,390667,2,1,0,0,0,0,0,0,0,0,0,0
2004,390668,1,1,0,0,0,0,0,0,0,0,0,0
2004,390668,2,1,0,0,0,0,0,0,0,0,0,0
2004,390669,0,1,0,0,0,0,0,0,0,0,0,0
2004,390669,1,1,0,0,0,0,19,0,0,0,0,0
2004,390670,1,1,0,0,0,0,0,0,0,0,0,0
2004,390671,1,1,0,0,0,0,0,0,0,0,0,0
2004,390671,2,1,0,0,0,0,0,0,0,0,0,0
2004,390673,1,1,0,0,0,0,0,0,0,0,0,0
2004,390674,1,1,9,9,9,9,9,9,9,9,9,9
2004,390674,2,1,0,0,11,0,0,0,0,0,0,0
2004,390675,1,1,24,24,24,24,24,24,24,24,24,24
2004,390676,1,1,0,0,0,0,0,0,0,0,0,0
2004,390676,2,1,4,4,4,4,4,4,4,4,4,4
2004,390677,1,1,0,0,0,0,0,0,0,0,0,0
2004,390678,1,1,22,22,22,22,22,22,22,22,22,22
2004,390679,1,1,0,0,0,7,0,0,0,0,0,0
2004,390679,2,1,0,0,0,0,0,0,0,0,0,0
2004,390680,1,1,31,31,31,31,31,31,31,31,31,31
2004,390681,1,1,0,0,0,0,0,0,0,0,0,0
2004,390681,2,1,18,0,0,0,0,0,0,0,0,0
2004,390682,1,1,0,0,0,0,0,0,0,0,0,0
2004,390682,2,1,0,0,0,0,0,0,0,0,0,0
2004,390683,1,1,0,0,0,0,0,0,0,0,0,0
2004,390683,2,1,0,0,0,0,0,0,0,0,0,0
2004,390684,1,1,0,0,0,0,0,0,0,0,0,0
2004,390685,1,1,13,13,13,13,13,13,13,13,13,13
2004,390686,1,1,0,0,0,0,0,0,0,0,0,0
2004,390686,2,1,0,0,0,0,0,0,0,0,0,0
2004,390687,1,1,21,21,21,21,21,21,21,21,21,21
2004,390688,1,1,15,15,15,15,15,15,15,15,15,15
2004,390689,1,1,15,15,15,15,15,15,15,15,15,15
2004,390690,0,1,0,0,0,0,0,0,0,0,0,0
2004,390690,1,1,0,0,0,0,0,0,0,0,21,0
2004,390691,1,1,10,10,10,10,10,10,10,10,10,10
2004,390691,2,1,0,0,0,0,0,0,0,0,0,0
2004,390691,3,1,0,0,0,0,0,0,0,0,0,0
2004,390691,4,1,0,0,0,0,0,0,0,0,0,0
2004,390692,1,1,0,0,0,0,0,0,0,0,0,0
2004,390692,2,1,0,0,0,0,0,0,0,0,0,0
2004,390693,0,1,0,0,0,0,0,0,0,0,0,0
2004,390693,1,1,0,0,0,0,0,0,0,0,0,0
2004,390694,1,1,0,0,0,0,0,0,0,0,0,0
2004,390694,2,1,0,0,0,0,0,0,0,0,0,0
2004,390696,1,1,0,0,0,0,0,0,0,0,0,0
2004,390697,1,1,0,0,0,0,0,0,0,0,0,0
2004,390698,1,1,25,25,25,25,25,25,25,25,25,25
2004,390699,1,1,0,0,0,0,0,0,0,0,0,0
2004,390699,2,1,0,0,0,0,0,0,0,0,0,0
2004,390700,1,1,0,0,0,0,0,0,0,0,0,0
2004,390700,2,1,4,0,0,0,0,0,0,0,0,0
2004,390701,1,1,0,0,0,0,0,0,0,0,0,0
2004,390701,2,1,0,0,0,0,0,0,0,0,0,0
2004,390701,3,1,0,0,0,0,0,0,0,0,0,0
2004,390701,4,1,0,0,0,0,0,0,0,0,0,0
2004,390702,1,1,0,0,0,0,0,0,0,0,0,0
2004,390702,2,1,0,0,0,0,0,0,0,0,0,0
2004,390703,1,1,5,5,5,5,5,5,5,5,5,5
2004,390704,1,1,2,2,2,2,2,2,2,2,2,2
2004,390705,1,1,0,0,0,0,0,0,0,0,0,0
2004,390705,2,1,0,0,4,0,0,0,0,0,0,0
2004,390706,1,1,0,0,0,0,0,0,0,0,0,0
2004,390706,2,1,0,0,0,0,0,0,0,0,0,0
2004,390707,1,1,0,0,0,0,0,0,0,0,0,0
2004,390707,2,1,0,0,0,0,0,0,0,0,0,0
2004,390708,1,1,0,0,0,0,0,0,0,0,0,0
2004,390709,1,1,21,21,21,21,21,21,21,21,21,21
2004,390710,1,1,8,8,8,8,8,8,8,8,8,8
2004,390711,1,1,0,0,12,0,0,0,0,0,0,0
2004,390711,2,1,0,12,0,0,2,0,20,19,0,20
2004,390711,3,1,0,0,0,0,0,0,0,0,0,0
2004,390712,1,1,0,0,0,0,0,0,0,0,0,0
2004,390712,2,1,11,0,0,0,0,0,0,0,0,0
2004,390713,1,1,0,0,0,0,0,0,0,0,0,0
2004,390714,1,1,12,12,12,12,12,12,12,12,12,12
2004,390714,2,1,0,0,0,0,0,0,0,0,0,0
2004,390715,1,1,0,0,0,0,0,0,15,0,0,0
2004,390715,2,1,0,0,0,0,0,0,0,0,0,0
2004,390716,1,1,0,0,0,0,0,0,0,0,0,0
2004,390716,2,1,0,0,0,0,0,0,0,0,0,0
2004,390717,1,1,0,0,0,0,0,0,0,0,0,0
2004,390717,2,1,0,0,0,0,0,0,0,0,0,0
2004,390718,1,1,16,16,16,16,16,16,16,16,16,16
2004,390719,1,1,15,15,15,15,15,15,15,15,15,15
2004,390720,1,1,11,9,21,17,0,16,10,11,0,22
2004,390721,1,1,22,22,22,22,22,22,22,22,22,22
2004,390721,2,1,0,0,0,0,0,0,0,0,0,0
2004,390722,1,1,0,0,0,0,0,0,0,0,0,0
2004,390723,1,1,0,12,0,0,0,0,0,0,0,0
2004,390723,2,1,0,0,0,0,0,0,0,0,0,0
2004,390724,1,1,0,0,15,0,0,0,0,0,0,0
2004,390724,2,1,0,0,0,0,0,0,0,0,0,0
2004,390725,1,1,0,0,0,0,0,0,0,0,0,0
2004,390725,2,1,0,0,0,0,0,0,0,0,0,0
2004,390726,1,1,0,0,0,0,0,0,0,0,0,0
2004,390727,1,1,0,0,0,0,0,0,0,0,0,0
2004,390727,2,1,0,0,0,0,0,0,0,0,0,0
2004,390728,1,1,0,0,0,0,0,0,0,0,0,0
2004,390728,2,1,0,0,0,0,0,0,0,0,0,0
2004,390729,1,1,0,0,0,0,0,0,0,0,0,0
2004,390730,1,1,0,0,0,0,0,0,0,0,0,0
2004,390730,2,1,11,11,11,11,11,11,11,11,11,11
2004,390730,3,1,0,0,0,0,0,0,0,0,0,0
2004,390731,0,1,12,0,0,16,28,0,0,0,0,0
2004,390731,1,1,0,0,0,0,0,0,0,0,0,0
2004,390732,1,1,25,25,25,25,25,25,25,25,25,25
2004,390732,2,1,0,0,0,0,0,0,0,0,0,0
2004,390733,1,1,17,17,17,17,17,17,17,17,17,17
2004,390734,1,1,28,28,28,28,28,28,28,28,28,28
2004,390735,1,1,0,0,0,0,0,0,0,0,0,0
2004,390736,1,1,0,0,0,0,0,0,0,0,0,0
2004,390736,2,1,0,0,0,0,0,0,0,0,0,0
2004,390737,1,1,0,0,0,0,0,0,0,0,0,0
2004,390737,2,1,0,0,0,0,0,0,0,0,0,0
2004,390738,1,1,0,0,0,0,0,0,0,0,0,0
2004,390739,1,1,0,0,0,0,0,0,0,0,0,0
2004,390739,2,1,0,0,0,0,0,0,0,0,0,0
2004,390740,1,1,29,29,29,29,29,29,29,29,29,29
2004,390740,2,1,0,0,0,0,0,0,0,0,0,0
2004,390741,0,1,0,0,0,0,0,0,0,0,0,0
2004,390741,1,1,0,0,0,0,0,0,0,0,0,0
2004,390742,1,1,0,0,0,0,0,0,0,0,0,0
2004,390742,2,1,0,0,0,0,0,0,0,0,0,0
2004,390743,1,1,0,0,0,0,0,0,0,0,0,0
2004,390744,1,1,0,0,0,0,0,0,0,0,0,0
2004,390744,2,1,0,0,0,0,0,0,0,0,0,0
2004,390745,1,1,0,0,0,0,0,0,0,0,0,0
2004,390745,2,1,0,0,0,0,0,0,0,0,0,0
2004,390746,1,1,20,20,20,20,20,20,20,20,20,20
2004,390747,1,1,0,0,0,0,0,0,0,0,0,0
2004,390747,2,1,0,0,0,0,0,0,0,0,0,0
2004,390748,1,1,27,27,27,27,27,27,27,27,27,27
2004,390749,1,1,23,23,23,23,23,23,23,23,23,23
2004,390750,1,1,0,0,0,0,0,0,0,0,0,0
2004,390751,1,1,16,16,16,16,16,16,16,16,16,16
2004,390752,1,1,0,0,0,0,0,0,0,0,0,0
2004,390752,2,1,0,0,0,0,0,0,0,0,0,0
2004,390752,3,1,0,0,0,0,0,0,0,0,0,0
2004,390753,1,1,0,0,0,0,0,0,0,0,0,0
2004,390754,1,1,0,0,0,0,0,0,0,0,0,0
2004,390755,1,1,25,25,25,25,25,25,25,25,25,25
2004,390756,1,1,0,0,0,0,0,0,0,0,0,0
2004,390756,2,1,0,0,0,0,0,0,0,0,0,0
2004,390757,1,1,29,29,29,29,29,29,29,29,29,29
2004,390758,1,1,0,0,0,0,0,0,0,0,0,0
2004,390758,2,1,7,7,7,7,7,7,7,7,7,7
2004,390759,1,1,0,0,0,0,0,0,0,0,0,0
2004,390760,1,1,4,4,4,4,4,4,4,4,4,4
2004,390761,1,1,0,0,0,0,0,0,0,0,0,0
2004,390762,1,1,0,0,0,0,0,0,0,0,0,0
2004,390763,1,1,1,18,14,15,15,11,7,17,4,20
2004,390764,1,1,0,0,0,0,0,0,0,0,0,0
2004,390764,2,1,0,0,0,0,0,0,0,0,0,0
2004,390765,1,1,0,0,0,0,0,14,5,20,21,0
2004,390765,2,1,0,0,0,0,0,0,0,0,0,0
2004,390766,1,1,0,0,0,0,0,0,0,0,0,0
2004,390766,2,1,0,7,0,23,0,0,0,0,0,0
2004,390767,1,1,0,0,0,0,0,0,0,0,0,0
2004,390767,2,1,0,0,0,0,0,0,0,0,0,0
2004,390767,3,1,0,0,0,0,0,0,0,0,0,0
2004,390768,1,1,0,0,0,0,0,0,0,0,0,0
2004,390769,1,1,4,11,27,11,41,30,15,46,27,16
2004,390769,2,1,23,23,23,23,23,23,23,23,23,23
2004,390770,0,1,0,0,0,0,0,0,0,0,0,0
2004,390771,0,1,0,0,0,0,0,0,0,0,0,0
2004,390771,1,1,0,0,0,0,0,0,0,0,0,0
2004,390772,1,1,20,20,20,20,20,20,20,20,20,20
2004,390773,1,1,30,30,30,30,30,30,30,30,30,30
2004,390774,1,1,0,0,0,0,0,0,0,0,0,0
2004,390774,2,1,0,0,0,0,0,0,0,0,0,0
2004,390775,1,1,0,0,0,0,13,0,0,11,21,7
2004,390776,1,1,17,17,17,17,17,17,17,17,17,17
2004,390777,1,1,0,0,0,0,0,0,0,0,0,0
2004,390778,1,1,0,0,0,0,0,0,0,0,0,0
2004,390778,2,1,0,0,0,0,0,0,0,0,0,0
2004,390779,1,1,0,0,0,0,0,0,0,0,0,0
2004,390779,2,1,0,0,0,0,0,0,0,0,0,0
2004,390780,1,1,11,11,11,11,11,11,11,11,11,11
2004,390780,2,1,0,0,0,0,0,0,0,0,0,0
2004,390780,3,1,0,0,9,0,0,0,0,0,0,0
2004,390781,1,1,0,0,0,0,0,0,0,0,0,0
2004,390781,2,1,0,0,0,0,0,0,0,20,0,0
2004,390782,0,1,0,0,0,0,0,0,0,0,0,0
2004,390782,1,1,0,0,8,0,0,0,0,0,0,0
2004,390783,1,1,8,32,13,0,0,13,13,21,33,0
2004,390784,1,1,0,0,0,0,0,0,0,0,0,0
2004,390784,2,1,0,0,0,0,0,0,0,0,0,0
2004,390785,1,1,0,0,0,0,0,0,0,0,0,0
2004,390785,2,1,0,0,0,0,0,0,0,0,0,0
2004,390786,1,1,0,0,0,0,0,0,0,0,0,0
2004,390787,0,1,0,0,0,0,0,0,0,0,0,0
2004,390787,1,1,0,0,0,0,0,0,0,0,0,0
2004,390788,1,1,0,0,0,0,0,0,0,0,0,0
2004,390788,2,1,0,0,0,0,0,0,0,0,0,0
2004,390790,1,1,27,27,27,27,27,27,27,27,27,27
2004,390791,1,1,0,0,0,0,0,0,0,0,0,0
2004,390792,1,1,1,1,1,1,1,1,1,1,1,1
2004,390792,2,1,0,0,0,0,0,0,0,0,0,0
2004,390793,1,1,0,0,0,0,0,0,0,0,0,0
2004,390793,2,1,0,0,0,0,0,0,0,0,0,0
2004,390794,1,1,19,19,19,19,19,19,19,19,19,19
2004,390795,1,1,0,0,8,0,0,0,0,0,0,0
2004,390796,1,1,0,0,0,0,0,0,0,0,0,0
2004,390797,1,1,0,0,0,0,0,0,0,0,0,0
2004,390798,1,1,0,0,0,0,0,0,0,0,0,0
2004,390799,1,1,0,0,0,0,0,0,0,0,0,0
2004,390800,1,1,0,0,0,0,0,0,0,0,0,0
2004,390800,2,1,0,0,7,0,0,26,0,0,11,0
2004,390801,1,1,8,8,8,8,8,8,8,8,8,8
2004,390802,1,1,0,0,0,0,0,0,0,0,0,0
2004,390802,2,1,0,0,0,0,0,0,0,0,0,0
2004,390803,1,1,14,14,14,14,14,14,14,14,14,14
2004,390804,1,1,0,0,0,0,0,0,0,0,0,0
2004,390804,2,1,0,0,0,0,0,0,0,0,0,0
2004,390805,1,1,2,2,2,2,2,2,2,2,2,2
2004,390806,1,1,13,0,0,0,0,14,0,19,0,23
2004,390806,2,1,0,0,0,0,0,0,0,0,0,0
2004,390806,3,1,0,0,0,0,0,0,0,0,0,0
2004,390806,4,1,0,9,0,0,0,0,0,0,0,0
2004,390807,1,1,15,15,15,15,15,15,15,15,15,15
2004,390807,2,1,0,0,0,0,0,0,0,0,0,0
2004,390808,1,1,0,0,0,0,0,0,0,0,0,0
2004,390809,1,1,0,0,0,0,0,0,0,0,0,0
2004,390809,2,1,0,0,0,0,0,0,0,0,0,0
2004,390810,0,1,0,31,0,0,0,0,0,0,0,31
2004,390810,1,1,0,0,0,0,0,0,0,0,0,0
2004,390811,1,1,0,0,0,0,0,0,0,0,0,0
2004,390812,1,1,1,1,1,1,1,1,1,1,1,1
2004,390812,2,1,0,0,0,0,0,0,0,0,0,0
2004,390813,0,1,0,0,7,0,0,0,0,0,0,0
2004,390813,1,1,0,0,0,0,0,0,0,12,0,0
2004,390814,1,1,0,0,0,0,0,0,0,0,0,0
2004,390814,2,1,0,0,0,0,0,0,0,0,0,0
2004,390815,1,1,0,0,0,0,0,0,0,0,0,0
2004,390815,2,1,0,0,0,0,0,0,0,0,0,0
2004,390816,1,1,0,0,0,0,0,0,0,0,0,0
2004,390817,1,1,33,33,33,33,33,33,33,33,33,33
2004,390818,0,1,0,0,0,0,0,0,0,0,0,0
2004,390818,1,1,0,0,0,0,0,0,0,0,0,0
2004,390819,1,1,0,0,0,0,0,0,0,0,0,0
2004,390819,2,1,0,0,0,0,0,0,16,0,0,0
2004,390820,1,1,2,2,2,2,2,2,2,2,2,2
2004,390820,2,1,0,0,0,0,0,0,0,0,0,0
2004,390821,1,1,0,0,0,0,0,0,0,0,0,0
2004,390822,1,1,23,23,23,23,23,23,23,23,23,23
2004,390823,0,1,0,0,0,0,0,0,0,0,0,0
2004,390823,1,1,0,0,0,0,0,0,0,0,0,0
2004,390824,1,1,23,23,23,23,23,23,23,23,23,23
2004,390825,1,1,0,0,0,0,0,0,0,0,0,9
2004,390825,2,1,0,0,0,0,0,0,0,0,0,0
2004,390826,0,1,45,45,45,45,45,45,45,45,45,45
2004,390826,1,1,0,0,0,0,0,0,0,0,0,0
2004,390827,1,1,0,0,0,0,0,0,0,0,0,0
2004,390827,2,1,1,1,1,1,1,1,1,1,1,1
2004,390827,3,1,0,0,0,0,0,0,0,0,0,0
2004,390827,4,1,0,0,0,0,0,0,0,0,0,0
2004,390827,5,1,0,0,0,0,0,0,0,0,0,0
2004,390828,1,1,19,19,19,19,19,19,19,19,19,19
2004,390829,1,1,0,0,0,0,0,0,0,0,0,0
2004,390829,2,1,0,0,0,0,0,0,0,0,0,0
2004,390830,1,1,0,0,0,0,0,0,0,0,0,0
2004,390831,1,1,19,19,19,19,19,19,19,19,19,19
2004,390832,0,1,19,0,0,0,0,0,0,0,0,0
2004,390832,1,1,0,0,0,0,0,0,0,0,0,0
2004,390833,1,1,28,28,28,28,28,28,28,28,28,28
2004,390834,1,1,0,0,0,0,0,0,0,0,0,0
2004,390834,2,1,0,0,0,0,0,0,0,0,0,0
2004,390834,3,1,0,0,0,0,0,0,0,0,0,0
2004,390835,1,1,0,0,0,0,0,0,0,0,0,0
2004,390835,2,1,0,0,0,0,0,0,0,0,0,0
2004,390836,1,1,0,0,0,0,0,0,0,0,0,0
2004,390836,2,1,0,0,0,0,0,0,0,0,0,0
2004,390837,1,1,19,19,19,19,19,19,19,19,19,19
2004,390838,0,1,0,0,0,0,0,0,0,0,0,0
2004,390838,1,1,0,0,0,0,0,0,0,0,0,0
2004,390839,1,1,0,0,0,0,0,0,0,0,0,0
2004,390839,2,1,0,0,0,0,0,0,0,0,0,0
2004,390840,1,1,14,14,14,14,14,14,14,14,14,14
2004,390841,1,1,0,0,0,0,0,0,0,0,0,0
2004,390841,2,1,0,0,0,0,0,0,0,0,0,0
2004,390842,1,1,0,0,0,0,0,0,0,0,0,0
2004,390842,2,1,0,0,0,0,0,0,0,0,0,0
2004,390843,0,1,4,4,4,4,4,4,4,4,4,4
2004,390843,1,1,0,0,0,0,0,0,0,0,0,0
2004,390844,1,1,0,0,0,0,0,0,0,0,0,0
2004,390845,1,1,0,0,0,0,0,0,0,0,0,0
2004,390845,2,1,0,0,0,0,0,0,0,0,0,0
2004,390845,3,1,0,0,0,0,0,0,0,0,0,0
2004,390846,1,1,0,0,0,0,0,0,0,0,0,0
2004,390846,2,1,0,0,0,0,0,0,0,0,0,0
2004,390847,1,1,0,0,0,0,0,0,0,0,0,0
2004,390847,2,1,11,11,11,11,11,11,11,11,11,11
2004,390848,1,1,0,0,0,0,0,0,0,0,0,0
2004,390848,2,1,0,0,0,0,0,0,0,0,0,0
2004,390849,0,1,33,33,33,33,33,33,33,33,33,33
2004,390849,1,1,0,0,0,25,17,0,0,0,0,0
2004,390850,1,1,0,0,0,0,0,0,0,0,0,0
2004,390851,1,1,0,0,0,0,0,0,0,0,0,0
2004,390853,1,1,0,0,0,0,0,0,0,0,0,0
2004,390853,2,1,24,24,24,24,24,24,24,24,24,24
2004,390854,1,1,0,0,0,0,0,0,0,0,0,0
2004,390854,2,1,0,0,0,0,0,0,0,0,0,0
2004,390855,1,1,0,0,0,0,0,0,0,0,0,0
2004,390855,2,1,0,0,0,0,6,15,0,12,0,0
2004,390856,1,1,0,0,0,0,0,0,0,0,0,0
2004,390856,2,1,10,10,10,10,10,10,10,10,10,10
2004,390857,1,1,0,0,0,0,0,0,0,0,0,0
2004,390857,2,1,0,0,0,0,0,0,0,0,0,0
2004,390858,1,1,21,21,21,21,21,21,21,21,21,21
2004,390859,1,1,0,0,0,0,0,0,0,0,0,0
2004,390860,1,1,27,27,27,27,27,27,27,27,27,27
2004,390861,1,1,16,16,16,16,16,16,16,16,16,16
2004,390861,2,1,8,5,17,16,21,14,31,20,8,17
2004,390862,1,1,0,0,0,0,0,0,0,0,0,0
2004,390862,2,1,0,0,0,0,0,0,0,0,0,0
2004,390863,1,1,0,0,0,0,0,0,0,0,0,0
2004,390864,1,1,25,25,25,25,25,25,25,25,25,25
2004,390865,1,1,31,31,31,31,31,31,31,31,31,31
2004,390866,1,1,0,0,0,0,0,0,0,0,0,0
2004,390866,2,1,0,0,0,0,0,0,0,0,0,0
2004,390867,0,1,0,0,0,0,0,0,0,0,0,0
2004,390867,1,1,0,0,7,0,0,0,0,0,0,0
2004,390868,1,1,0,0,0,0,0,0,0,0,0,0
2004,390869,1,1,9,9,9,9,9,9,9,9,9,9
2004,390870,1,1,0,0,0,0,0,0,0,0,0,0
2004,390871,1,1,20,20,20,20,20,20,20,20,20,20
2004,390872,0,1,17,19,0,6,15,0,0,24,54,16
2004,390872,1,1,0,11,0,18,3,1,12,12,16,0
2004,390873,1,1,5,5,5,5,5,5,5,5,5,5
2004,390874,1,1,0,0,0,0,0,0,0,0,0,0
2004,390875,1,1,0,0,0,0,0,0,0,0,0,0
2004,390876,1,1,0,0,0,0,0,12,0,25,15,0
2004,390877,1,1,23,0,0,13,0,0,10,14,0,0
2004,390878,1,1,28,28,28,28,28,28,28,28,28,28
2004,390879,1,1,0,0,0,0,0,0,0,0,0,0
2004,390880,1,1,0,0,0,0,0,0,0,0,0,0
2004,390880,2,1,0,0,0,0,0,0,0,0,0,0
2004,390881,1,1,7,7,7,7,7,7,7,7,7,7
2004,390882,1,1,0,0,0,0,0,0,0,0,0,0
2004,390883,1,1,0,0,0,0,0,0,0,0,0,0
2004,390883,2,1,0,0,0,0,0,0,0,0,0,0
2004,390884,1,1,25,25,25,25,25,25,25,25,25,25
2004,390885,1,1,9,9,9,9,9,9,9,9,9,9
2004,390886,1,1,0,0,0,0,0,0,0,0,0,0
2004,390886,2,1,0,0,0,0,0,0,0,0,0,0
2004,390887,1,1,0,0,10,0,0,0,0,0,0,0
2004,390887,2,1,8,20,25,5,14,18,3,17,17,12
2004,390888,1,1,20,20,20,20,20,20,20,20,20,20
2004,390889,1,1,0,0,0,0,0,0,0,0,0,0
2004,390889,2,1,0,0,0,0,0,0,0,0,0,0
2004,390891,1,1,18,18,18,18,18,18,18,18,18,18
2004,390892,1,1,0,0,0,0,0,0,0,0,0,0
2004,390893,1,1,11,11,11,11,11,11,11,11,11,11
2004,390894,1,1,0,0,0,0,0,0,0,0,0,0
2004,390894,2,1,0,0,0,0,0,0,0,0,0,0
2004,390895,1,1,14,14,14,14,14,14,14,14,14,14
2004,390896,1,1,17,17,17,17,17,17,17,17,17,17
2004,390897,1,1,0,0,0,0,0,0,0,0,0,0
2004,390897,2,1,0,0,0,0,0,0,0,0,0,0
2004,390897,3,1,0,0,0,0,0,0,0,0,4,0
2004,390898,1,1,0,0,0,0,0,0,0,0,0,0
2004,390899,1,1,0,0,0,0,0,0,0,0,0,0
2004,390899,2,1,0,0,0,0,0,0,0,0,0,0
2004,390900,1,1,0,0,0,0,0,0,0,0,0,0
2004,390900,2,1,24,24,24,24,24,24,24,24,24,24
2004,390901,1,1,0,0,0,0,0,0,0,0,0,0
2004,390901,2,1,0,0,0,0,0,0,0,0,0,0
2004,390902,1,1,0,0,0,0,0,0,0,0,0,0
2004,390902,2,1,5,0,0,0,0,4,0,11,0,0
2004,390903,1,1,13,13,13,13,13,13,13,13,13,13
2004,390903,2,1,0,0,0,0,0,0,0,0,0,0
2004,390904,1,1,0,0,0,0,0,0,0,0,0,0
2004,390905,1,1,0,0,0,0,0,0,0,0,0,0
2004,390905,2,1,0,0,0,0,0,0,0,0,0,0
2004,390906,1,1,2,2,2,2,2,2,2,2,2,2
2004,390906,2,1,0,0,0,0,0,0,0,0,0,0
2004,390907,1,1,27,27,27,27,27,27,27,27,27,27
2004,390908,1,1,0,0,0,0,0,0,0,0,0,0
2004,390909,1,1,0,0,0,0,0,0,0,0,0,0
2004,390909,2,1,0,0,0,0,0,0,0,0,0,0
2004,390910,1,1,29,29,29,29,29,29,29,29,29,29
2004,390911,1,1,0,0,0,0,0,0,0,0,0,0
2004,390911,2,1,0,0,0,0,0,0,0,0,0,0
2004,390911,3,1,0,0,0,0,0,0,0,0,0,0
2004,390911,4,1,0,0,0,0,0,0,10,0,0,0
2004,390912,1,1,5,5,5,5,5,5,5,5,5,5
2004,390913,1,1,0,0,0,0,0,0,0,0,0,0
2004,390914,1,1,0,0,0,0,0,0,0,0,0,0
2004,390914,2,1,0,0,0,0,0,0,0,0,0,0
2004,390915,1,1,0,0,0,0,0,0,0,0,0,0
2004,390916,1,1,0,0,0,0,0,0,0,24,0,0
2004,390917,1,1,0,0,16,0,0,0,0,0,0,0
2004,390917,2,1,0,0,0,0,0,0,0,0,0,0
2004,390917,3,1,0,0,0,0,0,0,0,3,0,0
2004,390918,1,1,15,15,15,15,15,15,15,15,15,15
2004,390919,1,1,23,23,23,23,23,23,23,23,23,23
2004,390920,1,1,18,18,18,18,18,18,18,18,18,18
2004,390920,2,1,0,0,0,0,0,0,0,0,13,8
2004,390921,1,1,0,0,0,0,0,0,0,0,0,0
2004,390921,2,1,0,0,0,0,0,0,0,0,0,0
2004,390923,1,1,16,16,16,16,16,16,16,16,16,16
2004,390924,1,1,0,0,0,0,0,0,0,0,0,0
2004,390926,1,1,0,0,0,0,0,0,0,0,0,0
2004,390926,2,1,0,0,0,0,0,0,0,0,0,0
2004,390926,3,1,0,0,0,0,0,0,0,0,0,0
2004,390927,1,1,0,0,0,0,0,0,0,0,0,0
2004,390928,1,1,0,0,0,0,0,0,0,0,0,0
2004,390928,2,1,0,0,0,0,0,0,0,0,0,0
2004,390929,1,1,0,0,0,0,0,0,0,0,0,0
2004,390930,1,1,0,0,0,0,0,0,0,0,0,0
2004,390931,1,1,0,0,0,0,0,0,0,0,0,0
2004,390932,1,1,0,0,0,0,0,0,0,0,0,0
2004,390932,2,1,0,0,0,0,0,0,0,0,0,0
2004,390933,1,1,0,0,0,0,0,0,0,0,0,0
2004,390933,2,1,0,17,30,0,0,0,8,0,14,0
2004,390934,1,1,27,27,27,27,27,27,27,27,27,27
2004,390935,1,1,0,0,0,0,0,0,0,0,0,0
2004,390935,2,1,0,0,0,0,0,0,0,0,0,0
2004,390935,3,1,0,0,0,0,0,0,0,0,0,0
2004,390936,1,1,0,0,0,0,0,0,0,0,0,9
2004,390936,2,1,0,0,0,0,0,0,0,0,0,0
2004,390937,1,1,6,0,14,0,0,0,0,0,0,8
2004,390938,1,1,0,0,0,0,0,0,0,0,0,0
2004,390938,2,1,0,0,0,0,0,0,0,0,0,0
2004,390940,1,1,0,0,0,0,0,0,0,0,0,0
2004,390940,2,1,0,0,0,0,0,0,0,0,0,0
2004,390941,1,1,0,0,0,0,0,0,0,0,0,0
2004,390942,1,1,0,0,0,0,0,0,0,0,0,0
2004,390943,0,1,34,34,34,34,34,34,34,34,34,34
2004,390943,1,1,7,7,7,7,7,7,7,7,7,7
2004,390944,1,1,0,0,0,0,0,0,0,0,0,0
2004,390945,1,1,0,0,0,0,0,0,0,0,0,0
2004,390945,2,1,0,0,0,0,0,0,0,0,0,0
2004,390946,1,1,0,0,0,0,0,0,0,0,0,0
2004,390946,2,1,0,0,0,0,0,0,0,0,0,0
2004,390947,1,1,0,0,0,0,0,0,0,0,0,0
2004,390947,2,1,0,0,0,0,0,0,0,0,0,0