YEAR,ST_CASE,veh_no,per_no,P1,P2,P3,P4,P5,P6,P7,P8,P9,P10
2004,390948,1,1,0,0,0,0,0,0,0,0,0,0
2004,390948,2,1,0,0,0,0,0,0,12,0,0,0
2004,390949,1,1,0,0,0,0,0,0,0,0,0,0
2004,390949,2,1,0,0,0,0,0,0,0,0,0,0
2004,390950,1,1,22,22,22,22,22,22,22,22,22,22
2004,390951,1,1,0,0,0,0,0,0,0,0,0,0
2004,390952,1,1,0,0,0,0,0,0,0,16,0,0
2004,390952,2,1,31,31,31,31,31,31,31,31,31,31
2004,390953,0,1,0,0,0,0,0,0,0,0,0,0
2004,390953,1,1,0,0,0,0,0,0,0,0,0,0
2004,390954,1,1,0,0,0,0,0,0,0,0,0,0
2004,390955,1,1,0,0,0,0,0,0,0,0,0,0
2004,390955,2,1,0,0,0,0,0,0,0,0,0,0
2004,390956,1,1,0,0,0,0,0,0,0,0,0,0
2004,390956,2,1,0,0,0,0,0,0,0,0,0,0
2004,390956,3,1,0,0,0,0,0,0,0,0,0,0
2004,390956,4,1,0,0,0,0,0,0,0,0,0,0
2004,390957,0,1,0,0,0,0,0,0,0,0,0,0
2004,390957,1,1,0,0,0,0,0,0,0,0,0,0
2004,390958,1,1,29,29,29,29,29,29,29,29,29,29
2004,390959,0,1,0,0,0,0,0,0,0,0,0,0
2004,390959,1,1,0,0,0,0,0,0,0,0,0,0
2004,390960,1,1,0,0,0,0,0,0,0,0,0,0
2004,390960,2,1,0,0,0,0,0,0,0,0,0,0
2004,390961,1,1,0,0,0,0,0,0,0,0,0,0
2004,390961,2,1,0,0,0,0,0,0,0,0,0,0
2004,390961,3,1,0,0,0,0,0,0,0,0,0,0
2004,390962,1,1,28,28,28,28,28,28,28,28,28,28
2004,390963,1,1,0,0,0,0,0,0,0,0,0,0
2004,390964,0,1,32,32,32,32,32,32,32,32,32,32
2004,390964,1,1,0,0,0,0,0,0,0,0,26,0
2004,390965,1,1,14,14,14,14,14,14,14,14,14,14
2004,390966,1,1,0,0,0,0,35,0,0,0,0,0
2004,390966,2,1,0,0,0,0,0,0,0,0,0,0
2004,390967,1,1,0,0,0,0,0,0,0,0,0,0
2004,390967,2,1,0,0,0,0,0,0,0,0,0,0
2004,390968,1,1,0,0,27,0,0,29,0,33,12,0
2004,390969,1,1,23,23,23,23,23,23,23,23,23,23
2004,390970,1,1,5,5,5,5,5,5,5,5,5,5
2004,390971,1,1,5,0,0,0,0,0,0,0,0,0
2004,390972,1,1,17,13,0,24,15,0,14,10,0,11
2004,390973,1,1,0,0,0,0,0,0,0,0,0,0
2004,390974,1,1,0,0,0,0,0,0,0,0,0,6
2004,390974,2,1,0,0,0,0,0,0,0,0,0,0
2004,390975,1,1,0,0,0,0,0,0,0,0,0,0
2004,390975,2,1,0,0,0,0,0,0,0,0,0,0
2004,390976,1,1,5,5,5,5,5,5,5,5,5,5
2004,390977,1,1,8,8,8,8,8,8,8,8,8,8
2004,390977,2,1,0,13,0,0,0,20,5,7,9,23
2004,390978,0,1,0,0,0,0,0,0,0,0,0,0
2004,390978,1,1,0,0,0,0,0,0,0,0,0,0
2004,390979,0,1,27,27,27,27,27,27,27,27,27,27
2004,390979,1,1,0,0,0,0,0,0,0,0,0,0
2004,390980,1,1,18,18,18,18,18,18,18,18,18,18
2004,390981,1,1,19,19,19,19,19,19,19,19,19,19
2004,390982,1,1,0,0,0,0,0,0,0,0,0,0
2004,390983,1,1,0,0,0,0,0,0,0,0,0,0
2004,390983,2,1,0,0,0,0,0,0,0,0,0,0
2004,390984,1,1,23,23,23,23,23,23,23,23,23,23
2004,390985,1,1,0,0,0,0,0,0,0,0,0,0
2004,390985,2,1,0,0,0,0,0,0,0,0,0,0
2004,390986,1,1,0,0,0,0,0,0,0,0,0,0
2004,390986,2,1,0,0,0,0,0,0,0,0,0,0
2004,390986,3,1,0,0,0,0,0,0,0,0,0,0
2004,390987,1,1,0,0,0,0,0,0,0,0,0,0
2004,390988,1,1,20,20,20,20,20,20,20,20,20,20
2004,390989,0,1,0,0,0,0,0,0,0,0,0,0
2004,390989,1,1,0,0,0,0,0,0,0,0,0,0
2004,390990,0,1,0,0,0,0,0,0,0,0,0,0
2004,390990,1,1,0,0,0,0,0,0,0,0,0,0
2004,390991,1,1,0,0,0,0,0,0,0,0,0,0
2004,390991,2,1,0,0,0,0,0,0,0,0,0,0
2004,390992,1,1,27,27,27,27,27,27,27,27,27,27
2004,390992,2,1,0,0,12,0,0,0,0,0,0,9
2004,390993,1,1,0,0,0,0,15,0,0,0,9,0
2004,390993,2,1,0,0,0,0,0,13,9,0,0,0
2004,390994,1,1,7,7,7,7,7,7,7,7,7,7
2004,390994,2,1,2,2,2,2,2,2,2,2,2,2
2004,390995,1,1,0,0,14,0,0,0,10,0,0,0
2004,390995,2,1,0,0,0,0,0,17,0,0,0,0
2004,390995,3,1,0,0,0,0,0,0,0,0,0,0
2004,390996,1,1,20,20,20,20,20,20,20,20,20,20
2004,390996,2,1,0,0,0,0,0,0,0,0,0,0
2004,390997,1,1,19,0,10,19,0,0,0,9,0,4
2004,390997,2,1,0,0,0,0,0,0,0,0,0,0
2004,390998,1,1,25,25,25,25,25,25,25,25,25,25
2004,390998,2,1,9,9,9,9,9,9,9,9,9,9
2004,390999,1,1,0,0,0,0,0,0,0,0,0,0
2004,391000,1,1,0,0,0,0,0,0,0,0,0,0
2004,391000,2,1,0,0,0,0,0,0,0,0,0,0
2004,391001,1,1,0,0,0,0,0,0,0,0,0,0
2004,391001,2,1,0,0,0,0,4,0,0,0,0,0
2004,391002,0,1,0,0,0,0,0,0,0,0,0,0
2004,391002,1,1,0,0,0,0,0,0,0,26,0,0
2004,391002,2,1,0,6,0,4,0,0,0,0,0,0
2004,391003,0,1,16,16,16,16,16,16,16,16,16,16
2004,391003,1,1,0,0,0,0,0,0,0,0,0,0
2004,391004,1,1,0,0,0,0,0,0,0,0,0,0
2004,391004,2,1,3,3,3,3,3,3,3,3,3,3
2004,391005,1,1,0,0,0,0,0,0,0,0,0,0
2004,391005,2,1,0,0,0,0,0,0,0,0,0,20
2004,391006,0,1,19,19,19,19,19,19,19,19,19,19
2004,391006,1,1,0,0,0,0,0,0,0,0,0,0
2004,391007,1,1,0,0,0,0,0,0,0,0,0,0
2004,391007,2,1,0,0,0,0,0,0,0,0,0,0
2004,391008,1,1,25,25,25,25,25,25,25,25,25,25
2004,391009,1,1,0,0,0,0,0,0,0,0,0,0
2004,391010,0,1,0,0,0,0,0,0,0,0,0,0
2004,391010,1,1,0,0,0,12,0,0,0,0,0,0
2004,391011,1,1,0,0,0,0,0,0,0,0,0,0
2004,391011,2,1,0,0,0,0,0,0,0,0,0,0
2004,391012,0,1,0,0,0,0,0,0,0,0,0,0
2004,391012,1,1,0,0,0,0,0,0,0,0,0,0
2004,391013,1,1,0,0,0,0,0,0,0,0,15,0
2004,391013,2,1,0,0,0,0,0,0,0,0,0,0
2004,391014,1,1,0,0,0,0,0,0,0,0,0,0
2004,391014,2,1,0,0,0,0,0,8,0,0,0,0
2004,391015,1,1,0,0,0,0,0,0,0,0,0,0
2004,391016,1,1,0,0,0,0,0,0,0,0,0,0
2004,391016,2,1,0,0,0,0,0,0,0,0,0,0
2004,391017,1,1,0,0,0,0,0,0,0,0,0,0
2004,391017,2,1,0,0,0,0,0,0,0,0,0,0
2004,391018,1,1,12,12,12,12,12,12,12,12,12,12
2004,391019,1,1,0,0,0,0,0,0,0,0,0,0
2004,391019,2,1,0,0,0,0,0,0,0,0,0,0
2004,391020,1,1,0,0,0,0,0,0,0,0,0,0
2004,391021,1,1,0,0,0,0,0,0,0,0,0,0
2004,391022,0,1,0,0,0,0,0,0,0,0,8,0
2004,391022,1,1,0,0,0,0,0,0,0,0,0,0
2004,391023,1,1,18,18,18,18,18,18,18,18,18,18
2004,391024,1,1,20,20,20,20,20,20,20,20,20,20
2004,391025,1,1,18,18,18,18,18,18,18,18,18,18
2004,391026,1,1,22,22,22,22,22,22,22,22,22,22
2004,391027,1,1,0,0,0,0,0,0,0,0,0,0
2004,391027,2,1,0,0,0,0,0,0,0,0,0,10
2004,391028,1,1,0,0,0,0,0,0,0,0,0,0
2004,391029,1,1,0,0,0,0,0,0,0,0,0,0
2004,391029,2,1,0,0,0,0,0,0,0,0,0,0
2004,391030,0,1,0,0,0,0,0,0,0,0,0,0
2004,391030,1,1,0,0,0,0,0,0,0,0,0,0
2004,391031,1,1,14,14,14,14,14,14,14,14,14,14
2004,391032,1,1,0,0,0,0,0,0,0,0,0,0
2004,391032,2,1,14,14,14,14,14,14,14,14,14,14
2004,391033,1,1,28,28,28,28,28,28,28,28,28,28
2004,391034,1,1,25,25,25,25,25,25,25,25,25,25
2004,391034,2,1,0,0,0,0,0,0,0,0,7,15
2004,391035,1,1,8,8,8,8,8,8,8,8,8,8
2004,391036,0,1,0,0,0,0,0,0,0,0,0,0
2004,391036,1,1,0,0,0,0,0,0,0,0,0,0
2004,391037,1,1,0,0,0,0,0,0,0,0,0,0
2004,391038,1,1,0,0,0,0,0,0,0,0,0,0
2004,391038,2,1,0,0,0,0,0,0,0,0,0,0
2004,391039,1,1,0,0,0,0,0,0,0,0,0,0
2004,391040,1,1,0,0,0,0,0,0,0,0,0,0
2004,391040,2,1,0,0,0,0,0,0,0,0,0,0
2004,391040,3,1,0,0,0,0,0,0,0,0,0,0
2004,391040,4,1,0,0,0,0,0,0,0,0,0,0
2004,391041,1,1,0,0,0,0,0,0,14,11,0,19
2004,391042,1,1,22,22,22,22,22,22,22,22,22,22
2004,391043,1,1,18,18,18,18,18,18,18,18,18,18
2004,391043,2,1,0,0,0,0,0,0,0,0,0,0
2004,391044,1,1,21,21,21,21,21,21,21,21,21,21
2004,391045,1,1,0,0,0,0,0,0,0,0,0,0
2004,391045,2,1,0,0,0,0,0,0,0,0,0,0
2004,391046,0,1,20,0,0,0,0,0,0,0,0,0
2004,391046,1,1,0,0,0,0,0,0,0,0,0,0
2004,391046,2,1,0,0,0,0,0,0,0,0,0,0
2004,391047,1,1,0,0,0,0,0,0,0,0,0,0
2004,391047,2,1,0,0,0,0,0,0,0,0,0,0
2004,391048,1,1,15,15,15,15,15,15,15,15,15,15
2004,391049,1,1,0,0,0,0,0,0,0,0,0,0
2004,391049,2,1,0,0,0,0,0,0,0,0,0,0
2004,391050,1,1,0,0,0,0,0,0,0,0,0,0
2004,391050,2,1,0,0,0,0,0,0,0,0,0,0
2004,391051,1,1,18,18,18,18,18,18,18,18,18,18
2004,391052,1,1,0,0,0,0,0,0,0,0,0,0
2004,391052,2,1,0,0,0,0,0,0,0,0,0,0
2004,391054,1,1,0,0,0,0,0,0,0,0,19,0
2004,391055,1,1,15,15,15,15,15,15,15,15,15,15
2004,391056,1,1,0,0,0,0,0,0,0,0,0,0
2004,391057,1,1,0,0,0,0,0,0,0,0,0,0
2004,391059,1,1,25,25,25,25,25,25,25,25,25,25
2004,391060,1,1,0,0,0,0,0,0,0,0,0,0
2004,391060,2,1,0,0,0,0,0,0,0,0,0,0
2004,391061,1,1,23,23,23,23,23,23,23,23,23,23
2004,391062,1,1,18,18,18,18,18,18,18,18,18,18
2004,391063,1,1,10,10,10,10,10,10,10,10,10,10
2004,391064,1,1,0,0,0,0,11,0,12,0,0,0
2004,391064,2,1,0,0,0,0,0,0,0,0,0,0
2004,391064,3,1,0,0,0,0,0,0,0,0,0,0
2004,391064,4,1,0,0,0,0,0,0,0,0,0,0
2004,391065,1,1,0,0,0,0,0,0,0,0,0,0
2004,391065,2,1,0,27,0,0,0,0,0,0,0,0
2004,391066,1,1,0,0,0,0,0,0,0,0,0,0
2004,391066,2,1,0,0,0,0,0,0,0,0,0,0
2004,391067,1,1,0,0,0,0,0,0,0,0,0,0
2004,391067,2,1,0,0,0,0,0,0,0,0,0,0
2004,391068,1,1,0,0,0,0,0,0,0,0,0,0
2004,391068,2,1,0,0,0,0,0,0,0,0,0,0
2004,391069,1,1,0,0,0,0,0,0,0,0,0,0
2004,391069,2,1,0,0,0,0,0,0,0,0,0,0
2004,391070,1,1,0,0,0,0,0,0,0,0,0,0
2004,391070,2,1,0,0,0,0,0,0,0,0,0,0
2004,391071,1,1,0,0,0,0,0,0,0,0,0,0
2004,391071,2,1,0,0,0,0,0,0,0,0,0,0
2004,391072,1,1,9,9,9,9,9,9,9,9,9,9
2004,391072,2,1,0,0,0,0,0,0,0,0,0,0
2004,391073,1,1,13,13,13,13,13,13,13,13,13,13
2004,391074,0,1,0,0,0,0,0,0,0,0,0,0
2004,391074,1,1,0,0,0,0,0,0,0,0,0,0
2004,391075,1,1,0,0,0,0,0,0,0,0,0,0
2004,391076,1,1,0,0,0,0,0,0,0,0,0,0
2004,391076,2,1,0,0,0,0,0,0,0,0,0,0
2004,391076,3,1,0,0,0,0,0,0,0,0,0,0
2004,391076,4,1,0,0,0,0,0,0,0,0,0,0
2004,391076,5,1,0,0,0,0,0,0,0,0,0,0
2004,391076,6,1,0,0,0,0,0,0,0,0,0,0
2004,391077,1,1,0,0,0,0,0,0,0,0,0,0
2004,391078,1,1,0,0,0,0,0,0,0,0,0,0
2004,391079,1,1,0,0,6,0,0,0,0,0,0,8
2004,391079,2,1,0,0,0,0,0,0,0,0,0,0
2004,391080,1,1,0,0,0,0,0,0,0,0,0,0
2004,391081,1,1,0,0,0,0,0,0,0,0,0,0
2004,391081,2,1,0,0,0,0,0,0,0,0,0,0
2004,391082,1,1,0,0,0,0,0,0,0,0,0,0
2004,391083,1,1,0,0,0,0,0,0,0,0,0,0
2004,391083,2,1,0,0,0,0,0,0,0,0,0,0
2004,391084,1,1,0,0,0,0,0,0,0,0,0,0
2004,391085,1,1,0,0,0,0,0,0,0,0,0,0
2004,391085,2,1,0,0,0,0,0,0,0,0,0,0
2004,391086,1,1,0,0,0,0,0,0,0,0,0,0
2004,391087,1,1,0,0,0,0,0,0,0,0,0,0
2004,391089,1,1,24,24,24,24,24,24,24,24,24,24
2004,391090,1,1,0,0,23,0,0,0,0,0,0,26
2004,391090,2,1,0,0,0,0,19,0,0,0,0,0
2004,391091,1,1,10,10,10,10,10,10,10,10,10,10
2004,391092,0,1,0,0,0,0,0,0,0,0,0,0
2004,391092,1,1,17,0,0,0,0,0,0,0,0,0
2004,391093,1,1,0,0,0,0,0,0,0,0,0,0
2004,391093,2,1,1,1,1,1,1,1,1,1,1,1
2004,391094,1,1,1,1,1,1,1,1,1,1,1,1
2004,391095,1,1,0,6,10,25,9,14,0,29,0,11
2004,391095,2,1,0,0,0,0,0,0,0,0,0,0
2004,391096,1,1,32,32,32,32,32,32,32,32,32,32
2004,391097,1,1,21,21,21,21,21,21,21,21,21,21
2004,391098,1,1,26,26,26,26,26,26,26,26,26,26
2004,391099,1,1,0,15,0,9,13,0,0,0,0,0
2004,391100,1,1,0,0,0,0,0,0,0,0,0,0
2004,391100,2,1,0,0,0,0,0,0,0,0,0,0
2004,391100,3,1,0,0,0,0,0,0,0,0,0,0
2004,391101,1,1,12,12,12,12,12,12,12,12,12,12
2004,391102,1,1,0,0,0,0,0,0,0,0,0,0
2004,391103,1,1,0,0,0,0,0,18,0,0,0,0
2004,391103,2,1,0,0,0,0,0,0,0,0,0,0
2004,391104,1,1,0,0,0,0,0,0,0,0,0,0
2004,391104,2,1,0,0,0,0,0,0,0,0,0,0
2004,391104,3,1,0,0,0,0,0,0,0,0,0,0
2004,391105,1,1,0,0,0,0,0,0,0,0,0,0
2004,391105,2,1,0,0,0,0,0,0,0,0,0,0
2004,391105,3,1,0,0,0,0,0,0,0,0,0,0
2004,391106,0,1,18,18,18,18,18,18,18,18,18,18
2004,391106,1,1,0,0,0,0,0,26,8,0,0,0
2004,391107,1,1,0,0,0,0,0,0,0,0,0,0
2004,391107,2,1,0,0,0,0,0,0,0,0,0,0
2004,391108,1,1,0,13,0,0,0,0,0,0,0,0
2004,391109,1,1,0,0,0,0,0,0,0,0,0,0
2004,391109,2,1,0,0,0,0,0,0,0,0,0,0
2004,391110,1,1,15,15,15,15,15,15,15,15,15,15
2004,391111,1,1,0,0,0,0,0,0,0,0,0,0
2004,391111,2,1,0,0,0,0,0,0,0,0,0,0
2004,391112,1,1,0,0,0,11,0,0,0,0,0,0
2004,391112,2,1,0,0,0,0,0,0,0,0,0,0
2004,391113,0,1,0,0,0,0,0,0,0,0,0,0
2004,391113,1,1,0,0,33,14,9,16,10,14,16,20
2004,391114,1,1,0,0,0,0,0,0,0,0,0,0
2004,391115,1,1,0,0,0,0,0,0,0,0,0,0
2004,391115,2,1,0,0,0,0,0,0,0,0,0,0
2004,391116,1,1,24,24,24,24,24,24,24,24,24,24
2004,391117,1,1,11,11,11,11,11,11,11,11,11,11
2004,391117,2,1,0,0,0,0,0,0,0,0,0,0
2004,391117,3,1,13,0,0,0,0,8,0,0,0,0
2004,391118,1,1,14,14,14,14,14,14,14,14,14,14
2004,391119,1,1,0,0,0,0,0,0,0,0,0,0
2004,391119,2,1,0,0,0,0,0,0,0,0,0,0
2004,391119,3,1,0,0,0,0,0,0,0,0,0,0
2004,391121,1,1,0,0,0,0,0,0,0,0,0,0
2004,391121,2,1,0,0,0,0,0,0,0,0,0,0
2004,391121,3,1,0,0,0,0,0,6,0,0,0,0
2004,391122,1,1,22,22,22,22,22,22,22,22,22,22
2004,391122,2,1,25,25,25,25,25,25,25,25,25,25
2004,391123,1,1,0,0,0,0,0,0,0,0,0,0
2004,391124,1,1,0,0,0,0,0,0,0,0,0,0
2004,391125,1,1,0,0,0,0,0,0,0,0,0,0
2004,391125,2,1,0,0,0,0,0,0,0,0,0,0
2004,391125,3,1,0,0,0,0,0,28,0,0,0,0
2004,391126,1,1,0,0,0,0,0,0,0,0,0,0
2004,391127,1,1,0,0,0,0,0,0,0,0,0,0
2004,391127,2,1,0,0,0,0,0,0,0,0,0,0
2004,391127,3,1,0,0,0,0,0,0,0,0,0,0
2004,391128,1,1,0,0,0,0,0,0,0,0,0,0
2004,391128,2,1,0,9,0,0,0,0,0,0,0,0
2004,391129,0,1,0,0,0,0,0,0,0,0,0,0
2004,391129,1,1,0,0,0,0,0,0,0,0,0,0
2004,391130,1,1,0,0,0,0,0,0,0,0,0,0
2004,391130,2,1,0,0,0,0,0,0,0,0,0,0
2004,391130,3,1,0,0,0,0,0,0,0,0,0,0
2004,391131,0,1,0,0,0,0,0,0,0,0,3,0
2004,391131,1,1,0,0,0,0,0,0,0,0,0,0
2004,391132,1,1,0,0,0,0,0,0,0,0,0,0
2004,391132,2,1,0,0,0,0,0,0,0,0,0,0
2004,391133,1,1,20,20,20,20,20,20,20,20,20,20
2004,391133,2,1,0,0,0,0,0,0,0,0,0,0
2004,391134,1,1,0,0,0,0,0,0,0,0,0,0
2004,391135,1,1,0,0,0,0,0,0,0,0,0,0
2004,391135,2,1,0,0,0,0,0,0,0,0,0,0
2004,391136,1,1,0,0,0,0,0,0,0,0,0,0
2004,391137,1,1,0,0,0,0,0,0,0,0,0,0
2004,391138,1,1,0,14,15,19,27,31,8,16,12,19
2004,391138,2,1,0,0,0,0,0,0,0,0,23,0
2004,391139,1,1,0,0,0,0,0,0,0,0,0,0
2004,391139,2,1,0,0,0,0,0,0,0,0,0,0
2004,391140,0,1,14,0,0,0,0,0,0,0,0,0
2004,391140,1,1,0,17,0,0,0,0,0,0,0,0
2004,391141,1,1,0,0,0,0,0,0,0,0,0,0
2004,391141,2,1,23,18,0,0,0,0,25,0,0,0
2004,391142,1,1,0,0,0,0,0,0,0,0,0,0
2004,391142,2,1,0,0,0,0,0,0,0,0,0,0
2004,391143,1,1,0,0,0,0,0,0,0,0,0,0
2004,391143,2,1,0,0,0,0,0,0,0,0,0,0
2004,391144,1,1,0,0,0,0,0,0,0,0,0,0
2004,391144,2,1,0,0,0,0,0,0,0,0,0,0
2004,391145,0,1,21,17,29,9,11,13,17,7,8,21
2004,391145,1,1,0,0,0,0,0,0,0,0,0,0
2004,391146,1,1,0,0,0,0,0,0,0,0,0,0
2004,391146,2,1,0,0,0,0,0,0,0,0,0,0
2004,391147,1,1,4,4,4,4,4,4,4,4,4,4
2004,391147,2,1,0,0,0,0,0,0,0,0,0,0
2004,391148,0,1,0,0,0,0,0,0,0,0,0,0
2004,391148,1,1,0,0,0,0,0,0,0,0,0,0
2004,391149,1,1,0,0,0,15,0,0,0,0,8,0
2004,391149,2,1,0,0,0,0,0,0,0,0,0,0
2004,391149,3,1,30,30,30,30,30,30,30,30,30,30
2004,391150,0,1,0,0,0,0,0,0,0,0,0,0
2004,391150,0,2,0,0,0,0,0,0,0,0,0,0
2004,391150,1,1,0,0,0,0,0,0,0,8,0,0
2004,391151,1,1,0,0,0,0,0,0,0,0,0,0
2004,391151,2,1,0,0,0,0,0,8,0,0,0,0
2004,391152,1,1,0,0,0,0,0,0,19,0,0,0
2004,391152,2,1,0,0,0,0,0,0,0,0,0,0
2004,391152,3,1,0,0,0,0,0,0,0,0,0,0
2004,391152,4,1,31,31,31,31,31,31,31,31,31,31
2004,391153,1,1,20,20,20,20,20,20,20,20,20,20
2004,391154,1,1,12,12,12,12,12,12,12,12,12,12
2004,391155,1,1,9,9,9,9,9,9,9,9,9,9
2004,391156,1,1,22,22,22,22,22,22,22,22,22,22
2004,391157,1,1,0,0,0,0,0,0,0,0,0,0
2004,391158,1,1,1,1,1,1,1,1,1,1,1,1
2004,391159,1,1,0,0,0,0,12,0,0,0,0,0
2004,391159,2,1,16,0,7,11,17,0,2,0,0,0
2004,391160,1,1,0,0,0,0,0,0,0,0,0,0
2004,391160,2,1,0,0,0,0,0,0,0,0,0,0
2004,391161,1,1,0,0,0,0,0,0,0,0,0,0
2004,391161,2,1,0,0,0,0,0,0,0,0,0,0
2004,391162,1,1,0,0,0,0,0,0,0,0,0,0
2004,391163,1,1,0,0,0,0,0,0,0,0,0,0
2004,391163,2,1,0,0,0,0,0,0,0,0,0,0
2004,391164,1,1,21,21,21,21,21,21,21,21,21,21
2004,391164,2,1,23,23,23,23,23,23,23,23,23,23
2004,391165,1,1,0,0,0,0,0,0,0,0,0,0
2004,391165,2,1,0,0,0,0,0,0,0,0,0,0
2004,391166,0,1,0,0,0,0,0,0,0,0,0,0
2004,391166,1,1,0,0,0,0,0,0,0,0,0,18
2004,391167,1,1,27,27,27,27,27,27,27,27,27,27
2004,391168,2,1,0,0,0,0,0,0,0,0,0,0
2004,391168,3,1,1,1,1,1,1,1,1,1,1,1
2004,391169,1,1,14,14,14,14,14,14,14,14,14,14
2004,391170,1,1,0,0,0,0,0,0,0,0,0,0
2004,391170,2,1,0,0,0,0,0,0,0,0,0,0
2004,391171,1,1,0,0,0,0,0,0,0,0,18,0
2004,391171,2,1,0,0,0,0,21,0,0,0,0,0
2004,391172,1,1,0,0,0,0,0,0,0,0,0,0
2004,391172,2,1,0,0,0,0,0,0,0,0,0,0
2004,391173,1,1,0,0,0,0,0,0,0,0,0,0
2004,391174,1,1,0,0,0,0,0,0,0,0,0,0
2004,391175,1,1,0,0,0,0,0,0,0,0,0,0
2004,391175,2,1,0,0,0,0,0,0,0,0,0,0
2004,391176,1,1,19,19,19,19,19,19,19,19,19,19
2004,391177,2,1,0,0,0,0,0,0,0,0,0,0
2004,391177,3,1,0,0,0,0,0,0,0,0,0,0
2004,391177,4,1,0,0,0,0,0,0,0,0,0,0
2004,391178,0,1,13,13,13,13,13,13,13,13,13,13
2004,391178,1,1,0,0,0,0,0,0,0,0,0,0
2004,391178,2,1,0,0,0,0,0,0,0,0,0,0
2004,391179,1,1,32,0,0,0,0,10,0,0,0,0
2004,391181,1,1,0,0,0,0,0,0,0,0,0,0
2004,391181,2,1,0,0,0,0,0,0,0,0,0,0
2004,391182,0,1,26,26,26,26,26,26,26,26,26,26
2004,391182,1,1,0,0,0,0,0,0,0,0,0,0
2004,391183,0,1,0,0,0,0,0,0,0,0,0,0
2004,391183,0,2,0,0,0,0,0,13,0,0,8,0
2004,391183,1,1,0,0,0,0,0,0,0,0,0,0
2004,391185,1,1,0,0,0,0,0,0,0,0,0,0
2004,391185,2,1,0,0,0,0,0,0,0,0,0,0
2004,391186,1,1,0,0,0,0,0,0,0,0,0,0
2004,391187,1,1,21,21,21,21,21,21,21,21,21,21
2004,391188,1,1,0,0,0,0,0,0,0,0,0,0
2004,391188,2,1,0,0,0,0,0,0,0,0,0,0
2004,391188,3,1,0,0,0,0,0,0,0,0,0,0
2004,391189,1,1,0,0,0,0,0,0,0,0,0,0
2004,391189,2,1,0,0,0,0,0,0,0,0,0,0
2004,391189,3,1,0,0,0,0,0,0,0,0,0,0
2004,391189,4,1,0,0,0,0,0,0,0,0,0,0
2004,391189,5,1,0,0,0,0,0,0,5,0,0,0
2004,391190,1,1,0,0,0,0,0,0,0,0,0,0
2004,391191,1,1,0,0,0,0,0,0,0,0,0,0
2004,391192,1,1,0,0,0,0,0,0,0,0,0,0
2004,391192,2,1,0,0,0,0,0,0,0,0,0,0
2004,391193,1,1,0,0,0,12,0,0,0,0,0,0
2004,391194,0,1,12,12,12,12,12,12,12,12,12,12
2004,391194,1,1,7,0,0,0,14,10,0,19,14,18
2004,391195,1,1,14,14,14,14,14,14,14,14,14,14
2004,391195,2,1,0,0,0,0,0,0,0,0,0,0
2004,391196,1,1,0,0,0,0,0,0,0,0,0,0
2004,391196,2,1,0,0,0,0,0,0,0,0,0,0
2004,391197,0,1,0,0,0,0,0,0,0,0,0,0
2004,391197,1,1,0,0,0,0,0,0,0,0,0,0
2004,391199,1,1,0,0,0,0,0,0,0,0,0,0
2004,391200,1,1,0,0,0,0,0,0,0,0,0,0
2004,391200,2,1,0,0,0,0,0,0,0,0,0,0
2004,391200,3,1,0,0,0,0,0,0,0,0,0,0
2004,391201,1,1,0,0,0,0,0,0,0,0,0,0
2004,391202,1,1,0,0,0,0,0,0,0,0,0,0
2004,391203,1,1,31,31,31,31,31,31,31,31,31,31
2004,391204,1,1,0,0,0,0,0,0,0,0,0,0
2004,391204,2,1,20,20,20,20,20,20,20,20,20,20
2004,391205,1,1,29,12,0,0,9,0,0,0,6,0
2004,391205,2,1,0,0,0,0,0,0,0,0,0,18
2004,391205,3,1,0,16,0,0,0,0,24,0,0,0
2004,400001,1,1,0,26,0,0,6,19,0,0,0,16
2004,400002,1,1,14,14,14,14,14,14,14,14,14,14
2004,400002,2,1,0,0,0,0,0,0,0,0,0,0
2004,400003,1,1,16,16,16,16,16,16,16,16,16,16
2004,400004,1,1,0,0,0,0,0,0,0,0,0,0
2004,400004,2,1,0,0,0,0,0,0,0,0,0,0
2004,400005,1,1,17,17,17,17,17,17,17,17,17,17
2004,400006,1,1,16,16,16,16,16,16,16,16,16,16
2004,400006,2,1,0,0,0,0,0,0,0,0,0,0
2004,400007,1,1,0,0,0,0,0,0,0,0,0,0
2004,400008,1,1,26,26,26,26,26,26,26,26,26,26
2004,400009,1,1,0,0,0,0,0,0,0,0,0,0
2004,400010,1,1,9,9,9,9,9,9,9,9,9,9
2004,400011,1,1,0,0,0,0,0,0,0,0,0,0
2004,400011,2,1,0,0,0,0,0,0,0,0,0,0
2004,400012,1,1,0,0,0,0,0,0,0,0,0,0
2004,400012,2,1,0,0,0,0,0,0,0,0,0,0
2004,400013,1,1,0,0,17,11,36,0,0,0,0,0
2004,400014,1,1,18,18,18,18,18,18,18,18,18,18
2004,400015,1,1,12,12,12,12,12,12,12,12,12,12
2004,400015,2,1,0,0,0,0,0,0,0,0,0,0
2004,400016,1,1,0,0,0,0,0,0,0,0,0,0
2004,400016,2,1,0,0,0,0,0,0,0,0,0,0
2004,400017,1,1,8,8,8,8,8,8,8,8,8,8
2004,400018,1,1,31,31,31,31,31,31,31,31,31,31