YEAR,ST_CASE,veh_no,per_no,P1,P2,P3,P4,P5,P6,P7,P8,P9,P10
2004,400019,1,1,0,0,0,0,0,0,0,0,0,0
2004,400020,1,1,0,0,0,0,0,0,0,0,0,0
2004,400020,2,1,0,0,0,0,0,0,0,0,0,0
2004,400021,1,1,0,0,0,0,0,0,0,0,0,0
2004,400021,2,1,0,0,0,0,0,0,0,0,0,0
2004,400022,1,1,0,0,0,0,0,0,0,0,0,0
2004,400023,1,1,0,0,0,0,0,0,0,0,0,0
2004,400023,2,1,0,0,0,0,0,0,0,0,0,0
2004,400024,1,1,0,0,0,0,0,0,0,0,0,0
2004,400024,2,1,0,0,0,0,0,0,0,0,0,0
2004,400025,1,1,16,16,16,16,16,16,16,16,16,16
2004,400025,2,1,0,0,0,0,0,0,0,0,0,0
2004,400026,1,1,0,0,0,0,0,0,0,0,0,0
2004,400026,2,1,0,0,0,0,0,0,0,0,0,0
2004,400027,1,1,0,0,0,20,0,0,0,0,0,0
2004,400027,2,1,0,0,0,0,0,0,0,0,0,0
2004,400028,0,1,0,0,0,0,0,0,0,0,0,0
2004,400028,1,1,0,0,15,0,0,0,0,0,0,0
2004,400029,1,1,0,0,0,0,0,0,0,0,0,0
2004,400030,0,1,34,34,34,34,34,34,34,34,34,34
2004,400030,1,1,15,19,0,21,0,0,0,0,0,0
2004,400031,1,1,0,0,0,0,0,0,0,0,0,0
2004,400031,2,1,0,0,0,0,0,0,0,0,0,0
2004,400032,1,1,20,20,20,20,20,20,20,20,20,20
2004,400033,1,1,0,0,0,0,0,0,0,0,0,0
2004,400034,1,1,0,0,0,0,0,0,0,0,0,0
2004,400035,1,1,24,16,0,0,0,25,0,16,0,0
2004,400036,1,1,0,0,0,0,0,0,0,0,0,0
2004,400036,2,1,0,0,0,0,0,0,0,0,0,0
2004,400037,1,1,0,0,0,0,0,0,0,0,0,0
2004,400038,1,1,0,0,0,0,0,0,13,0,0,0
2004,400038,2,1,0,0,0,0,0,0,0,0,0,0
2004,400039,1,1,17,17,17,17,17,17,17,17,17,17
2004,400040,1,1,0,0,0,0,0,0,0,0,0,0
2004,400040,2,1,0,0,0,0,0,0,0,0,0,0
2004,400041,1,1,12,0,0,0,0,0,7,0,0,0
2004,400041,2,1,0,0,0,0,0,0,0,0,0,0
2004,400042,1,1,0,0,0,0,0,0,0,0,0,0
2004,400043,1,1,0,0,0,0,0,0,0,0,0,0
2004,400044,1,1,13,13,13,13,13,13,13,13,13,13
2004,400045,1,1,28,28,28,28,28,28,28,28,28,28
2004,400046,1,1,0,0,0,0,0,0,0,0,0,0
2004,400046,2,1,0,0,0,0,0,0,0,0,0,0
2004,400047,1,1,0,0,0,0,0,0,0,0,0,0
2004,400047,2,1,0,0,0,0,0,0,0,0,0,0
2004,400048,1,1,0,0,0,0,0,0,0,0,0,0
2004,400048,2,1,0,0,0,0,0,0,10,0,0,0
2004,400049,1,1,0,0,0,0,0,0,0,0,0,0
2004,400050,1,1,0,0,0,0,0,0,0,0,0,0
2004,400050,2,1,0,0,0,0,0,0,0,0,0,0
2004,400051,1,1,10,21,15,0,26,15,0,14,17,39
2004,400052,1,1,0,0,0,0,0,16,0,0,0,0
2004,400053,1,1,13,13,13,13,13,13,13,13,13,13
2004,400054,1,1,0,9,0,0,0,9,0,0,0,0
2004,400054,2,1,0,0,0,0,0,0,0,0,0,0
2004,400055,1,1,32,32,32,32,32,32,32,32,32,32
2004,400056,1,1,0,0,0,0,0,0,0,0,0,0
2004,400056,2,1,0,0,0,0,0,0,0,0,0,0
2004,400057,1,1,8,8,8,8,8,8,8,8,8,8
2004,400058,1,1,0,0,0,0,0,0,0,0,0,0
2004,400058,2,1,0,0,0,0,0,0,0,0,0,0
2004,400059,1,1,0,0,0,0,0,0,0,0,0,0
2004,400059,2,1,0,0,0,0,22,0,0,0,0,0
2004,400060,1,1,17,19,28,15,23,19,22,23,23,17
2004,400061,1,1,0,0,0,0,0,0,0,0,0,0
2004,400061,2,1,0,22,0,0,0,0,0,0,0,0
2004,400061,3,1,0,0,0,0,0,0,0,0,0,0
2004,400061,4,1,0,0,0,24,0,0,0,0,0,0
2004,400062,0,1,0,0,0,0,0,0,0,0,0,0
2004,400062,1,1,0,0,0,0,0,0,0,0,0,0
2004,400063,1,1,0,0,0,0,0,0,0,0,0,0
2004,400064,1,1,27,9,28,19,7,20,13,7,10,0
2004,400064,2,1,0,0,0,0,0,0,0,0,0,0
2004,400065,1,1,0,0,0,0,0,0,0,0,0,0
2004,400065,2,1,0,0,0,0,0,0,0,0,0,0
2004,400066,1,1,0,0,0,0,0,0,0,0,11,0
2004,400066,2,1,0,0,0,0,0,0,0,0,0,0
2004,400067,1,1,19,19,19,19,19,19,19,19,19,19
2004,400068,1,1,0,0,0,0,0,0,0,0,0,0
2004,400068,2,1,0,0,0,0,0,0,0,0,0,0
2004,400069,1,1,20,0,12,0,0,0,0,13,30,0
2004,400070,1,1,0,0,0,15,9,0,0,0,0,0
2004,400070,2,1,0,0,0,0,0,0,0,0,0,0
2004,400071,1,1,19,19,19,19,19,19,19,19,19,19
2004,400072,2,1,17,17,17,17,17,17,17,17,17,17
2004,400073,1,1,0,0,0,0,0,0,0,0,0,0
2004,400074,1,1,19,19,19,19,19,19,19,19,19,19
2004,400075,2,1,0,0,0,0,0,0,0,0,0,0
2004,400076,1,1,0,0,0,0,0,0,0,0,0,0
2004,400077,1,1,0,0,0,0,0,0,0,0,0,0
2004,400077,2,1,0,0,0,0,0,0,0,0,0,0
2004,400077,3,1,0,0,0,0,0,0,0,0,0,0
2004,400078,1,1,0,0,0,0,0,0,0,21,0,0
2004,400079,1,1,0,0,0,0,0,0,0,0,0,0
2004,400080,1,1,0,7,0,0,0,0,0,0,0,0
2004,400080,2,1,0,0,0,0,0,0,0,0,0,0
2004,400081,1,1,30,30,30,30,30,30,30,30,30,30
2004,400082,0,1,2,2,2,2,2,2,2,2,2,2
2004,400082,1,1,24,0,0,0,0,0,0,0,0,0
2004,400083,1,1,19,19,19,19,19,19,19,19,19,19
2004,400084,1,1,28,28,28,28,28,28,28,28,28,28
2004,400085,1,1,0,0,17,11,0,0,0,0,0,0
2004,400086,1,1,13,13,13,13,13,13,13,13,13,13
2004,400086,2,1,0,0,0,0,0,0,0,0,0,0
2004,400087,0,1,3,3,3,3,3,3,3,3,3,3
2004,400087,1,1,18,0,11,12,0,0,4,0,0,0
2004,400088,1,1,0,0,0,0,0,0,0,0,0,0
2004,400088,2,1,0,0,0,0,0,0,0,0,0,0
2004,400089,1,1,30,30,30,30,30,30,30,30,30,30
2004,400090,1,1,19,5,12,11,19,11,12,4,24,14
2004,400090,2,1,0,0,0,0,0,0,0,0,0,0
2004,400091,1,1,0,0,0,0,0,0,0,0,0,0
2004,400092,1,1,7,0,0,0,0,0,0,16,0,14
2004,400093,1,1,0,0,0,0,0,0,0,0,0,0
2004,400093,2,1,0,0,0,0,0,0,0,0,0,13
2004,400094,1,1,0,0,0,0,0,0,0,0,0,0
2004,400094,2,1,0,0,0,0,0,0,0,0,0,0
2004,400094,3,1,0,0,0,0,0,0,0,0,0,0
2004,400095,1,1,0,0,0,0,0,0,0,0,0,0
2004,400095,2,1,0,0,0,0,0,0,0,0,0,0
2004,400096,1,1,18,18,18,18,18,18,18,18,18,18
2004,400097,0,1,0,0,0,0,0,0,0,0,0,0
2004,400097,1,1,13,0,0,0,0,0,0,0,0,0
2004,400098,1,1,0,0,0,0,0,0,0,0,0,0
2004,400099,1,1,0,0,0,0,0,0,0,0,0,0
2004,400100,1,1,0,0,0,0,0,0,0,0,0,0
2004,400100,2,1,0,0,0,0,0,0,0,0,0,0
2004,400101,1,1,0,0,0,0,0,0,0,0,0,0
2004,400102,0,1,0,0,0,0,0,0,0,0,0,0
2004,400102,1,1,0,0,0,20,0,0,0,0,0,0
2004,400103,1,1,0,0,0,0,0,0,0,0,0,0
2004,400104,1,1,0,0,0,0,0,5,0,0,0,0
2004,400105,1,1,14,14,14,14,14,14,14,14,14,14
2004,400106,1,1,0,0,0,0,0,0,0,0,0,0
2004,400106,2,1,0,0,0,0,0,0,0,0,0,0
2004,400107,1,1,3,3,3,3,3,3,3,3,3,3
2004,400107,2,1,0,0,0,0,0,0,0,0,0,0
2004,400108,1,1,0,0,0,0,0,0,0,0,0,0
2004,400108,2,1,0,0,0,0,0,0,0,0,0,0
2004,400108,3,1,0,0,0,0,0,0,0,0,0,0
2004,400109,1,1,21,21,21,21,21,21,21,21,21,21
2004,400110,1,1,6,6,6,6,6,6,6,6,6,6
2004,400110,2,1,0,0,18,0,0,0,0,0,0,0
2004,400111,1,1,0,0,0,0,0,0,0,0,0,0
2004,400112,1,1,0,0,26,0,0,0,0,0,0,0
2004,400112,2,1,0,0,0,0,0,0,0,0,0,0
2004,400113,1,1,0,0,0,0,0,0,0,0,0,0
2004,400113,2,1,0,0,0,0,0,0,0,0,0,0
2004,400114,1,1,10,10,10,10,10,10,10,10,10,10
2004,400115,0,1,12,12,12,12,12,12,12,12,12,12
2004,400115,1,1,0,0,0,0,0,0,0,0,0,0
2004,400116,0,1,39,39,39,39,39,39,39,39,39,39
2004,400116,1,1,0,0,0,0,0,0,0,0,0,0
2004,400117,1,1,0,0,0,0,0,0,0,0,0,13
2004,400118,0,1,0,0,0,0,0,0,0,0,0,0
2004,400118,1,1,0,13,0,0,0,0,26,0,0,0
2004,400119,1,1,0,0,0,0,0,0,0,0,0,0
2004,400119,2,1,0,0,0,0,0,0,0,0,0,0
2004,400120,1,1,0,0,0,0,0,0,0,0,0,0
2004,400121,1,1,14,14,14,14,14,14,14,14,14,14
2004,400122,1,1,15,15,15,15,15,15,15,15,15,15
2004,400123,1,1,0,0,0,5,0,0,0,0,0,0
2004,400123,2,1,0,0,0,0,0,0,0,0,0,0
2004,400124,1,1,0,0,0,0,0,0,0,0,0,0
2004,400124,2,1,0,0,0,12,0,0,0,0,0,0
2004,400125,1,1,0,0,0,0,0,0,0,0,0,0
2004,400125,2,1,0,0,0,0,0,0,0,0,0,0
2004,400126,1,1,0,0,0,0,0,0,0,0,0,0
2004,400126,2,1,0,0,0,0,0,0,0,0,0,0
2004,400127,1,1,5,5,5,5,5,5,5,5,5,5
2004,400128,1,1,13,13,13,13,13,13,13,13,13,13
2004,400129,1,1,22,22,22,22,22,22,22,22,22,22
2004,400129,2,1,0,0,0,0,0,0,0,0,0,0
2004,400130,1,1,4,0,16,8,13,24,0,0,5,18
2004,400131,1,1,0,0,0,0,0,0,0,0,0,0
2004,400131,2,1,0,0,0,0,0,0,0,0,0,0
2004,400132,1,1,0,0,0,0,0,0,0,0,0,0
2004,400132,2,1,0,0,0,19,8,12,0,0,12,11
2004,400133,1,1,0,0,0,0,0,0,0,0,0,0
2004,400134,1,1,0,0,0,0,0,0,11,0,0,0
2004,400134,2,1,14,0,0,0,0,0,10,13,8,0
2004,400135,1,1,2,2,2,2,2,2,2,2,2,2
2004,400136,1,1,28,28,28,28,28,28,28,28,28,28
2004,400137,1,1,0,0,0,0,0,0,17,0,0,0
2004,400139,1,1,20,20,20,20,20,20,20,20,20,20
2004,400140,1,1,13,13,13,13,13,13,13,13,13,13
2004,400141,1,1,28,16,13,17,7,24,14,22,16,27
2004,400142,1,1,51,33,12,14,32,22,16,13,22,20
2004,400143,1,1,0,0,0,0,0,0,0,0,0,0
2004,400143,2,1,0,0,0,0,0,0,0,0,0,0
2004,400143,3,1,0,0,0,0,0,0,0,0,0,0
2004,400144,0,1,0,0,0,0,0,0,0,0,0,0
2004,400144,1,1,0,0,0,0,0,0,0,0,0,0
2004,400145,1,1,0,0,0,0,0,0,0,0,0,0
2004,400146,1,1,0,0,0,0,0,0,0,0,0,0
2004,400146,2,1,0,3,0,0,0,0,0,0,0,0
2004,400146,3,1,0,0,0,0,0,0,0,0,0,8
2004,400147,1,1,0,0,0,0,0,0,0,0,0,0
2004,400147,2,1,0,0,0,0,0,0,0,0,0,0
2004,400148,1,1,22,17,17,0,9,24,0,11,16,15
2004,400149,1,1,20,20,20,20,20,20,20,20,20,20
2004,400150,1,1,0,0,0,0,0,0,0,0,0,0
2004,400150,2,1,0,0,0,0,0,0,0,0,0,0
2004,400151,1,1,20,20,20,20,20,20,20,20,20,20
2004,400152,1,1,0,0,0,0,0,0,0,0,0,0
2004,400153,1,1,0,0,0,0,0,0,0,0,0,0
2004,400153,2,1,0,0,0,0,0,0,0,0,0,0
2004,400154,1,1,30,30,30,30,30,30,30,30,30,30
2004,400155,1,1,17,17,17,17,17,17,17,17,17,17
2004,400156,1,1,0,0,0,0,0,0,0,0,0,0
2004,400156,2,1,0,0,0,0,0,0,0,0,0,0
2004,400157,1,1,0,0,0,0,0,0,0,0,0,0
2004,400158,0,1,0,0,0,0,0,0,0,0,0,0
2004,400158,1,1,0,0,0,0,0,0,0,0,0,0
2004,400159,1,1,10,10,10,10,10,10,10,10,10,10
2004,400160,0,1,3,3,3,3,3,3,3,3,3,3
2004,400160,1,1,0,0,0,0,0,0,0,0,0,0
2004,400160,2,1,0,0,0,0,4,0,0,0,22,0
2004,400161,1,1,0,0,0,0,0,0,0,0,0,0
2004,400161,2,1,0,0,0,8,0,0,0,0,0,0
2004,400162,1,1,4,4,4,4,4,4,4,4,4,4
2004,400162,2,1,0,0,0,0,0,0,0,0,0,0
2004,400163,1,1,15,15,15,15,15,15,15,15,15,15
2004,400164,0,1,5,5,5,5,5,5,5,5,5,5
2004,400164,1,1,0,0,0,0,0,0,0,0,0,0
2004,400165,1,1,0,0,0,0,18,0,0,0,0,0
2004,400165,2,1,10,10,10,10,10,10,10,10,10,10
2004,400166,1,1,0,0,0,0,0,0,0,0,0,0
2004,400166,2,1,0,0,0,0,0,0,0,0,0,0
2004,400167,1,1,0,0,0,0,0,0,0,0,0,0
2004,400167,2,1,0,0,0,23,0,0,0,0,0,0
2004,400167,3,1,0,0,0,0,0,0,0,0,0,0
2004,400168,1,1,0,0,0,0,0,0,0,0,0,0
2004,400168,2,1,0,0,0,0,0,0,0,0,0,0
2004,400169,1,1,0,0,0,0,0,0,0,0,0,0
2004,400169,2,1,0,0,0,0,0,0,0,0,0,0
2004,400170,1,1,11,11,11,11,11,11,11,11,11,11
2004,400170,2,1,0,0,0,9,0,0,0,18,0,0
2004,400171,1,1,0,0,0,0,0,0,0,0,0,0
2004,400171,2,1,0,0,0,0,0,0,0,0,0,0
2004,400172,1,1,19,19,19,19,19,19,19,19,19,19
2004,400173,1,1,31,31,31,31,31,31,31,31,31,31
2004,400173,2,1,0,0,0,0,0,0,0,0,0,0
2004,400174,1,1,8,0,0,0,0,0,0,0,0,0
2004,400174,2,1,0,0,0,0,0,0,0,0,0,0
2004,400175,1,1,15,11,25,5,31,10,18,19,8,31
2004,400176,1,1,0,0,0,0,0,0,0,0,0,0
2004,400176,2,1,0,0,0,0,0,0,0,0,0,0
2004,400177,1,1,0,0,0,0,0,0,0,0,0,0
2004,400177,2,1,0,0,0,0,0,0,0,0,0,0
2004,400177,3,1,0,0,0,0,0,0,0,0,0,0
2004,400178,1,1,0,0,0,0,0,0,0,0,0,0
2004,400179,1,1,8,0,0,15,0,0,0,0,0,0
2004,400180,1,1,0,0,0,0,0,0,0,0,0,0
2004,400180,2,1,17,8,9,11,8,14,10,9,15,18
2004,400181,1,1,0,0,0,0,0,3,0,0,0,0
2004,400181,2,1,0,0,0,0,0,0,0,0,0,0
2004,400182,1,1,19,19,19,19,19,19,19,19,19,19
2004,400183,1,1,0,0,0,0,0,0,0,0,0,0
2004,400183,2,1,0,0,0,0,0,0,0,0,0,0
2004,400183,3,1,0,0,0,0,0,0,0,0,0,0
2004,400183,4,1,0,0,0,0,0,0,0,0,0,0
2004,400184,1,1,0,0,0,0,0,0,0,0,0,0
2004,400184,2,1,0,0,0,0,0,0,0,0,0,0
2004,400185,1,1,7,7,7,7,7,7,7,7,7,7
2004,400186,1,1,0,0,0,0,0,0,0,0,0,14
2004,400186,2,1,0,0,0,0,0,0,0,0,0,0
2004,400187,1,1,0,0,0,0,0,0,0,0,0,0
2004,400187,2,1,0,0,0,0,0,0,0,0,0,0
2004,400188,0,1,23,23,23,23,23,23,23,23,23,23
2004,400188,1,1,0,0,0,0,0,0,0,0,0,0
2004,400189,1,1,23,23,23,23,23,23,23,23,23,23
2004,400190,1,1,0,0,0,0,0,0,0,0,0,0
2004,400191,1,1,16,16,16,16,16,16,16,16,16,16
2004,400192,1,1,0,0,0,0,0,0,0,0,0,0
2004,400193,1,1,0,0,25,18,25,21,7,0,0,0
2004,400194,1,1,8,8,8,8,8,8,8,8,8,8
2004,400195,1,1,0,0,0,0,0,0,0,0,0,0
2004,400195,2,1,0,0,0,0,0,0,0,0,0,0
2004,400195,3,1,0,0,0,0,0,0,0,0,0,0
2004,400196,1,1,0,0,0,0,0,0,0,0,0,0
2004,400197,1,1,0,0,0,0,0,0,0,0,0,0
2004,400197,2,1,0,0,0,0,0,0,0,0,0,0
2004,400198,1,1,0,0,0,0,0,0,0,0,0,0
2004,400198,2,1,0,0,0,0,0,0,0,0,0,0
2004,400199,1,1,0,0,0,0,0,0,0,0,0,0
2004,400199,2,1,0,0,0,0,0,0,0,0,0,0
2004,400199,3,1,0,0,0,0,0,0,0,0,0,0
2004,400199,4,1,0,0,0,0,0,0,0,0,0,0
2004,400200,1,1,9,9,9,9,9,9,9,9,9,9
2004,400200,2,1,0,0,0,0,0,0,0,0,0,0
2004,400201,1,1,0,0,0,0,0,0,0,0,0,0
2004,400201,2,1,0,0,0,0,0,0,0,0,0,0
2004,400202,1,1,0,0,0,0,0,0,0,0,0,0
2004,400202,2,1,0,0,0,0,0,0,0,0,0,0
2004,400203,1,1,0,0,0,0,0,0,0,0,0,0
2004,400204,1,1,0,0,0,0,0,0,0,0,0,0
2004,400204,2,1,0,0,0,0,0,0,0,0,0,0
2004,400204,3,1,0,0,0,0,0,0,0,0,0,0
2004,400204,4,1,0,0,0,0,0,0,0,0,0,0
2004,400204,5,1,0,11,0,0,0,0,0,0,0,0
2004,400204,6,1,0,0,14,0,0,0,0,0,0,0
2004,400205,1,1,0,0,0,0,0,14,0,0,0,0
2004,400205,2,1,0,0,0,0,0,0,0,0,0,0
2004,400206,1,1,24,24,24,24,24,24,24,24,24,24
2004,400206,2,1,0,0,0,0,0,0,0,0,0,0
2004,400207,1,1,24,0,6,22,20,22,0,29,0,11
2004,400208,1,1,0,0,15,0,22,21,0,0,0,18
2004,400209,1,1,0,0,0,0,0,0,0,0,0,0
2004,400210,1,1,0,0,0,0,0,0,0,0,0,0
2004,400211,1,1,0,0,0,0,0,0,0,0,0,0
2004,400211,2,1,0,0,0,0,0,0,0,0,0,0
2004,400211,3,1,0,0,0,0,0,0,0,0,0,0
2004,400212,1,1,0,0,0,0,0,0,0,0,0,0
2004,400212,2,1,0,0,0,0,0,0,0,0,0,0
2004,400213,1,1,0,0,0,0,0,0,0,0,0,0
2004,400213,2,1,0,0,0,0,0,0,0,0,0,0
2004,400214,1,1,4,4,4,4,4,4,4,4,4,4
2004,400215,1,1,0,0,0,0,0,0,0,0,0,0
2004,400215,2,1,0,0,0,0,0,11,15,0,0,0
2004,400216,1,1,0,0,0,0,0,0,0,0,0,0
2004,400217,1,1,8,0,0,0,0,0,0,0,0,0
2004,400218,1,1,0,0,0,0,0,0,0,0,0,0
2004,400218,2,1,0,0,0,0,11,0,0,0,0,0
2004,400219,1,1,17,17,17,17,17,17,17,17,17,17
2004,400219,2,1,0,0,0,0,0,0,0,0,0,0
2004,400220,1,1,7,7,7,7,7,7,7,7,7,7
2004,400220,2,1,11,11,11,11,11,11,11,11,11,11
2004,400221,1,1,0,0,0,0,0,0,0,0,0,0
2004,400222,1,1,0,0,0,0,0,0,0,0,0,0
2004,400222,2,1,0,0,0,0,0,0,0,0,0,0
2004,400223,1,1,0,0,0,0,0,0,0,0,0,0
2004,400223,2,1,0,0,0,0,0,0,0,0,0,0
2004,400224,1,1,0,0,0,0,0,0,0,0,0,0
2004,400225,1,1,6,6,6,6,6,6,6,6,6,6
2004,400226,1,1,0,0,0,0,0,0,0,0,0,0
2004,400227,1,1,0,0,0,0,0,0,0,0,0,0
2004,400228,1,1,0,0,0,0,0,0,0,0,0,0
2004,400228,2,1,0,0,0,0,0,0,0,0,0,0
2004,400229,1,1,0,0,0,0,0,0,0,0,0,0
2004,400230,0,1,28,28,28,28,28,28,28,28,28,28
2004,400230,1,1,0,0,0,0,0,0,0,0,0,0
2004,400231,1,1,0,0,0,0,0,0,0,0,0,0
2004,400232,1,1,0,0,0,0,0,0,0,0,0,0
2004,400232,2,1,0,0,0,0,0,0,0,0,0,0
2004,400233,0,1,0,0,0,0,0,0,0,0,0,0
2004,400233,1,1,0,0,0,0,0,0,0,0,0,0
2004,400234,1,1,0,0,0,0,0,0,0,0,0,0
2004,400235,1,1,0,0,0,0,0,0,0,0,0,0
2004,400235,2,1,0,0,0,0,0,0,0,0,0,0
2004,400236,1,1,0,0,0,0,0,0,0,0,0,0
2004,400237,1,1,0,0,0,0,0,0,0,0,0,0
2004,400238,1,1,0,0,0,0,0,0,0,0,0,0
2004,400238,2,1,20,20,20,20,20,20,20,20,20,20
2004,400239,1,1,25,25,25,25,25,25,25,25,25,25
2004,400240,1,1,0,0,0,0,0,0,0,0,0,0
2004,400240,2,1,0,0,0,0,0,0,0,0,0,0
2004,400241,1,1,0,0,0,0,0,0,0,0,0,0
2004,400242,1,1,12,12,12,12,12,12,12,12,12,12
2004,400243,1,1,0,0,0,0,0,0,0,0,0,0
2004,400243,2,1,0,0,0,0,0,0,0,0,0,0
2004,400244,1,1,11,11,11,11,11,11,11,11,11,11
2004,400244,2,1,0,0,7,0,0,0,0,0,0,0
2004,400245,1,1,0,0,0,0,0,0,0,0,0,0
2004,400245,2,1,0,0,0,0,0,0,0,0,0,0
2004,400246,1,1,0,0,0,0,0,0,0,0,0,0
2004,400246,2,1,0,0,0,0,0,0,0,0,0,0
2004,400247,1,1,27,27,27,27,27,27,27,27,27,27
2004,400247,2,1,0,0,0,0,0,0,0,0,0,0
2004,400247,3,1,0,0,0,0,0,18,0,0,0,0
2004,400248,1,1,7,7,7,7,7,7,7,7,7,7
2004,400249,1,1,0,0,0,0,0,0,0,0,0,0
2004,400250,1,1,14,14,14,14,14,14,14,14,14,14
2004,400250,2,1,5,0,0,0,0,0,0,0,0,0
2004,400251,1,1,23,23,23,23,23,23,23,23,23,23
2004,400252,0,1,11,0,0,20,0,34,0,0,0,0
2004,400252,1,1,0,0,0,0,0,0,0,0,0,0
2004,400253,1,1,0,0,0,0,0,0,0,0,0,0
2004,400254,1,1,0,0,0,0,0,0,13,0,0,0
2004,400255,1,1,12,12,12,12,12,12,12,12,12,12
2004,400255,2,1,0,0,0,0,0,0,0,0,0,0
2004,400256,1,1,23,23,23,23,23,23,23,23,23,23
2004,400257,0,1,0,7,10,20,0,0,0,0,16,0
2004,400257,1,1,0,0,0,0,0,0,0,0,0,0
2004,400258,1,1,11,11,11,11,11,11,11,11,11,11
2004,400258,2,1,14,14,14,14,14,14,14,14,14,14
2004,400259,1,1,0,0,0,0,0,0,0,0,0,0
2004,400259,2,1,0,0,0,0,0,0,0,6,0,0
2004,400260,1,1,0,0,0,0,0,0,0,0,0,0
2004,400260,2,1,0,0,23,0,8,0,0,0,0,8
2004,400261,1,1,8,8,8,8,8,8,8,8,8,8
2004,400262,1,1,0,0,0,0,0,0,0,0,0,0
2004,400263,1,1,0,0,0,0,0,0,0,0,0,0
2004,400264,1,1,16,16,16,16,16,16,16,16,16,16
2004,400265,1,1,0,0,0,0,0,0,0,0,0,0
2004,400265,2,1,0,0,0,0,0,0,0,4,0,0
2004,400266,1,1,0,0,0,0,0,0,0,0,0,0
2004,400266,2,1,0,0,0,0,0,0,0,0,0,0
2004,400267,1,1,0,0,0,0,0,0,0,0,0,0
2004,400267,2,1,0,0,0,0,6,0,0,0,0,0
2004,400268,1,1,0,0,0,0,0,0,6,0,0,0
2004,400269,1,1,0,0,0,0,0,0,0,0,0,25
2004,400269,2,1,0,0,0,0,0,0,0,0,0,0
2004,400269,3,1,0,0,0,0,0,0,0,0,0,0
2004,400269,4,1,0,0,0,0,0,0,0,0,0,0
2004,400269,5,1,0,0,0,0,0,0,0,0,0,0
2004,400270,0,1,0,0,0,0,0,0,0,0,0,0
2004,400270,1,1,0,0,0,13,0,0,0,0,0,0
2004,400271,1,1,0,26,0,19,18,12,30,22,15,26
2004,400271,2,1,0,0,0,0,0,0,0,0,0,0
2004,400272,1,1,7,7,7,7,7,7,7,7,7,7
2004,400273,1,1,18,18,18,18,18,18,18,18,18,18
2004,400274,0,1,5,0,13,23,0,0,11,0,5,12
2004,400274,0,2,0,0,0,0,0,0,0,0,0,0
2004,400274,1,1,7,7,7,7,7,7,7,7,7,7
2004,400275,1,1,13,13,13,13,13,13,13,13,13,13
2004,400276,1,1,0,0,0,0,0,0,0,0,0,0
2004,400276,2,1,0,0,0,0,0,0,0,0,0,0
2004,400277,1,1,17,17,17,17,17,17,17,17,17,17
2004,400278,1,1,0,0,0,0,0,0,0,0,0,0
2004,400279,1,1,0,0,0,0,0,0,0,0,0,0
2004,400279,2,1,0,0,0,0,0,0,0,0,0,0
2004,400280,1,1,9,14,0,4,15,13,0,13,9,0
2004,400280,2,1,0,0,0,0,0,0,0,0,0,0
2004,400281,1,1,0,0,0,0,0,0,0,0,0,11
2004,400282,1,1,0,0,0,0,0,0,0,0,0,0
2004,400283,1,1,0,0,0,0,0,0,0,0,0,0
2004,400283,2,1,0,0,0,0,0,0,0,0,0,0
2004,400284,1,1,0,0,0,0,0,0,0,0,0,0
2004,400285,1,1,25,25,25,25,25,25,25,25,25,25
2004,400286,1,1,0,0,0,0,0,0,0,0,0,0
2004,400286,2,1,0,0,0,0,0,0,0,0,0,0
2004,400287,1,1,13,13,13,13,13,13,13,13,13,13
2004,400288,1,1,0,0,0,0,0,0,0,0,0,0
2004,400288,2,1,13,0,0,0,0,0,0,0,0,0
2004,400289,1,1,0,0,0,0,0,0,0,0,0,0
2004,400290,1,1,0,0,0,0,0,0,0,0,0,0
2004,400290,2,1,0,0,0,0,0,0,0,0,0,0
2004,400290,3,1,0,0,0,0,0,0,0,0,0,0
2004,400290,4,1,0,0,0,0,0,0,0,0,0,0
2004,400290,5,1,0,0,0,0,0,0,0,0,0,0
2004,400290,6,1,0,0,9,0,0,0,0,0,0,0
2004,400291,1,1,17,17,17,17,17,17,17,17,17,17
2004,400292,1,1,11,11,11,11,11,11,11,11,11,11
2004,400293,1,1,0,0,0,0,20,0,0,0,0,0
2004,400293,2,1,0,0,0,0,0,0,0,0,0,0
2004,400294,1,1,0,0,0,0,0,0,0,0,0,0
2004,400294,2,1,0,0,0,0,20,0,0,0,0,0
2004,400295,1,1,0,0,0,0,0,0,0,0,0,0
2004,400296,1,1,0,0,0,0,0,0,0,0,0,0
2004,400296,2,1,0,0,0,0,0,8,0,0,0,0
2004,400296,3,1,0,0,0,0,0,0,0,0,0,0
2004,400297,1,1,0,0,0,0,0,0,0,0,0,0
2004,400297,2,1,0,0,0,0,0,0,0,0,0,0
2004,400298,1,1,22,13,15,16,26,23,24,21,13,17
2004,400299,1,1,13,13,13,13,13,13,13,13,13,13
2004,400299,2,1,0,0,0,0,0,0,0,0,0,0
2004,400300,1,1,1,1,1,1,1,1,1,1,1,1
2004,400300,2,1,0,0,0,0,0,0,0,0,0,0
2004,400301,1,1,0,0,0,0,0,0,0,0,0,0
2004,400301,2,1,0,0,0,0,0,0,0,0,0,0
2004,400302,0,1,0,0,0,0,0,0,0,0,0,0
2004,400302,1,1,0,0,0,0,0,0,0,0,0,0