YEAR,ST_CASE,veh_no,per_no,P1,P2,P3,P4,P5,P6,P7,P8,P9,P10
2004,400303,1,1,12,0,0,0,0,0,0,0,0,0
2004,400303,2,1,0,0,0,0,0,0,0,0,0,0
2004,400304,1,1,0,0,0,0,0,0,0,0,0,0
2004,400304,2,1,0,0,0,0,0,0,0,0,0,0
2004,400305,1,1,12,0,9,12,17,16,0,19,6,0
2004,400305,2,1,0,0,0,0,0,0,0,0,0,0
2004,400306,1,1,0,0,0,0,0,0,0,0,0,0
2004,400306,2,1,0,0,0,0,0,0,0,0,0,0
2004,400307,1,1,23,0,22,0,35,11,0,15,23,13
2004,400308,1,1,0,0,0,0,0,0,0,0,0,0
2004,400309,1,1,15,15,15,15,15,15,15,15,15,15
2004,400310,1,1,6,16,13,14,17,22,4,0,18,0
2004,400310,2,1,0,0,0,0,0,0,0,0,0,0
2004,400311,1,1,0,0,0,0,0,0,0,0,0,0
2004,400312,1,1,0,0,0,0,0,0,0,0,0,0
2004,400312,2,1,0,0,0,11,0,0,0,0,0,0
2004,400313,1,1,0,0,0,0,0,0,0,0,0,0
2004,400313,2,1,0,0,0,0,0,0,0,0,0,0
2004,400314,1,1,0,0,0,0,0,0,0,0,0,0
2004,400315,1,1,0,0,0,0,0,0,0,0,0,0
2004,400315,2,1,0,0,0,0,0,0,0,0,0,0
2004,400316,1,1,0,5,23,16,9,4,23,17,13,18
2004,400316,2,1,0,0,0,0,0,0,0,0,0,0
2004,400316,3,1,0,0,0,0,0,0,0,0,0,0
2004,400317,1,1,0,0,0,0,0,0,0,0,0,0
2004,400317,2,1,0,0,0,0,0,0,0,0,0,0
2004,400318,1,1,0,0,0,0,0,0,0,0,0,0
2004,400319,1,1,0,0,0,0,0,0,0,0,0,0
2004,400320,1,1,13,13,13,13,13,13,13,13,13,13
2004,400321,1,1,19,19,19,19,19,19,19,19,19,19
2004,400322,1,1,0,15,0,19,0,0,0,0,0,0
2004,400323,1,1,0,0,0,0,0,0,0,0,0,0
2004,400324,1,1,32,32,32,32,32,32,32,32,32,32
2004,400325,1,1,0,0,4,18,0,0,17,16,0,0
2004,400326,1,1,0,0,0,0,0,0,0,0,0,0
2004,400327,1,1,0,0,0,0,0,0,0,0,0,0
2004,400327,2,1,0,0,0,0,0,0,0,0,4,0
2004,400328,1,1,0,0,0,0,0,0,0,0,0,0
2004,400328,2,1,0,0,0,0,0,0,0,0,0,0
2004,400329,1,1,19,19,19,19,19,19,19,19,19,19
2004,400330,1,1,0,0,0,0,0,0,0,0,0,0
2004,400331,1,1,33,18,16,27,11,10,16,24,7,11
2004,400332,1,1,0,0,0,0,0,0,0,0,0,0
2004,400333,1,1,0,0,0,0,0,0,0,0,0,0
2004,400333,2,1,0,0,0,0,0,0,0,0,0,0
2004,400333,3,1,22,14,17,10,18,14,15,13,27,28
2004,400333,4,1,0,0,0,13,44,0,0,0,0,0
2004,400334,1,1,0,0,0,0,0,0,0,0,0,0
2004,400334,2,1,0,0,0,0,0,0,0,0,0,0
2004,400335,1,1,0,0,0,0,0,0,0,0,0,0
2004,400336,1,1,16,16,16,16,16,16,16,16,16,16
2004,400336,2,1,0,0,0,0,0,0,0,0,0,0
2004,400337,1,1,0,0,0,0,0,0,0,0,0,0
2004,400337,2,1,0,0,0,0,0,0,0,0,0,0
2004,400337,3,1,0,0,0,0,0,0,0,0,0,0
2004,400338,1,1,0,0,0,0,0,0,0,0,0,0
2004,400338,2,1,0,0,0,0,0,0,0,0,0,0
2004,400339,1,1,0,0,0,0,0,0,0,0,0,0
2004,400339,2,1,0,0,0,0,0,0,0,25,0,0
2004,400340,1,1,0,0,0,0,0,0,0,0,0,0
2004,400340,2,1,0,0,0,0,0,0,0,0,0,0
2004,400341,1,1,0,0,0,0,0,0,0,0,0,0
2004,400341,2,1,0,0,0,0,0,0,0,0,0,0
2004,400342,1,1,19,19,19,19,19,19,19,19,19,19
2004,400343,0,1,23,28,0,31,17,19,0,0,11,0
2004,400343,1,1,0,0,0,0,0,0,0,0,0,0
2004,400344,1,1,0,0,0,0,0,0,0,0,0,0
2004,400345,1,1,30,30,30,30,30,30,30,30,30,30
2004,400346,1,1,0,0,0,0,0,0,0,0,0,0
2004,400346,2,1,0,0,0,0,0,0,0,0,0,0
2004,400346,3,1,0,0,0,0,0,0,0,0,0,0
2004,400347,1,1,0,0,0,0,0,0,0,0,0,0
2004,400348,1,1,0,0,0,0,0,0,0,0,0,0
2004,400348,2,1,0,0,0,0,0,0,0,0,0,0
2004,400349,1,1,0,0,0,0,0,0,0,0,0,0
2004,400350,1,1,0,0,0,0,0,0,0,0,0,0
2004,400351,1,1,11,11,11,11,11,11,11,11,11,11
2004,400352,1,1,0,0,0,0,0,0,0,0,0,0
2004,400353,1,1,6,18,13,12,9,6,10,21,22,19
2004,400353,2,1,0,0,0,0,0,0,0,0,0,0
2004,400354,1,1,12,30,0,0,0,34,0,0,13,0
2004,400355,0,1,18,18,18,18,18,18,18,18,18,18
2004,400355,1,1,0,0,0,19,0,0,0,0,0,0
2004,400356,1,1,0,16,32,0,12,4,15,8,0,0
2004,400356,2,1,0,0,0,0,0,0,0,0,0,0
2004,400357,1,1,20,20,20,20,20,20,20,20,20,20
2004,400357,2,1,0,0,0,0,0,0,0,0,0,0
2004,400358,1,1,0,0,0,0,0,0,0,0,0,0
2004,400358,2,1,0,0,0,0,4,0,0,0,0,0
2004,400359,1,1,18,18,18,18,18,18,18,18,18,18
2004,400360,1,1,0,0,0,0,0,0,0,0,0,0
2004,400360,2,1,0,0,0,0,0,21,0,0,0,0
2004,400361,1,1,0,0,0,0,0,0,0,0,0,0
2004,400361,2,1,0,0,0,0,0,0,0,0,0,0
2004,400362,0,1,0,0,0,0,0,0,0,0,0,0
2004,400362,1,1,0,0,0,0,0,0,0,0,0,0
2004,400364,1,1,0,11,6,23,40,0,6,12,14,6
2004,400364,2,1,0,0,0,0,0,0,0,0,0,0
2004,400365,1,1,0,0,0,0,0,0,0,0,0,0
2004,400365,2,1,0,0,0,0,0,0,0,0,0,0
2004,400365,3,1,0,0,0,0,0,0,0,0,0,0
2004,400366,1,1,6,6,6,6,6,6,6,6,6,6
2004,400366,2,1,0,0,0,0,0,0,0,0,0,0
2004,400367,0,1,11,0,22,14,0,9,18,14,0,21
2004,400367,1,1,0,0,0,0,24,0,0,0,0,0
2004,400368,1,1,0,0,0,12,0,0,0,0,0,0
2004,400368,2,1,0,0,0,0,0,0,15,0,0,0
2004,400369,1,1,0,0,0,23,5,0,0,10,0,0
2004,400370,1,1,0,0,0,0,0,0,0,0,0,0
2004,400370,2,1,4,0,0,0,0,0,0,0,0,0
2004,400370,3,1,0,0,0,0,0,0,0,0,0,0
2004,400371,1,1,31,31,31,31,31,31,31,31,31,31
2004,400372,1,1,0,0,0,0,0,0,0,0,0,0
2004,400373,1,1,0,0,0,0,0,0,0,0,0,0
2004,400373,2,1,0,0,0,0,0,0,0,0,0,0
2004,400374,1,1,0,13,0,0,0,0,0,0,0,0
2004,400374,2,1,0,6,0,0,0,0,0,0,0,7
2004,400375,1,1,13,13,13,13,13,13,13,13,13,13
2004,400376,1,1,4,4,4,4,4,4,4,4,4,4
2004,400377,1,1,0,0,0,0,0,0,0,0,0,0
2004,400377,2,1,0,0,0,0,0,0,0,0,0,0
2004,400378,1,1,0,0,0,0,0,0,0,0,0,0
2004,400379,1,1,0,0,0,0,0,0,0,0,0,0
2004,400380,1,1,0,0,0,0,0,0,0,0,0,0
2004,400381,1,1,15,15,15,15,15,15,15,15,15,15
2004,400382,0,1,0,12,0,11,9,0,33,17,0,17
2004,400382,1,1,0,0,0,0,0,0,0,0,0,0
2004,400383,1,1,0,0,0,0,0,0,0,0,0,0
2004,400383,2,1,0,0,0,0,0,0,0,0,0,0
2004,400384,1,1,20,20,20,20,20,20,20,20,20,20
2004,400384,2,1,0,0,0,0,0,0,0,0,0,0
2004,400385,1,1,0,0,0,28,0,0,0,0,0,0
2004,400386,1,1,0,0,0,0,0,0,0,0,0,0
2004,400386,2,1,0,0,0,0,0,0,0,0,0,0
2004,400387,1,1,0,0,0,0,0,0,0,0,0,0
2004,400387,2,1,0,0,14,0,0,0,0,0,14,0
2004,400388,1,1,8,8,8,8,8,8,8,8,8,8
2004,400389,0,1,25,25,25,25,25,25,25,25,25,25
2004,400389,1,1,9,0,5,0,0,0,0,0,0,0
2004,400390,1,1,0,0,0,0,0,0,0,0,0,0
2004,400391,1,1,0,0,0,0,0,0,0,0,0,0
2004,400392,1,1,18,18,18,18,18,18,18,18,18,18
2004,400393,1,1,0,0,0,0,0,0,0,0,0,0
2004,400394,1,1,12,17,15,23,21,12,19,22,23,12
2004,400395,0,1,23,23,23,23,23,23,23,23,23,23
2004,400395,1,1,0,8,0,0,13,0,0,0,0,0
2004,400396,1,1,0,0,9,0,0,0,0,0,0,0
2004,400397,1,1,0,0,0,0,0,0,0,0,0,0
2004,400397,2,1,0,0,0,2,0,0,0,0,19,0
2004,400398,1,1,0,0,0,0,0,0,0,0,0,0
2004,400399,1,1,0,0,0,0,0,0,0,0,0,0
2004,400400,1,1,28,28,28,28,28,28,28,28,28,28
2004,400400,2,1,0,0,0,0,0,0,0,0,0,0
2004,400401,1,1,0,0,0,0,0,0,0,0,0,0
2004,400402,1,1,22,22,22,22,22,22,22,22,22,22
2004,400403,1,1,0,0,0,0,0,0,0,0,0,0
2004,400404,1,1,0,0,0,0,15,17,22,0,13,0
2004,400404,2,1,0,8,0,0,0,0,0,0,0,0
2004,400405,1,1,0,0,0,0,0,0,0,0,0,0
2004,400407,1,1,0,0,0,0,0,0,0,0,0,0
2004,400408,1,1,0,0,0,0,0,0,0,0,0,0
2004,400409,1,1,0,0,0,0,0,0,0,0,0,0
2004,400409,2,1,0,0,0,0,0,0,0,0,0,0
2004,400410,1,1,0,0,0,0,0,0,0,0,0,0
2004,400411,0,1,0,0,0,0,0,0,0,0,0,0
2004,400411,1,1,0,0,0,0,0,0,6,0,0,0
2004,400411,2,1,0,0,0,0,0,0,0,0,0,0
2004,400412,1,1,0,0,0,0,0,0,0,0,0,0
2004,400413,1,1,0,0,0,0,0,0,0,0,0,0
2004,400414,1,1,0,0,0,0,0,0,0,0,0,0
2004,400415,1,1,20,20,20,20,20,20,20,20,20,20
2004,400416,1,1,0,0,0,0,0,7,0,0,0,4
2004,400417,1,1,0,0,0,0,0,0,0,0,0,0
2004,400418,1,1,0,0,0,0,0,0,0,0,0,0
2004,400419,1,1,0,0,0,0,0,0,0,0,0,0
2004,400420,1,1,17,17,17,17,17,17,17,17,17,17
2004,400420,2,1,0,0,0,0,0,0,0,0,0,0
2004,400421,1,1,0,0,0,0,0,20,22,0,0,8
2004,400422,1,1,23,23,23,23,23,23,23,23,23,23
2004,400423,1,1,0,0,0,0,0,0,0,0,0,0
2004,400423,2,1,0,0,0,0,0,0,0,0,0,0
2004,400424,1,1,0,0,0,0,0,0,0,0,0,0
2004,400425,1,1,0,0,0,0,0,0,0,0,0,0
2004,400425,2,1,0,0,0,0,0,0,0,0,0,0
2004,400426,1,1,0,0,0,0,0,0,0,0,0,0
2004,400426,2,1,0,0,0,0,0,0,0,0,0,0
2004,400427,1,1,0,0,0,0,0,0,0,0,0,0
2004,400428,1,1,19,19,19,19,19,19,19,19,19,19
2004,400429,0,1,0,0,0,0,0,0,0,0,0,0
2004,400429,1,1,0,0,0,0,0,0,0,0,0,0
2004,400430,1,1,0,0,0,0,0,0,0,0,0,0
2004,400430,2,1,0,0,0,0,0,0,0,0,0,0
2004,400431,1,1,0,0,0,0,29,17,0,0,0,0
2004,400432,1,1,0,0,0,0,0,0,0,0,0,0
2004,400432,2,1,0,0,0,0,0,0,0,0,0,0
2004,400433,0,1,19,19,19,19,19,19,19,19,19,19
2004,400433,1,1,0,0,0,0,0,0,0,13,0,0
2004,400434,1,1,30,30,30,30,30,30,30,30,30,30
2004,400435,1,1,0,7,0,0,11,12,0,0,0,0
2004,400436,1,1,3,3,3,3,3,3,3,3,3,3
2004,400437,1,1,0,0,0,0,0,0,0,0,0,0
2004,400438,1,1,3,3,3,3,3,3,3,3,3,3
2004,400439,1,1,28,28,28,28,28,28,28,28,28,28
2004,400440,1,1,5,0,0,0,0,0,0,0,0,0
2004,400440,2,1,0,0,0,0,0,0,0,0,0,0
2004,400441,1,1,0,0,0,0,0,0,0,0,0,0
2004,400442,1,1,0,0,8,0,0,0,0,0,0,0
2004,400442,2,1,0,0,0,0,0,0,0,0,0,0
2004,400443,1,1,0,0,0,0,0,0,0,0,0,0
2004,400443,2,1,0,0,0,0,0,0,0,0,0,0
2004,400444,1,1,0,0,0,0,3,0,0,35,0,0
2004,400445,1,1,0,0,0,16,0,0,0,0,0,0
2004,400445,2,1,0,0,0,0,0,0,0,0,0,0
2004,400446,1,1,23,23,23,23,23,23,23,23,23,23
2004,400446,2,1,0,0,0,0,0,0,0,0,0,0
2004,400447,1,1,0,0,0,0,0,0,0,0,0,0
2004,400448,1,1,0,0,0,0,0,0,0,0,0,0
2004,400449,1,1,18,18,18,18,18,18,18,18,18,18
2004,400450,1,1,0,0,0,0,0,0,0,0,0,0
2004,400450,2,1,0,0,0,0,0,0,0,0,0,0
2004,400451,1,1,0,0,0,0,0,0,0,0,0,0
2004,400451,2,1,0,0,0,0,0,0,0,0,0,0
2004,400452,1,1,0,0,0,0,0,0,0,0,0,0
2004,400452,2,1,0,0,0,0,0,0,0,0,0,0
2004,400453,1,1,0,0,0,0,0,0,0,0,0,0
2004,400453,2,1,0,0,0,0,0,0,0,0,0,0
2004,400454,1,1,11,25,26,5,20,15,13,20,13,23
2004,400455,1,1,28,28,28,28,28,28,28,28,28,28
2004,400456,1,1,0,0,0,0,0,0,0,0,0,0
2004,400457,1,1,0,0,0,0,0,33,0,0,21,0
2004,400457,2,1,0,0,0,0,0,0,0,0,0,0
2004,400458,1,1,0,0,0,0,0,0,0,0,0,0
2004,400458,2,1,0,0,0,0,0,0,0,0,0,0
2004,400459,1,1,8,8,8,8,8,8,8,8,8,8
2004,400459,2,1,0,0,9,0,0,0,0,0,0,0
2004,400460,1,1,0,0,0,0,0,0,0,0,0,0
2004,400460,2,1,0,0,0,0,0,0,0,0,0,0
2004,400461,1,1,11,11,11,11,11,11,11,11,11,11
2004,400461,2,1,0,0,0,0,0,0,0,0,0,0
2004,400462,1,1,0,0,0,0,0,0,0,0,0,0
2004,400462,2,1,0,0,0,0,15,0,0,0,23,0
2004,400463,1,1,15,15,15,15,15,15,15,15,15,15
2004,400464,1,1,0,0,0,0,0,0,0,0,0,0
2004,400465,1,1,0,0,0,0,0,0,0,0,0,0
2004,400465,2,1,7,7,7,7,7,7,7,7,7,7
2004,400466,1,1,0,0,0,0,0,0,0,0,0,0
2004,400466,2,1,0,0,0,0,0,0,0,0,0,0
2004,400467,1,1,16,16,16,16,16,16,16,16,16,16
2004,400468,1,1,0,0,0,0,0,0,0,0,0,0
2004,400469,1,1,0,0,0,0,0,0,0,0,0,0
2004,400469,2,1,0,0,0,0,0,0,0,0,0,0
2004,400470,0,1,22,22,22,22,22,22,22,22,22,22
2004,400470,1,1,4,4,4,4,4,4,4,4,4,4
2004,400471,1,1,0,0,0,0,0,0,0,0,0,0
2004,400472,1,1,0,0,0,0,0,0,0,0,0,0
2004,400473,1,1,0,0,0,0,0,0,0,0,0,0
2004,400473,2,1,0,0,0,0,0,0,0,0,0,0
2004,400474,1,1,16,16,16,16,16,16,16,16,16,16
2004,400474,2,1,17,17,17,17,17,17,17,17,17,17
2004,400475,1,1,0,0,0,0,0,11,0,0,0,0
2004,400475,2,1,0,0,0,0,0,0,0,0,0,0
2004,400476,1,1,19,19,19,19,19,19,19,19,19,19
2004,400477,1,1,0,0,0,0,0,0,0,0,0,0
2004,400477,2,1,0,0,0,0,0,0,0,0,0,0
2004,400478,1,1,0,0,0,0,0,0,0,0,0,0
2004,400479,1,1,22,22,22,22,22,22,22,22,22,22
2004,400480,1,1,0,0,0,0,0,0,0,0,0,0
2004,400481,1,1,0,0,0,0,0,0,0,0,0,0
2004,400482,1,1,0,0,0,0,0,0,0,0,0,0
2004,400482,2,1,0,0,23,0,0,0,0,0,0,0
2004,400483,1,1,0,0,0,0,0,0,0,0,0,0
2004,400483,2,1,0,0,0,0,0,0,0,0,0,0
2004,400484,1,1,0,0,0,0,0,0,0,0,0,0
2004,400484,2,1,0,0,0,0,0,0,0,0,0,0
2004,400485,1,1,0,0,0,0,0,0,0,0,0,0
2004,400486,1,1,0,0,0,8,0,0,0,0,0,0
2004,400487,1,1,0,0,0,0,0,0,0,0,0,0
2004,400488,1,1,17,17,17,17,17,17,17,17,17,17
2004,400489,1,1,33,33,33,33,33,33,33,33,33,33
2004,400489,2,1,0,0,0,0,0,0,0,0,0,0
2004,400490,1,1,24,24,24,24,24,24,24,24,24,24
2004,400491,1,1,24,24,24,24,24,24,24,24,24,24
2004,400491,2,1,0,0,0,0,0,0,0,0,0,0
2004,400492,1,1,0,0,0,0,0,0,0,0,0,0
2004,400492,2,1,0,0,0,0,0,0,0,0,0,0
2004,400493,1,1,0,0,0,0,0,0,0,0,0,0
2004,400494,1,1,22,22,22,22,22,22,22,22,22,22
2004,400494,2,1,0,0,0,0,0,0,0,0,0,0
2004,400495,1,1,26,26,26,26,26,26,26,26,26,26
2004,400496,1,1,0,0,0,0,0,0,0,0,0,0
2004,400496,2,1,0,0,0,0,0,0,0,0,0,0
2004,400497,0,1,32,32,32,32,32,32,32,32,32,32
2004,400497,1,1,0,0,0,0,0,0,0,0,0,0
2004,400498,1,1,0,0,0,0,0,0,0,0,0,0
2004,400498,2,1,0,0,0,0,0,0,0,0,0,0
2004,400499,1,1,0,0,0,0,0,0,0,0,0,0
2004,400500,0,1,0,0,0,0,0,0,0,0,0,0
2004,400500,1,1,0,0,0,0,0,0,0,0,0,0
2004,400501,1,1,0,0,0,0,0,0,0,0,0,0
2004,400501,2,1,0,0,0,0,0,0,0,0,0,0
2004,400502,1,1,0,0,0,0,0,0,0,0,0,0
2004,400502,2,1,0,0,0,0,0,0,0,0,0,0
2004,400502,3,1,0,0,0,0,0,0,0,0,0,0
2004,400503,0,1,0,0,0,0,0,0,0,0,0,0
2004,400503,1,1,0,0,0,0,0,0,0,0,0,0
2004,400504,1,1,13,18,0,0,0,0,0,0,0,0
2004,400504,2,1,0,0,0,0,0,0,0,0,0,0
2004,400505,1,1,0,0,0,0,0,0,0,0,0,0
2004,400506,1,1,0,0,0,0,0,0,0,0,0,0
2004,400506,2,1,0,0,0,0,0,0,0,0,0,0
2004,400506,3,1,0,0,0,0,0,0,0,0,0,0
2004,400507,1,1,0,0,0,0,0,0,0,0,0,0
2004,400508,0,1,24,0,10,0,0,0,11,0,19,22
2004,400508,0,2,0,0,0,0,0,0,0,0,0,0
2004,400508,0,3,0,0,10,9,17,10,12,19,21,27
2004,400508,1,1,4,0,0,0,0,0,0,0,0,4
2004,400509,1,1,19,19,19,19,19,19,19,19,19,19
2004,400509,2,1,0,0,0,0,0,0,0,0,0,0
2004,400510,1,1,0,0,0,0,0,0,0,0,0,0
2004,400510,2,1,0,0,0,0,0,0,0,0,0,0
2004,400511,1,1,5,5,5,5,5,5,5,5,5,5
2004,400512,1,1,0,0,0,0,0,0,0,0,0,0
2004,400512,2,1,0,0,0,0,0,0,0,0,0,0
2004,400513,1,1,0,0,0,0,0,0,0,0,0,0
2004,400513,2,1,0,0,0,0,0,0,0,0,0,0
2004,400514,1,1,0,0,0,0,0,0,0,0,0,0
2004,400514,2,1,0,0,0,0,0,0,0,0,0,0
2004,400515,0,1,0,0,0,0,0,0,0,0,0,0
2004,400515,1,1,0,0,0,0,0,0,0,0,0,0
2004,400516,0,1,0,0,0,0,0,0,0,0,0,0
2004,400516,1,1,20,20,20,20,20,20,20,20,20,20
2004,400517,1,1,0,0,0,0,0,0,0,0,0,0
2004,400517,2,1,0,0,0,0,0,0,0,0,0,0
2004,400518,1,1,0,0,0,0,0,0,20,0,0,0
2004,400519,1,1,0,0,0,0,0,0,0,0,0,0
2004,400520,1,1,0,0,0,0,0,0,0,0,0,0
2004,400520,2,1,0,0,0,0,0,0,0,0,0,0
2004,400521,1,1,15,15,15,15,15,15,15,15,15,15
2004,400521,2,1,0,0,0,0,0,0,0,0,0,0
2004,400522,1,1,18,18,18,18,18,18,18,18,18,18
2004,400523,1,1,0,0,0,0,0,0,0,0,0,0
2004,400524,1,1,0,0,0,0,0,0,0,0,0,0
2004,400524,2,1,0,0,0,0,0,0,0,0,0,0
2004,400525,1,1,0,0,0,0,0,0,0,0,0,0
2004,400526,1,1,0,0,0,0,0,0,0,0,0,0
2004,400527,1,1,0,0,0,0,0,0,0,0,0,0
2004,400527,2,1,0,0,0,0,0,0,0,0,0,0
2004,400528,1,1,0,0,0,0,0,0,0,0,0,0
2004,400529,1,1,0,0,0,11,22,0,0,0,0,0
2004,400530,1,1,10,9,28,17,22,16,16,14,14,8
2004,400531,1,1,0,0,0,0,0,0,0,0,0,0
2004,400532,1,1,0,0,0,0,0,0,0,0,0,0
2004,400533,1,1,0,0,0,0,0,16,0,0,0,0
2004,400533,2,1,0,0,0,0,0,0,0,14,0,0
2004,400534,1,1,0,0,0,0,0,0,0,0,0,0
2004,400534,2,1,0,0,0,0,0,0,0,0,0,0
2004,400535,1,1,20,20,20,20,20,20,20,20,20,20
2004,400536,1,1,18,18,18,18,18,18,18,18,18,18
2004,400537,1,1,0,0,0,0,0,0,0,0,0,0
2004,400537,2,1,0,0,0,0,0,0,0,0,0,0
2004,400538,1,1,17,17,17,17,17,17,17,17,17,17
2004,400539,1,1,8,8,8,8,8,8,8,8,8,8
2004,400539,2,1,0,0,0,0,0,0,0,0,0,0
2004,400540,1,1,0,0,0,0,0,0,0,0,0,0
2004,400541,1,1,22,22,22,22,22,22,22,22,22,22
2004,400541,2,1,0,0,0,0,0,0,0,0,0,0
2004,400541,3,1,0,0,0,0,0,0,0,0,0,0
2004,400542,1,1,0,0,0,0,0,0,0,0,0,0
2004,400543,1,1,0,0,0,0,0,0,0,0,0,0
2004,400543,2,1,0,0,0,0,0,0,0,0,0,0
2004,400544,1,1,16,0,0,0,0,0,0,0,24,0
2004,400545,0,1,0,0,0,0,0,0,0,0,0,0
2004,400545,1,1,11,9,0,12,0,0,0,0,0,5
2004,400546,1,1,7,23,0,23,39,9,10,0,7,16
2004,400547,1,1,14,14,14,14,14,14,14,14,14,14
2004,400548,1,1,0,0,0,0,0,0,0,0,0,0
2004,400549,1,1,26,26,26,26,26,26,26,26,26,26
2004,400550,1,1,0,0,0,0,0,0,0,0,0,0
2004,400551,1,1,0,0,0,0,0,0,0,0,0,0
2004,400551,2,1,0,0,0,0,0,0,0,0,0,0
2004,400553,1,1,14,14,14,14,14,14,14,14,14,14
2004,400554,0,1,0,0,0,0,0,0,0,0,0,0
2004,400554,1,1,0,23,0,0,0,0,0,0,0,0
2004,400555,1,1,0,0,0,0,0,0,0,0,0,0
2004,400556,1,1,0,0,0,0,0,0,0,0,0,0
2004,400556,2,1,7,0,0,0,0,0,0,0,0,0
2004,400557,1,1,0,0,0,0,0,0,0,0,0,0
2004,400557,2,1,0,0,0,0,0,0,0,0,0,0
2004,400558,1,1,0,0,0,0,0,0,0,0,0,0
2004,400558,2,1,0,0,0,0,0,0,0,0,0,0
2004,400559,1,1,0,0,0,0,0,0,0,0,0,0
2004,400559,2,1,0,0,0,0,0,0,0,0,0,0
2004,400560,1,1,0,0,0,0,0,0,0,0,0,0
2004,400560,2,1,11,0,0,0,0,0,0,0,0,0
2004,400561,1,1,0,0,0,0,0,0,0,0,0,0
2004,400562,1,1,20,20,20,20,20,20,20,20,20,20
2004,400563,1,1,14,14,14,14,14,14,14,14,14,14
2004,400564,1,1,0,0,0,0,0,0,0,0,0,0
2004,400565,1,1,0,0,0,0,0,0,0,0,0,0
2004,400565,2,1,0,0,0,0,10,0,0,0,13,11
2004,400566,1,1,0,0,0,0,0,3,0,0,6,0
2004,400566,2,1,0,0,0,0,0,10,0,0,0,0
2004,400567,0,1,21,21,21,21,21,21,21,21,21,21
2004,400567,1,1,9,0,0,0,0,0,0,0,0,0
2004,400567,2,1,0,0,0,0,0,0,0,0,0,0
2004,400568,1,1,0,0,0,16,0,0,0,0,12,0
2004,400568,2,1,0,0,0,0,0,0,0,0,0,17
2004,400569,1,1,0,0,0,0,0,0,0,0,0,0
2004,400569,2,1,10,0,0,0,0,0,0,0,0,0
2004,400570,1,1,0,0,0,0,0,0,0,0,0,0
2004,400571,1,1,0,0,0,0,0,0,0,0,0,0
2004,400571,2,1,0,0,0,0,0,0,0,0,0,0
2004,400572,1,1,19,19,11,0,9,7,0,11,13,18
2004,400572,2,1,0,0,0,0,0,0,0,0,0,0
2004,400573,1,1,13,13,13,13,13,13,13,13,13,13
2004,400573,2,1,0,0,0,0,0,0,0,0,0,0
2004,400574,1,1,0,0,0,0,0,0,0,0,0,0
2004,400574,2,1,0,0,0,0,0,0,0,0,0,0
2004,400575,1,1,25,25,25,25,25,25,25,25,25,25
2004,400575,2,1,5,5,5,5,5,5,5,5,5,5
2004,400576,1,1,0,0,0,0,0,0,0,0,0,0
2004,400576,2,1,0,0,0,0,0,0,0,0,0,0
2004,400577,1,1,0,0,0,0,0,0,0,0,0,0
2004,400578,1,1,0,0,22,0,0,15,0,0,0,0
2004,400579,1,1,0,0,0,0,0,0,0,0,0,0
2004,400579,2,1,0,0,0,0,0,14,0,0,0,0
2004,400580,1,1,0,0,0,0,0,0,0,0,0,0
2004,400580,2,1,0,0,0,0,0,0,0,0,0,0
2004,400581,1,1,0,0,0,0,0,0,0,0,0,0
2004,400581,2,1,0,0,0,0,0,0,0,0,0,0
2004,400582,1,1,0,0,0,0,0,0,0,0,0,0
2004,400583,1,1,0,0,0,0,0,0,0,0,0,0
2004,400584,1,1,0,0,0,0,0,0,0,0,0,0
2004,400584,2,1,0,0,0,0,0,0,0,0,0,0
2004,400585,0,1,29,29,29,29,29,29,29,29,29,29
2004,400585,1,1,0,0,0,0,0,0,0,0,0,0
2004,400586,1,1,0,0,0,0,0,0,0,0,0,0
2004,400587,1,1,0,0,0,0,0,0,0,0,0,0
2004,400587,2,1,0,0,0,0,0,0,0,0,0,0
2004,400587,3,1,0,0,0,0,0,0,0,0,0,0
2004,400588,0,1,3,3,3,3,3,3,3,3,3,3
2004,400588,0,2,22,0,0,25,34,0,24,0,47,0
2004,400588,1,1,0,0,0,0,18,0,0,0,0,0
2004,400589,1,1,0,0,0,0,0,0,0,0,0,0
2004,400589,2,1,0,0,0,0,0,0,0,0,0,0
2004,400589,3,1,0,0,0,0,0,0,0,0,0,0
2004,400589,4,1,0,0,0,0,0,0,9,0,0,0
2004,400589,5,1,0,0,0,0,0,0,0,0,0,0
2004,400590,1,1,0,0,0,0,0,0,0,0,0,0
2004,400591,1,1,0,0,0,0,0,0,0,0,0,0
2004,400592,1,1,2,2,2,2,2,2,2,2,2,2
2004,400592,2,1,14,14,14,14,14,14,14,14,14,14
2004,400593,1,1,0,0,0,0,0,0,0,0,0,0
2004,400593,2,1,0,0,0,0,0,0,0,0,0,0
2004,400594,1,1,26,26,26,26,26,26,26,26,26,26
2004,400595,1,1,21,21,21,21,21,21,21,21,21,21
2004,400596,0,1,0,0,0,0,0,0,0,0,0,0
2004,400596,1,1,0,0,0,0,0,0,0,0,0,0
2004,400597,1,1,0,0,0,0,0,0,0,0,0,0
2004,400598,1,1,0,0,0,0,0,0,15,0,0,0
2004,400599,1,1,0,0,0,0,0,0,0,0,0,0
2004,400599,2,1,0,0,0,0,0,0,0,0,0,0
2004,400600,1,1,0,0,0,0,0,0,0,0,0,0