YEAR,ST_CASE,veh_no,per_no,P1,P2,P3,P4,P5,P6,P7,P8,P9,P10
2004,400601,1,1,10,10,10,10,10,10,10,10,10,10
2004,400601,2,1,0,0,0,0,0,0,0,0,0,0
2004,400602,1,1,0,0,0,0,0,0,0,0,0,0
2004,400602,2,1,0,0,0,0,0,0,0,0,0,0
2004,400603,1,1,0,0,0,0,0,0,0,0,0,0
2004,400603,2,1,0,0,0,0,0,0,0,0,0,0
2004,400604,0,1,14,14,14,14,14,14,14,14,14,14
2004,400604,1,1,14,14,14,14,14,14,14,14,14,14
2004,400605,1,1,0,0,0,0,0,0,0,0,0,0
2004,400606,1,1,0,0,0,0,0,0,0,0,0,0
2004,400607,1,1,0,0,0,0,0,0,0,0,0,0
2004,400607,2,1,0,0,0,0,0,0,0,0,0,0
2004,400608,1,1,0,0,0,0,0,0,0,0,0,0
2004,400609,1,1,0,0,0,0,0,0,0,0,0,0
2004,400610,1,1,10,10,10,10,10,10,10,10,10,10
2004,400611,1,1,0,0,0,0,0,0,0,0,0,0
2004,400611,2,1,0,0,0,0,9,0,0,0,5,0
2004,400612,1,1,0,0,0,0,0,0,0,0,0,0
2004,400613,0,1,0,0,0,5,11,0,0,0,0,24
2004,400613,0,2,0,0,0,0,0,0,0,0,6,0
2004,400613,0,3,0,33,0,8,0,0,0,14,0,0
2004,400613,1,1,0,0,0,0,0,0,0,0,0,0
2004,400614,1,1,0,0,0,0,0,0,0,0,0,0
2004,400614,2,1,0,0,0,0,0,0,0,0,0,0
2004,400615,1,1,0,0,0,0,0,0,0,0,0,0
2004,400616,0,1,0,13,17,19,28,20,0,21,42,0
2004,400616,1,1,0,0,0,0,0,0,0,0,0,0
2004,400617,1,1,0,0,0,0,0,0,0,0,0,0
2004,400617,2,1,0,0,0,0,0,0,0,0,0,0
2004,400618,1,1,0,0,0,11,0,0,0,0,0,0
2004,400618,2,1,0,0,0,0,0,0,0,0,0,0
2004,400619,1,1,21,21,21,21,21,21,21,21,21,21
2004,400619,2,1,0,0,0,0,0,0,0,0,0,0
2004,400620,1,1,26,20,0,0,0,0,0,0,0,0
2004,400621,1,1,7,7,7,7,7,7,7,7,7,7
2004,400622,1,1,0,0,0,0,0,0,0,0,0,0
2004,400623,1,1,11,11,11,11,11,11,11,11,11,11
2004,400624,1,1,0,0,0,0,0,0,0,0,0,0
2004,400624,2,1,0,0,0,0,0,0,0,0,0,0
2004,400625,1,1,0,0,0,0,0,0,0,0,0,0
2004,400625,2,1,0,0,0,0,0,0,0,0,0,0
2004,400625,3,1,0,0,0,0,0,0,0,0,6,0
2004,400626,1,1,22,0,0,0,22,0,19,0,24,8
2004,400627,1,1,0,0,0,0,0,0,0,0,0,0
2004,400627,2,1,0,0,0,0,0,0,0,0,0,0
2004,400628,1,1,0,0,0,0,0,0,0,0,15,0
2004,400628,2,1,12,0,0,0,0,0,0,0,0,0
2004,400629,0,1,0,0,0,0,0,0,0,0,0,0
2004,400629,1,1,0,0,0,0,0,0,0,0,0,0
2004,400630,0,1,0,0,0,24,10,37,0,0,0,0
2004,400630,1,1,24,0,0,33,0,0,0,0,0,0
2004,400631,1,1,0,0,0,0,0,0,0,0,0,0
2004,400631,2,1,0,0,0,0,0,0,0,0,0,0
2004,400632,1,1,0,0,0,0,0,0,0,0,0,0
2004,400632,2,1,0,0,0,0,0,0,0,0,0,0
2004,400633,1,1,0,0,0,0,0,0,0,0,0,0
2004,400633,2,1,0,0,0,0,0,0,0,0,0,0
2004,400634,1,1,0,0,0,0,0,0,0,0,0,0
2004,400634,2,1,0,0,0,0,0,0,0,0,0,0
2004,400635,1,1,0,0,0,0,0,0,0,0,0,0
2004,400635,2,1,0,0,0,0,0,0,0,0,0,0
2004,400636,1,1,23,23,23,23,23,23,23,23,23,23
2004,400637,1,1,0,0,0,0,0,0,0,0,0,0
2004,400637,2,1,0,0,0,0,0,0,0,0,0,0
2004,400638,1,1,0,0,0,17,0,0,0,0,0,0
2004,400638,2,1,0,0,0,0,0,0,0,0,0,0
2004,400639,1,1,0,0,0,0,0,0,0,0,0,0
2004,400639,2,1,0,4,0,0,0,0,0,18,0,0
2004,400640,1,1,0,0,0,0,0,0,0,0,0,0
2004,400640,2,1,0,0,0,0,0,0,0,0,0,0
2004,400641,1,1,0,0,0,0,0,0,0,0,0,0
2004,400641,2,1,0,0,0,0,0,0,0,0,0,0
2004,400642,1,1,1,1,1,1,1,1,1,1,1,1
2004,400643,1,1,28,28,28,28,28,28,28,28,28,28
2004,400644,1,1,0,0,0,0,0,0,0,0,0,0
2004,400644,2,1,0,0,0,0,0,0,0,0,0,0
2004,400645,1,1,18,18,18,18,18,18,18,18,18,18
2004,400646,1,1,0,0,18,0,0,0,0,0,12,0
2004,400647,1,1,0,0,13,0,0,0,0,0,0,0
2004,400648,0,1,35,35,35,35,35,35,35,35,35,35
2004,400648,1,1,0,0,0,0,0,0,0,0,0,0
2004,400649,1,1,40,40,40,40,40,40,40,40,40,40
2004,400650,1,1,0,0,0,0,0,0,0,0,0,0
2004,400650,2,1,0,0,0,0,0,0,0,15,0,0
2004,400651,0,1,21,21,21,21,21,21,21,21,21,21
2004,400651,1,1,0,0,0,0,0,0,0,0,0,0
2004,400652,1,1,19,19,19,19,19,19,19,19,19,19
2004,400653,1,1,9,9,9,9,9,9,9,9,9,9
2004,400654,0,1,0,0,0,0,0,0,0,0,0,0
2004,400654,1,1,19,19,19,19,19,19,19,19,19,19
2004,400655,1,1,28,28,28,28,28,28,28,28,28,28
2004,400656,1,1,0,0,0,0,0,0,0,0,0,0
2004,400656,2,1,0,0,0,0,0,0,0,0,0,0
2004,400657,1,1,0,0,0,0,0,0,0,0,0,0
2004,400657,2,1,0,0,0,0,0,0,0,0,0,21
2004,400658,1,1,0,0,0,0,0,0,0,0,0,0
2004,400658,2,1,0,0,0,0,0,0,0,0,0,0
2004,400659,1,1,0,0,0,0,0,0,0,0,0,0
2004,400659,2,1,0,0,0,0,0,0,0,0,0,0
2004,400659,3,1,4,4,4,4,4,4,4,4,4,4
2004,400660,1,1,23,23,23,23,23,23,23,23,23,23
2004,400660,2,1,0,0,0,0,0,0,0,0,0,0
2004,400661,1,1,0,0,0,0,0,0,0,0,0,0
2004,400661,2,1,0,0,0,0,0,0,0,0,0,15
2004,400661,3,1,0,0,0,0,0,0,0,0,0,0
2004,400662,1,1,0,0,0,0,0,0,0,0,0,0
2004,400663,1,1,0,0,0,0,31,0,0,0,13,13
2004,400664,1,1,14,4,20,17,11,0,0,0,0,14
2004,400665,1,1,0,0,0,0,0,0,0,0,0,0
2004,400665,2,1,0,0,0,0,0,0,0,0,0,0
2004,400666,0,1,17,17,17,17,17,17,17,17,17,17
2004,400666,1,1,0,0,0,0,0,0,0,0,18,0
2004,400667,0,1,27,41,25,13,27,22,24,35,22,29
2004,400667,1,1,0,0,0,0,0,0,0,13,0,0
2004,400668,1,1,0,0,0,0,0,0,0,0,0,0
2004,400668,2,1,0,0,0,0,0,0,0,0,0,13
2004,410001,1,1,19,19,19,19,19,19,19,19,19,19
2004,410001,2,1,0,0,0,0,0,0,12,0,0,0
2004,410001,3,1,0,0,0,0,0,0,0,0,0,0
2004,410002,1,1,24,24,24,24,24,24,24,24,24,24
2004,410002,2,1,0,0,0,0,0,0,0,0,0,0
2004,410003,0,1,26,26,26,26,26,26,26,26,26,26
2004,410003,1,1,0,0,0,0,0,0,0,0,0,0
2004,410004,1,1,0,0,0,0,0,0,0,21,0,0
2004,410004,2,1,2,2,2,2,2,2,2,2,2,2
2004,410005,0,1,0,0,20,0,0,0,0,0,0,0
2004,410005,0,2,0,0,0,0,0,0,0,0,0,0
2004,410005,1,1,5,5,5,5,5,5,5,5,5,5
2004,410006,1,1,0,0,0,0,0,0,0,0,0,0
2004,410006,2,1,0,0,0,0,0,0,0,0,0,0
2004,410007,1,1,0,0,0,0,0,0,0,0,0,0
2004,410007,2,1,0,0,0,0,0,0,0,0,0,0
2004,410008,0,1,31,31,31,31,31,31,31,31,31,31
2004,410008,1,1,31,31,31,31,31,31,31,31,31,31
2004,410009,1,1,22,22,22,22,22,22,22,22,22,22
2004,410009,2,1,0,16,0,7,2,10,0,12,0,7
2004,410010,1,1,0,0,0,0,0,0,0,0,0,0
2004,410010,2,1,0,0,0,0,0,0,0,0,0,0
2004,410011,1,1,0,0,0,0,0,19,8,0,0,0
2004,410011,2,1,0,0,0,0,0,0,0,0,0,0
2004,410012,1,1,27,27,27,27,27,27,27,27,27,27
2004,410013,1,1,18,18,18,18,18,18,18,18,18,18
2004,410014,1,1,0,0,0,0,0,0,0,0,0,0
2004,410014,2,1,16,16,16,16,16,16,16,16,16,16
2004,410015,1,1,0,0,0,0,0,0,0,0,0,0
2004,410015,2,1,0,0,0,0,0,0,0,0,0,0
2004,410016,1,1,20,20,20,20,20,20,20,20,20,20
2004,410016,2,1,0,0,0,0,0,0,0,0,0,0
2004,410017,1,1,0,0,0,0,0,0,0,21,0,0
2004,410017,2,1,0,0,0,0,0,14,0,0,0,0
2004,410018,1,1,0,0,0,0,0,0,0,0,0,0
2004,410018,2,1,0,0,0,0,0,0,0,0,0,0
2004,410019,1,1,0,0,0,0,0,0,0,0,0,0
2004,410019,2,1,0,0,0,0,0,0,0,0,0,0
2004,410020,1,1,24,24,24,24,24,24,24,24,24,24
2004,410021,1,1,0,0,0,0,0,0,0,0,0,0
2004,410021,2,1,0,0,0,0,0,0,0,0,0,0
2004,410021,3,1,0,0,0,0,0,0,0,0,0,0
2004,410021,4,1,0,0,0,0,0,0,0,0,0,0
2004,410021,5,1,0,0,0,0,0,0,0,0,0,0
2004,410021,6,1,0,0,0,0,0,0,0,0,0,0
2004,410021,7,1,0,0,0,0,0,0,0,0,0,0
2004,410021,8,1,0,8,0,0,0,0,0,0,0,0
2004,410022,1,1,0,0,0,0,0,0,0,0,0,0
2004,410023,1,1,8,8,8,8,8,8,8,8,8,8
2004,410025,1,1,20,20,20,20,20,20,20,20,20,20
2004,410025,2,1,0,0,0,0,0,0,0,0,0,0
2004,410026,1,1,0,0,0,0,0,0,0,0,0,0
2004,410026,2,1,5,16,0,0,0,0,0,0,0,0
2004,410027,0,1,0,0,0,0,0,0,0,0,0,0
2004,410027,1,1,0,0,0,0,0,0,0,0,0,0
2004,410028,1,1,0,0,0,0,0,0,0,0,0,0
2004,410028,2,1,0,0,0,0,0,0,0,0,7,0
2004,410029,1,1,0,0,0,0,0,0,0,0,0,0
2004,410029,2,1,0,0,0,0,0,0,0,0,0,0
2004,410030,1,1,25,25,25,25,25,25,25,25,25,25
2004,410031,1,1,0,0,0,0,0,0,0,0,0,0
2004,410032,1,1,0,9,0,0,10,0,0,0,0,0
2004,410032,2,1,0,0,0,0,0,0,0,0,0,0
2004,410033,1,1,8,8,8,8,8,8,8,8,8,8
2004,410034,1,1,0,0,0,0,0,0,0,0,0,0
2004,410034,2,1,0,0,0,0,0,0,0,0,0,0
2004,410035,1,1,8,8,8,8,8,8,8,8,8,8
2004,410035,2,1,0,0,0,0,0,0,0,0,0,0
2004,410036,1,1,0,0,0,0,0,0,0,0,0,0
2004,410037,1,1,21,21,21,21,21,21,21,21,21,21
2004,410038,1,1,0,0,0,0,0,0,0,0,0,0
2004,410038,2,1,0,0,0,0,0,0,0,0,0,0
2004,410039,1,1,0,0,0,0,0,0,0,0,0,0
2004,410040,1,1,0,0,0,0,0,0,0,0,0,0
2004,410040,2,1,0,0,0,0,0,0,0,0,0,0
2004,410041,1,1,0,0,0,0,0,0,0,0,0,0
2004,410042,1,1,0,0,0,0,0,0,0,0,0,0
2004,410043,1,1,0,0,0,0,0,0,0,0,0,0
2004,410043,2,1,0,0,0,0,0,0,0,0,0,0
2004,410043,3,1,0,3,0,0,0,0,0,0,0,0
2004,410044,1,1,0,0,0,0,0,0,0,0,0,0
2004,410045,1,1,15,15,15,15,15,15,15,15,15,15
2004,410046,1,1,24,24,24,24,24,24,24,24,24,24
2004,410047,0,1,29,29,29,29,29,29,29,29,29,29
2004,410047,1,1,21,14,11,12,14,16,15,8,12,7
2004,410048,0,1,26,26,26,26,26,26,26,26,26,26
2004,410048,1,1,14,14,14,14,14,14,14,14,14,14
2004,410049,0,1,0,0,0,0,0,0,0,0,0,0
2004,410049,1,1,0,0,0,0,0,0,0,0,0,0
2004,410050,1,1,0,0,0,0,0,0,0,0,0,0
2004,410050,2,1,0,0,0,0,0,0,0,0,0,0
2004,410051,1,1,18,18,18,18,18,18,18,18,18,18
2004,410052,1,1,0,0,0,0,0,0,0,0,0,0
2004,410053,1,1,0,0,28,0,0,31,0,0,0,0
2004,410054,0,1,27,27,27,27,27,27,27,27,27,27
2004,410054,1,1,0,19,0,15,14,0,0,0,29,0
2004,410054,2,1,0,0,0,25,0,0,16,0,0,0
2004,410055,1,1,15,15,15,15,15,15,15,15,15,15
2004,410056,1,1,0,0,0,0,0,0,0,0,0,0
2004,410056,2,1,0,0,0,0,0,0,0,0,0,0
2004,410057,1,1,8,8,8,8,8,8,8,8,8,8
2004,410057,2,1,0,0,0,0,0,0,0,0,0,0
2004,410058,0,1,0,0,0,0,0,0,0,0,0,0
2004,410058,1,1,0,0,0,0,0,0,0,0,0,0
2004,410059,1,1,16,16,16,16,16,16,16,16,16,16
2004,410059,2,1,0,0,0,0,0,0,0,0,0,0
2004,410060,1,1,0,0,0,0,0,0,0,0,0,0
2004,410060,2,1,0,0,0,0,0,0,0,0,0,11
2004,410061,1,1,20,20,20,20,20,20,20,20,20,20
2004,410062,1,1,0,0,0,0,0,0,0,0,0,0
2004,410062,2,1,0,0,0,0,0,0,0,0,0,0
2004,410063,1,1,0,0,0,10,0,17,18,10,0,0
2004,410064,1,1,0,0,0,0,0,16,0,0,0,0
2004,410064,2,1,0,0,0,0,0,0,0,0,0,0
2004,410065,1,1,0,0,0,0,0,0,0,0,0,0
2004,410066,0,1,34,34,34,34,34,34,34,34,34,34
2004,410066,1,1,0,0,0,0,0,0,0,0,0,0
2004,410067,1,1,24,24,24,24,24,24,24,24,24,24
2004,410068,1,1,0,0,20,0,0,13,0,0,0,0
2004,410069,1,1,0,0,0,0,0,0,0,0,0,0
2004,410070,1,1,14,14,14,14,14,14,14,14,14,14
2004,410071,1,1,28,28,28,28,28,28,28,28,28,28
2004,410072,1,1,0,0,0,0,0,0,0,0,0,0
2004,410073,1,1,0,0,0,0,0,0,0,0,0,0
2004,410073,2,1,0,0,0,0,0,0,0,0,0,0
2004,410074,1,1,0,0,0,0,0,0,0,0,0,0
2004,410074,2,1,0,0,0,0,0,0,0,0,0,0
2004,410074,3,1,0,0,0,0,0,0,0,0,0,0
2004,410075,1,1,0,0,0,0,0,0,0,0,0,0
2004,410076,1,1,0,0,0,0,0,0,0,0,0,0
2004,410076,2,1,0,0,0,0,0,0,0,0,0,0
2004,410076,3,1,0,0,0,0,0,0,0,0,0,0
2004,410076,4,1,0,0,0,0,0,0,0,0,0,0
2004,410076,5,1,0,0,0,0,0,0,0,0,0,0
2004,410077,1,1,24,24,24,24,24,24,24,24,24,24
2004,410078,1,1,20,20,20,20,20,20,20,20,20,20
2004,410079,1,1,18,18,18,18,18,18,18,18,18,18
2004,410080,1,1,0,0,0,0,0,0,0,0,0,0
2004,410080,2,1,0,0,0,0,0,0,0,0,0,0
2004,410081,1,1,5,5,5,5,5,5,5,5,5,5
2004,410081,2,1,0,0,0,0,0,0,14,0,0,0
2004,410082,1,1,2,2,2,2,2,2,2,2,2,2
2004,410083,1,1,23,23,23,23,23,23,23,23,23,23
2004,410083,2,1,0,0,0,0,0,0,0,0,0,0
2004,410083,3,1,0,0,0,0,0,0,0,0,0,0
2004,410083,4,1,0,0,0,0,0,0,0,0,13,10
2004,410084,1,1,0,0,0,0,0,0,0,0,0,0
2004,410084,2,1,0,0,0,0,0,0,0,0,0,0
2004,410085,1,1,15,15,15,15,15,15,15,15,15,15
2004,410086,1,1,0,0,0,0,0,0,0,0,0,0
2004,410087,1,1,0,0,0,0,0,0,0,0,0,0
2004,410088,1,1,0,0,0,0,0,0,0,0,0,0
2004,410088,2,1,27,27,27,27,27,27,27,27,27,27
2004,410089,1,1,0,0,0,0,0,0,0,0,0,0
2004,410090,1,1,35,35,35,35,35,35,35,35,35,35
2004,410092,1,1,16,16,16,16,16,16,16,16,16,16
2004,410093,1,1,18,18,18,18,18,18,18,18,18,18
2004,410093,2,1,14,0,0,17,5,0,0,0,10,0
2004,410094,1,1,0,0,0,0,0,0,0,0,0,0
2004,410094,2,1,0,0,0,0,0,0,0,0,0,0
2004,410095,0,1,0,0,0,0,0,0,0,0,0,0
2004,410095,1,1,0,0,0,0,0,0,0,0,0,0
2004,410096,1,1,0,0,0,0,0,0,0,0,0,0
2004,410096,2,1,0,0,0,0,0,0,0,0,0,6
2004,410097,1,1,0,9,0,0,0,0,0,19,23,0
2004,410098,1,1,19,0,0,15,16,0,0,0,28,17
2004,410099,1,1,0,20,22,0,11,16,18,26,23,0
2004,410100,1,1,0,0,0,0,0,0,0,0,0,0
2004,410101,1,1,10,10,10,10,10,10,10,10,10,10
2004,410102,1,1,9,9,9,9,9,9,9,9,9,9
2004,410103,1,1,0,0,0,0,0,0,0,0,0,0
2004,410103,2,1,0,0,0,0,0,0,0,0,0,0
2004,410104,1,1,11,11,11,11,11,11,11,11,11,11
2004,410105,1,1,0,0,0,0,0,0,0,0,0,0
2004,410105,2,1,0,0,0,0,3,0,0,2,0,0
2004,410106,1,1,0,0,0,0,0,0,0,0,0,0
2004,410106,2,1,0,0,0,0,0,0,0,0,0,0
2004,410107,1,1,24,24,24,24,24,24,24,24,24,24
2004,410108,1,1,26,26,26,26,26,26,26,26,26,26
2004,410109,1,1,17,17,17,17,17,17,17,17,17,17
2004,410110,1,1,0,0,0,0,0,0,0,0,0,0
2004,410110,2,1,3,3,3,3,3,3,3,3,3,3
2004,410111,0,1,0,0,0,0,0,0,0,0,0,0
2004,410111,1,1,0,0,0,0,0,0,0,0,0,0
2004,410112,0,1,0,0,0,0,0,0,0,0,0,0
2004,410112,1,1,0,0,0,0,0,0,0,0,0,0
2004,410113,1,1,13,13,13,13,13,13,13,13,13,13
2004,410114,1,1,0,0,0,0,0,0,0,0,0,0
2004,410114,2,1,0,0,0,0,0,0,0,0,0,0
2004,410114,3,1,0,0,0,0,0,0,0,0,0,0
2004,410115,1,1,17,17,17,17,17,17,17,17,17,17
2004,410115,2,1,1,1,1,1,1,1,1,1,1,1
2004,410116,1,1,0,0,0,0,0,0,0,0,0,0
2004,410116,2,1,0,0,0,0,0,0,0,0,0,0
2004,410117,1,1,0,0,0,0,0,0,0,0,0,0
2004,410118,0,1,0,0,0,0,0,0,0,0,0,0
2004,410118,1,1,0,0,0,0,0,0,0,0,0,0
2004,410119,1,1,6,9,10,0,12,28,0,0,0,0
2004,410119,2,1,0,0,0,0,0,0,0,0,0,0
2004,410120,1,1,0,0,0,0,0,0,0,0,0,0
2004,410121,1,1,20,20,20,20,20,20,20,20,20,20
2004,410122,1,1,6,0,0,7,0,0,0,0,0,0
2004,410123,1,1,0,0,0,0,0,0,0,0,0,0
2004,410123,2,1,13,13,13,13,13,13,13,13,13,13
2004,410124,0,1,0,0,0,0,0,0,0,0,0,0
2004,410124,1,1,6,6,6,6,6,6,6,6,6,6
2004,410125,0,1,0,0,0,0,0,0,0,0,0,0
2004,410125,1,1,0,0,0,0,0,0,0,0,0,0
2004,410126,1,1,2,2,2,2,2,2,2,2,2,2
2004,410126,2,1,0,0,0,0,0,0,0,0,0,0
2004,410127,1,1,0,0,0,0,0,0,0,0,0,0
2004,410127,2,1,26,26,26,26,26,26,26,26,26,26
2004,410128,1,1,0,0,0,0,0,0,0,0,0,0
2004,410128,2,1,0,0,0,0,0,0,0,0,0,0
2004,410129,1,1,17,0,0,19,16,0,0,19,0,0
2004,410130,1,1,0,0,0,0,0,0,0,0,0,0
2004,410130,2,1,0,0,0,0,0,0,0,0,0,0
2004,410130,3,1,0,0,0,0,0,0,0,0,0,0
2004,410131,1,1,0,0,0,0,0,0,0,0,0,0
2004,410131,2,1,0,0,0,0,0,0,0,0,0,0
2004,410132,1,1,0,0,0,0,0,0,0,0,0,0
2004,410133,1,1,0,0,0,0,0,0,0,0,0,0
2004,410133,2,1,0,0,0,0,0,0,0,0,0,0
2004,410134,0,1,0,0,0,0,0,0,0,0,0,0
2004,410134,1,1,0,0,0,0,0,0,0,0,0,0
2004,410135,1,1,22,22,22,22,22,22,22,22,22,22
2004,410136,1,1,12,12,12,12,12,12,12,12,12,12
2004,410137,1,1,0,0,0,0,0,0,0,0,0,0
2004,410137,2,1,0,0,0,0,0,0,0,0,0,0
2004,410138,1,1,9,0,0,0,0,0,0,0,0,0
2004,410139,1,1,0,0,0,0,0,0,0,0,0,0
2004,410139,2,1,0,0,0,0,0,0,0,0,0,0
2004,410140,1,1,0,0,0,0,0,0,0,0,0,0
2004,410141,1,1,0,0,0,0,0,0,0,0,0,0
2004,410142,1,1,0,0,0,0,0,0,0,0,0,0
2004,410142,2,1,0,0,0,0,0,0,18,0,0,0
2004,410142,3,1,0,0,0,0,0,0,0,0,0,0
2004,410143,1,1,18,18,18,18,18,18,18,18,18,18
2004,410144,1,1,0,0,0,0,0,0,0,14,0,0
2004,410144,2,1,0,0,0,0,0,0,0,0,0,0
2004,410145,1,1,12,12,12,12,12,12,12,12,12,12
2004,410146,1,1,23,23,23,23,23,23,23,23,23,23
2004,410147,1,1,23,23,23,23,23,23,23,23,23,23
2004,410148,1,1,18,18,18,18,18,18,18,18,18,18
2004,410149,1,1,0,0,0,0,0,0,0,0,0,0
2004,410149,2,1,0,0,0,0,0,0,0,0,0,0
2004,410150,1,1,0,0,0,0,0,0,0,0,0,0
2004,410151,1,1,3,3,3,3,3,3,3,3,3,3
2004,410152,1,1,0,0,0,0,0,0,0,0,0,0
2004,410153,1,1,7,7,7,7,7,7,7,7,7,7
2004,410154,1,1,0,0,0,0,0,0,0,0,0,0
2004,410155,1,1,0,0,0,0,0,0,0,0,0,0
2004,410156,1,1,0,0,0,0,0,0,0,0,0,0
2004,410157,0,1,24,24,24,24,24,24,24,24,24,24
2004,410157,1,1,8,8,8,8,8,8,8,8,8,8
2004,410158,1,1,4,4,4,4,4,4,4,4,4,4
2004,410159,1,1,3,15,0,8,18,3,13,29,15,17
2004,410160,1,1,0,0,0,0,0,0,0,0,0,0
2004,410160,2,1,0,0,0,0,0,0,0,0,0,0
2004,410161,1,1,0,0,0,0,0,0,0,0,0,0
2004,410161,2,1,0,0,0,0,0,0,0,0,0,0
2004,410162,1,1,11,0,0,0,0,0,0,0,0,14
2004,410162,2,1,0,0,0,0,0,0,0,0,0,0
2004,410163,1,1,7,7,7,7,7,7,7,7,7,7
2004,410163,2,1,0,0,0,0,0,0,0,0,0,0
2004,410164,1,1,14,14,14,14,14,14,14,14,14,14
2004,410165,1,1,0,0,0,0,0,0,0,0,0,0
2004,410166,1,1,0,12,0,20,14,19,12,40,7,0
2004,410167,1,1,4,4,4,4,4,4,4,4,4,4
2004,410168,1,1,19,19,19,19,19,19,19,19,19,19
2004,410168,2,1,0,0,0,0,0,0,0,0,0,0
2004,410169,1,1,0,0,0,0,0,0,0,0,0,0
2004,410170,1,1,0,0,0,0,0,0,0,0,0,0
2004,410171,1,1,20,20,20,20,20,20,20,20,20,20
2004,410172,1,1,9,9,9,9,9,9,9,9,9,9
2004,410173,1,1,0,0,0,0,0,0,0,0,0,0
2004,410173,2,1,2,2,2,2,2,2,2,2,2,2
2004,410174,1,1,0,0,0,0,0,0,0,0,0,0
2004,410174,2,1,21,0,13,0,0,0,0,0,0,0
2004,410175,1,1,0,0,0,0,0,0,0,0,0,0
2004,410175,2,1,0,0,0,0,0,0,0,0,0,0
2004,410176,1,1,0,0,0,0,0,0,0,0,0,0
2004,410177,1,1,0,0,0,0,0,0,0,0,0,0
2004,410177,2,1,0,0,0,0,0,0,0,0,0,0
2004,410177,3,1,0,0,0,0,0,0,0,0,0,0
2004,410177,4,1,0,0,0,0,0,0,0,0,0,0
2004,410177,5,1,16,0,0,0,0,0,0,0,0,0
2004,410177,6,1,0,0,0,0,0,0,0,0,0,0
2004,410177,7,1,0,0,0,0,0,0,0,0,0,0
2004,410177,8,1,0,0,0,0,0,0,0,0,0,0
2004,410178,1,1,0,0,0,0,0,0,0,0,0,0
2004,410179,1,1,0,17,0,0,0,14,0,0,0,0
2004,410180,1,1,0,0,0,0,0,0,0,0,0,0
2004,410180,2,1,0,0,0,0,0,0,0,0,0,0
2004,410180,3,1,7,7,7,7,7,7,7,7,7,7
2004,410181,1,1,0,0,0,0,0,0,0,0,0,0
2004,410181,2,1,0,0,0,0,0,0,0,0,0,0
2004,410182,1,1,0,0,0,0,0,0,0,0,0,0
2004,410182,2,1,0,0,0,0,0,0,0,0,0,0
2004,410182,3,1,0,0,0,0,0,0,0,0,0,0
2004,410182,4,1,0,0,0,0,0,0,0,0,0,0
2004,410183,1,1,0,0,0,0,0,0,0,0,0,0
2004,410183,2,1,0,0,0,0,0,0,0,0,0,0
2004,410184,1,1,0,0,0,0,0,0,0,0,0,0
2004,410185,1,1,0,0,0,0,0,0,0,0,0,0
2004,410185,2,1,0,0,0,0,0,0,0,0,0,0
2004,410186,1,1,0,0,0,0,0,0,0,0,0,0
2004,410186,2,1,0,0,0,0,0,0,0,0,0,0
2004,410187,1,1,2,2,2,2,2,2,2,2,2,2
2004,410187,2,1,0,0,0,0,0,0,0,0,0,0
2004,410188,0,1,0,0,0,0,0,0,0,0,0,0
2004,410188,1,1,22,0,0,17,0,0,12,0,0,0
2004,410189,1,1,15,15,15,15,15,15,15,15,15,15
2004,410190,1,1,8,8,8,8,8,8,8,8,8,8
2004,410191,1,1,0,0,0,0,0,0,0,16,0,18
2004,410191,2,1,0,0,0,0,0,0,0,0,0,0
2004,410192,0,1,0,0,0,0,0,0,0,0,0,0
2004,410192,1,1,0,19,0,0,0,0,0,0,0,0
2004,410193,1,1,7,7,7,7,7,7,7,7,7,7
2004,410193,2,1,0,0,0,0,0,0,0,0,0,0
2004,410194,0,1,0,0,0,0,0,0,0,0,0,0
2004,410194,1,1,26,26,26,26,26,26,26,26,26,26
2004,410195,1,1,16,16,16,16,16,16,16,16,16,16
2004,410196,1,1,0,0,0,0,4,0,0,0,0,0
2004,410196,2,1,0,0,0,0,0,0,0,0,0,0
2004,410197,1,1,11,11,11,11,11,11,11,11,11,11
2004,410198,1,1,8,8,8,8,8,8,8,8,8,8
2004,410198,2,1,0,0,0,0,0,0,0,0,0,0
2004,410199,0,1,0,0,0,0,0,0,0,0,29,16
2004,410199,1,1,0,0,0,0,0,0,0,0,0,0
2004,410199,2,1,3,3,3,3,3,3,3,3,3,3
2004,410200,1,1,0,0,0,0,0,0,0,0,0,0
2004,410200,2,1,0,0,0,0,0,0,0,0,0,0
2004,410201,1,1,12,12,12,12,12,12,12,12,12,12
2004,410202,1,1,0,0,0,0,0,0,0,0,0,0
2004,410202,2,1,0,0,0,0,0,0,0,0,15,0
2004,410203,1,1,0,0,0,0,0,0,0,0,0,0
2004,410204,1,1,0,9,13,0,0,0,0,0,0,0
2004,410205,1,1,0,0,0,0,0,0,0,0,0,0
2004,410205,2,1,0,0,0,0,0,0,0,0,0,0
2004,410206,1,1,0,0,0,0,0,0,0,0,0,0
2004,410206,2,1,0,0,0,0,0,0,0,0,0,0
2004,410207,1,1,0,0,0,0,0,0,0,0,0,0
2004,410207,2,1,0,0,0,0,0,0,0,0,0,0
2004,410208,1,1,0,0,0,0,0,0,0,0,0,0
2004,410208,2,1,0,0,0,0,0,0,0,0,0,0