YEAR,ST_CASE,veh_no,per_no,P1,P2,P3,P4,P5,P6,P7,P8,P9,P10
2004,410209,1,1,0,0,0,0,0,0,0,0,0,0
2004,410210,0,1,0,0,0,0,0,0,0,0,0,0
2004,410210,1,1,0,0,0,0,0,0,0,0,0,0
2004,410211,1,1,10,0,0,21,0,0,15,0,0,0
2004,410211,2,1,0,0,0,0,0,0,0,0,0,0
2004,410212,1,1,0,0,0,0,0,0,0,0,0,0
2004,410212,2,1,0,0,0,0,0,0,0,0,0,0
2004,410212,3,1,0,0,0,0,0,0,0,0,0,0
2004,410212,4,1,0,0,0,0,0,0,0,0,0,0
2004,410213,1,1,0,0,0,0,0,0,0,0,0,0
2004,410213,2,1,0,0,0,0,0,0,0,0,0,0
2004,410214,0,1,24,24,24,24,24,24,24,24,24,24
2004,410214,1,1,0,0,8,0,0,10,0,0,0,0
2004,410215,1,1,0,0,0,0,0,0,0,0,0,0
2004,410216,1,1,22,22,22,22,22,22,22,22,22,22
2004,410217,1,1,0,0,0,0,0,0,0,0,0,0
2004,410217,2,1,0,0,0,0,0,0,0,0,0,0
2004,410218,1,1,0,0,0,0,0,0,0,0,0,0
2004,410219,1,1,0,0,0,0,0,0,0,0,0,0
2004,410219,2,1,0,0,0,0,0,0,0,0,0,0
2004,410220,1,1,0,0,0,0,0,0,0,0,0,0
2004,410220,2,1,0,0,0,0,0,0,0,0,0,12
2004,410221,1,1,0,0,0,10,0,0,7,0,0,0
2004,410222,1,1,0,0,0,0,0,0,0,0,0,0
2004,410223,1,1,0,0,0,0,0,0,0,0,0,0
2004,410224,1,1,0,0,0,0,0,0,0,0,0,0
2004,410224,2,1,0,0,0,0,0,0,0,0,0,0
2004,410224,3,1,0,0,0,0,0,0,0,0,0,0
2004,410225,1,1,1,1,1,1,1,1,1,1,1,1
2004,410226,1,1,17,17,17,17,17,17,17,17,17,17
2004,410227,1,1,24,24,24,24,24,24,24,24,24,24
2004,410227,2,1,8,0,0,0,0,0,0,0,0,0
2004,410228,1,1,0,0,0,0,0,0,0,0,0,0
2004,410229,1,1,0,0,0,0,0,0,0,0,0,0
2004,410230,1,1,0,0,0,0,0,0,0,0,0,0
2004,410231,1,1,0,0,0,0,0,0,0,0,0,0
2004,410231,2,1,0,0,0,0,0,0,0,0,0,0
2004,410232,1,1,0,0,0,0,0,0,0,0,0,0
2004,410233,1,1,0,0,0,0,0,0,0,0,0,0
2004,410234,1,1,11,11,11,11,11,11,11,11,11,11
2004,410235,1,1,0,0,0,0,0,0,0,0,0,0
2004,410236,1,1,0,0,0,0,0,0,0,0,0,0
2004,410237,1,1,0,0,0,0,0,0,0,0,0,0
2004,410237,2,1,0,0,0,0,0,0,17,0,0,0
2004,410237,3,1,0,0,0,0,0,0,0,6,0,0
2004,410238,1,1,0,0,0,0,0,0,0,0,0,8
2004,410238,2,1,0,0,0,0,0,0,0,0,0,3
2004,410239,0,1,0,0,0,0,0,0,0,0,0,0
2004,410239,1,1,0,0,0,0,0,0,0,0,0,0
2004,410240,1,1,23,23,23,23,23,23,23,23,23,23
2004,410241,0,1,0,0,0,0,0,0,0,0,0,0
2004,410241,1,1,0,0,0,0,0,0,0,0,0,0
2004,410242,1,1,0,0,0,0,0,0,0,0,0,0
2004,410243,1,1,17,17,17,17,17,17,17,17,17,17
2004,410244,1,1,15,15,15,15,15,15,15,15,15,15
2004,410245,0,1,0,0,0,0,0,4,0,0,0,14
2004,410245,1,1,0,0,0,0,0,0,0,0,0,0
2004,410246,1,1,0,0,0,0,0,0,0,0,0,0
2004,410247,1,1,11,11,11,11,11,11,11,11,11,11
2004,410248,1,1,22,22,22,22,22,22,22,22,22,22
2004,410249,1,1,10,10,10,10,10,10,10,10,10,10
2004,410250,1,1,0,0,0,0,0,0,0,0,0,0
2004,410250,2,1,0,0,0,0,0,0,0,0,0,0
2004,410250,3,1,0,23,0,0,0,0,0,0,0,0
2004,410251,1,1,0,0,0,0,0,0,0,0,0,0
2004,410251,2,1,1,1,1,1,1,1,1,1,1,1
2004,410252,1,1,0,0,0,0,0,0,0,0,0,0
2004,410252,2,1,0,0,0,0,0,0,0,0,0,0
2004,410253,1,1,0,0,0,0,0,0,0,0,0,0
2004,410253,2,1,0,0,0,0,0,0,0,0,0,0
2004,410254,1,1,0,0,0,0,0,0,0,0,0,0
2004,410255,1,1,0,0,0,0,0,0,0,0,0,0
2004,410256,1,1,1,1,1,1,1,1,1,1,1,1
2004,410257,1,1,0,0,0,20,0,0,0,3,0,0
2004,410257,2,1,0,0,0,0,0,0,0,0,0,0
2004,410258,0,1,0,0,0,0,0,0,0,0,0,0
2004,410258,1,1,0,27,14,0,16,20,7,24,0,11
2004,410259,1,1,1,1,1,1,1,1,1,1,1,1
2004,410260,1,1,0,0,0,0,0,0,0,0,0,0
2004,410261,1,1,0,0,0,0,0,0,0,0,0,0
2004,410261,2,1,0,0,0,0,0,0,0,0,0,0
2004,410262,1,1,0,0,0,0,0,0,0,0,0,0
2004,410262,2,1,0,0,0,0,0,0,0,0,0,0
2004,410263,1,1,9,9,9,9,9,9,9,9,9,9
2004,410264,0,1,10,10,10,10,10,10,10,10,10,10
2004,410264,1,1,5,5,5,5,5,5,5,5,5,5
2004,410265,1,1,14,10,20,7,22,21,10,21,4,25
2004,410266,1,1,0,0,0,0,0,0,0,0,0,0
2004,410266,2,1,0,0,0,0,0,0,0,0,0,0
2004,410267,1,1,0,0,0,0,0,0,0,0,0,0
2004,410267,2,1,0,0,0,0,0,0,0,0,0,0
2004,410268,1,1,0,19,0,0,0,0,0,0,0,0
2004,410268,2,1,0,0,0,0,0,0,0,0,0,0
2004,410268,3,1,0,0,0,0,0,0,0,0,0,0
2004,410268,4,1,0,0,0,0,0,0,0,0,0,0
2004,410269,1,1,22,22,22,22,22,22,22,22,22,22
2004,410269,2,1,0,0,0,0,0,0,0,0,0,0
2004,410270,1,1,0,0,0,0,0,0,0,0,0,0
2004,410270,2,1,0,0,0,0,0,0,0,0,0,0
2004,410271,1,1,0,0,0,0,2,0,0,0,0,0
2004,410272,1,1,28,28,28,28,28,28,28,28,28,28
2004,410273,1,1,0,0,0,0,0,0,0,0,0,0
2004,410273,2,1,0,0,0,0,0,0,0,0,0,0
2004,410274,1,1,0,0,39,0,0,0,0,0,0,0
2004,410274,2,1,0,0,0,0,0,0,0,0,0,0
2004,410275,1,1,0,0,0,0,0,0,0,0,0,0
2004,410277,0,1,0,0,0,0,0,0,0,0,0,0
2004,410277,1,1,0,0,0,0,0,0,0,0,0,0
2004,410278,1,1,0,0,0,0,0,0,0,0,0,0
2004,410280,1,1,19,19,19,19,19,19,19,19,19,19
2004,410281,1,1,0,0,0,0,0,0,0,0,0,0
2004,410281,2,1,0,0,0,0,0,0,0,0,0,0
2004,410282,1,1,25,25,25,25,25,25,25,25,25,25
2004,410283,0,1,0,0,0,0,0,0,0,0,0,0
2004,410283,1,1,0,0,0,0,0,0,0,0,0,0
2004,410284,1,1,0,0,0,0,0,0,0,0,0,0
2004,410285,1,1,23,23,23,23,23,23,23,23,23,23
2004,410286,1,1,0,0,0,0,0,0,0,0,0,0
2004,410287,1,1,23,23,23,23,23,23,23,23,23,23
2004,410288,1,1,17,17,17,17,17,17,17,17,17,17
2004,410289,1,1,0,0,0,0,0,0,0,0,0,0
2004,410289,2,1,0,0,0,0,0,0,0,0,0,5
2004,410290,1,1,0,0,0,0,0,0,0,0,0,0
2004,410290,2,1,0,0,0,0,0,0,0,0,0,0
2004,410291,1,1,0,0,0,0,0,0,0,0,0,0
2004,410292,0,1,0,0,0,0,0,0,0,0,0,0
2004,410292,1,1,0,0,0,0,0,0,0,0,0,0
2004,410293,1,1,8,8,8,8,8,8,8,8,8,8
2004,410293,2,1,0,0,0,0,0,0,0,0,0,0
2004,410294,0,1,7,0,0,0,0,22,0,25,0,15
2004,410294,1,1,0,0,0,0,0,0,0,0,0,0
2004,410295,1,1,0,0,0,0,0,0,0,0,0,0
2004,410295,2,1,9,0,0,19,0,0,0,11,0,0
2004,410296,1,1,0,0,0,0,0,0,0,0,0,0
2004,410297,1,1,0,0,0,0,0,0,0,0,0,0
2004,410297,2,1,0,0,0,0,0,0,3,0,0,0
2004,410297,3,1,0,0,0,0,0,0,0,0,0,0
2004,410298,1,1,3,3,3,3,3,3,3,3,3,3
2004,410299,1,1,0,0,0,0,0,0,0,0,0,0
2004,410300,1,1,0,0,0,0,0,0,0,0,0,0
2004,410300,2,1,0,0,0,0,0,0,0,0,0,0
2004,410301,1,1,0,0,0,0,0,0,0,0,0,0
2004,410301,2,1,0,0,0,0,0,0,0,0,0,0
2004,410302,1,1,10,10,10,10,10,10,10,10,10,10
2004,410303,1,1,0,0,0,0,0,0,0,0,0,0
2004,410303,2,1,0,0,0,0,0,0,0,0,0,0
2004,410304,1,1,0,0,0,0,0,0,0,0,0,0
2004,410304,2,1,0,0,0,10,0,0,0,0,0,3
2004,410305,0,1,0,0,0,0,0,0,0,0,0,0
2004,410305,1,1,0,0,0,0,0,0,0,0,0,0
2004,410306,0,1,0,23,26,0,29,22,0,0,0,0
2004,410306,1,1,0,0,0,0,0,0,0,0,0,0
2004,410307,1,1,9,9,9,9,9,9,9,9,9,9
2004,410308,1,1,0,0,0,0,0,0,0,0,0,0
2004,410308,2,1,0,0,0,0,0,0,0,0,0,0
2004,410309,0,1,13,13,13,13,13,13,13,13,13,13
2004,410309,1,1,0,0,0,0,0,0,0,0,0,0
2004,410310,0,1,0,0,0,0,0,0,0,18,0,0
2004,410310,1,1,0,0,0,9,0,0,0,0,0,0
2004,410311,0,1,12,12,12,12,12,12,12,12,12,12
2004,410311,1,1,0,0,0,0,0,0,0,0,0,0
2004,410312,1,1,28,28,28,28,28,28,28,28,28,28
2004,410313,1,1,0,0,0,0,0,0,0,0,0,0
2004,410313,2,1,0,0,0,0,0,0,0,0,0,0
2004,410314,0,1,0,0,0,0,0,0,0,0,0,0
2004,410314,1,1,0,0,0,0,0,0,0,0,0,0
2004,410315,1,1,0,0,0,0,0,0,0,0,0,0
2004,410316,0,1,28,28,28,28,28,28,28,28,28,28
2004,410316,1,1,0,0,15,0,0,0,0,23,0,0
2004,410317,1,1,17,17,17,17,17,17,17,17,17,17
2004,410318,1,1,0,0,0,0,0,0,0,0,0,0
2004,410319,1,1,10,10,10,10,10,10,10,10,10,10
2004,410320,1,1,0,0,0,0,0,0,0,0,0,0
2004,410320,2,1,0,0,0,0,0,0,0,0,0,0
2004,410320,3,1,0,0,0,0,0,0,0,0,0,0
2004,410321,1,1,15,15,15,15,15,15,15,15,15,15
2004,410322,1,1,0,0,0,0,0,0,0,0,0,0
2004,410323,1,1,0,0,0,0,0,0,0,0,0,0
2004,410323,2,1,0,0,0,0,0,0,0,0,0,10
2004,410324,0,1,0,0,0,0,0,0,0,0,0,0
2004,410324,1,1,0,0,0,0,0,0,0,0,0,0
2004,410325,1,1,0,0,0,0,0,0,0,0,0,0
2004,410325,2,1,0,0,0,0,0,0,0,29,0,8
2004,410326,1,1,20,20,20,20,20,20,20,20,20,20
2004,410326,2,1,0,0,0,0,0,0,0,0,0,0
2004,410326,3,1,17,0,0,0,0,0,0,0,0,0
2004,410327,1,1,0,0,0,0,0,0,0,0,0,0
2004,410328,1,1,0,0,0,0,0,0,0,0,0,0
2004,410328,2,1,1,1,1,1,1,1,1,1,1,1
2004,410328,3,1,0,0,0,0,0,0,0,0,0,0
2004,410329,1,1,28,28,28,28,28,28,28,28,28,28
2004,410330,1,1,18,18,18,18,18,18,18,18,18,18
2004,410330,2,1,0,10,12,0,0,0,16,0,0,0
2004,410330,3,1,0,0,4,0,25,0,0,0,5,8
2004,410331,1,1,0,0,0,0,0,0,0,0,0,0
2004,410331,2,1,0,0,0,0,0,0,0,0,0,0
2004,410332,1,1,0,0,0,0,0,0,0,0,0,0
2004,410332,2,1,0,0,0,0,0,0,0,0,0,0
2004,410333,1,1,0,0,0,0,0,0,0,0,0,0
2004,410333,2,1,0,0,0,0,0,0,0,0,0,0
2004,410334,0,1,24,24,24,24,24,24,24,24,24,24
2004,410334,1,1,0,0,0,0,0,0,0,0,0,0
2004,410335,0,1,0,0,0,0,0,0,0,0,0,0
2004,410335,1,1,0,0,0,0,0,0,0,0,0,0
2004,410336,1,1,13,13,13,13,13,13,13,13,13,13
2004,410337,0,1,0,0,0,0,0,0,0,0,0,0
2004,410337,1,1,0,0,0,0,0,0,0,0,0,0
2004,410338,1,1,0,0,0,0,0,0,0,0,0,0
2004,410338,2,1,0,0,0,0,0,0,0,0,0,0
2004,410338,3,1,0,0,0,0,0,0,0,0,0,0
2004,410339,1,1,7,7,7,7,7,7,7,7,7,7
2004,410340,1,1,0,0,0,0,0,0,0,0,0,0
2004,410341,1,1,0,0,0,0,0,0,0,0,0,0
2004,410342,0,1,15,15,15,15,15,15,15,15,15,15
2004,410342,1,1,4,4,4,4,4,4,4,4,4,4
2004,410343,1,1,17,17,17,17,17,17,17,17,17,17
2004,410344,1,1,0,0,0,0,0,0,0,0,0,0
2004,410345,1,1,14,14,14,14,14,14,14,14,14,14
2004,410346,1,1,0,0,0,0,0,0,0,0,0,23
2004,410347,0,1,0,0,0,8,28,0,0,0,42,0
2004,410347,1,1,12,12,12,12,12,12,12,12,12,12
2004,410348,1,1,16,16,16,16,16,16,16,16,16,16
2004,410349,1,1,0,0,0,0,0,0,0,0,0,0
2004,410349,2,1,0,0,0,0,0,0,0,0,0,0
2004,410349,3,1,13,0,0,0,0,0,0,0,0,0
2004,410350,0,1,0,0,0,0,0,0,0,0,0,0
2004,410350,1,1,0,0,0,0,0,0,0,0,0,0
2004,410351,1,1,0,0,0,0,0,0,0,0,0,0
2004,410352,1,1,0,0,0,0,0,0,0,0,0,0
2004,410352,2,1,0,0,0,0,0,0,16,0,0,0
2004,410353,1,1,0,0,0,0,0,0,0,0,0,0
2004,410353,2,1,0,0,0,0,0,0,0,0,0,0
2004,410354,1,1,0,0,0,0,0,0,0,0,0,0
2004,410354,2,1,0,0,0,0,0,0,0,0,0,0
2004,410354,3,1,0,0,0,0,0,0,0,0,0,0
2004,410355,1,1,0,0,0,0,0,0,0,0,0,0
2004,410355,2,1,0,0,0,0,0,0,0,0,0,0
2004,410356,1,1,0,0,0,8,0,0,32,0,0,0
2004,410357,1,1,0,0,0,0,0,0,0,0,0,0
2004,410358,1,1,16,16,16,16,16,16,16,16,16,16
2004,410359,1,1,15,0,0,0,0,0,7,0,0,21
2004,410360,1,1,9,9,9,9,9,9,9,9,9,9
2004,410360,2,1,0,0,0,0,0,0,0,0,0,0
2004,410361,1,1,0,0,0,0,0,0,0,0,0,0
2004,410361,2,1,0,0,0,0,0,0,0,0,0,0
2004,410362,0,1,19,19,19,19,19,19,19,19,19,19
2004,410362,1,1,0,0,0,0,0,0,0,0,0,0
2004,410363,0,1,0,0,0,0,0,0,0,0,0,0
2004,410363,1,1,0,0,0,0,0,0,0,0,0,0
2004,410364,1,1,0,0,0,0,0,0,0,0,0,0
2004,410365,1,1,12,12,12,12,12,12,12,12,12,12
2004,410366,1,1,0,0,0,0,0,0,0,0,0,0
2004,410367,1,1,0,0,0,0,0,0,0,0,0,0
2004,410367,2,1,0,0,0,0,0,0,26,0,0,0
2004,410368,1,1,22,22,22,22,22,22,22,22,22,22
2004,410369,1,1,15,15,15,15,15,15,15,15,15,15
2004,410370,1,1,0,0,0,0,0,0,0,0,0,0
2004,410371,1,1,0,0,0,0,0,0,0,0,0,0
2004,410371,2,1,0,0,0,0,0,0,0,0,0,0
2004,410372,1,1,6,6,6,6,6,6,6,6,6,6
2004,410373,0,1,0,0,0,0,0,0,0,0,0,0
2004,410373,1,1,0,0,0,10,0,0,0,0,0,0
2004,410374,1,1,0,0,0,0,0,0,0,0,0,0
2004,410374,2,1,0,0,0,0,0,0,0,0,0,0
2004,410374,3,1,0,12,0,0,0,0,0,0,0,0
2004,410374,4,1,0,0,0,0,0,0,0,0,0,0
2004,410375,1,1,0,0,0,0,0,0,0,0,0,0
2004,410375,2,1,0,0,0,0,0,0,0,0,0,0
2004,410376,0,1,0,0,0,0,0,0,0,0,0,0
2004,410376,1,1,0,0,0,0,0,0,0,0,0,0
2004,410377,0,1,27,0,21,0,0,16,0,0,0,16
2004,410377,1,1,0,0,0,7,10,0,0,0,14,0
2004,410378,1,1,11,24,0,30,3,0,13,0,17,23
2004,410379,1,1,0,24,0,0,0,0,19,12,0,0
2004,410380,1,1,0,0,5,0,0,0,0,0,0,0
2004,410381,0,1,0,0,0,0,0,0,0,0,0,0
2004,410381,1,1,0,0,0,0,0,0,0,0,0,0
2004,410382,1,1,0,0,0,0,0,0,0,0,0,0
2004,410382,2,1,0,39,0,0,0,0,0,0,0,0
2004,410383,1,1,11,11,11,11,11,11,11,11,11,11
2004,410384,0,1,0,0,0,6,18,0,33,33,38,0
2004,410384,1,1,0,0,0,0,0,0,0,0,0,0
2004,410385,1,1,9,0,20,11,23,0,17,20,14,32
2004,410386,1,1,0,0,0,0,0,0,0,0,0,0
2004,410387,1,1,13,13,13,13,13,13,13,13,13,13
2004,410387,2,1,0,0,0,0,0,0,0,0,0,0
2004,410388,1,1,0,0,0,0,0,0,0,0,0,0
2004,410389,1,1,12,14,7,13,17,13,11,11,22,20
2004,410390,1,1,19,19,19,19,19,19,19,19,19,19
2004,410390,2,1,19,0,0,0,0,0,0,0,0,0
2004,410391,1,1,0,0,0,0,0,0,0,0,0,0
2004,410391,2,1,0,0,0,0,0,0,0,0,0,0
2004,410391,3,1,0,0,0,0,0,0,0,0,0,0
2004,410392,1,1,0,0,0,0,0,0,0,0,0,0
2004,420001,1,1,12,12,12,12,12,12,12,12,12,12
2004,420002,1,1,0,0,0,0,0,0,0,0,0,0
2004,420003,1,1,0,0,0,0,0,0,0,0,0,0
2004,420004,1,1,0,0,0,0,0,0,0,0,0,0
2004,420005,1,1,16,0,0,0,0,0,0,9,0,14
2004,420006,1,1,0,0,0,0,0,0,0,0,0,0
2004,420007,1,1,0,0,0,0,0,0,0,0,0,0
2004,420008,0,1,0,0,0,0,0,0,0,0,0,0
2004,420008,1,1,18,18,18,22,22,23,23,15,3,20
2004,420009,0,1,0,0,0,0,0,0,0,0,0,0
2004,420009,1,1,0,0,0,0,0,0,0,0,0,0
2004,420010,0,1,0,0,0,0,0,0,0,0,0,0
2004,420010,1,1,0,0,0,0,0,0,0,0,0,0
2004,420011,1,1,0,0,0,0,0,0,0,0,0,0
2004,420012,0,1,0,0,0,0,0,0,0,0,0,0
2004,420012,1,1,0,0,0,0,0,0,0,0,0,0
2004,420013,1,1,0,0,0,0,0,0,0,0,0,0
2004,420013,2,1,0,0,0,0,0,0,0,0,0,0
2004,420014,1,1,0,0,0,0,0,0,17,0,0,16
2004,420014,2,1,0,0,0,0,0,0,0,0,0,0
2004,420014,3,1,0,0,0,0,0,0,0,0,0,0
2004,420015,1,1,0,0,0,0,0,14,0,0,0,0
2004,420015,2,1,0,0,0,0,0,0,0,0,0,0
2004,420016,1,1,0,0,0,0,0,0,0,0,0,0
2004,420016,2,1,0,0,0,0,0,0,0,0,0,0
2004,420016,3,1,0,0,0,0,0,0,0,0,0,0
2004,420016,4,1,0,0,0,0,0,0,0,0,0,0
2004,420016,5,1,0,0,0,0,0,0,0,0,0,0
2004,420016,6,1,0,0,0,0,0,0,0,0,0,0
2004,420016,7,1,0,0,0,0,0,0,0,0,0,0
2004,420016,8,1,0,0,0,0,0,0,0,0,0,0
2004,420016,9,1,0,0,0,0,0,0,0,0,0,0
2004,420016,10,1,0,0,0,0,0,0,0,0,0,0
2004,420016,11,1,0,0,0,0,0,0,0,0,0,0
2004,420016,12,1,0,0,0,0,0,0,0,0,0,0
2004,420016,13,1,0,0,0,0,0,0,0,0,0,0
2004,420016,14,1,0,0,0,0,0,0,0,0,0,0
2004,420016,15,1,0,0,0,0,0,0,0,0,0,0
2004,420016,16,1,0,0,0,0,0,0,0,0,0,0
2004,420016,17,1,0,0,0,0,0,0,0,0,0,0
2004,420016,18,1,0,0,0,0,0,0,0,0,0,0
2004,420016,19,1,0,0,0,4,0,0,0,0,0,0
2004,420016,20,1,0,0,0,0,0,0,11,0,0,0
2004,420016,21,1,0,0,0,0,0,0,0,0,0,0
2004,420016,22,1,0,0,0,0,0,0,0,0,0,0
2004,420016,23,1,0,0,0,0,0,0,0,0,0,0
2004,420016,24,1,0,0,0,0,0,0,0,0,0,0
2004,420016,25,1,0,0,0,0,0,0,0,0,0,0
2004,420016,26,1,0,0,0,0,0,0,0,0,0,0
2004,420016,27,1,0,0,0,0,0,0,0,0,0,0
2004,420016,28,1,0,0,0,0,0,0,0,0,0,0
2004,420016,29,1,0,0,0,0,0,0,0,0,0,0
2004,420016,30,1,0,0,0,0,0,0,0,0,0,0
2004,420016,31,1,0,0,0,0,0,0,0,0,0,0
2004,420016,32,1,0,0,0,0,0,0,0,0,0,0
2004,420016,33,1,0,0,0,0,0,0,0,0,0,0
2004,420016,34,1,0,0,0,0,0,0,0,0,3,0
2004,420016,35,1,0,0,0,0,0,0,0,22,21,0
2004,420016,36,1,0,0,0,0,0,0,0,0,0,0
2004,420016,37,1,0,0,0,0,5,0,0,0,0,0
2004,420016,38,1,0,0,0,0,0,0,0,0,0,4
2004,420016,39,1,0,0,0,0,0,0,0,0,0,0
2004,420016,40,1,0,0,0,0,0,0,0,0,0,0
2004,420016,41,1,0,0,0,0,0,0,0,0,0,0
2004,420016,42,1,0,0,0,0,0,0,0,0,0,0
2004,420017,1,1,39,39,39,39,39,39,39,39,39,39
2004,420018,1,1,0,0,0,0,0,0,0,0,0,0
2004,420018,2,1,0,0,0,0,0,0,0,0,0,0
2004,420019,1,1,10,15,14,49,8,34,12,14,7,22
2004,420020,1,1,27,16,18,5,11,20,11,6,7,19
2004,420021,1,1,0,0,0,0,0,0,0,0,0,0
2004,420021,2,1,0,0,0,0,0,7,0,0,0,0
2004,420022,1,2,0,0,0,0,0,0,0,0,0,0
2004,420022,2,1,0,0,0,0,0,0,0,0,0,0
2004,420023,1,1,18,18,18,18,18,18,18,18,18,18
2004,420024,1,1,28,28,28,28,28,28,28,28,28,28
2004,420025,1,1,0,0,0,0,0,0,0,0,0,0
2004,420026,1,1,25,25,25,25,25,25,25,25,25,25
2004,420027,1,1,18,18,18,18,18,18,18,18,18,18
2004,420028,1,1,0,0,0,0,0,0,0,0,0,0
2004,420029,1,1,0,0,0,0,0,0,0,0,0,0
2004,420029,2,1,0,0,0,0,0,0,0,0,0,0
2004,420030,1,1,24,24,24,24,24,24,24,24,24,24
2004,420030,2,1,0,0,0,0,0,0,0,0,0,0
2004,420031,1,1,0,0,0,0,0,0,0,0,0,0
2004,420032,1,1,0,2,0,0,0,0,0,0,0,0
2004,420033,1,1,33,33,14,0,0,0,0,28,0,0
2004,420034,1,1,0,0,0,0,0,0,0,0,0,0
2004,420034,2,1,0,0,0,0,0,0,0,0,0,0
2004,420035,1,1,0,0,0,0,0,0,0,0,0,0
2004,420035,2,1,0,0,0,0,0,0,0,0,0,0
2004,420036,1,1,32,32,32,32,32,32,32,32,32,32
2004,420037,0,1,0,0,0,0,0,0,0,0,12,0
2004,420037,1,1,0,0,0,0,0,0,0,0,0,0
2004,420038,1,1,19,19,19,19,19,19,19,19,19,19
2004,420039,1,1,8,8,8,8,8,8,8,8,8,8
2004,420039,2,1,0,0,0,0,0,0,0,0,0,0
2004,420040,1,1,0,0,0,0,0,0,0,0,0,0
2004,420041,1,1,10,10,10,10,10,10,10,10,10,10
2004,420042,1,1,9,9,9,9,9,9,9,9,9,9
2004,420043,1,1,0,0,0,0,0,0,0,0,0,0
2004,420043,2,1,0,0,0,0,0,0,0,0,0,0
2004,420044,1,1,27,27,27,27,27,27,27,27,27,27
2004,420045,1,1,29,29,29,29,29,29,29,29,29,29
2004,420046,1,1,0,0,0,0,0,0,0,0,0,0
2004,420047,1,1,27,27,27,27,27,27,27,27,27,27
2004,420048,1,1,23,12,0,0,27,17,29,0,16,0
2004,420049,1,1,0,0,0,0,0,0,0,0,0,0
2004,420049,2,1,5,0,0,2,0,0,0,0,4,0
2004,420050,1,1,13,16,0,0,0,0,0,21,12,9
2004,420051,1,1,28,28,28,28,28,28,28,28,28,28
2004,420052,1,1,0,0,0,0,0,0,0,0,0,0
2004,420053,1,1,12,14,0,21,35,28,28,31,28,20
2004,420054,1,1,13,39,39,12,8,12,15,21,21,13
2004,420054,2,1,9,0,0,0,0,0,0,0,0,0
2004,420054,3,1,18,9,0,0,0,8,0,15,0,17
2004,420055,0,1,0,0,0,0,0,0,0,0,0,0
2004,420055,1,1,0,0,0,0,0,0,0,0,0,0
2004,420056,1,1,0,0,0,0,0,0,0,0,0,0
2004,420056,2,1,0,0,0,0,0,0,0,0,0,0
2004,420057,1,1,9,9,9,9,9,9,9,9,9,9
2004,420058,1,1,0,0,0,0,21,0,0,15,0,15
2004,420059,1,1,5,0,0,0,0,0,9,0,0,0
2004,420060,1,1,28,28,28,28,28,28,28,28,28,28
2004,420061,1,1,0,0,0,0,0,0,0,0,0,0
2004,420061,2,1,0,0,0,0,0,0,0,0,0,0
2004,420062,0,1,0,0,0,0,0,0,0,0,0,0
2004,420062,0,2,0,0,0,0,0,0,0,0,0,0
2004,420062,1,1,41,31,23,18,31,30,11,17,29,3
2004,420063,1,1,0,0,0,0,0,0,0,0,0,0
2004,420063,2,1,0,0,0,0,0,0,0,0,0,0
2004,420064,1,1,0,0,0,0,0,0,0,0,0,0
2004,420065,1,1,0,0,0,0,0,0,0,0,0,0
2004,420065,2,1,0,0,0,4,0,0,0,0,0,0
2004,420065,3,1,0,0,0,0,0,0,0,0,0,0
2004,420066,0,1,20,39,40,29,19,8,13,22,47,26
2004,420066,1,1,0,0,0,0,0,0,0,0,0,0
2004,420067,1,1,0,0,0,0,0,0,0,0,0,0
2004,420067,2,1,0,0,0,0,0,0,0,0,0,0
2004,420068,1,1,25,25,25,25,25,25,25,25,25,25
2004,420068,2,1,0,0,0,0,0,0,0,0,0,0
2004,420069,1,1,21,21,21,21,21,21,21,21,21,21
2004,420070,1,1,0,0,0,0,0,0,0,0,0,0
2004,420071,1,1,0,0,0,0,0,0,0,0,0,0
2004,420072,1,1,16,16,16,16,16,16,16,16,16,16
2004,420073,1,1,0,0,0,0,0,0,0,0,0,0
2004,420073,2,2,0,0,0,0,0,0,0,10,0,0
2004,420074,0,1,15,15,15,15,15,15,15,15,15,15
2004,420074,1,1,0,0,0,0,0,0,0,0,0,0
2004,420075,1,3,0,0,0,0,0,0,0,0,0,0
2004,420075,2,1,0,0,0,0,0,0,0,0,0,0
2004,420076,1,1,0,15,0,12,0,0,0,0,0,0
2004,420076,2,1,0,0,0,0,0,0,0,0,0,0
2004,420077,1,1,18,18,18,18,18,18,18,18,18,18
2004,420078,1,1,0,0,0,0,0,0,0,0,0,0
2004,420078,2,1,0,0,0,0,0,0,0,0,0,0
2004,420079,1,1,26,26,26,26,26,26,26,26,26,26
2004,420080,0,1,0,0,0,0,0,0,0,0,0,0
2004,420080,0,2,0,0,0,0,0,0,0,0,0,0
2004,420080,1,1,0,0,0,0,0,0,0,0,0,0
2004,420081,0,1,0,0,0,0,0,0,0,0,0,0
2004,420081,1,1,0,0,0,0,0,0,0,0,0,0
2004,420082,1,1,20,20,20,20,20,20,20,20,20,20
2004,420083,0,1,0,0,0,0,0,0,0,0,0,0
2004,420083,1,1,0,0,0,0,0,0,0,0,0,0
2004,420084,1,1,0,0,0,0,0,0,0,0,0,0
2004,420085,1,1,27,27,27,27,27,27,27,27,27,27
2004,420086,1,1,0,0,0,0,0,0,0,0,0,0