YEAR,ST_CASE,veh_no,per_no,P1,P2,P3,P4,P5,P6,P7,P8,P9,P10
2004,420087,1,1,16,16,16,16,16,16,16,16,16,16
2004,420088,1,1,14,14,14,14,14,14,14,14,14,14
2004,420089,1,1,0,0,0,0,0,0,0,14,0,19
2004,420089,2,1,0,13,0,0,0,0,0,0,0,0
2004,420089,3,1,0,0,0,0,0,0,0,0,0,0
2004,420090,1,1,22,22,22,22,22,22,22,22,22,22
2004,420091,1,1,14,14,14,14,14,14,14,14,14,14
2004,420092,1,1,0,0,0,0,0,0,0,0,0,0
2004,420092,2,1,0,0,0,0,0,0,0,0,0,0
2004,420092,3,1,0,0,0,0,0,0,0,0,0,0
2004,420093,1,1,30,10,17,14,31,0,12,25,8,14
2004,420093,2,1,0,0,0,0,0,0,0,0,0,0
2004,420094,0,1,0,0,0,0,0,0,0,0,0,0
2004,420094,1,1,0,0,0,0,0,0,0,0,0,0
2004,420095,0,1,0,0,0,0,0,0,0,10,0,0
2004,420095,1,1,0,0,0,0,0,0,0,0,0,0
2004,420096,1,1,0,0,0,0,5,0,0,0,0,0
2004,420096,2,1,0,0,0,0,0,0,0,0,18,0
2004,420097,1,1,16,8,15,13,0,20,17,7,10,8
2004,420097,2,1,24,24,24,24,24,24,24,24,24,24
2004,420098,1,1,16,0,6,0,0,0,0,0,0,16
2004,420099,0,1,0,0,0,0,0,0,0,0,0,0
2004,420099,1,1,0,0,0,0,0,0,0,0,19,0
2004,420100,1,1,14,14,14,14,14,14,14,14,14,14
2004,420101,1,1,23,23,23,23,23,23,23,23,23,23
2004,420102,0,1,0,0,0,0,0,0,0,0,0,0
2004,420102,1,1,0,0,0,0,0,0,0,0,0,0
2004,420103,1,1,24,24,24,24,24,24,24,24,24,24
2004,420104,1,1,26,26,26,26,26,26,26,26,26,26
2004,420104,2,1,0,0,0,0,0,0,0,0,0,0
2004,420105,1,1,16,16,16,16,16,16,16,16,16,16
2004,420106,1,1,0,0,0,0,0,0,0,0,0,0
2004,420106,2,1,0,0,0,28,0,0,0,0,17,0
2004,420107,1,1,0,0,0,0,0,0,0,0,0,0
2004,420107,2,1,0,0,0,0,0,0,0,0,0,0
2004,420107,3,1,0,0,0,0,0,0,0,0,0,0
2004,420108,1,1,4,4,4,4,4,4,4,4,4,4
2004,420108,2,1,0,0,0,0,0,0,0,0,0,0
2004,420109,1,1,0,0,0,0,0,0,0,0,0,0
2004,420110,1,1,0,0,0,0,0,0,0,0,0,0
2004,420110,2,1,0,0,0,0,0,0,0,0,0,0
2004,420111,1,1,7,7,7,7,7,7,7,7,7,7
2004,420112,0,1,0,0,0,0,0,0,0,0,0,0
2004,420112,1,1,0,0,11,0,0,0,0,0,0,0
2004,420113,1,1,0,0,0,0,0,0,0,0,0,0
2004,420114,0,1,14,21,0,0,14,0,34,19,0,25
2004,420114,1,1,0,0,0,0,0,0,0,0,0,0
2004,420115,1,2,0,0,0,0,0,0,0,0,0,10
2004,420115,2,1,0,0,0,0,0,0,0,0,0,0
2004,420115,3,1,0,0,0,0,0,0,0,0,13,0
2004,420116,1,1,0,0,0,20,0,0,0,0,0,0
2004,420117,1,1,0,0,0,0,0,0,0,0,0,0
2004,420117,2,1,0,0,0,0,0,0,0,0,0,0
2004,420118,0,1,19,19,19,19,19,19,19,19,19,19
2004,420118,1,1,0,0,0,0,0,0,0,0,0,0
2004,420119,1,1,0,0,0,0,0,0,0,0,0,0
2004,420120,1,1,0,0,0,0,0,0,0,0,0,0
2004,420121,1,1,0,0,0,0,0,0,0,0,0,0
2004,420121,2,1,0,0,0,27,0,0,0,0,0,0
2004,420122,1,1,0,0,0,0,11,0,0,0,0,0
2004,420122,2,1,0,0,0,27,0,21,0,0,0,0
2004,420123,0,1,21,21,21,21,21,21,21,21,21,21
2004,420123,1,1,0,0,0,0,0,0,0,0,0,0
2004,420124,1,1,0,0,0,0,0,0,0,0,0,0
2004,420124,2,1,5,5,5,5,5,5,5,5,5,5
2004,420125,1,1,0,0,0,0,0,0,0,0,0,0
2004,420126,0,1,20,20,20,20,20,20,20,20,20,20
2004,420126,1,1,0,0,12,0,0,0,0,0,0,0
2004,420127,0,1,24,24,24,24,24,24,24,24,24,24
2004,420127,1,1,16,11,13,25,12,22,16,6,5,5
2004,420128,1,1,0,0,0,0,0,12,0,33,13,8
2004,420128,2,1,0,0,0,0,0,0,0,0,0,0
2004,420129,1,1,18,0,19,0,19,0,15,0,20,0
2004,420129,2,1,24,24,24,24,24,24,24,24,24,24
2004,420130,1,1,12,12,12,12,12,12,12,12,12,12
2004,420131,1,1,25,25,25,25,25,25,25,25,25,25
2004,420131,2,1,0,0,0,0,0,0,0,0,0,0
2004,420132,1,1,0,0,0,0,0,0,0,0,0,0
2004,420133,1,1,17,17,17,17,17,17,17,17,17,17
2004,420134,1,1,0,0,0,0,0,0,0,0,0,0
2004,420135,1,1,29,30,5,15,19,19,10,22,25,37
2004,420135,2,1,0,0,0,0,0,0,0,0,0,0
2004,420136,1,1,0,0,0,0,0,0,0,0,0,0
2004,420136,2,1,0,0,0,0,0,0,0,0,0,0
2004,420137,1,1,0,0,0,0,9,0,0,0,0,0
2004,420137,2,1,0,0,0,0,0,0,0,0,0,0
2004,420137,3,1,0,0,0,0,0,0,0,0,0,0
2004,420138,1,1,0,0,0,0,0,0,0,0,0,0
2004,420138,2,1,0,0,0,0,0,0,0,0,0,0
2004,420139,1,1,0,0,0,0,0,0,0,0,0,0
2004,420139,2,1,0,0,0,0,0,0,0,0,0,0
2004,420140,1,1,0,3,0,0,0,0,0,0,0,0
2004,420140,2,1,0,0,0,0,0,0,0,0,0,0
2004,420141,1,1,0,0,0,0,0,0,0,0,0,0
2004,420141,2,1,0,0,0,0,0,0,0,0,0,0
2004,420142,1,1,0,0,0,0,0,0,0,0,0,0
2004,420143,1,1,0,0,0,0,0,0,0,0,0,0
2004,420143,2,1,0,0,0,0,0,0,0,0,0,0
2004,420144,1,1,0,0,0,0,0,0,0,0,0,0
2004,420145,1,1,0,0,0,0,0,0,0,0,0,0
2004,420146,1,1,0,0,0,0,0,0,0,0,0,0
2004,420146,2,1,0,0,0,0,0,0,0,0,0,0
2004,420147,1,1,0,0,0,0,0,0,0,0,0,0
2004,420147,2,1,0,0,0,0,0,0,0,0,0,0
2004,420148,1,1,15,15,15,15,15,15,15,15,15,15
2004,420148,2,1,0,0,0,0,0,0,0,0,0,0
2004,420149,1,1,0,0,0,13,0,0,0,0,0,0
2004,420149,2,1,0,0,0,0,0,0,0,0,0,0
2004,420149,3,1,0,0,0,0,0,0,0,0,0,0
2004,420149,4,1,0,0,0,0,0,0,0,0,21,0
2004,420150,1,1,31,31,31,31,31,31,31,31,31,31
2004,420150,2,1,15,13,11,14,5,10,13,9,14,27
2004,420151,1,1,0,0,0,0,0,0,0,0,0,0
2004,420152,1,1,0,0,0,0,0,0,0,0,0,0
2004,420153,1,1,17,17,17,17,17,17,17,17,17,17
2004,420153,2,1,0,0,0,0,0,0,0,0,0,0
2004,420154,1,1,0,0,0,0,0,0,0,0,0,0
2004,420154,2,1,0,0,0,0,0,0,0,0,0,0
2004,420154,3,1,0,0,0,0,0,0,0,0,0,0
2004,420154,4,1,0,0,0,0,0,0,0,0,0,17
2004,420155,1,1,8,8,8,8,8,8,8,8,8,8
2004,420156,1,1,7,17,32,23,26,22,16,18,0,21
2004,420157,1,1,0,0,0,17,0,0,0,0,39,12
2004,420158,1,1,13,13,13,13,13,13,13,13,13,13
2004,420159,1,1,0,0,0,0,0,0,0,0,0,0
2004,420159,2,1,0,0,0,0,0,0,0,0,0,0
2004,420160,1,1,16,16,16,16,16,16,16,16,16,16
2004,420160,2,1,0,0,0,0,0,0,0,0,0,0
2004,420161,1,1,20,20,20,20,20,20,20,20,20,20
2004,420162,1,1,0,0,0,0,0,0,0,0,0,0
2004,420162,2,1,13,0,0,0,0,0,15,0,0,0
2004,420163,1,1,0,0,0,0,0,0,0,0,0,0
2004,420164,1,1,0,0,0,0,0,0,0,0,0,0
2004,420164,2,1,0,0,19,0,0,0,0,0,0,0
2004,420164,3,1,0,0,0,0,0,0,0,0,0,0
2004,420165,1,1,16,16,16,16,16,16,16,16,16,16
2004,420165,2,1,19,0,0,0,0,0,0,9,0,0
2004,420166,1,1,0,8,0,0,0,0,0,0,0,0
2004,420166,2,1,0,0,0,0,0,0,0,0,0,0
2004,420167,1,1,0,0,0,0,0,0,0,0,0,0
2004,420167,2,1,0,0,0,0,0,0,0,0,0,0
2004,420168,1,1,5,18,0,0,0,14,0,0,15,0
2004,420168,2,1,0,0,0,0,0,0,7,0,0,0
2004,420169,1,1,0,0,0,0,0,0,0,0,0,0
2004,420170,1,1,0,0,0,0,0,0,0,0,0,0
2004,420170,2,1,0,0,0,0,0,0,0,0,0,0
2004,420171,0,1,0,0,0,0,0,0,0,0,0,0
2004,420171,1,1,0,0,0,0,0,0,0,0,0,0
2004,420172,1,1,16,16,16,16,16,16,16,16,16,16
2004,420173,1,1,0,0,0,0,0,0,0,0,0,0
2004,420173,2,1,0,0,0,0,0,0,0,0,0,0
2004,420174,1,1,0,23,6,6,28,26,11,12,17,9
2004,420175,0,1,0,0,0,0,0,0,8,0,0,0
2004,420175,1,1,0,0,15,0,0,0,0,0,0,0
2004,420176,1,1,0,0,0,0,0,0,0,0,0,0
2004,420177,1,1,0,0,0,0,0,0,0,0,0,0
2004,420178,1,1,0,0,0,0,0,0,0,0,0,0
2004,420179,1,1,23,23,23,23,23,23,23,23,23,23
2004,420179,2,1,0,0,0,0,0,0,0,0,0,0
2004,420179,3,1,0,0,0,0,0,0,0,0,0,0
2004,420180,0,1,0,0,0,0,0,0,0,0,0,0
2004,420180,1,1,0,0,0,0,0,0,0,0,0,0
2004,420181,1,1,14,14,14,14,14,14,14,14,14,14
2004,420182,1,1,17,17,17,17,17,17,17,17,17,17
2004,420183,1,1,0,0,0,0,0,0,0,0,0,0
2004,420184,1,1,0,0,0,0,0,0,0,0,0,0
2004,420184,2,1,0,0,0,0,0,0,0,0,0,0
2004,420185,1,1,20,20,20,20,20,20,20,20,20,20
2004,420186,1,1,0,0,0,12,0,0,0,5,0,0
2004,420187,1,1,17,17,17,17,17,17,17,17,17,17
2004,420188,1,1,19,19,19,19,19,19,19,19,19,19
2004,420189,1,1,0,0,0,0,0,0,0,0,0,0
2004,420189,2,1,0,0,0,0,0,0,0,0,0,0
2004,420190,1,1,0,0,0,0,0,0,0,0,0,0
2004,420190,2,1,0,0,0,0,0,0,0,0,0,0
2004,420191,1,1,0,0,0,0,0,0,0,0,0,0
2004,420191,2,1,24,24,24,24,24,24,24,24,24,24
2004,420192,1,1,10,10,10,10,10,10,10,10,10,10
2004,420193,1,1,19,19,19,19,19,19,19,19,19,19
2004,420194,1,1,25,25,25,25,25,25,25,25,25,25
2004,420195,1,1,0,0,0,0,0,0,0,0,0,0
2004,420195,2,1,0,0,0,0,0,0,0,0,0,0
2004,420196,1,1,0,0,0,0,0,0,0,0,0,0
2004,420196,2,1,5,0,0,0,0,0,0,0,16,0
2004,420196,3,1,0,0,0,0,0,0,0,0,0,0
2004,420197,0,1,0,0,0,0,0,0,0,0,0,0
2004,420197,1,1,0,0,9,0,0,0,0,0,0,0
2004,420198,0,1,6,6,6,6,6,6,6,6,6,6
2004,420198,1,1,0,0,0,0,0,0,0,0,0,0
2004,420199,1,1,16,0,0,0,0,0,0,0,23,13
2004,420199,2,1,4,0,0,0,2,0,0,0,0,13
2004,420200,0,1,0,0,0,0,0,0,0,0,0,0
2004,420200,1,1,28,4,15,33,9,22,23,32,22,38
2004,420201,1,1,0,0,0,0,0,0,0,0,0,0
2004,420201,2,1,0,0,0,0,0,0,0,0,0,0
2004,420202,0,1,0,0,0,0,0,0,0,0,0,0
2004,420202,1,1,0,0,0,0,0,0,0,0,0,0
2004,420203,1,1,0,0,0,0,0,0,0,0,0,0
2004,420204,1,1,0,0,0,0,0,0,0,0,0,0
2004,420204,2,1,0,0,0,0,0,0,0,0,0,0
2004,420205,1,1,0,0,0,0,0,0,0,0,0,0
2004,420206,1,1,0,28,0,0,0,0,11,0,0,0
2004,420207,1,1,0,0,0,11,0,17,0,18,0,0
2004,420207,2,1,0,0,0,0,0,0,0,0,0,0
2004,420208,0,1,0,12,0,0,0,0,0,0,0,17
2004,420208,1,1,0,0,0,0,0,0,0,0,0,0
2004,420209,1,1,8,8,8,8,8,8,8,8,8,8
2004,420210,1,1,0,0,0,0,0,0,0,0,0,0
2004,420210,2,1,0,0,0,0,0,0,0,0,0,0
2004,420211,0,1,0,0,0,0,0,0,0,0,0,0
2004,420211,1,1,0,0,0,6,0,16,0,0,0,0
2004,420212,1,1,22,27,27,23,34,27,28,38,15,18
2004,420213,1,1,0,0,0,0,0,0,0,0,0,0
2004,420214,1,1,13,0,23,0,0,21,18,14,0,27
2004,420215,1,1,0,0,0,0,0,0,0,0,0,0
2004,420216,1,1,0,0,0,0,0,0,0,0,0,0
2004,420216,2,1,0,0,0,0,0,0,0,0,0,0
2004,420217,1,1,14,14,14,14,14,14,14,14,14,14
2004,420218,1,1,0,0,9,0,29,0,0,0,0,0
2004,420219,1,1,0,0,0,0,0,0,0,0,0,0
2004,420219,2,1,0,0,0,0,0,0,0,0,0,0
2004,420220,1,1,0,0,0,0,0,0,0,0,0,0
2004,420220,2,1,18,18,18,18,18,18,18,18,18,18
2004,420221,1,1,14,14,14,14,14,14,14,14,14,14
2004,420222,1,1,0,0,0,0,0,0,0,0,0,0
2004,420222,2,1,0,0,0,0,0,0,0,0,0,0
2004,420223,1,1,17,17,17,17,17,17,17,17,17,17
2004,420224,1,1,24,24,24,24,24,24,24,24,24,24
2004,420225,1,1,0,0,0,0,0,0,0,0,0,0
2004,420226,1,1,0,0,0,0,0,0,0,0,0,0
2004,420227,1,1,15,15,15,15,15,15,15,15,15,15
2004,420228,1,1,0,0,0,0,0,0,0,0,0,0
2004,420229,1,1,0,0,0,0,0,0,0,0,0,0
2004,420229,2,1,0,0,0,6,0,0,0,0,0,0
2004,420230,1,1,10,43,10,28,12,10,23,25,10,12
2004,420231,1,1,20,20,20,20,20,20,20,20,20,20
2004,420232,1,1,14,14,14,14,14,14,14,14,14,14
2004,420233,1,1,0,0,0,0,0,0,0,0,0,0
2004,420233,2,1,0,8,0,0,0,0,0,0,0,0
2004,420233,3,1,0,0,0,0,0,0,0,0,0,0
2004,420234,1,1,0,0,0,0,0,0,0,0,0,0
2004,420234,2,1,0,0,0,0,0,0,0,0,0,0
2004,420235,1,1,32,32,32,32,32,32,32,32,32,32
2004,420236,1,1,0,28,24,15,19,0,22,29,22,0
2004,420237,1,1,28,28,28,28,28,28,28,28,28,28
2004,420238,1,1,0,0,0,0,0,0,0,0,0,0
2004,420238,2,1,0,0,0,0,0,0,0,0,0,0
2004,420239,1,1,15,15,15,15,15,15,15,15,15,15
2004,420240,1,1,0,0,0,0,0,0,0,0,0,0
2004,420241,1,1,0,0,0,0,21,0,0,0,0,0
2004,420241,2,1,0,0,0,0,0,26,0,0,0,0
2004,420242,1,1,0,0,0,0,0,0,0,0,0,0
2004,420243,1,1,16,16,16,16,16,16,16,16,16,16
2004,420244,1,1,0,0,0,0,0,0,0,0,0,0
2004,420244,2,1,0,0,0,0,0,0,0,0,0,0
2004,420245,1,1,4,4,4,4,4,4,4,4,4,4
2004,420246,1,1,26,26,26,26,26,26,26,26,26,26
2004,420247,1,1,15,15,15,15,15,15,15,15,15,15
2004,420248,1,1,0,0,0,0,0,0,0,0,0,0
2004,420248,2,1,0,0,0,0,0,0,0,0,0,0
2004,420248,3,1,0,0,0,0,0,0,0,0,0,0
2004,420249,1,1,0,0,0,0,0,0,0,0,0,0
2004,420250,1,1,0,0,0,0,0,0,0,0,0,0
2004,420250,2,1,0,0,0,0,0,0,0,0,0,0
2004,420251,1,1,27,27,27,27,27,27,27,27,27,27
2004,420251,2,1,0,0,0,0,0,0,0,0,0,0
2004,420252,1,1,0,0,0,0,0,0,0,0,0,0
2004,420252,2,1,0,0,0,0,0,0,2,0,0,0
2004,420253,1,1,0,0,0,0,0,0,0,0,0,0
2004,420254,1,1,30,30,30,30,30,30,30,30,30,30
2004,420254,2,1,0,0,0,0,0,0,0,0,0,0
2004,420254,3,1,0,0,0,0,0,0,0,0,0,0
2004,420255,1,1,10,10,10,10,10,10,10,10,10,10
2004,420255,2,1,0,0,0,0,0,0,0,0,0,0
2004,420256,1,1,0,0,0,0,0,0,0,0,0,0
2004,420256,2,1,0,0,0,0,0,0,0,0,0,0
2004,420257,1,1,0,0,0,0,0,0,0,0,0,0
2004,420258,1,1,0,0,0,0,0,0,0,0,0,0
2004,420259,1,1,0,11,0,0,0,0,0,0,0,0
2004,420259,2,1,0,0,0,0,0,0,0,0,0,0
2004,420260,1,1,0,0,0,0,0,0,0,0,0,0
2004,420261,1,1,29,29,29,29,29,29,29,29,29,29
2004,420261,2,1,0,0,0,0,0,0,0,0,0,0
2004,420262,1,1,0,0,0,0,0,0,0,0,0,0
2004,420263,1,1,0,0,0,0,0,0,0,0,0,0
2004,420263,2,1,0,0,0,0,0,0,0,0,0,0
2004,420264,1,1,8,0,0,0,0,0,0,17,0,0
2004,420265,1,1,16,5,25,18,21,16,12,9,26,14
2004,420266,1,1,0,0,0,0,0,0,0,0,0,0
2004,420267,1,1,18,18,18,18,18,18,18,18,18,18
2004,420268,1,1,13,13,13,13,13,13,13,13,13,13
2004,420269,1,1,15,20,20,0,19,19,28,11,16,28
2004,420270,1,1,0,0,0,0,0,0,0,0,0,0
2004,420270,2,1,0,0,0,0,0,0,0,0,0,0
2004,420271,1,1,15,12,13,6,6,8,26,9,0,2
2004,420271,2,1,13,10,22,0,20,9,12,15,10,24
2004,420272,1,1,0,0,0,0,0,0,0,0,0,0
2004,420273,1,1,16,16,16,16,16,16,16,16,16,16
2004,420274,1,1,4,4,4,4,4,4,4,4,4,4
2004,420275,1,1,0,0,0,0,0,0,0,0,0,0
2004,420275,2,1,0,0,0,0,0,0,0,0,0,0
2004,420276,1,1,0,0,0,0,0,0,0,0,0,0
2004,420276,2,1,0,0,0,0,0,0,0,0,0,0
2004,420277,1,1,23,23,23,23,23,23,23,23,23,23
2004,420278,1,1,0,0,0,0,0,0,0,0,0,0
2004,420278,2,1,0,0,0,0,0,0,0,0,0,0
2004,420279,1,1,0,0,0,0,0,0,0,0,0,0
2004,420280,1,1,21,10,6,37,18,4,11,6,0,12
2004,420280,2,1,0,0,7,0,0,0,7,0,0,0
2004,420281,0,1,0,0,0,0,0,0,0,0,0,0
2004,420281,1,1,0,0,0,0,0,0,0,0,0,0
2004,420282,0,1,0,0,0,0,0,0,0,0,0,0
2004,420282,1,1,35,15,15,0,0,0,0,18,34,24
2004,420283,1,1,0,0,0,0,0,0,0,0,0,0
2004,420283,2,1,0,0,0,0,0,0,0,0,0,0
2004,420284,1,1,17,19,19,21,0,14,19,28,0,15
2004,420285,1,1,0,0,0,0,0,0,0,0,0,0
2004,420285,2,1,0,0,0,0,0,0,0,0,0,0
2004,420285,3,1,0,0,0,0,0,0,0,0,0,0
2004,420285,4,1,0,0,0,0,0,0,0,0,0,0
2004,420285,5,1,0,0,0,0,0,0,0,0,0,0
2004,420286,1,1,0,0,0,0,0,0,0,0,19,0
2004,420286,2,1,0,0,0,0,0,0,0,0,0,0
2004,420287,1,1,18,18,18,18,18,18,18,18,18,18
2004,420287,2,1,0,16,0,0,0,0,0,0,0,0
2004,420287,3,1,13,0,0,0,0,0,0,0,0,0
2004,420288,1,1,0,0,0,0,0,0,0,0,0,0
2004,420288,2,1,0,0,0,0,0,0,0,0,0,0
2004,420289,1,1,12,12,12,12,12,12,12,12,12,12
2004,420289,2,1,0,0,21,8,0,14,14,0,0,0
2004,420290,1,1,10,10,10,10,10,10,10,10,10,10
2004,420291,1,1,0,0,0,0,0,0,0,0,0,0
2004,420291,2,1,32,0,0,0,0,0,0,0,0,0
2004,420292,1,1,17,17,17,17,17,17,17,17,17,17
2004,420293,1,1,0,0,0,0,0,0,0,0,0,0
2004,420293,2,1,0,0,0,0,0,0,0,0,0,0
2004,420293,3,1,0,0,0,0,0,0,0,0,0,0
2004,420294,1,1,16,16,16,16,16,16,16,16,16,16
2004,420295,1,1,0,0,0,0,0,0,0,0,0,0
2004,420296,1,1,0,0,0,0,0,0,0,0,0,0
2004,420297,1,1,0,0,0,0,0,0,0,0,0,0
2004,420297,2,1,0,0,0,0,0,0,0,0,0,0
2004,420298,1,1,16,16,16,16,16,16,16,16,16,16
2004,420299,1,1,14,14,14,14,14,14,14,14,14,14
2004,420300,1,1,12,12,12,12,12,12,12,12,12,12
2004,420300,2,1,0,0,0,0,0,0,0,0,0,0
2004,420301,1,1,0,0,0,0,0,0,0,0,0,0
2004,420301,2,1,0,0,0,5,0,0,0,0,0,0
2004,420302,1,1,9,9,9,9,9,9,9,9,9,9
2004,420303,1,1,0,0,0,0,0,0,0,0,0,0
2004,420303,2,1,0,0,0,0,0,0,10,0,0,0
2004,420304,1,1,0,0,0,0,0,0,0,0,0,0
2004,420304,2,1,0,0,0,0,0,0,0,0,0,0
2004,420305,1,1,0,0,0,0,0,0,0,0,0,0
2004,420305,2,1,0,0,0,0,0,0,0,0,0,0
2004,420306,0,1,0,0,0,0,0,0,0,0,0,0
2004,420306,1,1,0,0,0,0,0,0,0,0,0,0
2004,420307,1,1,0,0,0,0,0,0,0,0,0,0
2004,420307,2,1,11,11,11,11,11,11,11,11,11,11
2004,420307,3,1,0,0,0,0,0,0,0,0,0,0
2004,420308,0,1,0,0,0,0,0,0,0,0,0,0
2004,420308,1,1,0,0,0,0,0,0,0,0,0,28
2004,420309,1,1,0,0,0,0,0,0,0,0,0,0
2004,420309,2,1,0,0,0,0,0,0,0,0,0,0
2004,420310,1,1,0,0,0,0,0,0,0,0,0,0
2004,420310,2,1,0,0,0,0,0,0,0,0,0,0
2004,420311,1,1,13,13,13,13,13,13,13,13,13,13
2004,420311,2,1,0,0,0,0,0,0,0,0,0,0
2004,420312,0,1,0,0,0,0,0,0,0,0,0,0
2004,420312,1,1,14,15,19,25,21,2,4,20,8,12
2004,420313,0,1,0,0,0,0,0,0,0,0,0,10
2004,420313,1,1,0,0,0,0,0,0,0,0,0,0
2004,420314,1,1,0,0,0,0,0,0,0,9,0,0
2004,420314,2,1,0,0,0,0,0,0,0,0,0,8
2004,420315,1,1,15,15,15,15,15,15,15,15,15,15
2004,420316,0,1,0,0,0,0,0,0,0,0,0,0
2004,420316,1,1,0,0,0,0,0,0,0,0,19,0
2004,420317,1,1,0,0,0,0,0,0,0,0,0,0
2004,420318,1,1,19,19,19,19,19,19,19,19,19,19
2004,420318,2,1,0,0,0,0,0,0,0,0,0,0
2004,420319,1,1,0,0,0,0,0,0,0,0,0,0
2004,420320,1,1,0,0,19,0,0,0,0,19,0,0
2004,420321,1,1,0,0,0,0,0,0,0,0,0,0
2004,420321,2,1,0,0,0,0,0,0,0,0,0,0
2004,420322,1,1,0,0,0,0,0,0,0,0,0,0
2004,420322,2,1,0,0,0,0,0,0,0,0,0,0
2004,420323,1,1,22,22,22,22,22,22,22,22,22,22
2004,420324,1,1,0,0,0,0,0,0,0,0,0,0
2004,420324,2,1,0,0,0,0,0,0,0,0,0,0
2004,420325,1,1,18,18,18,18,18,18,18,18,18,18
2004,420325,2,1,9,24,14,6,6,31,20,21,22,7
2004,420325,3,1,0,0,0,0,0,0,0,0,0,0
2004,420326,1,1,15,15,15,15,15,15,15,15,15,15
2004,420327,1,1,0,0,0,0,0,0,0,0,0,0
2004,420327,2,1,0,0,0,0,0,0,0,0,0,0
2004,420328,1,1,29,29,29,29,29,29,29,29,29,29
2004,420329,1,1,15,15,15,15,15,15,15,15,15,15
2004,420329,2,1,14,4,0,0,0,0,0,0,0,0
2004,420330,1,1,23,23,23,23,23,23,23,23,23,23
2004,420331,1,1,21,21,21,21,21,21,21,21,21,21
2004,420332,1,1,0,0,0,0,10,28,0,0,0,4
2004,420333,1,1,0,21,0,0,0,12,0,13,0,0
2004,420333,2,1,0,0,0,0,4,0,0,0,0,0
2004,420333,3,1,0,0,7,0,0,0,0,0,0,0
2004,420334,1,1,0,0,0,0,0,0,0,0,0,0
2004,420334,2,1,0,0,0,0,0,0,0,0,0,0
2004,420335,1,1,0,0,0,0,0,0,0,0,0,0
2004,420335,2,1,0,0,0,0,0,0,0,0,0,0
2004,420335,3,1,0,0,0,0,0,0,0,0,0,0
2004,420336,0,1,35,35,35,35,35,35,35,35,35,35
2004,420336,1,1,0,0,0,0,0,0,0,0,0,0
2004,420337,1,1,0,0,0,0,0,0,7,0,0,0
2004,420337,2,1,0,0,0,0,0,0,0,0,0,0
2004,420338,1,1,15,27,21,22,14,12,28,22,27,19
2004,420339,1,1,16,16,16,16,16,16,16,16,16,16
2004,420340,1,1,0,0,0,0,0,0,0,0,0,0
2004,420340,2,1,0,0,0,0,0,0,0,0,0,0
2004,420341,1,1,19,0,22,0,0,23,0,25,0,0
2004,420342,1,1,0,0,0,0,0,0,0,0,0,0
2004,420342,2,1,0,0,0,0,0,0,0,0,0,0
2004,420343,1,1,0,0,0,0,0,0,0,0,0,0
2004,420343,2,1,0,0,0,0,0,0,0,0,0,0
2004,420344,1,1,17,17,17,17,17,17,17,17,17,17
2004,420345,1,1,21,21,21,21,21,21,21,21,21,21
2004,420346,1,1,0,0,0,0,0,0,0,0,0,0
2004,420346,2,1,1,1,1,1,1,1,1,1,1,1
2004,420347,1,1,0,0,0,0,0,0,0,0,0,0
2004,420347,2,1,0,0,0,0,0,0,0,0,0,0
2004,420348,1,1,0,0,0,0,0,0,0,0,0,0
2004,420349,1,1,23,23,23,23,23,23,23,23,23,23
2004,420350,1,1,0,0,0,0,0,0,0,0,0,0
2004,420351,1,1,17,17,17,17,17,17,17,17,17,17
2004,420352,1,1,0,0,0,0,0,0,0,0,0,0
2004,420352,2,1,0,0,0,0,0,0,0,0,0,0
2004,420353,1,1,0,0,0,0,0,0,0,0,0,0
2004,420353,2,1,0,0,0,0,0,0,0,0,0,13
2004,420353,3,1,0,0,0,0,0,0,0,0,0,0
2004,420354,1,1,0,0,0,0,0,0,0,0,0,0
2004,420354,2,1,0,0,0,0,0,0,0,18,0,0
2004,420355,1,1,25,25,25,25,25,25,25,25,25,25
2004,420356,0,1,0,0,0,0,0,0,0,0,0,0
2004,420356,1,2,0,0,0,0,0,0,0,0,0,0
2004,420357,0,1,0,0,0,0,0,0,0,0,0,0
2004,420357,1,1,0,0,24,0,4,24,15,0,11,0
2004,420358,0,1,0,0,0,0,0,0,0,0,0,0
2004,420358,1,1,11,13,14,0,15,20,13,0,18,21
2004,420359,1,1,0,0,0,0,0,0,0,0,0,0
2004,420360,1,1,0,0,0,0,0,0,0,0,0,0
2004,420361,1,1,0,0,0,0,0,0,0,0,0,0
2004,420362,1,1,0,0,0,0,0,0,0,0,0,0
2004,420362,2,1,0,0,0,0,0,0,0,0,0,0
2004,420363,1,1,16,16,16,16,16,16,16,16,16,16
2004,420364,1,1,0,0,0,0,0,0,0,0,0,0
2004,420364,2,1,6,0,0,0,0,0,0,0,0,0
2004,420365,1,1,0,0,0,0,0,0,0,0,0,0
2004,420365,2,1,0,0,0,0,0,0,7,28,0,0
2004,420366,1,1,0,0,0,0,0,0,0,0,0,0