YEAR,ST_CASE,veh_no,per_no,P1,P2,P3,P4,P5,P6,P7,P8,P9,P10
2004,420366,2,1,0,0,0,0,0,0,0,10,0,0
2004,420367,1,1,12,12,12,12,12,12,12,12,12,12
2004,420368,0,1,0,14,0,35,0,0,37,7,22,0
2004,420368,1,1,0,0,0,0,0,0,0,0,0,0
2004,420369,1,1,0,0,0,0,0,0,0,0,0,0
2004,420369,2,1,0,0,0,0,0,0,0,0,0,0
2004,420370,1,1,0,0,0,0,0,0,0,0,0,0
2004,420370,2,1,0,0,0,0,0,0,0,0,0,0
2004,420371,1,1,0,0,0,0,0,0,0,0,0,0
2004,420371,2,1,0,0,0,0,0,0,0,0,0,0
2004,420372,1,1,0,0,0,0,0,0,0,0,0,0
2004,420372,2,1,0,0,0,0,0,0,0,0,0,0
2004,420373,1,1,0,0,0,0,0,0,0,0,0,0
2004,420373,2,1,0,0,0,0,0,0,0,0,0,0
2004,420373,3,1,0,0,0,0,0,0,0,0,0,0
2004,420374,1,1,0,0,0,0,0,0,0,0,0,0
2004,420374,2,1,0,0,0,0,0,0,0,0,0,0
2004,420375,1,1,0,0,0,0,0,0,19,0,0,0
2004,420376,1,1,23,23,23,23,23,23,23,23,23,23
2004,420377,1,1,16,16,16,16,16,16,16,16,16,16
2004,420378,1,1,8,8,8,8,8,8,8,8,8,8
2004,420379,1,1,0,0,0,0,0,0,0,0,0,0
2004,420379,2,1,0,0,0,0,0,0,0,0,0,12
2004,420380,1,1,0,0,0,0,0,0,0,0,0,0
2004,420381,1,1,0,0,0,0,0,0,0,0,0,0
2004,420382,1,1,0,0,0,0,0,0,0,0,0,0
2004,420383,1,1,0,0,0,0,0,0,0,0,0,0
2004,420384,0,1,0,0,0,0,0,0,0,0,0,0
2004,420384,1,1,0,0,0,0,0,0,0,0,0,0
2004,420385,1,1,0,0,0,0,0,0,0,0,0,5
2004,420386,1,1,0,0,0,0,0,0,0,0,0,0
2004,420386,2,1,0,0,0,0,0,0,0,0,0,0
2004,420387,1,1,14,14,14,14,14,14,14,14,14,14
2004,420387,2,1,0,0,0,0,0,0,0,0,0,0
2004,420388,1,1,0,0,0,0,0,0,0,0,0,0
2004,420388,2,1,0,0,0,0,0,0,0,0,0,0
2004,420389,1,1,0,0,0,0,0,0,0,0,0,0
2004,420390,1,1,0,0,28,0,0,0,0,0,0,0
2004,420390,2,1,0,0,0,0,0,0,0,0,0,0
2004,420391,1,1,0,0,0,0,0,0,0,0,0,0
2004,420392,1,1,0,0,0,0,0,0,0,0,0,0
2004,420393,1,1,18,18,18,18,18,18,18,18,18,18
2004,420394,1,1,13,13,13,13,13,13,13,13,13,13
2004,420395,1,1,0,0,0,0,0,0,0,0,0,0
2004,420395,2,1,0,0,0,0,0,0,0,0,0,0
2004,420396,1,1,0,0,0,0,0,0,0,0,4,0
2004,420396,2,1,0,0,0,0,0,0,0,0,0,0
2004,420397,1,1,0,0,0,0,0,0,0,0,0,0
2004,420397,2,1,0,0,0,0,0,0,0,0,0,0
2004,420397,3,1,0,0,0,0,0,0,0,0,0,0
2004,420397,4,1,0,0,0,0,0,0,0,0,0,0
2004,420397,5,1,0,0,0,0,0,0,0,0,0,0
2004,420398,1,1,17,17,17,17,17,17,17,17,17,17
2004,420399,0,1,0,0,0,0,0,0,0,0,0,0
2004,420399,1,1,0,0,0,0,0,0,0,0,0,0
2004,420400,1,1,0,0,0,0,0,0,0,8,0,0
2004,420401,1,1,15,15,15,15,15,15,15,15,15,15
2004,420402,1,1,0,0,0,0,0,0,0,0,0,0
2004,420402,2,1,0,0,0,0,0,0,0,0,0,0
2004,420403,1,1,0,0,0,0,0,0,0,0,14,0
2004,420403,2,1,0,0,0,13,0,0,0,0,0,0
2004,420404,1,1,0,0,0,0,0,0,0,0,0,20
2004,420404,2,1,0,0,0,0,0,0,0,0,0,0
2004,420405,1,1,0,0,0,0,0,0,0,0,0,0
2004,420406,1,1,8,8,8,8,8,8,8,8,8,8
2004,420407,1,1,9,9,9,9,9,9,9,9,9,9
2004,420408,0,1,0,0,0,0,0,0,0,0,0,0
2004,420408,1,1,0,4,7,0,0,0,0,0,0,0
2004,420409,1,1,0,0,0,0,0,0,3,0,0,0
2004,420409,2,1,0,0,0,0,0,9,0,0,0,0
2004,420410,1,1,0,0,0,0,0,0,0,0,0,0
2004,420411,1,1,0,0,0,0,0,0,0,0,0,0
2004,420412,1,1,0,0,0,0,0,0,0,0,0,0
2004,420412,2,1,0,0,0,0,0,0,0,0,0,0
2004,420413,1,1,7,7,7,7,7,7,7,7,7,7
2004,420414,1,1,0,0,0,0,0,0,0,0,0,0
2004,420415,1,1,15,15,15,15,15,15,15,15,15,15
2004,420415,2,1,0,0,0,0,0,0,0,0,0,0
2004,420416,1,1,0,0,0,0,0,0,0,0,0,0
2004,420416,2,1,0,0,0,0,0,0,0,0,0,0
2004,420416,3,1,0,0,0,0,0,17,0,0,0,0
2004,420417,1,1,0,0,0,0,0,0,0,0,0,0
2004,420417,2,1,0,0,0,0,0,0,0,0,0,0
2004,420418,1,1,0,0,0,0,0,0,0,0,0,0
2004,420418,2,1,0,0,0,0,0,0,0,0,0,0
2004,420419,1,1,0,0,0,0,0,0,0,0,0,0
2004,420420,1,1,0,0,0,0,0,0,0,0,0,0
2004,420420,2,1,0,0,0,0,0,0,0,0,0,0
2004,420420,3,1,0,0,0,0,0,0,0,12,0,0
2004,420421,1,1,25,25,25,25,25,25,25,25,25,25
2004,420421,2,1,0,0,0,0,0,0,0,0,0,0
2004,420422,1,1,0,0,0,0,0,0,0,0,0,0
2004,420422,2,1,0,0,0,0,0,0,0,0,0,0
2004,420423,0,1,18,18,18,18,18,18,18,18,18,18
2004,420423,1,1,0,0,0,0,0,0,0,0,0,0
2004,420424,1,1,16,16,16,16,16,16,16,16,16,16
2004,420425,1,1,0,0,0,0,0,0,0,0,0,0
2004,420426,1,1,0,0,0,0,0,0,0,0,0,0
2004,420427,1,1,0,0,0,0,0,0,0,0,0,0
2004,420427,2,1,0,0,0,0,0,0,0,0,0,0
2004,420428,1,1,0,0,0,0,0,0,0,0,0,0
2004,420428,2,1,0,0,0,0,0,0,0,0,0,0
2004,420429,1,1,0,0,0,0,0,0,0,0,0,0
2004,420430,1,1,0,0,0,0,0,0,0,0,0,0
2004,420431,1,1,13,13,13,13,13,13,13,13,13,13
2004,420432,1,1,5,19,4,18,3,8,0,0,3,40
2004,420433,1,1,0,0,0,0,0,0,0,0,0,0
2004,420433,2,1,0,0,0,0,0,0,0,0,0,0
2004,420434,1,1,20,20,20,20,20,20,20,20,20,20
2004,420435,1,1,0,0,0,0,0,0,0,0,0,0
2004,420435,2,1,0,0,0,0,0,0,0,0,0,0
2004,420436,1,1,0,0,0,0,0,0,0,0,0,0
2004,420436,2,1,0,0,0,0,0,0,0,0,0,0
2004,420437,1,1,0,0,0,0,0,0,0,0,0,0
2004,420437,2,1,0,12,0,0,0,0,0,0,0,0
2004,420437,3,1,0,0,0,0,0,0,0,0,0,0
2004,420438,1,1,17,17,17,17,17,17,17,17,17,17
2004,420438,2,1,13,13,13,13,13,13,13,13,13,13
2004,420439,1,1,0,12,22,0,0,0,0,0,0,0
2004,420440,1,1,0,0,0,0,0,0,0,0,0,0
2004,420440,2,1,0,0,0,0,0,0,0,0,0,0
2004,420441,1,1,0,0,0,0,0,0,0,0,0,0
2004,420441,2,1,0,0,0,0,0,0,0,0,0,0
2004,420442,1,1,7,7,7,7,7,7,7,7,7,7
2004,420442,2,1,0,0,0,0,0,0,0,0,0,0
2004,420443,1,1,0,0,0,0,0,0,0,0,0,0
2004,420444,1,1,0,0,0,0,0,0,0,0,0,0
2004,420444,2,1,0,0,0,0,0,0,0,0,0,0
2004,420445,1,1,30,30,30,30,30,30,30,30,30,30
2004,420446,1,1,0,0,0,0,0,0,0,0,0,0
2004,420447,0,1,0,0,0,0,0,0,0,0,0,0
2004,420447,1,1,0,0,0,0,0,0,0,0,0,0
2004,420448,1,1,0,0,0,0,0,0,0,0,0,0
2004,420448,2,1,0,0,0,0,0,0,0,0,0,0
2004,420449,1,1,0,0,0,0,0,0,0,0,0,0
2004,420450,1,1,0,0,0,0,0,0,0,0,0,0
2004,420450,2,1,0,0,0,0,0,0,0,0,0,0
2004,420451,1,1,0,0,0,0,0,0,0,0,0,0
2004,420451,2,1,0,0,0,0,0,0,0,0,0,0
2004,420452,1,1,0,0,0,0,0,0,0,0,0,0
2004,420453,1,1,14,14,14,14,14,14,14,14,14,14
2004,420454,1,1,36,36,36,36,36,36,36,36,36,36
2004,420455,1,1,9,9,9,9,9,9,9,9,9,9
2004,420456,1,1,0,0,0,0,0,0,0,0,0,0
2004,420457,1,1,0,26,0,0,0,12,18,15,0,16
2004,420458,1,1,17,17,17,17,17,17,17,17,17,17
2004,420459,1,1,0,0,0,0,0,0,0,0,0,0
2004,420460,1,1,0,0,0,0,0,0,0,0,0,0
2004,420460,2,1,0,0,0,0,0,0,0,0,0,0
2004,420460,3,1,0,0,0,0,0,0,0,0,0,0
2004,420461,1,1,0,0,0,0,0,0,0,0,0,0
2004,420461,2,1,21,0,0,0,0,0,0,0,8,0
2004,420462,1,1,18,18,18,18,18,18,18,18,18,18
2004,420463,1,1,0,0,0,0,0,0,0,0,0,0
2004,420464,1,1,0,0,0,0,0,0,0,16,0,0
2004,420464,2,1,0,0,0,0,0,0,0,0,0,0
2004,420465,1,1,7,13,23,14,5,13,17,15,0,12
2004,420466,0,1,0,0,0,0,0,0,0,0,7,0
2004,420466,1,1,0,0,0,0,0,0,0,0,0,0
2004,420467,1,1,0,0,0,0,0,0,0,0,0,0
2004,420468,1,1,0,0,0,0,0,0,0,0,0,0
2004,420469,1,1,15,15,15,15,15,15,15,15,15,15
2004,420469,2,1,0,0,0,0,0,0,0,0,0,0
2004,420470,1,1,26,26,26,26,26,26,26,26,26,26
2004,420471,1,1,15,15,15,15,15,15,15,15,15,15
2004,420472,1,1,0,0,0,0,0,0,0,0,0,0
2004,420472,2,1,0,0,0,0,0,0,0,0,0,0
2004,420473,1,1,0,0,0,0,0,0,0,0,0,0
2004,420473,2,1,0,5,0,0,0,0,0,0,0,0
2004,420474,1,1,17,17,17,17,17,17,17,17,17,17
2004,420475,1,1,0,0,0,0,0,0,0,0,0,0
2004,420475,2,1,0,0,0,0,0,0,0,0,0,0
2004,420476,1,1,0,17,14,21,16,15,25,12,23,29
2004,420477,1,1,19,20,27,5,24,18,21,19,12,18
2004,420477,2,1,0,0,0,0,0,0,0,0,0,0
2004,420478,1,1,14,14,14,14,14,14,14,14,14,14
2004,420479,1,1,0,0,0,0,0,0,0,0,0,0
2004,420479,2,1,0,0,0,0,0,0,0,0,0,0
2004,420480,1,1,0,0,0,0,0,0,0,0,0,0
2004,420480,2,1,0,0,0,0,0,0,0,0,0,0
2004,420481,1,1,13,13,13,13,13,13,13,13,13,13
2004,420482,1,1,0,0,0,0,0,0,0,0,0,0
2004,420482,2,1,0,0,0,0,0,0,0,0,0,0
2004,420483,0,1,0,0,0,0,0,0,0,0,0,0
2004,420483,0,2,2,2,2,2,2,2,2,2,2,2
2004,420483,1,1,0,0,0,0,0,0,0,0,0,0
2004,420483,2,1,0,0,0,24,0,0,0,0,0,0
2004,420484,1,1,17,16,0,0,0,0,0,0,0,0
2004,420485,1,1,0,0,0,0,0,0,5,0,0,0
2004,420486,1,1,30,30,30,30,30,30,30,30,30,30
2004,420487,1,1,0,0,17,0,0,0,14,0,0,0
2004,420488,0,1,27,27,27,27,27,27,27,27,27,27
2004,420488,1,1,0,0,0,0,0,0,17,9,0,5
2004,420489,1,1,12,12,12,12,12,12,12,12,12,12
2004,420490,1,1,7,7,7,7,7,7,7,7,7,7
2004,420490,2,1,0,0,0,0,0,0,0,0,10,0
2004,420491,1,1,0,0,0,0,0,0,0,0,0,0
2004,420492,1,1,6,6,6,6,6,6,6,6,6,6
2004,420493,1,1,0,0,0,0,0,0,0,0,0,0
2004,420493,2,1,0,0,0,0,0,0,0,0,0,0
2004,420494,1,1,0,0,0,0,0,0,0,0,0,0
2004,420495,1,1,0,0,0,0,0,0,0,0,0,0
2004,420495,2,1,0,0,0,0,0,0,0,0,0,0
2004,420496,1,1,0,0,0,0,0,0,0,0,0,0
2004,420496,2,1,0,0,0,0,0,0,0,0,0,0
2004,420497,1,1,0,0,0,0,0,0,0,0,0,0
2004,420497,2,1,0,0,0,0,0,0,0,0,0,0
2004,420498,1,1,26,26,26,26,26,26,26,26,26,26
2004,420499,1,1,0,0,0,0,0,0,0,0,0,0
2004,420500,1,1,26,26,26,26,26,26,26,26,26,26
2004,420501,1,1,10,10,10,10,10,10,10,10,10,10
2004,420501,2,1,10,10,10,10,10,10,10,10,10,10
2004,420502,1,1,13,13,13,13,13,13,13,13,13,13
2004,420503,1,1,17,0,0,28,27,17,0,0,0,27
2004,420504,1,1,24,16,0,0,16,14,22,16,16,23
2004,420504,2,1,0,0,0,0,0,0,0,0,0,0
2004,420505,1,1,0,0,0,6,0,0,0,0,0,0
2004,420505,2,1,0,0,0,0,0,0,0,0,0,0
2004,420506,1,1,0,0,0,0,0,0,0,29,7,0
2004,420507,1,1,0,0,0,0,0,0,0,0,0,0
2004,420507,2,1,0,0,0,0,0,0,0,0,0,0
2004,420507,3,1,0,0,0,0,0,0,0,0,0,0
2004,420508,1,1,0,0,0,0,0,0,0,0,0,0
2004,420510,1,1,22,22,22,22,22,22,22,22,22,22
2004,420511,1,1,0,0,0,0,0,0,0,0,0,0
2004,420511,2,1,0,0,0,0,0,0,0,0,0,0
2004,420512,1,1,23,23,23,23,23,23,23,23,23,23
2004,420513,1,1,0,0,0,0,0,0,0,0,0,0
2004,420513,2,1,8,8,8,8,8,8,8,8,8,8
2004,420514,1,1,0,0,0,0,0,0,0,0,0,0
2004,420514,2,1,0,0,0,0,0,0,0,0,0,0
2004,420515,0,1,0,0,0,0,0,0,0,0,0,0
2004,420515,1,1,0,0,0,0,0,0,0,0,0,0
2004,420516,1,1,0,0,0,0,0,0,0,0,0,0
2004,420517,0,1,0,0,0,26,0,0,0,0,0,0
2004,420517,1,1,0,0,0,0,0,0,0,0,0,0
2004,420518,1,1,0,0,0,0,0,0,0,0,0,0
2004,420519,1,1,19,19,19,19,19,19,19,19,19,19
2004,420520,1,1,0,0,0,0,0,0,0,0,0,0
2004,420521,1,1,10,10,10,10,10,10,10,10,10,10
2004,420522,1,1,18,18,18,18,18,18,18,18,18,18
2004,420523,1,1,0,0,0,0,0,0,0,0,0,0
2004,420523,2,1,0,0,0,0,0,0,0,0,0,0
2004,420524,1,1,11,11,11,11,11,11,11,11,11,11
2004,420525,1,1,0,0,0,0,0,0,0,0,0,0
2004,420525,2,1,0,0,0,0,0,0,0,0,0,0
2004,420526,1,1,0,0,0,0,0,0,0,0,0,0
2004,420527,1,1,0,0,0,0,0,0,0,0,0,0
2004,420527,2,1,0,0,0,0,0,0,0,0,0,0
2004,420528,1,1,15,15,15,15,15,15,15,15,15,15
2004,420529,1,1,0,0,0,0,0,0,0,0,0,0
2004,420530,1,1,14,14,14,14,14,14,14,14,14,14
2004,420531,1,1,0,28,0,0,3,8,1,0,14,10
2004,420532,1,1,0,0,0,0,0,0,0,0,0,0
2004,420532,2,1,0,0,0,0,0,0,0,0,0,0
2004,420533,1,1,16,16,16,16,16,16,16,16,16,16
2004,420533,2,1,0,0,0,0,0,0,0,0,0,0
2004,420534,1,1,6,6,6,6,6,6,6,6,6,6
2004,420535,1,1,0,0,0,0,0,0,0,0,0,0
2004,420536,1,1,21,21,21,21,21,21,21,21,21,21
2004,420536,2,1,0,0,0,0,0,0,22,0,0,0
2004,420537,1,1,0,0,0,0,0,0,0,0,0,0
2004,420537,2,1,0,0,0,0,0,0,0,0,0,0
2004,420538,1,1,21,21,21,21,21,21,21,21,21,21
2004,420539,1,1,8,8,8,8,8,8,8,8,8,8
2004,420540,1,1,0,0,0,0,0,0,0,0,0,0
2004,420540,2,1,0,0,0,0,0,0,0,0,0,0
2004,420541,0,1,0,0,0,0,0,0,0,0,0,0
2004,420541,1,1,0,0,0,0,0,0,0,0,0,0
2004,420542,1,1,0,0,0,0,0,0,0,0,0,0
2004,420542,2,1,0,0,0,0,0,0,0,0,0,0
2004,420543,1,1,21,21,21,21,21,21,21,21,21,21
2004,420544,1,1,0,0,0,0,0,0,0,0,0,0
2004,420544,2,1,0,0,0,0,0,0,0,0,0,0
2004,420545,1,1,0,0,0,0,0,0,0,0,0,0
2004,420545,2,1,0,0,0,0,0,0,0,0,0,0
2004,420546,1,1,16,24,8,12,3,16,14,14,14,17
2004,420547,1,1,25,22,25,7,12,14,26,8,12,16
2004,420548,1,1,0,0,0,0,0,0,0,0,0,0
2004,420549,0,1,0,0,0,0,0,0,0,0,0,0
2004,420549,1,1,0,0,0,0,0,0,0,0,0,0
2004,420550,1,1,31,18,20,30,22,27,42,22,20,27
2004,420551,1,1,27,27,27,27,27,27,27,27,27,27
2004,420552,1,1,0,0,0,0,0,0,0,0,0,0
2004,420552,2,1,0,0,0,0,0,0,0,0,0,0
2004,420553,1,1,29,29,29,29,29,29,29,29,29,29
2004,420553,2,1,0,0,0,0,0,0,0,0,0,0
2004,420554,1,1,0,0,0,0,0,0,0,0,0,0
2004,420554,2,1,0,0,0,0,0,0,6,0,0,0
2004,420554,3,1,0,0,0,0,0,0,0,0,0,0
2004,420555,1,1,21,21,21,21,21,21,21,21,21,21
2004,420556,0,1,0,0,0,0,0,0,0,0,0,0
2004,420556,1,1,0,0,0,15,0,0,0,0,0,0
2004,420557,1,1,17,17,17,17,17,17,17,17,17,17
2004,420557,2,1,0,0,0,0,0,0,0,12,0,0
2004,420558,1,1,12,12,12,12,12,12,12,12,12,12
2004,420558,2,1,8,6,0,0,0,0,0,0,0,0
2004,420559,1,1,24,24,24,24,24,24,24,24,24,24
2004,420560,1,1,12,12,12,12,12,12,12,12,12,12
2004,420561,1,1,8,8,8,8,8,8,8,8,8,8
2004,420562,1,1,14,14,14,14,14,14,14,14,14,14
2004,420563,1,1,0,0,0,0,0,0,0,0,0,0
2004,420563,2,1,0,0,0,0,0,0,0,0,0,0
2004,420564,1,1,0,0,0,0,0,0,0,0,0,0
2004,420565,1,1,0,0,6,3,30,0,0,0,0,8
2004,420565,2,1,0,0,0,0,0,0,0,0,0,0
2004,420566,1,1,19,19,19,19,19,19,19,19,19,19
2004,420567,1,1,0,0,0,0,0,0,0,0,0,0
2004,420568,1,1,0,0,0,0,0,0,0,0,0,0
2004,420569,1,1,3,3,3,3,3,3,3,3,3,3
2004,420569,2,1,0,21,12,21,16,22,0,9,19,9
2004,420570,1,1,0,0,0,0,0,0,0,0,0,0
2004,420570,2,1,0,0,0,0,0,0,0,0,0,0
2004,420571,1,1,0,0,0,0,0,0,0,0,0,0
2004,420572,1,1,0,0,0,0,0,0,0,0,0,0
2004,420572,2,1,0,0,0,0,0,0,0,0,0,0
2004,420573,1,1,20,20,20,20,20,20,20,20,20,20
2004,420574,1,1,23,23,23,23,23,23,23,23,23,23
2004,420575,1,1,0,0,0,0,0,0,0,0,0,0
2004,420576,1,1,27,27,27,27,27,27,27,27,27,27
2004,420577,1,1,0,0,0,0,0,0,0,0,0,0
2004,420578,1,1,11,11,11,11,11,11,11,11,11,11
2004,420579,0,1,0,30,0,0,16,0,13,20,0,23
2004,420579,1,1,0,0,0,10,0,0,0,0,0,4
2004,420580,1,1,0,0,0,0,0,0,0,0,0,0
2004,420581,1,1,0,0,0,0,3,0,0,0,0,0
2004,420581,2,1,0,0,0,0,0,0,0,0,0,0
2004,420582,1,1,22,22,22,22,22,22,22,22,22,22
2004,420583,1,1,0,0,0,0,0,0,0,0,0,0
2004,420583,2,1,0,0,0,0,0,0,0,0,0,0
2004,420584,0,1,0,19,0,0,25,0,0,0,0,0
2004,420584,0,2,0,0,0,0,0,0,0,0,0,0
2004,420584,1,1,0,0,20,0,8,11,0,11,0,17
2004,420585,1,1,0,0,0,0,0,0,0,0,0,0
2004,420585,2,1,0,0,0,0,0,0,0,0,0,0
2004,420586,1,1,15,15,15,15,15,15,15,15,15,15
2004,420586,2,1,0,0,0,0,0,0,0,0,0,0
2004,420587,1,1,0,0,0,0,0,0,0,0,0,0
2004,420588,1,1,0,0,0,0,0,0,0,0,27,0
2004,420589,0,1,0,0,0,0,0,0,0,0,0,0
2004,420589,1,1,0,0,0,0,0,0,0,0,0,0
2004,420590,0,1,10,10,10,10,10,10,10,10,10,10
2004,420590,0,2,0,27,14,17,0,0,15,23,40,0
2004,420590,1,1,21,0,0,0,0,0,0,10,0,0
2004,420591,1,1,24,24,24,24,24,24,24,24,24,24
2004,420592,1,1,0,0,0,0,0,0,0,0,0,0
2004,420592,2,1,0,10,0,0,0,0,0,0,0,0
2004,420593,1,1,0,19,0,0,21,0,18,0,16,27
2004,420594,1,1,0,0,15,0,0,0,0,0,0,0
2004,420594,2,1,0,0,0,0,0,0,0,0,0,0
2004,420595,1,1,0,0,0,0,0,0,0,0,0,0
2004,420596,1,1,0,0,0,0,0,0,0,0,0,0
2004,420597,1,1,0,0,0,0,0,0,0,0,0,0
2004,420598,1,1,11,11,11,11,11,11,11,11,11,11
2004,420599,1,1,0,0,0,0,0,0,0,0,0,0
2004,420599,2,1,0,0,0,0,0,0,0,0,0,0
2004,420600,1,1,0,19,0,9,0,0,0,0,0,0
2004,420600,2,1,0,0,0,0,0,0,0,0,0,0
2004,420601,1,1,18,18,18,18,18,18,18,18,18,18
2004,420602,1,1,10,20,19,0,11,28,19,25,15,8
2004,420603,1,1,0,0,0,0,0,0,0,0,0,0
2004,420603,2,1,0,0,0,0,0,0,0,0,0,0
2004,420604,1,1,0,0,0,0,0,0,0,0,0,0
2004,420604,2,1,10,0,0,0,0,0,0,0,0,15
2004,420605,1,1,23,23,23,23,23,23,23,23,23,23
2004,420606,1,1,0,0,0,0,0,0,0,0,0,0
2004,420606,2,1,0,0,0,0,0,0,0,0,0,0
2004,420607,1,1,0,0,0,0,0,0,0,0,0,0
2004,420607,2,1,0,0,0,0,0,0,0,0,0,0
2004,420608,1,1,0,0,0,0,0,0,0,0,0,0
2004,420609,1,1,0,0,0,0,0,0,0,0,0,0
2004,420609,2,1,0,0,0,0,0,0,0,0,0,0
2004,420610,0,1,0,0,0,0,0,0,0,0,0,0
2004,420610,1,2,0,0,0,0,0,0,0,13,0,0
2004,420611,0,1,0,0,0,0,0,0,0,0,0,0
2004,420611,1,1,9,9,17,10,5,11,26,4,22,21
2004,420612,1,1,0,0,0,0,0,0,0,0,0,0
2004,420612,2,1,0,0,0,0,0,0,0,0,0,0
2004,420613,1,1,15,15,15,15,15,15,15,15,15,15
2004,420614,1,1,22,22,22,22,22,22,22,22,22,22
2004,420614,2,1,0,0,0,0,0,0,0,0,0,0
2004,420614,3,1,0,0,0,0,0,0,0,0,0,0
2004,420614,4,1,0,0,0,0,0,0,0,0,0,0
2004,420615,0,1,0,0,0,0,0,0,0,0,0,0
2004,420615,1,1,0,0,0,17,0,32,0,0,0,0
2004,420616,0,1,0,0,0,0,0,0,0,0,0,0
2004,420616,1,1,0,0,0,0,0,0,0,0,0,0
2004,420617,1,1,13,15,13,13,15,26,0,14,22,22
2004,420618,1,1,0,0,0,0,0,0,0,0,0,0
2004,420619,1,1,0,10,30,14,29,23,14,10,0,21
2004,420619,2,1,0,0,0,0,0,0,0,0,0,0
2004,420620,1,1,0,0,0,0,0,0,0,0,0,0
2004,420620,2,1,0,0,0,0,0,0,0,0,0,0
2004,420621,0,1,0,0,0,0,0,0,0,0,0,0
2004,420621,1,1,0,0,0,0,0,12,0,0,0,0
2004,420622,1,1,0,0,0,0,0,0,0,0,0,0
2004,420622,2,1,0,12,0,0,0,0,0,0,0,0
2004,420623,1,1,12,0,30,0,0,0,0,0,0,0
2004,420624,1,1,20,20,20,20,20,20,20,20,20,20
2004,420625,1,1,0,0,0,0,0,0,0,0,0,0
2004,420625,2,1,0,0,0,0,0,0,0,0,0,0
2004,420626,1,1,0,0,0,0,0,0,0,0,0,0
2004,420626,2,1,0,0,0,0,0,0,0,0,0,0
2004,420626,3,1,0,0,0,0,0,0,0,0,0,0
2004,420627,1,1,13,23,22,32,12,15,16,6,18,9
2004,420627,2,1,0,0,0,10,0,0,0,0,0,0
2004,420627,3,1,0,16,0,0,0,0,0,10,24,0
2004,420628,0,1,0,0,0,0,0,0,0,0,0,0
2004,420628,1,1,0,0,0,0,0,0,0,14,0,0
2004,420629,1,1,28,28,28,28,28,28,28,28,28,28
2004,420630,1,1,0,0,0,0,0,0,0,0,0,0
2004,420630,2,1,0,0,0,0,0,0,0,0,10,0
2004,420630,3,1,0,0,0,11,0,0,0,0,0,0
2004,420631,1,1,0,0,0,0,0,0,0,0,0,0
2004,420631,2,1,0,0,0,0,0,0,0,0,0,0
2004,420632,0,1,0,0,0,0,0,0,0,0,0,0
2004,420632,1,1,0,0,0,0,0,0,0,0,0,0
2004,420633,1,1,12,12,12,12,12,12,12,12,12,12
2004,420634,1,1,0,0,0,0,0,0,0,0,0,0
2004,420635,1,1,0,0,0,0,0,0,0,0,0,0
2004,420636,1,1,0,0,0,0,10,0,0,0,0,0
2004,420637,1,1,0,0,0,0,0,0,0,0,0,0
2004,420637,2,1,0,0,0,0,0,0,0,0,0,0
2004,420637,3,1,0,0,0,0,0,0,0,0,0,0
2004,420638,1,1,0,0,0,0,0,0,0,0,0,0
2004,420638,2,1,0,0,0,0,0,0,0,0,0,0
2004,420639,0,1,0,0,0,0,0,0,0,0,0,0
2004,420640,1,1,22,22,22,22,22,22,22,22,22,22
2004,420641,1,1,0,0,0,0,0,0,0,0,0,0
2004,420641,2,1,0,0,0,0,0,0,0,0,0,0
2004,420641,3,1,0,0,0,0,0,0,0,0,0,0
2004,420642,1,1,0,0,0,34,0,0,0,0,0,0
2004,420643,1,1,0,0,0,22,0,0,4,0,0,0
2004,420643,2,1,0,0,0,0,7,0,0,0,0,0
2004,420644,1,1,6,6,6,6,6,6,6,6,6,6
2004,420644,2,1,0,0,15,0,0,0,0,0,0,0
2004,420645,1,1,22,22,22,22,22,22,22,22,22,22
2004,420645,2,1,0,0,0,0,0,0,0,0,0,0
2004,420646,1,1,0,0,0,0,0,0,0,0,0,0
2004,420646,2,1,0,0,0,0,0,0,0,0,0,0
2004,420647,1,1,0,0,14,0,0,0,0,0,0,15
2004,420647,2,1,0,0,0,0,0,13,0,0,0,0
2004,420648,1,1,0,0,0,0,0,0,0,0,0,0
2004,420649,1,1,19,19,19,19,19,19,19,19,19,19
2004,420650,1,1,0,0,5,0,0,9,0,0,0,0
2004,420650,2,1,0,0,0,0,0,0,0,0,0,0
2004,420651,1,1,0,0,0,0,0,0,0,0,0,0
2004,420651,2,1,0,0,0,0,0,0,0,0,0,0
2004,420652,1,1,0,0,0,0,0,0,0,0,0,0
2004,420652,2,1,0,0,0,0,0,0,0,0,0,0
2004,420653,1,1,6,6,6,6,6,6,6,6,6,6
2004,420654,1,1,0,0,0,0,0,17,0,0,0,0
2004,420655,1,1,17,17,17,17,17,17,17,17,17,17
2004,420655,2,1,0,0,0,0,0,0,0,0,0,0
2004,420656,1,1,0,0,0,0,0,0,0,0,0,0
2004,420657,1,1,0,0,0,0,0,0,0,24,0,0
2004,420658,1,1,0,0,0,0,0,0,0,0,0,0
2004,420658,2,1,0,0,0,0,0,0,0,0,0,0
2004,420658,3,1,0,0,0,0,0,0,0,0,0,0
2004,420659,1,1,0,0,0,0,0,0,0,0,0,0