YEAR,ST_CASE,veh_no,per_no,P1,P2,P3,P4,P5,P6,P7,P8,P9,P10
2004,420660,1,1,0,0,0,0,0,0,0,0,0,0
2004,420661,1,1,0,0,0,0,0,0,0,0,0,11
2004,420661,2,1,0,4,0,0,0,0,0,0,0,0
2004,420662,1,1,9,24,9,0,28,14,8,5,0,11
2004,420662,2,1,0,0,0,0,2,0,6,0,0,0
2004,420663,1,1,0,0,0,0,0,0,0,0,0,0
2004,420663,2,1,0,0,0,0,0,0,0,0,0,0
2004,420664,1,1,10,9,29,0,14,17,12,21,20,32
2004,420664,2,1,25,25,25,25,25,25,25,25,25,25
2004,420664,3,1,0,0,0,0,0,0,0,0,7,0
2004,420665,1,1,0,0,0,0,0,0,0,0,0,0
2004,420665,2,1,0,0,0,0,0,0,0,0,0,0
2004,420666,1,1,16,16,16,16,16,16,16,16,16,16
2004,420666,2,1,0,0,0,0,0,0,0,0,0,0
2004,420667,1,1,0,0,0,0,0,0,0,0,0,0
2004,420667,2,1,0,0,0,0,0,0,0,0,0,0
2004,420668,1,1,7,7,7,7,7,7,7,7,7,7
2004,420669,1,1,0,0,0,0,0,0,0,0,0,0
2004,420669,2,1,0,9,0,0,0,0,0,0,0,0
2004,420670,1,1,26,26,26,26,26,26,26,26,26,26
2004,420671,1,1,0,0,0,0,0,0,0,0,0,0
2004,420671,2,1,0,0,0,0,0,0,0,0,0,0
2004,420672,1,1,0,0,0,0,3,0,0,0,0,0
2004,420672,2,1,0,0,0,0,0,14,0,0,0,0
2004,420673,1,1,0,0,0,0,0,0,0,0,0,3
2004,420673,2,1,0,0,0,0,0,7,0,0,0,0
2004,420674,1,1,0,0,0,0,0,0,0,0,0,0
2004,420674,2,1,0,0,0,0,0,0,0,0,0,0
2004,420675,1,1,23,23,23,23,23,23,23,23,23,23
2004,420676,1,1,0,0,0,0,0,0,0,0,0,0
2004,420676,2,1,0,0,0,0,0,0,0,0,0,0
2004,420677,1,1,0,0,0,0,0,0,0,0,0,0
2004,420677,2,1,0,0,0,0,0,0,0,0,0,10
2004,420678,1,1,10,25,30,18,20,16,14,15,29,11
2004,420678,2,1,0,8,0,14,0,9,0,0,0,13
2004,420678,3,1,0,0,0,0,0,0,0,0,0,0
2004,420678,4,1,0,0,0,0,0,0,0,0,0,0
2004,420679,1,1,0,0,0,0,0,0,0,0,0,0
2004,420679,2,1,0,0,0,0,0,0,0,0,0,0
2004,420680,1,1,0,32,0,23,35,26,0,21,0,0
2004,420681,1,1,22,22,22,22,22,22,22,22,22,22
2004,420682,1,1,14,14,14,14,14,14,14,14,14,14
2004,420683,1,1,6,0,0,0,0,0,0,0,0,0
2004,420683,2,1,0,0,0,0,0,0,0,0,0,0
2004,420684,1,1,14,17,16,19,14,10,10,1,0,12
2004,420685,1,1,0,0,0,0,0,0,0,0,0,0
2004,420685,2,1,0,0,0,0,0,0,0,0,0,0
2004,420686,1,1,7,0,15,0,16,0,0,0,6,0
2004,420686,2,1,0,0,0,0,0,0,0,0,0,0
2004,420687,1,1,0,0,0,0,0,0,0,0,0,0
2004,420688,1,1,21,21,21,21,21,21,21,21,21,21
2004,420689,1,1,24,24,24,24,24,24,24,24,24,24
2004,420689,2,1,0,0,0,0,0,0,0,0,0,0
2004,420690,0,1,18,0,8,39,27,35,23,0,26,35
2004,420690,1,1,0,0,0,0,0,0,0,0,0,0
2004,420691,1,1,14,3,5,24,6,20,19,18,18,18
2004,420692,1,1,0,0,24,0,16,0,12,21,13,0
2004,420693,1,1,13,13,13,13,13,13,13,13,13,13
2004,420694,1,1,0,0,0,0,0,0,0,0,0,0
2004,420695,0,1,0,0,0,0,0,0,0,0,0,0
2004,420695,1,1,0,0,0,0,0,0,0,0,0,0
2004,420696,1,1,0,15,0,0,0,26,0,0,0,0
2004,420697,1,1,0,0,0,0,0,0,0,0,0,0
2004,420697,2,1,0,0,0,0,0,0,0,0,0,0
2004,420698,1,1,12,12,12,12,12,12,12,12,12,12
2004,420699,1,1,0,0,0,0,0,0,0,0,0,0
2004,420699,2,1,0,0,0,0,0,0,0,0,0,0
2004,420700,1,1,0,0,0,0,0,0,0,0,0,0
2004,420700,2,1,0,19,0,0,0,0,0,0,0,14
2004,420701,1,1,0,0,0,0,0,0,0,0,0,0
2004,420701,2,1,0,0,0,0,0,0,0,0,0,0
2004,420702,0,1,0,0,0,0,0,0,0,0,0,0
2004,420702,1,1,0,0,0,0,0,0,0,0,0,0
2004,420703,0,1,0,0,0,0,0,0,0,0,0,0
2004,420703,1,1,0,0,0,0,0,0,0,0,0,0
2004,420704,1,1,0,0,0,0,0,0,0,0,0,0
2004,420704,2,1,0,0,0,0,0,0,0,0,0,0
2004,420705,1,2,0,0,0,0,0,0,0,0,0,0
2004,420706,0,1,0,0,0,0,0,0,0,0,0,0
2004,420706,1,1,0,0,0,0,0,0,0,0,0,0
2004,420707,1,1,0,0,0,0,0,0,0,0,0,0
2004,420707,2,1,0,0,0,0,0,0,0,0,0,0
2004,420708,1,1,0,0,0,0,0,0,0,0,0,0
2004,420708,2,1,0,0,0,0,0,0,0,0,0,0
2004,420709,1,1,0,0,0,0,0,0,0,0,0,0
2004,420709,2,1,0,0,0,0,0,0,0,0,0,0
2004,420710,0,1,0,0,0,0,0,0,0,0,0,0
2004,420710,1,1,0,0,0,0,0,0,0,0,0,0
2004,420711,1,1,0,0,0,0,0,0,0,0,0,0
2004,420711,2,1,14,0,0,0,0,0,0,0,0,0
2004,420712,1,1,29,29,29,29,29,29,29,29,29,29
2004,420713,1,1,0,0,0,0,0,0,0,0,0,0
2004,420713,2,1,0,0,0,0,0,0,0,0,0,0
2004,420713,3,1,0,0,0,5,0,0,0,0,0,0
2004,420714,1,1,0,0,0,0,0,0,0,0,0,0
2004,420714,2,1,0,0,0,0,0,0,0,0,0,0
2004,420715,1,1,0,0,0,0,0,0,0,0,0,0
2004,420715,2,1,0,0,0,0,0,0,0,0,0,0
2004,420715,3,1,0,0,0,0,0,0,0,0,0,0
2004,420716,0,1,0,0,0,0,0,0,0,0,0,0
2004,420716,1,1,0,0,0,0,0,0,0,0,0,0
2004,420717,1,1,0,0,0,0,0,0,0,0,0,0
2004,420717,2,1,0,0,0,0,0,0,0,0,0,0
2004,420717,3,1,0,0,0,0,0,0,0,0,0,0
2004,420718,1,1,0,0,0,0,0,0,0,0,0,0
2004,420719,0,1,0,0,0,0,0,0,0,0,0,0
2004,420719,1,1,0,0,0,0,0,0,0,0,0,0
2004,420720,1,1,0,0,0,0,0,0,0,0,0,0
2004,420720,2,1,0,0,0,0,0,0,0,0,0,0
2004,420721,1,1,9,9,9,9,9,9,9,9,9,9
2004,420722,1,1,0,0,0,0,0,0,0,0,0,0
2004,420722,2,1,0,0,0,0,0,0,0,8,0,0
2004,420723,1,1,25,0,0,0,11,0,0,0,0,0
2004,420724,1,1,24,24,24,24,24,24,24,24,24,24
2004,420725,1,1,0,0,0,0,0,0,0,0,0,0
2004,420725,2,1,0,0,0,0,0,0,0,0,0,0
2004,420726,1,1,8,8,8,8,8,8,8,8,8,8
2004,420727,1,1,18,18,18,18,18,18,18,18,18,18
2004,420728,1,1,21,21,21,21,21,21,21,21,21,21
2004,420729,1,1,0,0,0,0,0,0,0,0,0,0
2004,420729,2,1,0,0,0,0,0,0,0,0,0,0
2004,420730,1,1,14,14,14,14,14,14,14,14,14,14
2004,420731,1,1,0,0,0,0,0,0,0,0,0,0
2004,420731,2,1,0,0,0,0,12,0,0,0,0,0
2004,420732,1,1,18,18,18,18,18,18,18,18,18,18
2004,420732,2,1,5,5,5,5,5,5,5,5,5,5
2004,420733,0,1,0,0,0,0,0,0,0,0,0,0
2004,420733,1,1,12,29,18,21,13,12,22,36,14,9
2004,420734,1,1,0,0,0,0,0,0,0,0,0,0
2004,420734,2,1,0,0,0,0,0,0,0,0,0,0
2004,420734,3,1,0,0,0,0,0,0,0,0,0,0
2004,420735,1,1,0,0,0,0,0,0,0,0,0,0
2004,420735,2,1,0,0,0,0,0,0,0,0,0,0
2004,420736,1,1,0,0,0,0,0,0,0,0,0,0
2004,420737,1,1,0,0,10,0,0,0,11,0,0,0
2004,420737,2,1,0,0,0,0,0,0,0,0,0,0
2004,420738,1,1,23,23,23,23,23,23,23,23,23,23
2004,420739,1,1,9,9,9,9,9,9,9,9,9,9
2004,420740,1,1,0,9,0,0,21,0,0,0,0,0
2004,420740,2,1,0,0,0,0,0,0,0,0,0,0
2004,420741,1,1,0,0,0,4,0,0,0,0,0,0
2004,420741,2,1,0,0,0,0,0,0,0,0,0,0
2004,420741,3,1,0,0,0,0,0,0,0,0,0,0
2004,420742,1,1,28,28,28,28,28,28,28,28,28,28
2004,420743,1,1,0,0,0,0,0,10,0,17,11,0
2004,420744,1,1,14,14,14,14,14,14,14,14,14,14
2004,420745,0,1,0,0,0,0,0,0,0,0,0,0
2004,420745,1,1,0,0,0,0,0,0,0,0,0,0
2004,420746,1,1,0,0,0,0,0,0,0,0,0,0
2004,420746,2,1,0,0,0,0,0,0,0,0,0,0
2004,420747,0,1,0,0,0,0,0,0,0,0,0,0
2004,420747,1,1,0,0,0,0,0,0,0,0,0,0
2004,420748,1,1,21,21,21,21,21,21,21,21,21,21
2004,420749,1,1,21,21,21,21,21,21,21,21,21,21
2004,420750,1,1,0,0,0,0,0,0,0,0,0,0
2004,420750,2,1,0,0,0,0,0,0,0,0,0,0
2004,420751,1,1,0,0,0,0,0,0,0,0,0,0
2004,420752,1,1,16,7,13,23,17,34,25,8,15,14
2004,420752,2,1,0,0,0,0,0,0,0,0,0,0
2004,420753,1,1,8,0,0,0,0,0,0,0,0,0
2004,420753,2,1,21,19,19,16,13,30,7,18,28,27
2004,420754,1,1,21,21,21,21,21,21,21,21,21,21
2004,420755,1,1,0,0,0,4,0,0,0,0,0,14
2004,420755,2,1,0,0,0,0,0,0,0,0,0,0
2004,420756,1,1,0,0,0,0,0,0,0,0,0,0
2004,420757,1,1,0,0,0,0,0,0,0,0,0,52
2004,420758,1,1,24,24,24,24,24,24,24,24,24,24
2004,420759,1,1,0,0,0,0,0,0,0,0,0,0
2004,420760,1,1,0,0,0,0,0,0,0,0,0,0
2004,420760,2,1,0,0,0,0,0,0,0,0,0,0
2004,420761,1,1,0,0,0,0,0,0,0,0,0,0
2004,420761,2,1,5,5,5,5,5,5,5,5,5,5
2004,420762,1,1,11,11,11,11,11,11,11,11,11,11
2004,420763,1,1,11,11,11,11,11,11,11,11,11,11
2004,420764,1,1,0,0,0,0,0,0,0,0,0,0
2004,420765,1,1,23,23,23,23,23,23,23,23,23,23
2004,420766,1,1,0,0,0,0,0,0,0,0,0,0
2004,420766,2,1,0,0,27,0,0,0,0,0,0,0
2004,420767,1,1,0,0,0,0,0,0,0,0,0,0
2004,420767,2,1,0,0,0,0,0,0,0,0,0,0
2004,420768,1,1,29,29,29,29,29,29,29,29,29,29
2004,420769,1,1,25,25,25,25,25,25,25,25,25,25
2004,420770,1,1,0,0,7,0,0,0,24,0,0,0
2004,420770,2,1,0,0,0,0,0,0,0,0,0,0
2004,420771,1,1,0,0,0,0,0,0,0,0,0,0
2004,420771,2,1,0,0,0,0,0,0,0,0,0,0
2004,420772,0,1,0,0,0,0,0,0,0,0,0,0
2004,420772,1,1,0,0,0,0,0,0,0,0,0,0
2004,420773,1,1,0,0,0,0,0,0,0,0,0,0
2004,420773,2,1,0,0,0,0,0,0,0,0,0,0
2004,420774,1,1,20,0,0,31,21,0,0,0,0,0
2004,420775,1,1,13,13,13,13,13,13,13,13,13,13
2004,420776,1,1,23,23,23,23,23,23,23,23,23,23
2004,420776,2,1,0,0,0,0,0,0,0,0,25,0
2004,420777,1,1,3,3,3,3,3,3,3,3,3,3
2004,420777,2,1,0,0,0,0,0,0,0,0,0,0
2004,420778,1,1,22,22,22,22,22,22,22,22,22,22
2004,420779,1,1,0,16,17,0,0,29,11,0,35,18
2004,420780,1,1,22,0,0,0,20,10,0,12,6,11
2004,420781,1,1,18,18,18,18,18,18,18,18,18,18
2004,420782,1,1,0,0,0,0,0,0,0,0,0,0
2004,420782,2,1,0,0,0,0,0,0,0,0,0,0
2004,420783,1,1,0,0,0,0,14,0,0,0,0,0
2004,420783,2,1,0,0,0,0,0,0,0,0,0,0
2004,420784,1,1,0,0,0,0,0,0,6,0,0,0
2004,420785,0,1,0,10,0,0,0,0,0,0,0,0
2004,420785,1,1,3,3,3,3,3,3,3,3,3,3
2004,420786,1,1,0,21,0,0,0,0,0,0,0,0
2004,420787,1,1,0,0,0,0,0,0,0,0,0,0
2004,420787,2,1,0,0,0,0,0,0,0,0,0,0
2004,420788,1,1,0,0,0,0,0,0,12,0,0,0
2004,420788,2,1,0,0,6,0,0,0,0,0,0,0
2004,420789,1,1,0,0,0,0,0,0,0,0,0,0
2004,420790,1,1,0,18,7,0,14,39,0,0,0,11
2004,420791,0,1,0,0,0,0,0,0,0,0,0,0
2004,420791,1,1,0,0,0,0,0,0,0,0,0,0
2004,420791,2,1,0,0,0,0,0,0,0,0,0,0
2004,420792,1,1,22,22,22,22,22,22,22,22,22,22
2004,420793,1,1,0,0,0,0,0,0,0,0,0,0
2004,420793,2,1,0,0,0,0,0,0,0,0,0,0
2004,420794,1,1,0,0,0,0,0,0,0,0,0,0
2004,420794,2,1,0,0,0,0,0,0,0,0,0,0
2004,420795,1,1,0,0,0,0,0,0,0,0,0,0
2004,420796,1,1,0,0,0,0,0,0,0,0,0,0
2004,420796,2,1,0,0,0,0,0,0,0,0,0,0
2004,420797,1,1,0,0,0,0,0,0,0,14,14,0
2004,420798,1,1,0,0,0,0,0,0,0,0,0,0
2004,420798,2,1,0,0,0,0,0,0,0,0,0,0
2004,420799,1,1,6,6,6,6,6,6,6,6,6,6
2004,420800,1,1,0,0,0,0,0,0,3,0,0,0
2004,420800,2,1,0,0,0,0,0,0,0,0,0,0
2004,420801,1,1,0,0,0,0,0,0,0,0,0,0
2004,420801,2,1,0,0,0,8,0,0,0,0,0,7
2004,420802,1,1,17,0,0,0,0,0,0,0,17,0
2004,420803,1,1,26,26,26,26,26,26,26,26,26,26
2004,420804,1,1,20,20,20,20,20,20,20,20,20,20
2004,420804,2,1,0,0,0,0,0,0,0,0,0,0
2004,420805,1,1,31,31,31,31,31,31,31,31,31,31
2004,420806,1,1,9,9,9,9,9,9,9,9,9,9
2004,420806,2,1,0,0,0,0,0,0,0,0,0,0
2004,420807,1,1,0,0,0,0,0,0,0,0,0,0
2004,420808,1,1,0,0,0,0,0,0,0,0,0,0
2004,420808,2,1,0,0,0,0,0,0,0,0,0,0
2004,420808,3,1,0,0,0,0,0,0,0,0,0,0
2004,420809,1,1,11,11,11,11,11,11,11,11,11,11
2004,420810,1,1,0,0,0,0,0,0,0,0,0,0
2004,420810,2,1,0,0,0,0,0,0,0,0,0,0
2004,420811,1,1,21,21,21,21,21,21,21,21,21,21
2004,420812,1,1,0,0,0,0,0,0,0,0,0,0
2004,420812,2,1,0,0,0,0,0,0,0,0,0,0
2004,420813,1,1,0,0,0,0,0,0,0,0,0,0
2004,420813,2,1,0,0,0,0,0,0,0,0,0,0
2004,420814,1,1,0,0,0,17,0,0,0,0,0,0
2004,420814,2,1,4,4,4,4,4,4,4,4,4,4
2004,420814,3,1,0,0,0,0,0,0,0,0,0,0
2004,420815,1,1,0,0,0,0,0,0,0,0,0,0
2004,420815,2,1,0,0,0,0,0,0,0,0,0,0
2004,420815,3,1,0,0,0,0,0,0,0,0,0,0
2004,420815,4,1,0,0,0,0,0,0,0,0,0,0
2004,420816,1,1,27,0,8,0,0,0,0,9,0,0
2004,420817,1,1,0,0,0,0,0,0,0,0,0,0
2004,420817,2,1,0,0,0,0,0,0,0,0,0,0
2004,420818,1,1,25,20,14,12,14,12,40,20,30,20
2004,420819,1,1,0,0,0,0,0,0,0,0,0,0
2004,420819,2,1,0,0,0,0,0,0,0,0,0,0
2004,420820,1,1,0,0,0,0,0,0,0,0,0,0
2004,420820,2,1,11,11,11,11,11,11,11,11,11,11
2004,420820,3,1,0,0,0,0,0,0,0,0,0,0
2004,420821,1,1,0,0,0,0,0,0,0,0,0,0
2004,420821,2,1,0,0,0,0,0,0,0,0,0,0
2004,420822,1,1,0,0,0,0,0,0,0,0,0,0
2004,420823,1,1,4,4,4,4,4,4,4,4,4,4
2004,420823,2,1,0,0,0,0,0,0,0,0,0,0
2004,420823,3,1,0,0,0,0,0,0,0,0,0,0
2004,420824,1,1,0,0,0,0,0,0,0,0,0,0
2004,420824,2,1,0,0,13,0,0,14,0,0,0,0
2004,420825,1,1,9,9,9,9,9,9,9,9,9,9
2004,420826,1,1,0,0,0,0,0,0,0,9,0,0
2004,420826,2,1,0,0,0,0,0,0,0,0,0,0
2004,420827,1,1,0,0,0,0,0,0,0,0,0,0
2004,420827,2,1,0,0,0,0,0,0,0,0,0,0
2004,420828,1,1,0,0,0,0,0,0,0,0,0,0
2004,420829,1,1,0,0,0,0,0,0,0,0,0,0
2004,420830,1,1,0,0,0,0,0,0,0,0,0,0
2004,420830,2,1,0,0,0,0,0,0,0,0,0,0
2004,420830,3,1,0,0,0,0,0,0,0,0,0,0
2004,420831,1,1,0,0,12,0,0,0,0,0,0,0
2004,420831,2,1,0,0,0,0,0,0,0,0,0,0
2004,420832,1,1,0,0,0,0,0,0,0,0,0,0
2004,420832,2,1,0,0,0,0,0,0,0,0,0,0
2004,420832,3,1,0,0,0,0,0,0,0,0,0,0
2004,420833,1,1,0,0,24,0,0,0,0,0,0,0
2004,420834,1,1,0,0,0,0,0,0,0,0,0,0
2004,420835,1,1,0,0,0,0,0,0,0,0,0,0
2004,420836,1,1,0,0,0,0,0,0,0,0,0,0
2004,420836,2,1,0,0,0,0,0,0,0,0,0,0
2004,420837,1,1,0,0,12,0,0,20,0,0,0,21
2004,420837,2,1,0,0,0,0,0,0,0,0,0,0
2004,420838,1,1,0,0,0,0,0,0,0,0,0,0
2004,420838,2,1,0,0,0,0,0,12,0,0,0,0
2004,420839,1,1,0,0,0,0,0,0,0,0,0,0
2004,420840,1,1,24,24,24,24,24,24,24,24,24,24
2004,420840,2,1,0,0,0,0,0,0,0,0,0,0
2004,420841,0,1,0,0,0,0,0,0,0,0,0,0
2004,420841,1,1,0,0,0,0,0,0,0,0,0,0
2004,420842,1,1,0,0,0,0,0,0,0,0,0,0
2004,420843,1,1,0,0,0,0,0,0,0,0,0,0
2004,420844,1,1,21,21,21,21,21,21,21,21,21,21
2004,420845,0,1,0,0,0,0,0,0,0,0,0,0
2004,420845,1,1,0,0,0,0,0,0,0,0,0,0
2004,420846,1,1,25,25,25,25,25,25,25,25,25,25
2004,420847,1,1,0,0,0,0,0,0,0,0,0,0
2004,420847,2,1,0,0,0,0,0,0,0,0,0,0
2004,420847,3,1,0,0,0,0,0,0,0,0,0,0
2004,420847,4,1,0,0,0,0,0,12,0,0,0,0
2004,420848,1,1,0,0,0,0,0,0,0,0,0,0
2004,420849,0,1,0,0,0,0,0,0,0,0,0,0
2004,420849,1,1,0,0,0,17,0,0,0,0,0,0
2004,420850,1,1,0,0,0,0,0,0,0,0,0,0
2004,420851,0,1,0,0,0,0,0,0,0,0,0,0
2004,420851,1,1,0,0,0,0,0,0,0,0,0,0
2004,420852,1,1,0,0,0,0,0,0,0,0,0,0
2004,420852,2,1,0,0,0,0,0,0,0,0,0,0
2004,420852,3,1,0,3,0,0,14,0,0,0,0,0
2004,420853,0,1,0,0,0,0,0,0,0,0,0,0
2004,420853,1,1,0,0,0,0,0,13,0,10,0,0
2004,420854,1,1,0,0,0,0,0,0,0,0,0,0
2004,420855,1,1,0,0,0,0,0,0,0,0,0,0
2004,420855,2,1,0,0,0,0,0,0,0,0,0,0
2004,420856,1,1,17,17,17,17,17,17,17,17,17,17
2004,420857,0,1,0,0,0,0,0,0,0,0,0,0
2004,420857,1,1,0,0,0,0,0,0,0,0,0,0
2004,420858,1,1,19,19,19,19,19,19,19,19,19,19
2004,420859,1,1,0,0,0,0,0,0,0,0,0,0
2004,420859,2,1,0,0,0,0,0,0,0,0,0,0
2004,420860,1,1,0,0,0,0,0,0,0,0,0,0
2004,420860,2,1,0,0,0,0,0,0,0,0,0,0
2004,420861,1,1,0,0,0,0,0,0,23,0,0,0
2004,420861,2,1,0,0,0,0,0,7,0,10,0,0
2004,420862,1,1,0,0,0,0,0,0,0,0,0,0
2004,420862,2,1,0,0,0,0,0,0,0,0,0,0
2004,420862,3,1,0,0,0,0,0,0,0,0,0,0
2004,420863,1,1,20,20,20,20,20,20,20,20,20,20
2004,420863,2,1,0,0,0,0,0,0,0,0,0,0
2004,420864,1,1,0,0,0,0,0,0,0,0,0,0
2004,420864,2,1,16,18,0,0,0,0,0,0,0,0
2004,420865,1,1,16,16,16,16,16,16,16,16,16,16
2004,420866,1,1,16,30,22,21,16,13,20,11,16,34
2004,420866,2,1,0,0,0,0,0,0,19,0,0,0
2004,420867,0,1,0,0,0,0,0,0,0,0,0,0
2004,420867,1,1,1,1,1,1,1,1,1,1,1,1
2004,420868,1,1,0,0,0,0,0,0,0,0,0,0
2004,420868,2,1,0,0,0,0,0,0,0,0,0,0
2004,420869,1,1,18,18,18,18,18,18,18,18,18,18
2004,420870,1,1,19,19,19,19,19,19,19,19,19,19
2004,420871,1,1,16,16,16,16,16,16,16,16,16,16
2004,420872,1,1,0,0,0,0,0,0,0,0,0,0
2004,420873,1,1,17,10,0,22,12,28,18,12,13,9
2004,420874,1,1,20,20,20,20,20,20,20,20,20,20
2004,420875,1,1,0,0,0,0,0,0,0,0,0,0
2004,420875,2,1,0,0,0,0,0,0,0,0,0,0
2004,420875,3,1,0,0,0,0,0,0,0,0,0,0
2004,420876,0,1,0,0,0,0,0,0,0,0,0,0
2004,420876,1,1,0,0,0,0,0,0,0,0,0,0
2004,420876,2,1,0,0,0,0,0,0,0,0,0,15
2004,420877,1,1,0,0,0,0,0,0,0,0,0,0
2004,420877,2,1,0,0,0,0,0,0,0,0,0,0
2004,420878,1,1,16,16,16,16,16,16,16,16,16,16
2004,420878,2,1,0,0,0,0,6,0,0,0,0,0
2004,420879,1,1,13,13,13,13,13,13,13,13,13,13
2004,420879,2,1,0,0,0,0,0,0,0,0,0,0
2004,420879,3,1,0,0,0,0,0,0,0,0,0,0
2004,420880,1,1,25,25,25,25,25,25,25,25,25,25
2004,420881,1,1,0,0,0,0,5,0,0,0,0,0
2004,420881,2,1,0,0,0,0,0,0,0,0,0,0
2004,420882,1,1,17,0,17,13,27,18,14,41,7,3
2004,420883,1,1,0,0,0,0,0,0,0,0,0,0
2004,420883,2,1,0,0,0,0,0,0,0,0,0,0
2004,420884,1,1,0,0,0,9,11,5,0,5,7,0
2004,420884,2,1,0,0,0,0,0,0,0,0,0,0
2004,420884,3,1,0,0,0,0,0,0,0,0,0,0
2004,420885,1,1,17,17,17,17,17,17,17,17,17,17
2004,420885,2,1,0,0,0,0,0,0,0,0,12,0
2004,420885,3,1,0,0,0,0,0,0,0,0,0,0
2004,420886,0,1,0,0,0,0,0,0,0,0,0,0
2004,420886,1,1,0,0,0,0,0,0,0,0,0,0
2004,420887,0,1,0,0,0,0,0,0,0,0,0,0
2004,420887,1,1,0,0,0,0,0,0,0,0,0,0
2004,420888,1,1,18,18,18,18,18,18,18,18,18,18
2004,420889,1,1,0,0,0,0,0,0,0,0,0,0
2004,420889,2,1,0,0,0,0,0,0,0,0,0,0
2004,420890,1,1,0,0,0,0,0,0,0,0,10,0
2004,420890,2,1,0,0,0,0,0,0,0,0,0,0
2004,420891,1,1,0,0,0,0,0,0,0,0,0,0
2004,420891,2,1,0,0,0,0,0,0,0,0,0,0
2004,420892,1,1,24,24,24,24,24,24,24,24,24,24
2004,420893,1,1,0,0,0,0,0,0,0,0,0,0
2004,420893,2,1,0,0,0,0,0,0,0,0,0,0
2004,420894,1,1,22,22,22,22,22,22,22,22,22,22
2004,420895,1,1,13,13,13,13,13,13,13,13,13,13
2004,420895,2,1,0,0,0,0,0,0,0,0,0,0
2004,420896,1,1,0,0,0,0,0,0,0,13,0,0
2004,420897,1,1,26,0,0,17,0,0,21,22,0,0
2004,420897,2,1,0,0,0,0,0,0,0,0,0,0
2004,420898,1,1,0,0,0,0,0,0,0,0,0,0
2004,420898,2,1,0,0,0,0,0,0,0,0,0,0
2004,420899,1,1,23,23,23,23,23,23,23,23,23,23
2004,420900,1,1,0,0,0,0,0,0,4,0,8,0
2004,420900,2,1,0,0,0,0,0,0,0,0,0,0
2004,420901,1,1,0,0,0,0,0,0,0,0,0,0
2004,420901,2,1,0,0,0,0,0,0,0,0,0,0
2004,420902,1,1,0,0,0,0,0,0,0,0,0,0
2004,420902,2,1,0,0,0,0,0,0,0,0,0,0
2004,420902,3,1,0,0,0,0,0,0,0,0,0,0
2004,420903,1,1,0,0,0,4,0,0,0,0,0,0
2004,420904,1,1,0,0,0,0,0,0,0,0,0,0
2004,420904,2,1,0,14,0,0,0,0,0,0,0,0
2004,420904,3,1,0,0,0,0,0,0,0,0,0,0
2004,420905,1,1,12,12,12,12,12,12,12,12,12,12
2004,420906,1,1,13,13,13,13,13,13,13,13,13,13
2004,420907,0,1,0,0,0,0,0,0,0,0,0,0
2004,420907,1,1,0,0,0,20,0,0,21,0,0,0
2004,420908,1,1,0,0,0,0,0,0,0,0,0,0
2004,420908,2,1,0,0,0,0,0,0,0,0,0,0
2004,420909,1,1,0,0,0,0,0,6,9,10,0,0
2004,420910,1,1,0,0,0,20,0,0,0,0,0,0
2004,420911,1,1,18,18,18,18,18,18,18,18,18,18
2004,420912,1,1,22,22,22,22,22,22,22,22,22,22
2004,420913,0,1,31,31,31,31,31,31,31,31,31,31
2004,420913,1,1,0,0,0,0,0,0,0,0,0,0
2004,420913,2,1,0,0,0,0,0,0,0,0,0,8
2004,420914,1,1,0,0,0,0,0,0,0,0,0,0
2004,420914,2,1,0,0,0,0,0,0,0,0,0,0
2004,420915,1,1,0,0,0,0,0,0,0,0,0,0
2004,420915,2,1,0,0,0,0,0,0,0,0,0,0
2004,420916,1,1,0,0,19,10,39,0,0,0,0,0
2004,420917,1,1,0,0,0,0,0,0,0,0,0,0
2004,420918,1,1,32,32,32,32,32,32,32,32,32,32
2004,420918,2,1,0,0,0,0,0,33,0,0,0,0
2004,420919,1,1,0,0,0,0,0,0,0,0,0,3
2004,420919,2,1,0,0,0,0,0,0,0,0,0,0
2004,420920,1,1,0,0,12,0,0,0,0,0,0,0
2004,420920,2,1,0,0,0,0,0,0,0,0,0,0
2004,420921,1,1,0,0,0,0,0,0,0,0,0,0
2004,420922,1,1,3,3,3,3,3,3,3,3,3,3
2004,420923,1,1,0,0,0,0,0,0,0,0,0,0
2004,420923,2,1,0,0,0,0,0,0,0,0,0,0
2004,420924,1,1,0,0,0,0,0,0,0,0,0,0
2004,420924,2,1,0,0,0,0,0,0,0,0,0,0
2004,420925,1,1,21,21,21,21,21,21,21,21,21,21
2004,420926,1,1,0,0,0,0,0,0,0,0,0,0
2004,420926,2,1,0,0,0,0,0,0,0,0,0,0
2004,420927,1,1,0,0,0,0,0,0,0,0,0,0
2004,420927,2,1,0,0,0,0,0,0,0,0,0,0
2004,420927,3,1,0,0,0,0,0,0,0,0,0,0
2004,420928,1,1,11,11,11,11,11,11,11,11,11,11
2004,420928,2,1,0,0,0,0,0,0,0,0,0,0
2004,420929,1,1,28,28,28,28,28,28,28,28,28,28
2004,420930,1,1,0,0,0,0,0,0,0,0,0,0
2004,420931,1,1,0,0,0,0,0,0,0,0,0,0
2004,420932,1,1,0,0,0,0,0,0,0,0,0,0
2004,420932,2,1,0,0,0,0,0,0,0,0,0,0
2004,420932,3,1,0,0,0,0,0,0,0,0,17,0