YEAR,ST_CASE,veh_no,per_no,P1,P2,P3,P4,P5,P6,P7,P8,P9,P10
2004,420933,1,1,0,0,0,0,0,0,0,0,0,0
2004,420933,2,1,0,0,0,0,0,0,0,0,0,0
2004,420934,0,1,0,0,0,0,0,0,0,0,0,0
2004,420934,1,1,0,0,0,0,0,0,0,0,0,0
2004,420935,1,1,0,0,0,0,0,0,0,0,0,0
2004,420936,1,1,6,6,6,6,6,6,6,6,6,6
2004,420936,2,1,23,23,23,23,23,23,23,23,23,23
2004,420937,1,1,16,16,16,16,16,16,16,16,16,16
2004,420938,1,1,15,15,15,15,15,15,15,15,15,15
2004,420938,2,1,0,0,0,0,0,0,0,0,0,0
2004,420939,1,1,0,0,0,0,0,0,0,0,0,0
2004,420940,1,1,0,0,0,0,0,0,0,0,0,0
2004,420940,2,1,0,0,0,0,0,0,0,0,0,0
2004,420941,1,1,27,27,27,27,27,27,27,27,27,27
2004,420942,1,1,13,9,9,5,9,5,10,10,17,19
2004,420942,2,1,3,12,10,20,0,9,16,10,9,12
2004,420943,1,1,17,17,17,17,17,17,17,17,17,17
2004,420943,2,1,17,17,17,17,17,17,17,17,17,17
2004,420944,0,1,0,0,0,0,0,0,0,0,0,0
2004,420944,1,1,0,0,0,0,0,0,0,0,0,0
2004,420945,1,1,0,30,0,17,0,0,7,0,0,0
2004,420946,1,1,25,25,25,25,25,25,25,25,25,25
2004,420947,1,1,0,0,0,0,0,0,0,0,0,0
2004,420948,0,1,0,0,0,0,0,0,0,0,0,0
2004,420948,1,1,0,0,17,0,0,0,0,0,0,0
2004,420949,1,1,10,10,10,10,10,10,10,10,10,10
2004,420950,1,1,13,13,13,13,13,13,13,13,13,13
2004,420951,0,1,0,0,0,0,0,0,0,0,0,0
2004,420951,0,2,0,0,0,0,0,0,0,0,0,0
2004,420951,1,1,20,42,18,5,0,30,0,0,15,0
2004,420952,0,1,0,0,0,0,0,0,0,0,0,0
2004,420952,1,1,0,0,0,16,0,0,0,0,0,0
2004,420953,1,1,0,0,0,0,0,6,0,0,0,0
2004,420953,2,1,0,0,0,0,0,0,0,6,0,0
2004,420954,0,1,0,0,0,0,0,0,0,0,0,0
2004,420954,1,1,0,0,0,0,0,0,0,0,0,0
2004,420955,1,1,21,21,21,21,21,21,21,21,21,21
2004,420956,1,1,14,14,14,14,14,14,14,14,14,14
2004,420956,2,1,0,0,0,0,0,0,0,0,0,0
2004,420957,1,1,0,0,0,0,0,0,0,0,0,0
2004,420958,0,1,0,0,0,0,0,0,0,0,0,0
2004,420958,1,1,0,0,0,0,0,0,0,0,0,0
2004,420959,0,1,0,0,0,0,0,0,0,0,0,0
2004,420959,1,1,0,0,0,0,0,0,0,0,0,0
2004,420960,1,1,0,0,0,0,0,0,0,0,0,0
2004,420960,2,1,0,0,0,0,0,0,0,2,0,0
2004,420961,1,1,0,0,0,0,0,0,0,0,0,0
2004,420961,2,1,0,0,0,0,0,0,0,0,0,0
2004,420962,0,1,23,23,23,23,23,23,23,23,23,23
2004,420962,1,1,19,0,0,0,0,0,0,0,17,4
2004,420963,0,1,0,0,0,0,0,0,0,0,0,0
2004,420963,1,1,0,0,0,0,0,0,0,0,0,0
2004,420964,0,1,0,0,0,0,0,0,0,0,0,0
2004,420964,1,1,0,0,0,0,0,0,0,0,0,0
2004,420965,1,1,0,0,0,0,0,0,0,0,0,0
2004,420966,1,1,5,0,17,14,12,12,13,0,13,3
2004,420967,1,1,0,0,0,0,0,0,0,0,0,0
2004,420968,1,1,0,0,0,0,0,0,0,0,0,0
2004,420968,2,1,0,0,0,0,0,0,0,0,0,0
2004,420968,3,1,0,0,0,0,0,0,0,0,0,0
2004,420969,1,1,15,17,10,15,11,2,30,6,0,12
2004,420969,2,1,6,6,6,6,6,6,6,6,6,6
2004,420970,1,1,0,0,0,0,0,0,0,0,0,0
2004,420971,1,1,0,0,0,0,0,0,0,0,0,0
2004,420972,0,1,0,18,11,0,0,29,0,0,0,0
2004,420972,1,1,0,0,0,0,0,0,18,0,0,0
2004,420973,0,1,0,0,0,0,0,0,0,0,0,0
2004,420973,1,1,0,0,0,0,0,0,0,0,0,0
2004,420974,1,1,0,0,0,0,0,0,0,0,0,0
2004,420975,1,1,27,27,27,27,27,27,27,27,27,27
2004,420976,1,1,0,0,0,0,0,0,0,9,0,0
2004,420976,2,1,0,0,0,0,0,0,0,0,0,0
2004,420977,1,1,0,0,0,0,0,0,0,0,0,0
2004,420977,2,1,0,0,0,0,0,0,0,0,0,0
2004,420977,3,1,0,0,0,0,0,3,0,0,0,3
2004,420978,1,1,23,23,23,23,23,23,23,23,23,23
2004,420979,1,1,0,0,0,0,0,0,0,0,15,0
2004,420979,2,1,0,0,0,0,0,0,0,0,14,12
2004,420980,1,1,9,9,9,9,9,9,9,9,9,9
2004,420981,1,1,0,0,0,0,0,0,0,0,0,0
2004,420981,2,1,0,0,0,0,0,0,0,0,0,0
2004,420982,1,1,0,0,0,0,0,0,0,0,0,0
2004,420982,2,1,0,0,0,0,0,0,0,0,0,0
2004,420983,1,1,0,0,0,0,0,0,0,0,0,0
2004,420983,2,1,0,0,0,0,0,0,0,0,0,0
2004,420984,1,1,28,28,28,28,28,28,28,28,28,28
2004,420985,0,1,0,0,0,0,0,21,0,0,0,0
2004,420985,1,1,0,0,0,0,0,0,0,0,14,0
2004,420986,1,1,13,0,15,18,13,43,26,11,29,19
2004,420987,1,1,0,0,0,0,0,0,0,0,0,0
2004,420987,2,1,0,0,0,0,0,0,0,0,0,0
2004,420988,1,1,0,0,0,0,0,0,0,0,0,0
2004,420989,1,1,19,19,19,19,19,19,19,19,19,19
2004,420990,1,1,0,0,0,0,0,0,0,0,0,0
2004,420990,2,1,0,0,0,0,0,0,0,0,0,0
2004,420991,0,1,28,28,28,28,28,28,28,28,28,28
2004,420991,1,1,10,19,4,0,0,0,0,0,15,0
2004,420992,1,1,0,0,0,0,0,0,0,0,0,0
2004,420993,0,1,0,0,0,0,0,0,0,0,0,0
2004,420993,1,1,0,0,0,0,0,0,0,0,0,0
2004,420994,1,1,14,14,14,14,14,14,14,14,14,14
2004,420994,2,1,0,0,0,0,0,0,0,0,0,0
2004,420995,1,1,0,0,0,0,0,0,0,0,0,0
2004,420995,2,1,0,0,0,0,0,0,0,0,0,0
2004,420995,3,1,33,0,0,0,0,0,0,0,0,0
2004,420996,1,1,0,0,0,0,0,0,0,0,0,0
2004,420996,2,1,0,0,0,0,0,0,0,0,0,0
2004,420997,0,1,0,0,0,0,26,8,0,16,0,19
2004,420997,1,1,14,14,14,14,14,14,14,14,14,14
2004,420997,2,1,0,0,0,0,0,11,0,0,0,0
2004,420998,1,1,0,0,0,0,0,0,0,0,0,0
2004,420998,2,1,0,0,0,0,0,0,0,0,0,0
2004,420998,3,1,0,0,0,0,0,0,0,0,0,0
2004,420999,1,1,0,0,0,0,0,0,0,0,0,0
2004,421000,1,1,0,0,0,0,0,0,0,0,0,0
2004,421000,2,1,0,0,0,0,0,0,0,0,0,0
2004,421001,1,1,14,23,8,10,3,17,13,5,13,9
2004,421002,1,1,28,28,28,28,28,28,28,28,28,28
2004,421003,1,1,12,12,12,12,12,12,12,12,12,12
2004,421004,1,1,20,20,20,20,20,20,20,20,20,20
2004,421005,0,1,0,0,0,0,0,0,0,0,0,0
2004,421005,1,1,0,0,0,0,0,18,8,0,0,0
2004,421006,0,1,0,0,0,0,0,0,0,0,0,0
2004,421006,1,1,0,18,0,0,13,0,27,0,0,17
2004,421007,1,1,0,0,0,0,0,0,0,0,0,0
2004,421007,2,1,0,0,0,0,0,0,0,0,0,0
2004,421008,1,1,0,0,0,6,14,19,0,0,0,0
2004,421009,1,1,20,18,38,22,35,14,27,34,18,11
2004,421009,2,1,0,0,0,0,0,0,0,0,0,0
2004,421010,0,1,0,0,0,0,0,0,4,0,0,0
2004,421010,1,1,0,0,0,0,0,0,0,0,0,0
2004,421011,1,1,0,0,0,0,0,0,0,0,0,0
2004,421012,1,1,13,13,13,13,13,13,13,13,13,13
2004,421013,1,1,8,8,8,8,8,8,8,8,8,8
2004,421014,1,1,0,0,0,0,0,0,0,0,0,0
2004,421015,1,1,0,0,0,0,0,0,0,0,0,0
2004,421016,1,1,0,15,0,24,0,0,0,0,0,0
2004,421016,2,1,0,0,8,12,17,0,0,0,0,0
2004,421017,1,1,0,0,0,0,0,0,0,0,0,0
2004,421018,1,1,0,0,0,0,0,0,0,0,0,0
2004,421018,2,1,0,0,0,0,0,0,0,0,0,0
2004,421019,1,1,0,9,0,21,0,0,0,0,0,0
2004,421020,1,1,0,0,0,0,0,0,0,0,0,0
2004,421021,1,1,0,0,0,0,0,0,0,0,0,0
2004,421022,1,1,0,0,0,0,0,0,0,0,0,0
2004,421022,2,1,0,0,0,0,0,0,0,0,0,0
2004,421023,1,1,0,0,0,0,0,0,0,0,0,0
2004,421024,1,1,0,0,0,0,0,0,0,0,0,0
2004,421024,2,1,0,0,0,0,0,0,0,0,0,0
2004,421025,0,1,0,0,39,33,27,15,0,0,0,0
2004,421025,1,1,0,0,0,0,0,0,0,0,0,0
2004,421026,0,1,0,0,0,0,0,0,0,0,0,0
2004,421026,1,1,16,16,0,0,0,0,0,0,0,0
2004,421027,1,2,0,10,0,0,0,0,0,0,0,0
2004,421027,2,1,1,1,1,1,1,1,1,1,1,1
2004,421028,1,1,17,17,17,17,17,17,17,17,17,17
2004,421028,2,1,0,0,0,0,0,0,0,0,0,0
2004,421028,3,1,0,0,0,0,16,12,0,0,0,0
2004,421029,1,1,0,0,0,0,0,0,0,0,0,0
2004,421030,1,1,0,0,0,0,0,0,0,0,0,0
2004,421030,2,1,0,0,0,0,0,0,0,0,0,0
2004,421031,1,2,0,0,0,0,0,0,0,0,0,0
2004,421032,1,1,17,17,17,17,17,17,17,17,17,17
2004,421033,1,1,0,0,0,0,0,0,0,0,0,0
2004,421033,2,1,0,0,0,0,0,0,0,0,0,0
2004,421034,1,1,0,0,0,0,0,0,0,0,0,0
2004,421034,2,1,0,0,0,0,0,0,0,0,0,0
2004,421035,0,1,0,0,0,0,0,0,0,0,0,0
2004,421035,1,1,0,0,0,0,0,0,0,0,0,0
2004,421036,0,1,0,0,0,0,0,0,0,0,0,0
2004,421036,1,1,4,4,4,4,4,4,4,4,4,4
2004,421037,1,1,0,0,0,0,0,0,0,0,0,0
2004,421037,2,1,0,0,0,0,0,0,0,0,0,0
2004,421038,1,1,0,0,0,0,0,0,0,0,0,0
2004,421038,2,1,0,0,0,0,0,0,0,0,0,0
2004,421039,1,1,18,18,18,18,18,18,18,18,18,18
2004,421040,1,1,0,0,0,0,0,0,0,0,0,0
2004,421040,2,1,0,0,0,0,21,12,0,0,0,0
2004,421041,1,1,14,14,14,14,14,14,14,14,14,14
2004,421042,1,1,25,25,25,25,25,25,25,25,25,25
2004,421043,1,1,20,20,20,20,20,20,20,20,20,20
2004,421044,1,1,0,16,0,0,0,0,3,0,13,0
2004,421045,1,1,0,0,0,0,0,0,0,0,0,0
2004,421045,2,1,7,7,7,7,7,7,7,7,7,7
2004,421046,1,1,0,0,0,0,0,0,0,0,0,0
2004,421047,1,1,0,0,0,0,0,0,0,0,0,0
2004,421047,2,1,11,0,0,0,0,0,2,9,0,0
2004,421048,1,1,0,0,0,0,0,35,18,0,0,0
2004,421049,1,1,0,0,0,0,0,0,0,0,0,0
2004,421049,2,1,0,0,0,0,0,0,0,0,0,0
2004,421050,1,1,11,11,11,11,11,11,11,11,11,11
2004,421051,1,1,8,8,8,8,8,8,8,8,8,8
2004,421052,0,1,0,0,39,0,0,0,0,0,0,0
2004,421052,0,2,0,18,14,0,0,0,19,0,0,0
2004,421052,1,1,0,17,18,18,14,8,12,10,30,20
2004,421053,1,1,14,14,14,14,14,14,14,14,14,14
2004,421053,2,1,0,0,0,0,0,0,0,0,0,0
2004,421054,1,1,15,15,15,15,15,15,15,15,15,15
2004,421055,1,1,16,16,16,16,16,16,16,16,16,16
2004,421056,1,1,29,29,29,29,29,29,29,29,29,29
2004,421057,1,1,30,30,30,30,30,30,30,30,30,30
2004,421057,2,1,10,23,9,12,7,29,13,23,29,18
2004,421058,1,1,20,20,20,20,20,20,20,20,20,20
2004,421058,2,1,0,0,0,0,9,0,0,0,0,0
2004,421059,1,1,10,10,10,10,10,10,10,10,10,10
2004,421059,2,1,0,0,0,0,0,0,0,0,0,0
2004,421060,1,1,11,11,11,11,11,11,11,11,11,11
2004,421060,2,1,2,2,2,2,2,2,2,2,2,2
2004,421061,1,1,0,0,0,0,0,0,0,0,0,0
2004,421061,2,1,0,0,0,0,0,0,0,0,0,0
2004,421062,1,1,0,0,0,0,0,0,0,0,0,0
2004,421063,1,1,16,16,16,16,16,16,16,16,16,16
2004,421063,2,1,0,0,0,0,0,0,0,0,0,0
2004,421063,3,1,0,0,0,23,0,0,0,0,20,0
2004,421064,1,1,29,29,29,29,29,29,29,29,29,29
2004,421064,2,1,0,11,0,4,13,9,22,0,20,0
2004,421065,0,1,0,0,0,0,0,0,0,0,0,0
2004,421065,1,1,0,0,0,0,0,0,15,0,0,0
2004,421066,1,1,17,17,17,17,17,17,17,17,17,17
2004,421067,1,1,2,2,2,2,2,2,2,2,2,2
2004,421068,1,1,0,0,0,0,0,0,0,0,0,0
2004,421068,2,1,0,0,0,0,0,0,14,0,0,0
2004,421069,1,1,0,0,10,0,0,0,0,23,0,0
2004,421069,2,1,17,17,17,17,17,17,17,17,17,17
2004,421070,1,1,0,0,0,0,0,2,0,15,0,0
2004,421070,2,1,0,0,0,0,0,0,0,0,0,0
2004,421071,1,1,0,0,0,0,0,0,0,0,0,0
2004,421071,2,1,0,0,0,0,0,0,0,0,0,0
2004,421072,0,1,0,0,0,0,0,0,0,0,0,0
2004,421072,0,2,0,17,28,0,0,0,0,0,0,0
2004,421072,1,1,0,0,0,0,0,0,0,0,0,0
2004,421073,1,1,0,0,0,0,0,0,0,0,0,0
2004,421074,1,1,0,0,0,0,0,0,0,0,0,0
2004,421074,2,1,0,0,0,0,0,0,0,0,0,0
2004,421075,1,1,0,0,0,0,0,0,0,0,0,0
2004,421075,2,1,0,0,0,0,0,0,0,0,0,0
2004,421076,0,1,27,27,27,27,27,27,27,27,27,27
2004,421076,1,1,6,25,12,8,16,4,18,22,13,16
2004,421077,1,1,0,0,0,0,0,0,0,0,0,0
2004,421077,2,1,0,0,0,0,0,0,0,0,0,0
2004,421078,1,1,0,0,0,0,0,0,0,0,0,0
2004,421079,1,1,14,21,0,9,13,22,26,26,14,18
2004,421080,1,1,0,0,0,0,0,0,0,0,0,0
2004,421080,2,1,14,14,14,14,14,14,14,14,14,14
2004,421081,1,1,0,0,0,0,0,0,0,0,0,0
2004,421081,2,1,0,0,0,0,0,0,0,0,0,0
2004,421082,1,1,0,0,0,0,0,0,0,0,0,0
2004,421082,2,1,0,16,0,11,20,23,0,3,14,5
2004,421083,0,1,0,0,0,0,0,0,0,0,0,0
2004,421083,1,1,0,0,0,0,0,0,0,15,0,0
2004,421083,2,1,0,0,0,0,0,0,0,0,0,0
2004,421083,3,1,0,0,0,14,0,0,0,0,0,0
2004,421084,1,1,0,0,0,0,0,0,0,0,0,0
2004,421084,2,1,0,0,0,0,0,0,0,0,0,0
2004,421084,3,1,0,0,0,0,0,0,0,0,0,0
2004,421084,4,1,0,0,0,0,0,0,0,0,0,0
2004,421085,1,1,8,19,0,0,0,0,0,0,0,0
2004,421085,2,1,0,0,0,0,0,0,0,0,0,0
2004,421087,1,1,15,15,15,15,15,15,15,15,15,15
2004,421087,2,1,0,0,0,0,0,0,0,0,0,0
2004,421088,1,1,10,10,10,10,10,10,10,10,10,10
2004,421089,1,1,0,0,0,0,0,0,0,0,0,0
2004,421089,2,1,0,0,0,0,0,0,0,0,0,0
2004,421090,0,1,3,3,3,3,3,3,3,3,3,3
2004,421090,1,1,0,0,0,0,0,0,0,0,0,0
2004,421091,1,1,18,18,18,18,18,18,18,18,18,18
2004,421091,2,1,0,0,0,0,0,0,0,0,0,0
2004,421092,1,1,19,19,19,19,19,19,19,19,19,19
2004,421093,1,1,16,16,16,16,16,16,16,16,16,16
2004,421094,1,1,15,15,15,15,15,15,15,15,15,15
2004,421095,1,1,19,19,19,19,19,19,19,19,19,19
2004,421096,1,1,0,15,9,25,9,15,3,26,20,25
2004,421097,1,1,20,20,20,20,20,20,20,20,20,20
2004,421098,1,1,0,0,0,0,0,0,0,0,0,0
2004,421098,2,1,0,0,0,0,0,0,0,0,0,0
2004,421098,3,1,0,0,0,0,0,0,0,0,0,0
2004,421098,4,1,0,12,0,0,0,0,0,0,0,0
2004,421099,1,1,19,19,19,19,19,19,19,19,19,19
2004,421100,1,1,0,0,0,0,0,0,0,0,0,0
2004,421101,0,1,0,0,27,23,17,10,0,0,0,0
2004,421101,1,1,0,0,0,0,0,0,0,0,0,0
2004,421102,1,1,0,0,0,0,0,0,0,0,0,0
2004,421103,1,1,0,0,0,0,0,0,0,0,0,0
2004,421104,0,1,0,0,0,0,0,0,0,0,0,0
2004,421104,1,1,0,0,0,0,0,0,0,0,0,0
2004,421105,1,1,0,0,0,0,0,0,0,0,0,0
2004,421105,2,1,0,0,0,0,0,0,0,0,0,0
2004,421106,1,1,0,0,0,0,0,0,0,0,0,0
2004,421106,2,1,0,0,0,0,0,0,0,0,0,0
2004,421107,1,1,0,0,0,0,0,0,0,0,0,0
2004,421108,1,1,35,35,35,35,35,35,35,35,35,35
2004,421109,1,1,2,2,2,2,2,2,2,2,2,2
2004,421110,1,1,10,10,10,10,10,10,10,10,10,10
2004,421110,2,1,0,16,0,0,0,0,0,0,0,0
2004,421111,0,1,15,15,15,15,15,15,15,15,15,15
2004,421111,1,1,14,14,14,14,14,14,14,14,14,14
2004,421112,1,1,0,0,0,17,0,0,0,0,0,0
2004,421112,2,1,0,0,0,0,0,0,0,0,0,0
2004,421112,3,1,0,0,0,0,0,0,0,0,0,0
2004,421113,1,1,0,0,0,0,0,0,0,0,0,0
2004,421113,2,1,8,8,8,8,8,8,8,8,8,8
2004,421114,1,1,10,10,10,10,10,10,10,10,10,10
2004,421114,2,1,0,0,0,0,0,0,0,0,0,0
2004,421115,1,1,0,0,0,0,0,0,0,0,0,0
2004,421116,1,1,0,0,0,0,0,0,0,0,0,0
2004,421116,2,1,0,0,0,0,0,0,0,0,0,0
2004,421117,1,1,24,24,24,24,24,24,24,24,24,24
2004,421118,1,1,0,0,0,0,0,0,0,0,0,0
2004,421118,2,1,0,0,0,0,0,0,0,0,0,0
2004,421119,1,1,26,26,26,26,26,26,26,26,26,26
2004,421120,1,1,0,0,0,0,0,0,0,0,0,0
2004,421121,1,1,0,0,0,0,0,0,0,0,0,0
2004,421121,2,1,0,0,0,0,0,0,0,0,0,0
2004,421122,1,1,16,16,16,16,16,16,16,16,16,16
2004,421122,2,1,0,0,0,0,0,0,0,0,0,0
2004,421123,1,1,14,14,14,14,14,14,14,14,14,14
2004,421123,2,1,0,0,0,0,0,0,0,0,0,0
2004,421124,1,1,24,24,24,24,24,24,24,24,24,24
2004,421125,1,1,2,2,2,2,2,2,2,2,2,2
2004,421126,0,1,2,2,2,2,2,2,2,2,2,2
2004,421126,1,1,0,0,0,0,0,0,0,0,0,0
2004,421127,1,1,0,0,0,0,0,0,0,0,0,0
2004,421127,2,1,0,0,0,0,0,0,0,0,0,0
2004,421127,3,1,0,0,0,0,0,0,0,0,0,0
2004,421127,4,1,12,0,0,0,0,0,0,0,0,0
2004,421128,0,1,0,0,0,0,0,0,0,0,0,0
2004,421128,1,1,0,0,0,0,0,0,0,0,0,0
2004,421129,1,1,0,0,0,0,0,0,0,0,0,0
2004,421130,1,1,12,12,12,12,12,12,12,12,12,12
2004,421131,1,1,0,0,0,0,0,0,0,0,0,0
2004,421132,0,1,22,22,22,22,22,22,22,22,22,22
2004,421132,1,1,10,10,10,10,10,10,10,10,10,10
2004,421133,1,1,16,16,16,16,16,16,16,16,16,16
2004,421134,1,1,0,0,0,0,0,0,0,0,0,0
2004,421134,2,1,0,0,0,0,0,0,0,0,0,0
2004,421135,1,1,0,0,0,0,0,0,0,0,0,0
2004,421135,2,1,0,0,0,0,0,0,0,0,0,0
2004,421135,3,1,0,0,0,0,0,0,0,0,0,0
2004,421136,1,1,0,0,0,0,0,0,0,0,0,0
2004,421136,2,1,0,0,0,0,0,0,0,0,0,0
2004,421137,1,1,15,15,15,15,15,15,15,15,15,15
2004,421138,1,1,0,0,0,0,0,0,0,0,0,0
2004,421138,2,1,0,0,0,0,0,0,0,0,0,0
2004,421139,1,1,0,0,0,0,0,0,0,0,0,0
2004,421139,2,1,0,0,0,0,0,0,0,0,0,0
2004,421140,0,1,28,28,28,28,28,28,28,28,28,28
2004,421140,1,1,5,0,0,0,0,0,0,0,0,0
2004,421140,2,1,0,9,16,0,29,13,7,0,0,19
2004,421141,1,1,15,15,15,15,15,15,15,15,15,15
2004,421142,1,1,0,0,0,0,0,0,0,0,0,0
2004,421142,2,1,0,0,0,0,0,0,0,0,6,0
2004,421143,1,1,0,0,0,0,0,0,0,0,0,0
2004,421143,2,1,0,0,0,0,0,0,0,0,0,0
2004,421144,1,1,11,11,11,11,11,11,11,11,11,11
2004,421145,1,1,0,0,0,0,0,0,0,0,0,0
2004,421145,2,1,0,0,0,0,0,0,0,0,0,0
2004,421146,1,1,12,12,12,12,12,12,12,12,12,12
2004,421147,1,1,0,0,0,0,0,0,0,0,0,0
2004,421147,2,1,0,0,0,0,0,0,0,0,0,0
2004,421147,3,1,0,0,0,0,0,0,0,6,0,0
2004,421148,1,1,21,21,21,21,21,21,21,21,21,21
2004,421149,1,1,0,0,0,0,0,0,0,0,0,0
2004,421150,0,1,0,0,0,0,0,0,0,0,0,0
2004,421150,0,2,22,0,0,0,0,0,0,0,23,0
2004,421150,1,1,0,0,0,0,0,0,0,0,0,0
2004,421151,1,1,0,0,13,0,28,0,0,0,0,0
2004,421152,1,1,0,0,0,0,0,0,0,0,0,0
2004,421152,2,1,0,0,6,0,0,0,0,0,0,0
2004,421153,1,1,0,0,0,0,0,0,0,0,0,0
2004,421153,2,1,0,0,0,0,0,0,0,0,0,0
2004,421154,1,1,29,29,29,29,29,29,29,29,29,29
2004,421155,1,1,14,5,8,8,13,0,15,0,27,0
2004,421156,1,1,10,10,10,10,10,10,10,10,10,10
2004,421157,1,1,0,0,0,0,0,0,0,0,0,0
2004,421157,2,1,0,0,0,0,0,0,0,0,0,0
2004,421158,1,1,13,13,13,13,13,13,13,13,13,13
2004,421159,1,1,6,6,6,6,6,6,6,6,6,6
2004,421160,1,1,21,21,21,21,21,21,21,21,21,21
2004,421161,1,1,17,9,6,19,17,15,0,10,0,8
2004,421161,2,1,21,21,21,21,21,21,21,21,21,21
2004,421162,1,1,0,0,0,0,0,0,0,0,0,0
2004,421163,1,1,0,0,0,0,0,0,0,0,0,0
2004,421164,1,1,0,0,0,0,0,0,0,0,0,0
2004,421164,2,1,0,0,0,0,12,0,0,0,0,0
2004,421165,1,1,14,14,14,14,14,14,14,14,14,14
2004,421166,1,1,0,0,0,0,0,0,0,0,0,0
2004,421167,1,1,0,0,0,0,0,0,0,0,0,0
2004,421168,1,1,10,10,10,10,10,10,10,10,10,10
2004,421169,1,1,0,0,0,0,0,0,0,0,0,0
2004,421170,1,1,0,0,0,0,0,0,0,0,0,0
2004,421170,2,1,0,0,0,0,0,0,0,0,0,0
2004,421170,3,1,0,20,0,0,0,0,0,8,0,0
2004,421171,1,1,0,0,0,0,0,0,0,0,0,0
2004,421171,2,1,0,0,0,0,0,0,0,0,0,0
2004,421172,1,1,0,0,0,0,8,0,0,0,0,0
2004,421172,2,1,0,0,15,0,0,0,0,0,0,0
2004,421173,1,1,0,0,0,0,0,0,0,0,0,0
2004,421173,2,1,0,0,0,0,0,0,0,0,0,0
2004,421174,1,1,14,14,14,14,14,14,14,14,14,14
2004,421175,1,1,0,0,0,0,0,0,0,0,0,0
2004,421175,2,1,0,0,0,0,0,0,0,0,0,10
2004,421176,1,1,18,18,18,18,18,18,18,18,18,18
2004,421176,2,1,0,0,0,0,0,0,0,0,0,0
2004,421177,0,1,2,0,0,0,0,0,0,0,0,0
2004,421177,1,1,0,0,0,0,15,0,0,0,0,0
2004,421178,1,1,0,0,0,0,0,0,0,0,0,0
2004,421179,1,1,0,0,0,0,0,0,0,0,0,0
2004,421179,2,1,0,0,0,0,0,0,0,25,0,0
2004,421179,3,1,0,0,0,0,0,0,0,0,0,0
2004,421180,1,1,0,0,0,0,0,0,0,0,0,0
2004,421180,2,1,0,0,0,0,0,0,0,0,0,0
2004,421181,1,1,23,23,23,23,23,23,23,23,23,23
2004,421182,1,1,0,0,0,0,0,0,0,0,0,0
2004,421182,2,1,0,0,0,0,0,0,0,0,0,0
2004,421182,3,1,0,0,0,0,0,0,0,0,0,0
2004,421183,1,1,0,0,0,0,0,0,0,0,0,0
2004,421183,2,1,0,0,0,0,0,0,0,0,0,0
2004,421184,0,1,0,0,0,0,0,0,0,0,0,0
2004,421184,1,1,0,0,9,7,0,20,23,0,0,0
2004,421185,1,1,22,14,14,9,32,8,14,7,7,10
2004,421185,2,1,0,0,0,0,0,0,14,0,0,0
2004,421185,3,1,2,2,2,2,2,2,2,2,2,2
2004,421185,4,1,7,12,0,0,0,4,0,8,0,17
2004,421186,1,1,0,0,0,0,0,0,0,0,0,0
2004,421187,1,1,7,0,0,20,0,0,0,0,0,0
2004,421188,0,1,24,24,24,24,24,24,24,24,24,24
2004,421188,1,1,0,20,0,0,0,0,0,0,0,0
2004,421189,1,1,0,0,0,0,0,0,0,0,0,0
2004,421190,1,1,0,0,0,0,0,0,0,0,0,0
2004,421190,2,1,0,10,0,0,0,0,0,0,0,0
2004,421191,1,1,0,0,0,0,0,0,0,0,0,0
2004,421192,1,1,0,0,0,0,0,0,0,0,0,0
2004,421192,2,1,0,0,0,0,0,0,0,0,0,0
2004,421193,1,1,0,0,0,0,0,0,0,0,0,0
2004,421193,2,1,13,13,13,13,13,13,13,13,13,13
2004,421194,1,1,0,0,0,0,0,0,0,0,0,0
2004,421194,2,1,0,0,0,0,0,0,0,0,0,0
2004,421195,1,1,0,0,0,0,0,0,0,0,0,0
2004,421195,2,1,0,0,0,0,0,0,0,0,0,0
2004,421196,1,1,0,0,0,0,0,0,0,0,0,0
2004,421196,2,1,0,0,0,28,0,0,0,0,0,0
2004,421196,3,1,0,0,0,0,0,0,0,0,0,0
2004,421197,1,1,0,0,0,17,0,0,0,16,0,0
2004,421198,1,1,1,1,1,1,1,1,1,1,1,1
2004,421198,2,1,4,4,4,4,4,4,4,4,4,4
2004,421199,1,1,5,5,5,5,5,5,5,5,5,5
2004,421200,0,1,0,0,0,0,0,0,0,0,0,0
2004,421200,1,1,0,0,0,0,0,0,0,0,0,0
2004,421201,1,1,22,22,22,22,22,22,22,22,22,22
2004,421202,1,1,23,23,23,23,23,23,23,23,23,23
2004,421203,1,1,0,0,0,0,0,0,0,0,0,0
2004,421203,2,1,0,0,0,0,0,0,0,0,0,0
2004,421204,0,1,0,0,0,0,0,0,0,0,11,0
2004,421204,1,1,0,0,0,0,0,0,0,0,0,0
2004,421205,1,1,30,30,30,30,30,30,30,30,30,30
2004,421206,1,1,18,18,18,18,18,18,18,18,18,18
2004,421207,1,1,29,29,29,29,29,29,29,29,29,29