YEAR,ST_CASE,veh_no,per_no,P1,P2,P3,P4,P5,P6,P7,P8,P9,P10
2004,421208,1,1,0,0,0,0,0,0,0,0,0,0
2004,421209,1,1,0,0,0,0,0,0,0,0,0,0
2004,421209,2,1,0,0,0,0,0,0,0,0,0,0
2004,421210,1,1,21,21,21,21,21,21,21,21,21,21
2004,421211,1,1,0,0,0,0,0,0,0,0,0,0
2004,421211,2,1,0,0,0,0,0,0,0,8,0,0
2004,421212,1,1,0,0,0,0,0,0,0,0,0,0
2004,421212,2,1,0,7,0,9,0,0,0,0,0,0
2004,421213,1,1,0,0,0,0,11,12,0,0,0,0
2004,421213,2,1,0,0,0,16,0,19,0,33,0,11
2004,421214,1,1,0,0,0,0,0,0,0,0,0,0
2004,421215,1,1,25,0,0,0,14,18,20,0,14,0
2004,421216,1,1,0,0,0,9,0,0,0,0,0,0
2004,421216,2,1,0,0,0,0,0,0,0,0,0,0
2004,421217,0,1,41,31,19,16,15,39,18,12,21,18
2004,421217,1,1,0,0,0,0,0,0,0,0,0,0
2004,421217,2,1,0,0,0,0,0,0,0,0,0,0
2004,421218,1,1,0,0,0,0,0,0,0,9,0,0
2004,421219,1,1,0,0,0,0,0,0,0,0,0,0
2004,421219,2,1,0,0,0,0,0,0,0,0,0,0
2004,421219,3,1,0,0,0,0,0,0,0,0,0,0
2004,421220,1,1,3,3,3,3,3,3,3,3,3,3
2004,421221,0,1,0,0,0,0,0,0,0,0,0,0
2004,421221,1,1,0,0,18,0,0,0,0,18,0,0
2004,421222,1,1,14,14,14,14,14,14,14,14,14,14
2004,421223,1,1,0,0,0,0,0,0,0,0,0,0
2004,421223,2,1,0,0,0,0,0,0,0,0,0,0
2004,421224,0,1,0,0,0,0,0,0,0,0,0,0
2004,421224,1,1,0,0,0,0,0,0,0,0,0,0
2004,421225,1,1,0,0,0,0,0,0,0,0,0,0
2004,421226,0,1,0,0,0,0,0,0,0,0,0,0
2004,421226,1,1,0,0,0,0,0,0,0,0,0,0
2004,421227,1,1,16,16,16,16,16,16,16,16,16,16
2004,421228,1,1,0,0,0,26,0,0,0,0,0,0
2004,421229,1,1,1,1,1,1,1,1,1,1,1,1
2004,421230,1,1,28,0,13,0,0,0,0,0,0,19
2004,421230,2,1,0,0,0,0,0,0,0,0,0,0
2004,421230,3,1,0,0,0,0,0,0,0,0,0,0
2004,421230,4,1,0,0,0,0,0,0,0,0,0,0
2004,421231,0,1,0,0,0,0,0,0,0,0,0,0
2004,421231,1,1,0,0,0,0,0,0,0,0,0,0
2004,421232,1,1,29,29,29,29,29,29,29,29,29,29
2004,421232,2,1,0,0,0,0,0,0,0,0,0,0
2004,421233,1,1,0,0,0,0,0,0,0,0,0,0
2004,421233,2,1,0,0,0,0,0,0,0,0,0,0
2004,421234,1,1,11,11,11,11,11,11,11,11,11,11
2004,421235,0,1,13,13,13,13,13,13,13,13,13,13
2004,421235,1,1,0,0,2,0,0,21,8,23,0,0
2004,421236,0,1,0,0,0,0,0,0,0,0,0,0
2004,421236,1,1,0,0,0,0,0,0,0,0,0,0
2004,421237,0,1,0,0,0,0,0,0,0,0,0,0
2004,421237,1,1,10,12,0,18,10,7,25,19,20,8
2004,421238,1,1,0,0,0,0,0,0,0,0,0,0
2004,421239,1,1,0,10,0,0,0,4,0,0,17,0
2004,421239,2,1,0,0,0,0,0,0,0,0,0,0
2004,421240,1,1,0,0,0,0,0,0,0,0,0,0
2004,421240,2,1,0,0,0,0,0,0,0,0,0,0
2004,421241,1,1,14,0,0,0,0,0,0,0,0,0
2004,421242,1,1,0,0,0,0,0,0,0,0,0,0
2004,421242,2,1,0,0,9,0,0,0,0,0,0,0
2004,421243,1,1,11,0,14,0,0,0,0,0,0,0
2004,421243,2,1,0,0,0,10,0,0,0,3,0,0
2004,421244,1,1,0,0,0,0,0,0,7,0,0,0
2004,421244,2,1,0,0,0,0,0,0,0,0,0,0
2004,421245,1,1,12,0,21,20,0,0,0,0,14,0
2004,421246,1,1,0,0,0,0,0,0,0,0,0,0
2004,421247,1,1,0,0,0,0,0,0,0,0,0,0
2004,421248,0,1,0,0,0,0,0,0,0,0,0,0
2004,421248,1,1,0,0,0,0,0,0,0,0,0,0
2004,421249,0,1,37,37,37,37,37,37,37,37,37,37
2004,421249,1,1,0,0,0,0,0,8,0,0,0,0
2004,421250,1,1,0,0,0,0,0,0,0,0,0,0
2004,421251,1,1,0,0,0,0,0,0,0,0,0,0
2004,421252,1,1,0,11,0,0,0,0,0,0,0,0
2004,421252,2,1,0,0,0,0,0,0,0,0,0,0
2004,421253,1,1,0,0,0,0,0,0,0,0,0,0
2004,421253,2,1,0,0,0,0,0,0,0,0,0,0
2004,421254,1,1,24,24,24,24,24,24,24,24,24,24
2004,421254,2,1,0,0,0,0,0,0,0,0,0,0
2004,421255,1,1,2,2,2,2,2,2,2,2,2,2
2004,421256,1,1,0,0,0,0,0,0,0,0,0,0
2004,421256,2,1,0,0,0,0,0,0,0,0,0,0
2004,421256,3,1,0,0,0,0,0,0,0,0,0,0
2004,421257,1,1,4,4,4,4,4,4,4,4,4,4
2004,421257,2,1,0,0,0,0,0,0,0,0,0,0
2004,421258,1,1,0,0,0,0,0,0,0,0,0,0
2004,421259,1,1,0,0,0,0,0,0,0,0,0,0
2004,421260,1,1,0,0,0,0,0,0,0,0,0,0
2004,421260,2,1,0,0,0,0,0,0,0,0,0,13
2004,421261,1,1,0,0,0,0,0,0,0,0,0,0
2004,421261,2,1,0,0,0,0,0,0,0,0,0,0
2004,421261,3,1,0,0,0,0,0,16,5,0,0,0
2004,421262,1,1,13,0,10,21,13,23,12,0,25,0
2004,421262,2,1,0,0,0,0,0,0,0,22,0,0
2004,421263,0,1,0,0,0,0,0,0,0,0,0,0
2004,421263,1,1,0,0,0,0,0,0,0,15,0,0
2004,421264,1,1,0,0,0,0,0,0,0,0,0,0
2004,421264,2,1,0,0,0,0,0,0,0,0,0,0
2004,421265,1,1,0,0,0,0,0,0,0,0,0,0
2004,421265,2,1,0,0,0,0,0,0,0,0,0,0
2004,421266,1,1,0,0,0,0,0,0,0,0,0,0
2004,421266,2,1,0,0,0,0,0,0,0,0,0,0
2004,421267,0,1,27,0,0,31,0,16,10,9,8,0
2004,421267,1,1,0,0,0,8,17,0,15,19,0,23
2004,421268,1,1,0,0,0,0,0,0,0,0,0,0
2004,421268,2,1,0,0,0,0,0,0,0,0,0,0
2004,421269,1,1,0,0,0,0,0,0,0,0,0,0
2004,421269,2,1,0,0,0,0,0,0,0,0,0,0
2004,421270,0,1,0,29,37,0,13,0,5,38,0,28
2004,421270,1,1,14,10,7,11,19,17,14,0,16,5
2004,421271,1,1,24,24,24,24,24,24,24,24,24,24
2004,421272,1,1,0,0,0,0,0,0,0,0,0,0
2004,421272,2,1,0,0,0,0,0,0,0,0,0,0
2004,421273,1,6,0,0,0,0,0,0,0,0,0,0
2004,421274,1,1,0,0,0,0,0,0,0,0,0,0
2004,421274,2,1,0,0,0,0,0,0,0,0,0,0
2004,421275,1,1,0,0,0,0,0,0,0,0,0,0
2004,421276,0,1,0,0,0,0,0,0,0,0,0,28
2004,421276,1,1,0,0,0,0,0,0,0,0,0,0
2004,421277,1,1,0,0,0,0,0,0,0,0,0,0
2004,421277,2,1,0,0,0,0,0,0,0,0,0,0
2004,421278,1,1,0,0,0,9,0,7,0,0,0,0
2004,421278,2,1,0,0,0,0,0,0,0,0,0,0
2004,421279,0,1,0,0,0,0,0,0,0,0,0,0
2004,421279,1,1,0,0,0,0,0,0,0,0,0,0
2004,421280,0,1,24,24,24,24,24,24,24,24,24,24
2004,421280,1,1,7,17,29,10,21,14,11,18,16,27
2004,421281,1,1,0,0,0,0,0,0,0,0,0,0
2004,421281,2,1,0,0,0,0,0,0,0,0,0,0
2004,421282,1,1,21,21,21,21,21,21,21,21,21,21
2004,421283,1,1,0,0,0,0,0,0,0,0,18,0
2004,421284,1,1,0,0,0,0,22,0,14,18,0,0
2004,421285,1,1,0,0,0,0,0,0,0,0,0,0
2004,421285,2,1,0,0,0,0,0,0,0,0,0,0
2004,421286,1,1,0,0,0,0,0,0,0,0,0,0
2004,421286,2,1,0,0,0,0,0,0,0,0,0,0
2004,421287,1,1,0,0,0,0,0,0,0,0,0,0
2004,421288,1,1,0,0,0,0,0,0,0,0,0,0
2004,421288,2,1,0,0,0,0,0,0,0,0,0,0
2004,421289,1,1,0,0,0,0,0,0,0,0,0,0
2004,421290,1,1,21,21,21,21,21,21,21,21,21,21
2004,421290,2,1,0,13,0,0,0,0,0,0,0,0
2004,421291,1,1,0,0,0,0,0,0,0,0,0,0
2004,421292,1,1,0,9,0,15,0,19,9,14,17,0
2004,421292,2,1,0,0,0,0,0,0,25,0,0,0
2004,421293,0,1,15,15,15,15,15,15,15,15,15,15
2004,421293,1,1,0,0,0,0,0,0,0,0,0,0
2004,421294,0,1,27,27,27,27,27,27,27,27,27,27
2004,421294,1,1,0,0,0,0,0,0,0,0,0,0
2004,421295,1,1,0,0,0,0,0,0,0,0,0,0
2004,421296,1,1,9,9,9,9,9,9,9,9,9,9
2004,421297,1,1,20,15,0,15,17,26,23,12,20,0
2004,421298,1,1,0,0,0,0,0,0,0,7,0,0
2004,421298,2,1,0,0,0,0,0,0,0,0,0,0
2004,421299,1,1,0,0,0,0,12,0,0,0,0,9
2004,421299,2,1,0,0,0,0,0,0,0,0,0,0
2004,421300,1,1,0,0,0,0,0,0,0,0,0,0
2004,421300,2,1,0,0,0,0,0,0,0,0,0,0
2004,421301,1,1,17,25,19,8,13,12,22,0,25,29
2004,421302,1,1,0,0,0,0,0,0,0,0,0,0
2004,421303,1,1,0,0,0,0,0,0,0,0,0,0
2004,421303,2,1,0,0,40,0,0,0,0,0,0,0
2004,421304,1,1,13,13,13,13,13,13,13,13,13,13
2004,421305,1,1,0,0,0,0,0,0,0,0,0,0
2004,421305,2,1,0,0,0,0,0,0,0,0,0,0
2004,421306,1,1,0,0,0,0,0,0,0,0,0,6
2004,421306,2,1,0,0,0,0,0,0,0,0,0,0
2004,421307,1,1,18,18,18,18,18,18,18,18,18,18
2004,421308,1,1,0,0,0,0,0,0,0,0,0,0
2004,421308,2,1,3,0,0,0,0,0,0,0,0,0
2004,421309,1,1,0,0,0,0,0,0,0,0,0,0
2004,421309,2,1,4,0,13,0,0,0,0,0,0,0
2004,421310,1,1,27,0,28,20,21,0,15,0,20,20
2004,421310,2,1,11,11,11,11,11,11,11,11,11,11
2004,421311,1,1,0,20,7,10,0,36,5,13,0,0
2004,421312,1,1,26,26,26,26,26,26,26,26,26,26
2004,421312,2,1,0,0,0,0,0,0,0,0,0,11
2004,421313,1,1,0,0,0,0,0,0,0,0,0,0
2004,421313,2,1,0,0,0,0,0,0,0,0,0,0
2004,421314,0,1,0,0,0,0,0,0,0,0,0,0
2004,421314,1,1,0,0,0,0,0,0,0,0,0,0
2004,421315,1,1,0,0,0,0,0,0,0,0,0,0
2004,421315,2,1,0,0,0,0,0,0,0,0,0,10
2004,421316,0,1,0,0,0,0,0,0,0,0,0,0
2004,421316,1,1,0,0,0,0,0,0,0,0,0,0
2004,421317,1,1,0,0,0,0,0,0,0,0,0,0
2004,421317,2,1,0,0,0,0,0,0,0,0,0,0
2004,421318,1,1,15,15,15,15,15,15,15,15,15,15
2004,421319,1,1,0,0,0,0,0,0,0,0,0,0
2004,421320,1,1,0,0,0,0,0,0,0,0,0,0
2004,421320,2,1,0,0,0,0,0,0,0,0,0,0
2004,421321,1,1,0,0,0,0,0,0,5,4,0,0
2004,421321,2,1,0,0,0,0,0,0,0,0,0,0
2004,421321,3,1,0,0,0,0,0,0,0,0,0,0
2004,421321,4,1,0,0,0,0,0,0,0,0,0,0
2004,421322,1,1,0,14,9,0,0,0,0,0,0,24
2004,421322,2,1,0,0,0,0,0,0,0,0,0,0
2004,421322,3,1,0,0,0,0,0,20,0,0,0,12
2004,421323,1,1,0,0,0,0,0,0,0,0,0,0
2004,421324,1,1,0,0,0,0,0,0,0,0,0,0
2004,421324,2,1,0,0,0,0,0,0,0,0,0,0
2004,421325,1,3,8,8,8,8,8,8,8,8,8,8
2004,421326,1,1,0,6,0,0,0,0,0,0,0,0
2004,421326,2,1,0,0,0,0,0,0,0,0,0,0
2004,421327,1,1,0,0,0,0,0,0,0,0,0,0
2004,421327,2,1,0,0,0,0,0,0,0,0,0,0
2004,421328,1,1,0,0,0,0,0,0,0,0,0,0
2004,421329,1,1,0,0,0,0,0,0,0,0,0,0
2004,421329,2,1,0,0,0,0,0,0,0,0,0,0
2004,421330,1,1,12,12,12,12,12,12,12,12,12,12
2004,421330,2,1,4,4,4,4,4,4,4,4,4,4
2004,421331,1,1,20,20,20,20,20,20,20,20,20,20
2004,421332,1,1,15,15,15,15,15,15,15,15,15,15
2004,421333,0,1,0,0,0,0,0,0,0,0,0,0
2004,421333,1,1,14,0,0,0,0,0,0,0,0,0
2004,421334,1,1,29,13,0,0,12,0,13,0,0,0
2004,421335,0,1,0,0,0,0,13,0,0,0,0,0
2004,421335,1,1,0,0,0,0,0,0,0,0,0,0
2004,421336,1,1,0,0,0,0,0,0,0,0,0,0
2004,421337,1,1,0,0,0,0,0,0,0,0,0,0
2004,421337,2,1,0,3,7,15,0,0,0,0,0,0
2004,421338,1,1,16,16,16,16,16,16,16,16,16,16
2004,421339,0,1,0,17,0,10,36,0,31,20,14,28
2004,421339,1,1,0,0,0,0,0,0,0,0,0,0
2004,421340,1,1,0,0,0,0,0,0,0,0,0,0
2004,421341,1,1,0,0,0,0,0,0,0,0,0,0
2004,421342,1,1,0,0,0,0,0,0,0,0,0,0
2004,421342,2,1,0,0,0,0,0,0,0,0,0,0
2004,421343,0,1,0,0,0,0,0,0,0,0,0,0
2004,421343,1,1,0,0,0,0,0,0,0,0,0,0
2004,421344,1,1,0,0,0,0,0,0,0,0,0,0
2004,421344,2,1,0,0,0,0,0,0,0,0,0,0
2004,421345,1,1,0,0,0,0,0,0,0,0,0,0
2004,421345,2,1,0,0,0,0,0,0,0,0,0,0
2004,421346,1,4,18,18,18,18,18,18,18,18,18,18
2004,421347,1,1,0,0,0,0,0,0,3,0,0,0
2004,421347,2,1,0,0,0,0,0,0,0,8,0,7
2004,421348,1,1,2,2,2,2,2,2,2,2,2,2
2004,421348,2,1,0,0,0,0,0,0,0,0,0,0
2004,421349,1,1,0,0,0,0,0,0,0,0,0,0
2004,421349,2,1,0,0,0,0,17,0,0,0,12,0
2004,421350,1,1,0,0,0,0,0,0,10,0,0,0
2004,421351,0,1,0,0,14,0,0,21,37,0,0,0
2004,421351,1,1,0,0,0,0,0,0,0,17,0,0
2004,421352,1,1,0,0,0,0,0,0,0,0,0,0
2004,421353,0,1,0,23,14,7,0,7,0,24,21,0
2004,421353,1,1,0,10,26,18,17,13,18,13,29,12
2004,421354,0,1,8,8,8,8,8,8,8,8,8,8
2004,421354,1,1,14,0,0,0,0,0,0,0,0,0
2004,421355,1,1,8,29,16,21,24,0,23,28,18,21
2004,421355,2,1,0,0,0,0,0,0,17,0,0,0
2004,421356,1,1,0,0,0,0,0,0,0,0,0,0
2004,421356,2,1,0,0,0,0,0,0,0,0,0,0
2004,421357,1,1,0,0,0,0,0,0,0,0,0,0
2004,421357,2,1,0,0,0,0,0,0,0,0,0,0
2004,421358,1,1,0,0,0,0,0,0,0,0,0,0
2004,421358,2,1,0,0,0,28,0,0,20,0,0,0
2004,421359,1,1,0,0,0,0,0,0,0,0,0,0
2004,421359,2,1,0,0,0,0,0,0,0,0,0,0
2004,421359,3,1,0,0,0,0,0,0,0,0,0,0
2004,421359,4,1,0,0,0,0,0,0,0,0,0,0
2004,421360,1,1,0,0,0,0,0,0,0,0,0,0
2004,421360,2,1,0,0,0,0,0,0,0,0,0,0
2004,421360,3,1,0,0,0,0,0,10,0,0,0,0
2004,421361,1,1,18,0,20,0,21,23,0,23,11,0
2004,421361,2,1,0,0,0,0,0,0,0,0,0,0
2004,421361,3,1,0,0,0,0,0,0,0,0,0,0
2004,421362,1,1,0,0,0,0,0,0,0,0,0,0
2004,421363,1,1,0,0,0,0,0,0,0,0,0,0
2004,421364,1,1,0,0,0,0,0,0,0,0,0,0
2004,440001,1,2,0,5,0,0,0,0,0,0,10,0
2004,440002,1,2,17,9,24,0,0,7,0,0,0,9
2004,440003,1,2,0,0,0,0,0,0,0,0,0,0
2004,440003,2,1,0,14,0,0,0,0,0,25,0,0
2004,440004,1,1,0,0,0,0,0,0,0,0,0,0
2004,440004,2,1,0,0,0,0,0,5,0,0,0,0
2004,440004,3,1,15,0,25,0,0,0,0,0,0,0
2004,440005,1,1,0,0,0,0,0,0,0,0,0,0
2004,440005,2,1,0,0,0,0,0,0,0,0,0,0
2004,440005,3,1,0,0,0,0,0,0,0,0,0,0
2004,440005,4,1,0,0,0,0,0,0,0,0,0,0
2004,440006,1,1,17,17,17,17,17,17,17,17,17,17
2004,440007,1,1,0,0,0,0,0,0,0,0,0,0
2004,440008,1,1,0,0,0,0,0,0,0,0,0,0
2004,440009,1,1,22,22,22,22,22,22,22,22,22,22
2004,440009,2,1,0,11,0,0,0,0,0,0,0,0
2004,440010,1,1,0,0,0,0,0,0,0,0,0,0
2004,440010,2,1,0,0,0,0,0,0,0,0,0,0
2004,440011,1,1,29,29,29,29,29,29,29,29,29,29
2004,440012,1,1,0,0,0,0,0,0,0,0,0,0
2004,440012,2,1,0,0,0,0,0,0,0,0,0,0
2004,440013,1,1,18,18,18,18,18,18,18,18,18,18
2004,440014,1,1,0,0,0,13,0,0,0,0,0,0
2004,440014,2,1,0,0,0,0,0,0,0,0,0,0
2004,440015,1,2,0,12,0,0,0,0,0,0,0,0
2004,440016,1,1,0,0,0,0,0,0,0,0,0,0
2004,440016,2,1,0,13,0,0,0,0,0,0,0,0
2004,440017,1,1,18,0,0,5,0,0,0,10,0,0
2004,440017,2,1,0,0,0,0,0,0,0,0,0,0
2004,440017,3,1,0,0,0,0,0,0,0,0,0,0
2004,440018,1,1,0,0,0,0,0,0,0,0,0,0
2004,440018,2,1,21,9,17,19,0,10,25,17,18,6
2004,440018,3,1,0,0,0,0,0,0,0,0,0,0
2004,440019,1,2,0,0,0,10,9,6,27,17,15,11
2004,440020,1,2,20,20,0,13,21,0,20,0,15,3
2004,440021,1,1,12,12,12,12,12,12,12,12,12,12
2004,440021,2,1,0,0,0,0,0,0,0,0,0,0
2004,440022,1,2,0,0,33,0,0,0,0,9,0,4
2004,440023,1,1,12,12,12,12,12,12,12,12,12,12
2004,440023,2,1,0,0,14,0,0,0,0,20,0,0
2004,440024,1,1,0,0,0,0,37,0,0,0,0,0
2004,440024,2,1,0,0,0,0,0,0,0,0,0,0
2004,440025,1,1,16,16,16,16,16,16,16,16,16,16
2004,440026,1,2,0,0,14,3,19,19,18,16,0,22
2004,440026,2,1,0,0,0,0,0,0,0,0,0,0
2004,440027,1,1,0,0,0,0,0,0,0,0,0,0
2004,440027,2,1,0,0,0,0,0,0,0,6,0,0
2004,440028,1,1,0,0,0,0,0,0,0,0,0,0
2004,440028,2,1,0,0,0,9,0,5,0,5,0,0
2004,440029,1,1,17,17,17,17,17,17,17,17,17,17
2004,440030,1,1,14,14,14,14,14,14,14,14,14,14
2004,440031,1,1,0,0,0,0,0,0,0,0,0,0
2004,440031,2,1,0,17,0,15,5,0,0,0,0,0
2004,440032,1,1,17,17,17,17,17,17,17,17,17,17
2004,440033,1,1,15,15,15,15,15,15,15,15,15,15
2004,440033,2,1,0,0,0,0,0,0,0,0,0,0
2004,440034,1,1,10,12,0,11,0,0,0,22,0,0
2004,440034,2,1,0,0,0,0,0,0,0,0,2,0
2004,440034,3,1,0,0,0,0,0,0,0,0,0,0
2004,440035,0,1,11,11,11,11,11,11,11,11,11,11
2004,440035,1,1,0,0,0,0,0,0,0,0,0,0
2004,440036,1,1,0,0,0,0,0,0,0,0,0,0
2004,440037,1,2,0,7,0,0,0,0,0,0,0,0
2004,440038,1,1,16,16,16,16,16,16,16,16,16,16
2004,440039,1,1,18,18,18,18,18,18,18,18,18,18
2004,440040,0,1,31,31,31,31,31,31,31,31,31,31
2004,440040,1,1,20,6,30,11,0,0,16,0,0,47
2004,440041,1,2,0,0,0,0,0,0,3,14,0,21
2004,440042,1,1,0,0,0,0,0,0,0,0,0,0
2004,440043,0,1,0,0,0,0,0,0,0,0,0,0
2004,440043,1,1,0,0,0,0,0,0,0,0,0,0
2004,440044,1,1,0,0,0,0,0,0,0,0,0,0
2004,440045,1,1,18,18,18,18,18,18,18,18,18,18
2004,440046,1,1,18,18,18,18,18,18,18,18,18,18
2004,440047,1,1,0,0,0,0,0,0,0,0,0,0
2004,440047,2,1,0,0,0,0,0,0,0,0,0,0
2004,440048,1,1,0,18,17,28,21,21,0,16,0,0
2004,440049,1,1,0,0,0,0,0,0,0,0,0,0
2004,440050,1,1,17,17,17,17,17,17,17,17,17,17
2004,440051,0,1,18,18,18,18,18,18,18,18,18,18
2004,440051,1,1,0,0,0,0,0,0,10,0,0,0
2004,440052,1,1,14,14,14,14,14,14,14,14,14,14
2004,440053,1,1,13,13,13,13,13,13,13,13,13,13
2004,440054,1,1,28,28,28,28,28,28,28,28,28,28
2004,440055,1,1,0,0,0,0,0,0,0,0,0,0
2004,440056,1,1,0,0,0,0,0,0,0,0,0,0
2004,440057,1,1,10,10,10,10,10,10,10,10,10,10
2004,440057,2,1,0,0,0,0,0,12,0,14,0,0
2004,440058,1,2,0,0,7,0,0,0,0,0,0,0
2004,440059,0,1,24,24,24,24,24,24,24,24,24,24
2004,440059,1,1,14,0,0,0,0,0,0,0,0,0
2004,440060,1,1,28,28,28,28,28,28,28,28,28,28
2004,440061,1,1,16,16,16,16,16,16,16,16,16,16
2004,440062,1,1,0,0,0,0,0,0,0,0,0,0
2004,440063,1,1,0,0,0,0,0,0,0,0,0,0
2004,440063,2,1,0,0,0,0,0,0,0,0,21,0
2004,440063,3,1,0,0,0,0,0,0,0,0,0,0
2004,440064,1,1,0,0,0,0,0,0,0,0,0,0
2004,440064,2,1,0,0,0,0,0,0,0,0,0,0
2004,440064,3,1,0,0,0,0,0,0,12,0,12,0
2004,440065,1,2,11,0,0,0,11,17,13,3,0,0
2004,440066,1,2,0,0,0,0,0,0,9,0,14,11
2004,440066,2,1,13,16,0,0,0,0,0,17,0,0
2004,440067,1,1,21,21,21,21,21,21,21,21,21,21
2004,440068,1,2,13,16,15,0,14,0,14,14,2,12
2004,440069,1,1,19,19,19,19,19,19,19,19,19,19
2004,440070,1,1,0,0,0,0,0,0,0,0,0,0
2004,440070,2,1,0,0,0,0,0,0,0,0,0,0
2004,440070,3,1,0,0,0,14,0,0,0,0,0,0
2004,440071,0,1,0,0,0,0,0,0,0,0,0,0
2004,440071,1,1,0,0,0,0,0,21,0,0,0,0
2004,440072,1,1,9,9,9,9,9,9,9,9,9,9
2004,440073,1,1,23,23,23,23,23,23,23,23,23,23
2004,440074,0,1,0,0,0,0,0,0,0,0,0,0
2004,440074,1,1,0,0,0,0,0,0,0,0,0,0
2004,440074,2,1,0,0,0,0,0,0,0,0,0,0
2004,440075,1,2,0,0,0,0,0,0,0,0,0,0
2004,440075,2,1,0,0,0,0,0,0,0,0,0,0
2004,440076,1,3,0,15,15,0,22,0,15,0,13,0
2004,440077,1,1,0,0,0,0,0,0,0,0,0,0
2004,440078,1,2,0,0,0,0,0,0,0,13,0,0
2004,440078,2,1,0,0,0,0,0,0,0,0,0,0
2004,450001,1,1,21,21,21,21,21,21,21,21,21,21
2004,450002,1,1,0,0,0,0,0,0,0,0,0,0
2004,450003,1,1,21,21,21,21,21,21,21,21,21,21
2004,450004,1,1,28,28,28,28,28,28,28,28,28,28
2004,450005,1,1,0,0,0,0,0,0,0,0,0,0
2004,450005,2,1,0,0,0,0,0,0,0,0,0,0
2004,450006,1,1,16,16,16,16,16,16,16,16,16,16
2004,450006,2,1,0,0,0,0,0,0,0,0,0,0
2004,450006,3,1,9,0,4,6,0,3,15,13,33,2
2004,450007,1,1,0,24,11,16,14,8,5,6,14,16
2004,450008,1,1,15,15,15,15,15,15,15,15,15,15
2004,450009,1,1,0,0,0,0,0,0,0,0,0,0
2004,450009,2,1,0,0,0,0,0,0,0,0,0,0
2004,450010,1,1,18,7,10,35,33,37,11,29,27,0
2004,450011,1,1,30,30,30,30,30,30,30,30,30,30
2004,450012,1,1,2,2,2,2,2,2,2,2,2,2
2004,450013,1,1,0,0,0,0,0,0,0,0,0,0
2004,450014,1,1,28,28,28,28,28,28,28,28,28,28
2004,450015,0,1,0,0,0,0,0,0,0,0,0,0
2004,450015,1,1,0,0,0,0,0,0,0,0,0,0
2004,450015,2,1,0,0,0,0,0,0,0,0,0,0
2004,450015,3,1,0,0,0,0,0,0,0,0,0,0
2004,450016,1,1,0,0,0,0,0,0,0,0,0,0
2004,450017,1,1,0,0,0,0,0,0,0,0,0,0
2004,450018,1,1,0,0,0,0,0,0,0,0,0,0
2004,450019,1,1,0,0,0,0,0,0,0,0,0,0
2004,450020,1,1,0,0,0,0,0,0,0,0,0,0
2004,450020,2,1,0,0,0,0,0,0,0,0,0,0
2004,450021,0,1,0,0,0,0,0,0,0,0,0,0
2004,450021,1,1,0,0,0,0,0,0,0,0,0,0
2004,450022,1,1,0,0,0,0,0,0,0,0,0,0
2004,450022,2,1,0,0,0,0,0,0,0,0,0,0
2004,450023,1,1,11,0,18,16,6,8,16,20,13,12
2004,450024,1,1,0,0,0,0,0,0,0,0,0,0
2004,450025,1,1,0,0,0,0,0,0,0,0,0,0
2004,450025,2,1,0,0,0,0,0,0,0,0,0,0
2004,450026,1,1,0,0,0,0,0,0,0,0,0,0
2004,450027,1,1,32,32,32,32,32,32,32,32,32,32
2004,450028,1,1,7,17,28,11,20,13,20,41,26,21
2004,450029,1,1,0,0,0,0,0,0,0,0,0,0
2004,450029,2,1,12,16,15,26,4,5,16,19,17,15
2004,450030,1,1,13,15,35,21,22,13,0,17,11,6
2004,450031,1,1,0,0,0,0,0,0,0,0,0,0
2004,450031,2,1,0,0,0,0,0,0,0,0,0,0
2004,450032,1,1,9,9,9,9,9,9,9,9,9,9
2004,450033,1,1,14,19,13,11,16,6,9,30,15,26
2004,450034,1,1,0,0,0,0,0,0,0,0,0,0
2004,450034,2,1,0,18,14,0,10,15,14,17,11,28
2004,450035,1,1,0,0,0,0,0,0,0,0,0,0
2004,450036,0,1,0,0,0,0,0,0,0,0,0,0
2004,450036,1,1,0,0,0,0,0,0,0,0,0,0
2004,450037,1,1,29,29,29,29,29,29,29,29,29,29
2004,450038,1,1,0,0,0,0,0,0,0,0,0,0
2004,450038,2,1,0,0,0,0,0,0,0,0,11,0
2004,450039,1,1,0,0,0,0,17,33,0,0,0,0
2004,450039,2,1,0,0,0,0,0,0,0,0,0,0
2004,450039,3,1,0,0,0,0,0,0,0,0,0,0
2004,450039,4,1,0,0,0,0,0,0,0,0,0,0
2004,450040,1,1,5,5,5,5,5,5,5,5,5,5
2004,450041,1,1,25,25,25,25,25,25,25,25,25,25
2004,450042,1,1,21,21,21,21,21,21,21,21,21,21
2004,450043,1,1,0,0,0,0,0,0,0,0,0,0
2004,450043,2,1,0,0,0,0,0,0,0,0,0,0
2004,450044,1,1,0,0,0,0,0,0,0,0,0,0
2004,450045,1,1,0,0,0,0,0,0,0,0,0,0
2004,450045,2,1,0,0,0,0,0,0,0,0,0,0
2004,450046,1,1,11,11,11,11,11,11,11,11,11,11