YEAR,ST_CASE,veh_no,per_no,P1,P2,P3,P4,P5,P6,P7,P8,P9,P10
2004,450047,1,1,0,0,0,0,0,0,0,0,0,0
2004,450047,2,1,0,0,0,0,0,0,0,0,0,0
2004,450048,1,1,0,0,0,0,0,0,0,0,0,0
2004,450048,2,1,0,0,0,0,0,0,0,0,0,0
2004,450049,1,1,0,0,0,0,0,0,0,0,0,0
2004,450049,2,1,10,0,16,7,39,0,13,0,30,0
2004,450050,1,1,0,0,0,0,0,0,0,0,0,0
2004,450050,2,1,0,0,0,0,0,0,0,0,0,0
2004,450051,1,1,0,0,0,0,0,0,0,0,0,0
2004,450052,1,1,0,0,0,0,0,0,0,0,0,0
2004,450052,2,1,0,0,0,0,0,0,0,0,0,0
2004,450053,1,1,0,0,0,0,0,0,0,0,0,0
2004,450053,2,1,0,0,0,0,0,0,0,0,0,0
2004,450054,1,1,0,0,0,0,0,0,0,0,0,0
2004,450054,2,1,0,0,0,0,0,0,0,0,0,0
2004,450055,1,1,0,0,0,0,0,0,0,0,0,0
2004,450055,2,1,0,0,0,0,0,0,21,0,9,0
2004,450056,1,1,5,5,5,5,5,5,5,5,5,5
2004,450057,1,1,16,16,16,16,16,16,16,16,16,16
2004,450058,1,1,18,18,18,18,18,18,18,18,18,18
2004,450059,1,1,12,12,12,12,12,12,12,12,12,12
2004,450060,1,1,29,17,20,15,18,15,35,17,11,27
2004,450061,1,1,22,32,10,41,27,24,19,21,17,9
2004,450061,2,1,0,0,0,0,0,0,0,0,0,0
2004,450062,1,1,21,21,21,21,21,21,21,21,21,21
2004,450063,1,1,0,0,0,0,0,0,0,0,0,0
2004,450063,2,1,27,27,27,27,27,27,27,27,27,27
2004,450064,1,1,0,0,0,0,0,0,0,0,0,0
2004,450065,1,1,0,0,0,0,0,0,0,0,0,0
2004,450065,2,1,0,0,0,0,0,0,0,0,0,0
2004,450066,1,1,0,0,0,0,0,0,0,0,0,0
2004,450067,1,1,0,0,0,0,0,0,0,0,0,0
2004,450068,1,1,0,0,0,0,0,0,0,0,0,0
2004,450069,1,1,25,18,24,42,13,8,12,21,10,18
2004,450070,1,1,0,0,0,0,0,0,0,0,0,0
2004,450070,2,1,0,0,0,0,0,0,0,0,0,0
2004,450071,1,1,0,0,0,0,0,0,0,0,0,0
2004,450071,2,1,0,0,0,0,0,0,0,0,0,0
2004,450071,3,1,0,0,0,0,0,0,0,0,0,0
2004,450072,1,1,0,0,0,0,0,0,0,0,0,0
2004,450072,2,1,17,17,17,17,17,17,17,17,17,17
2004,450073,1,1,0,0,0,0,0,0,0,0,0,0
2004,450074,1,1,0,0,0,0,0,0,0,0,0,0
2004,450075,1,1,0,0,0,0,0,0,0,0,0,0
2004,450075,2,1,0,0,0,0,0,0,0,0,0,0
2004,450076,1,1,0,0,0,0,0,0,0,0,0,0
2004,450076,2,1,0,0,26,0,0,16,0,6,21,0
2004,450077,1,1,0,10,25,0,0,6,3,14,23,15
2004,450078,0,1,20,20,20,20,20,20,20,20,20,20
2004,450078,1,1,0,0,0,0,0,0,0,0,0,0
2004,450079,1,1,0,3,19,0,0,16,0,0,0,0
2004,450079,2,1,0,0,0,0,0,0,0,0,0,0
2004,450080,1,1,10,10,10,10,10,10,10,10,10,10
2004,450081,1,1,19,19,19,19,19,19,19,19,19,19
2004,450082,1,1,0,0,0,0,0,0,0,0,0,0
2004,450082,2,1,0,0,0,0,0,0,0,0,0,0
2004,450083,1,1,0,0,0,0,0,0,0,0,0,0
2004,450083,2,1,0,0,0,0,0,0,0,0,0,0
2004,450084,1,1,0,0,0,0,0,0,0,0,0,0
2004,450085,1,1,0,0,0,0,0,0,0,0,0,0
2004,450085,2,1,0,0,0,0,0,0,0,0,0,0
2004,450086,1,1,0,0,0,0,0,0,0,0,0,0
2004,450087,1,1,0,0,0,0,0,0,0,0,0,0
2004,450088,1,1,0,0,0,0,0,0,0,0,0,0
2004,450088,2,1,0,0,0,0,0,0,0,0,0,0
2004,450089,1,1,14,14,14,14,14,14,14,14,14,14
2004,450090,1,1,21,21,21,21,21,21,21,21,21,21
2004,450091,1,1,0,0,0,0,0,0,0,0,0,0
2004,450092,1,1,0,0,0,0,0,0,0,0,0,0
2004,450093,1,1,0,0,0,0,0,0,0,0,0,0
2004,450093,2,1,0,0,0,0,0,0,0,0,0,0
2004,450094,1,1,27,27,27,27,27,27,27,27,27,27
2004,450095,1,1,23,23,23,23,23,23,23,23,23,23
2004,450096,0,1,29,29,29,29,29,29,29,29,29,29
2004,450096,1,1,0,0,0,0,0,0,0,0,0,0
2004,450097,1,1,0,0,0,0,0,0,0,0,0,0
2004,450098,0,1,0,0,0,0,0,0,0,0,0,0
2004,450098,1,1,0,0,0,0,0,0,0,0,0,0
2004,450099,1,1,22,0,0,0,0,0,10,0,0,0
2004,450100,1,1,0,0,0,0,0,0,0,0,0,0
2004,450100,2,1,0,0,0,0,0,0,0,0,0,0
2004,450101,1,1,7,7,7,7,7,7,7,7,7,7
2004,450102,1,1,11,11,11,11,11,11,11,11,11,11
2004,450103,1,1,40,40,40,40,40,40,40,40,40,40
2004,450104,1,1,0,0,0,0,0,0,0,0,0,0
2004,450104,2,1,15,15,15,15,15,15,15,15,15,15
2004,450105,1,1,29,29,29,29,29,29,29,29,29,29
2004,450106,1,1,2,2,2,2,2,2,2,2,2,2
2004,450107,1,1,0,0,0,0,0,0,0,0,0,0
2004,450107,2,1,0,0,0,0,0,0,0,0,0,0
2004,450107,3,1,0,0,0,0,0,0,0,0,0,0
2004,450108,1,1,0,0,0,0,0,0,0,0,0,0
2004,450108,2,1,0,0,0,0,0,0,0,0,0,0
2004,450109,1,1,0,0,0,0,0,0,0,0,0,0
2004,450110,1,1,0,0,0,0,0,0,0,0,0,0
2004,450110,2,1,0,0,0,0,0,0,0,0,0,0
2004,450111,1,1,0,0,0,0,0,0,0,0,0,0
2004,450111,2,1,0,0,0,0,0,0,0,0,0,0
2004,450112,1,1,0,0,0,0,0,0,0,0,0,0
2004,450112,2,1,0,0,0,0,0,0,0,0,0,0
2004,450113,1,1,12,12,12,12,12,12,12,12,12,12
2004,450113,2,1,0,0,0,0,0,0,0,0,0,0
2004,450114,1,1,0,0,0,0,0,0,0,0,0,0
2004,450114,2,1,0,0,0,0,0,0,0,0,0,0
2004,450115,1,1,15,15,15,15,15,15,15,15,15,15
2004,450116,1,1,0,0,0,0,0,0,0,0,0,0
2004,450116,2,1,0,0,0,0,0,0,0,0,0,0
2004,450117,1,1,23,23,23,23,23,23,23,23,23,23
2004,450118,1,1,0,0,0,0,0,0,0,0,0,0
2004,450118,2,1,0,0,0,0,0,0,0,0,0,0
2004,450119,1,1,22,22,22,22,22,22,22,22,22,22
2004,450120,1,1,19,19,19,19,19,19,19,19,19,19
2004,450121,1,1,0,0,0,0,0,0,0,0,0,0
2004,450121,2,1,0,0,0,0,0,0,0,0,0,0
2004,450122,1,1,0,0,0,0,0,0,0,0,0,0
2004,450122,2,1,0,0,0,0,0,0,0,0,0,0
2004,450123,1,1,0,0,0,0,0,0,0,0,0,0
2004,450124,1,1,24,24,24,24,24,24,24,24,24,24
2004,450125,1,1,24,24,24,24,24,24,24,24,24,24
2004,450125,2,1,15,9,22,12,18,16,32,18,8,16
2004,450126,1,1,0,0,0,0,0,0,0,0,0,0
2004,450126,2,1,0,0,0,0,0,0,0,0,0,0
2004,450127,1,1,0,0,0,0,0,0,0,0,0,0
2004,450128,1,1,19,19,19,19,19,19,19,19,19,19
2004,450129,1,1,0,0,0,0,0,0,0,0,0,0
2004,450130,1,1,15,6,13,27,11,11,8,12,21,12
2004,450130,2,1,0,0,0,0,0,0,0,0,0,0
2004,450131,1,1,0,0,0,0,0,0,0,0,0,0
2004,450131,2,1,0,0,0,0,0,0,0,0,0,0
2004,450132,1,1,20,20,20,20,20,20,20,20,20,20
2004,450133,1,1,12,12,12,12,12,12,12,12,12,12
2004,450134,1,1,0,0,0,0,0,0,0,0,0,0
2004,450135,1,1,0,0,0,0,0,12,26,0,0,0
2004,450136,1,1,0,0,0,0,0,0,0,0,0,0
2004,450136,2,1,7,16,8,7,7,9,18,19,13,17
2004,450137,1,1,22,22,22,22,22,22,22,22,22,22
2004,450138,1,1,0,0,0,0,0,0,0,0,0,0
2004,450138,2,1,0,0,0,0,0,0,0,0,0,0
2004,450139,1,1,0,0,0,0,0,0,0,0,0,0
2004,450139,2,1,0,0,0,11,0,0,10,0,0,0
2004,450140,1,1,0,20,0,0,0,25,9,0,19,0
2004,450140,2,1,0,0,0,0,0,0,0,0,0,0
2004,450141,1,1,0,0,0,0,0,0,0,0,0,0
2004,450142,1,1,0,0,0,0,0,0,0,0,0,0
2004,450142,2,1,0,0,0,0,0,0,0,0,0,0
2004,450142,3,1,0,0,0,0,0,0,0,0,0,0
2004,450143,1,1,25,25,25,25,25,25,25,25,25,25
2004,450144,0,1,0,0,0,0,0,0,0,0,0,0
2004,450144,1,1,0,0,0,0,0,0,0,0,0,0
2004,450145,1,1,0,0,0,0,0,0,0,0,0,0
2004,450146,1,1,0,0,0,0,0,0,0,0,0,0
2004,450146,2,1,22,33,33,13,16,9,2,17,16,19
2004,450147,1,1,0,0,0,0,0,0,0,0,0,0
2004,450147,2,1,0,0,0,0,0,0,0,0,0,0
2004,450148,1,1,0,0,0,0,0,0,0,0,0,0
2004,450149,1,1,0,0,0,0,0,0,0,0,0,0
2004,450151,1,1,0,0,0,0,0,0,0,0,0,0
2004,450152,1,1,0,0,0,0,0,0,0,0,0,0
2004,450152,2,1,0,0,0,0,0,0,0,0,0,0
2004,450153,0,1,25,0,0,0,0,0,0,0,0,0
2004,450153,1,1,0,0,0,0,0,0,0,0,0,0
2004,450154,1,1,26,26,26,26,26,26,26,26,26,26
2004,450155,1,1,0,0,0,0,0,0,0,0,0,0
2004,450156,0,1,23,23,23,23,23,23,23,23,23,23
2004,450156,1,1,0,0,0,0,0,0,0,0,0,0
2004,450157,1,1,0,0,0,0,0,0,0,0,0,0
2004,450158,1,1,13,13,13,13,13,13,13,13,13,13
2004,450158,2,1,0,0,0,0,0,0,0,0,0,0
2004,450159,1,1,21,21,21,21,21,21,21,21,21,21
2004,450159,2,1,0,0,0,0,0,0,0,0,0,0
2004,450160,1,1,18,18,18,18,18,18,18,18,18,18
2004,450161,0,1,0,0,0,0,0,0,0,0,0,0
2004,450161,0,2,0,0,0,0,0,0,0,0,0,0
2004,450161,1,1,0,0,0,0,0,0,0,0,0,0
2004,450162,1,1,10,4,0,17,17,13,23,10,26,11
2004,450162,2,1,0,0,0,0,0,0,0,0,0,0
2004,450162,3,1,0,0,0,0,0,0,0,0,0,0
2004,450162,4,1,0,0,0,0,0,0,0,0,0,0
2004,450162,5,1,0,0,0,0,0,0,0,0,0,0
2004,450163,1,1,0,0,0,0,0,0,0,0,0,0
2004,450163,2,1,0,0,0,0,0,0,0,0,0,0
2004,450163,3,1,0,0,0,0,0,0,0,0,0,0
2004,450163,4,1,0,0,0,0,0,0,0,0,0,0
2004,450164,1,1,0,0,0,0,0,0,0,0,0,0
2004,450164,2,1,0,0,0,0,0,0,0,0,0,0
2004,450164,3,1,0,0,0,0,0,0,0,0,0,0
2004,450164,4,1,0,0,0,0,0,0,0,0,0,0
2004,450165,1,1,18,9,20,10,0,0,3,6,0,18
2004,450166,1,1,0,0,0,0,0,0,0,0,0,0
2004,450166,2,1,0,0,0,0,0,0,0,0,0,0
2004,450167,1,1,0,0,0,0,0,0,0,0,0,0
2004,450167,2,1,0,0,0,0,0,0,0,0,0,0
2004,450167,3,1,0,0,0,0,0,0,0,0,0,0
2004,450168,1,1,0,0,0,0,0,0,0,0,0,0
2004,450168,2,1,0,0,0,0,35,0,0,0,0,0
2004,450169,1,1,0,0,0,0,0,0,0,0,0,0
2004,450170,1,1,25,0,25,29,10,12,16,7,33,30
2004,450171,1,1,0,0,0,0,0,0,0,0,0,0
2004,450172,1,1,28,28,28,28,28,28,28,28,28,28
2004,450173,1,1,21,21,21,21,21,21,21,21,21,21
2004,450174,1,1,0,0,0,0,0,0,0,0,0,0
2004,450175,1,1,17,17,17,17,17,17,17,17,17,17
2004,450176,1,1,31,21,0,11,25,18,8,7,10,23
2004,450177,1,1,0,29,0,23,5,0,0,0,19,0
2004,450178,1,1,6,6,6,6,6,6,6,6,6,6
2004,450179,1,1,24,24,24,24,24,24,24,24,24,24
2004,450180,1,1,0,0,0,0,0,0,0,0,0,0
2004,450180,2,1,0,0,0,0,0,0,0,0,0,0
2004,450181,1,1,0,0,0,0,0,0,0,0,0,0
2004,450181,2,1,0,0,0,0,0,0,0,0,0,0
2004,450182,1,1,1,1,1,1,1,1,1,1,1,1
2004,450182,2,1,0,0,0,0,0,0,0,0,0,0
2004,450183,1,1,18,18,18,18,18,18,18,18,18,18
2004,450184,1,1,10,10,10,10,10,10,10,10,10,10
2004,450185,0,1,0,0,0,0,0,0,0,0,0,0
2004,450185,1,1,0,0,0,0,0,0,0,0,0,0
2004,450186,1,1,0,0,0,0,0,0,0,0,0,0
2004,450187,1,1,27,27,27,27,27,27,27,27,27,27
2004,450188,1,1,0,0,0,0,0,0,0,0,0,0
2004,450188,2,1,0,0,0,0,0,0,0,0,0,0
2004,450189,1,1,14,14,14,14,14,14,14,14,14,14
2004,450189,2,1,0,0,0,0,0,0,0,0,0,0
2004,450190,1,1,0,0,0,0,0,0,0,0,0,0
2004,450190,2,1,0,0,0,0,0,0,0,0,0,0
2004,450191,1,1,9,13,10,28,5,7,24,10,20,7
2004,450192,1,1,12,10,33,12,0,16,20,33,27,0
2004,450193,1,1,8,8,8,8,8,8,8,8,8,8
2004,450194,1,1,7,16,28,19,9,0,12,0,20,11
2004,450195,1,1,0,0,0,0,0,0,0,0,0,0
2004,450196,0,1,0,0,0,0,0,0,0,0,0,0
2004,450196,1,1,17,17,17,17,17,17,17,17,17,17
2004,450197,1,1,17,17,17,17,17,17,17,17,17,17
2004,450198,1,1,15,15,15,15,15,15,15,15,15,15
2004,450199,1,1,11,11,11,11,11,11,11,11,11,11
2004,450200,1,1,28,28,28,28,28,28,28,28,28,28
2004,450201,0,1,9,9,9,9,9,9,9,9,9,9
2004,450201,1,1,0,0,0,0,0,0,0,0,0,0
2004,450202,1,1,0,0,0,0,0,0,0,0,0,0
2004,450202,2,1,0,0,0,0,0,0,0,0,0,0
2004,450203,1,1,19,19,19,19,19,19,19,19,19,19
2004,450204,1,1,0,0,0,0,0,0,0,0,0,0
2004,450204,2,1,0,0,0,0,0,0,0,0,0,0
2004,450206,0,1,0,15,0,0,0,21,0,0,0,0
2004,450206,1,1,7,7,7,7,7,7,7,7,7,7
2004,450207,1,1,21,12,13,22,14,9,13,20,35,23
2004,450208,1,1,15,15,15,15,15,15,15,15,15,15
2004,450208,2,1,6,6,6,6,6,6,6,6,6,6
2004,450209,1,1,0,0,13,0,19,0,0,23,8,28
2004,450210,1,1,0,0,0,0,0,0,0,0,0,0
2004,450211,1,1,19,19,19,19,19,19,19,19,19,19
2004,450212,1,1,0,0,0,0,0,0,0,0,0,0
2004,450213,1,1,0,0,0,0,0,0,0,0,0,0
2004,450214,1,1,0,0,0,0,0,0,0,0,0,0
2004,450214,2,1,0,0,0,0,0,0,0,0,0,0
2004,450215,1,1,0,0,0,0,0,0,0,0,0,0
2004,450215,2,1,0,0,0,0,0,0,0,0,0,0
2004,450216,1,1,5,5,5,5,5,5,5,5,5,5
2004,450217,1,1,10,27,16,26,20,25,17,6,13,17
2004,450218,0,1,13,13,13,13,13,13,13,13,13,13
2004,450218,1,1,0,0,0,0,0,0,0,0,0,0
2004,450219,1,1,13,13,13,13,13,13,13,13,13,13
2004,450220,1,1,10,10,10,10,10,10,10,10,10,10
2004,450221,1,1,19,19,19,19,19,19,19,19,19,19
2004,450222,1,1,0,0,0,0,0,0,0,0,0,0
2004,450222,2,1,0,0,0,0,0,0,0,0,0,0
2004,450223,1,1,0,0,0,0,0,0,0,0,0,0
2004,450223,2,1,0,0,0,0,0,0,0,0,0,0
2004,450224,1,1,0,0,0,0,0,0,0,0,0,0
2004,450225,1,1,15,15,15,15,15,15,15,15,15,15
2004,450225,2,1,15,15,15,15,15,15,15,15,15,15
2004,450226,1,1,0,0,0,0,0,0,0,0,0,0
2004,450227,1,1,15,15,15,15,15,15,15,15,15,15
2004,450228,1,1,0,0,0,0,0,0,0,0,0,0
2004,450228,2,1,0,0,0,0,0,0,0,0,0,0
2004,450229,1,1,25,25,25,25,25,25,25,25,25,25
2004,450230,1,1,30,30,30,30,30,30,30,30,30,30
2004,450231,1,1,0,0,0,0,0,0,0,0,0,0
2004,450232,1,1,0,0,0,0,0,0,0,0,0,0
2004,450232,2,1,0,0,0,0,0,0,0,0,0,0
2004,450233,1,1,0,0,0,0,0,0,0,0,0,0
2004,450233,2,1,0,0,0,0,0,0,0,0,0,0
2004,450234,1,1,0,0,0,0,0,0,0,0,0,0
2004,450235,1,1,9,20,5,11,22,18,19,14,15,13
2004,450236,1,1,22,22,22,22,22,22,22,22,22,22
2004,450237,1,1,0,0,0,0,0,0,0,0,0,0
2004,450237,2,1,0,0,0,0,0,0,0,0,0,0
2004,450238,1,1,25,25,25,25,25,25,25,25,25,25
2004,450239,1,1,23,23,23,23,23,23,23,23,23,23
2004,450240,1,1,0,0,0,0,0,0,0,0,0,0
2004,450240,2,1,0,0,0,0,0,0,0,0,0,0
2004,450241,1,1,0,0,0,0,0,0,0,0,0,0
2004,450241,2,1,0,0,0,0,0,0,0,0,5,0
2004,450242,1,1,26,37,15,27,14,10,11,25,16,16
2004,450243,1,1,0,0,0,0,0,0,0,0,0,0
2004,450243,2,1,0,0,0,0,20,11,0,0,0,11
2004,450244,1,1,27,27,27,27,27,27,27,27,27,27
2004,450245,1,1,0,0,0,0,0,0,0,0,0,0
2004,450246,1,1,0,0,0,0,0,0,0,0,0,0
2004,450246,2,1,0,0,0,0,0,0,0,0,0,0
2004,450247,1,1,0,0,0,0,0,0,0,0,0,0
2004,450247,2,1,0,0,0,0,0,0,0,0,0,0
2004,450248,1,1,24,24,24,24,24,24,24,24,24,24
2004,450249,1,1,0,0,0,0,0,0,0,0,0,0
2004,450250,1,1,18,18,18,18,18,18,18,18,18,18
2004,450251,1,1,0,0,0,0,0,0,0,0,0,0
2004,450251,2,1,24,24,24,24,24,24,24,24,24,24
2004,450252,1,1,26,26,26,26,26,26,26,26,26,26
2004,450253,1,1,0,0,0,0,0,0,0,0,0,0
2004,450253,2,1,0,0,0,0,0,0,0,0,0,0
2004,450254,1,1,0,0,0,10,0,11,0,15,30,0
2004,450254,2,1,0,0,0,0,0,0,0,0,0,0
2004,450255,1,1,0,0,0,0,0,0,0,0,0,0
2004,450256,0,1,23,23,23,23,23,23,23,23,23,23
2004,450256,1,1,0,0,0,0,0,0,0,0,0,0
2004,450257,1,1,32,5,18,12,24,8,20,9,13,32
2004,450258,1,1,0,0,0,0,0,0,0,0,0,0
2004,450259,1,1,0,0,0,0,0,0,0,0,0,0
2004,450260,1,1,24,24,24,24,24,24,24,24,24,24
2004,450260,2,1,0,0,0,0,0,0,0,0,0,0
2004,450261,1,1,15,15,15,15,15,15,15,15,15,15
2004,450262,1,1,0,0,0,0,0,0,0,0,0,0
2004,450263,1,1,0,0,0,0,0,0,0,0,0,0
2004,450263,2,1,9,9,9,9,9,9,9,9,9,9
2004,450264,1,1,0,0,0,0,0,0,0,0,0,0
2004,450264,2,1,0,0,0,0,0,0,0,0,0,0
2004,450265,1,1,10,10,10,10,10,10,10,10,10,10
2004,450266,1,1,3,3,3,3,3,3,3,3,3,3
2004,450266,2,1,0,0,0,0,0,0,0,0,0,0
2004,450267,1,1,20,20,20,20,20,20,20,20,20,20
2004,450268,1,1,29,29,29,29,29,29,29,29,29,29
2004,450269,1,1,15,9,24,16,4,6,14,22,17,11
2004,450270,1,1,40,0,12,21,0,0,0,17,0,0
2004,450270,2,1,0,0,0,0,0,0,0,0,0,0
2004,450271,1,1,30,28,27,0,9,28,0,0,14,29
2004,450272,0,1,24,0,0,0,7,0,15,0,0,18
2004,450272,0,2,0,0,0,0,0,0,0,0,0,0
2004,450272,0,3,0,0,0,0,0,0,0,0,0,0
2004,450272,1,1,0,0,0,0,0,0,0,0,0,0
2004,450273,1,1,0,0,0,0,0,0,0,0,0,0
2004,450273,2,1,0,0,0,0,0,0,0,0,0,0
2004,450274,1,1,0,0,0,0,0,0,0,0,0,0
2004,450274,2,1,14,31,15,5,20,15,15,14,25,10
2004,450275,1,1,31,0,17,5,0,0,0,20,0,0
2004,450276,1,1,0,0,0,0,0,0,0,0,0,0
2004,450276,2,1,24,0,7,25,14,11,18,13,0,27
2004,450277,1,1,0,0,0,0,0,0,0,0,0,0
2004,450277,2,1,0,0,7,0,0,0,0,0,0,0
2004,450278,1,1,5,5,5,5,5,5,5,5,5,5
2004,450279,1,1,0,0,0,0,0,0,0,0,0,0
2004,450280,1,1,25,25,25,25,25,25,25,25,25,25
2004,450281,1,1,0,0,0,0,0,0,0,0,0,0
2004,450282,1,1,22,15,11,19,12,18,19,2,11,14
2004,450282,2,1,0,0,0,0,0,0,0,0,0,0
2004,450284,0,1,0,0,0,0,0,0,0,0,0,0
2004,450284,1,1,0,0,0,0,0,0,0,0,0,0
2004,450285,1,1,0,0,0,16,0,0,0,0,10,0
2004,450286,1,1,0,0,0,0,0,0,0,0,0,0
2004,450287,1,1,17,17,17,17,17,17,17,17,17,17
2004,450288,1,1,0,0,0,0,0,0,0,0,0,0
2004,450288,2,1,18,14,22,16,12,19,25,20,0,20
2004,450288,3,1,0,0,0,0,0,0,0,0,0,0
2004,450289,1,1,23,23,23,23,23,23,23,23,23,23
2004,450290,1,1,17,17,17,17,17,17,17,17,17,17
2004,450290,2,1,1,1,1,1,1,1,1,1,1,1
2004,450291,0,1,0,0,0,0,0,0,0,0,0,0
2004,450292,1,1,0,0,0,0,0,0,0,0,0,0
2004,450292,2,1,0,0,0,0,0,0,0,0,0,0
2004,450293,1,1,0,0,0,0,0,0,0,0,0,0
2004,450294,1,1,25,25,25,25,25,25,25,25,25,25
2004,450295,0,1,20,20,20,20,20,20,20,20,20,20
2004,450295,1,1,0,0,0,0,0,0,0,0,0,0
2004,450296,0,1,0,0,0,0,0,0,0,0,12,0
2004,450296,1,1,0,0,0,0,0,0,0,0,0,0
2004,450297,1,1,22,22,22,22,22,22,22,22,22,22
2004,450298,1,1,0,0,0,0,0,0,0,0,0,0
2004,450299,1,1,0,0,0,0,0,0,0,0,0,0
2004,450299,2,1,0,0,0,0,0,0,0,0,0,0
2004,450300,1,1,0,0,0,0,0,0,0,0,0,0
2004,450300,2,1,0,0,0,0,0,0,0,0,0,0
2004,450301,1,1,0,0,0,0,0,0,0,0,0,0
2004,450302,1,1,17,17,17,17,17,17,17,17,17,17
2004,450303,0,1,67,27,7,22,38,11,21,51,15,11
2004,450303,1,1,0,0,0,0,0,0,0,0,0,0
2004,450304,0,1,19,0,43,26,9,16,17,28,27,5
2004,450304,1,1,0,0,0,0,0,0,0,0,0,0
2004,450305,0,1,12,12,12,12,12,12,12,12,12,12
2004,450305,1,1,0,0,0,0,0,0,0,0,0,0
2004,450306,1,1,0,0,0,0,0,0,0,0,0,0
2004,450307,1,1,0,0,0,0,0,0,0,0,0,0
2004,450308,1,1,0,0,0,0,0,0,0,0,0,0
2004,450308,2,1,0,0,0,0,0,0,0,0,0,0
2004,450309,1,1,0,0,0,0,0,0,0,0,0,0
2004,450310,1,1,1,1,1,1,1,1,1,1,1,1
2004,450310,2,1,0,0,0,0,0,0,0,0,0,0
2004,450311,1,1,0,0,0,0,0,0,0,0,0,0
2004,450312,1,1,0,0,0,0,0,0,0,0,0,0
2004,450312,2,1,0,0,0,0,0,0,0,0,0,0
2004,450313,1,1,0,0,0,0,0,0,0,0,0,0
2004,450314,0,1,15,15,15,15,15,15,15,15,15,15
2004,450314,1,1,0,0,0,0,0,0,0,0,0,0
2004,450316,0,1,24,24,24,24,24,24,24,24,24,24
2004,450316,1,1,0,0,0,0,0,0,0,0,0,0
2004,450318,1,1,17,17,17,17,17,17,17,17,17,17
2004,450319,1,1,0,0,0,0,0,0,0,0,0,0
2004,450320,1,1,0,0,0,0,0,0,0,0,0,0
2004,450321,1,1,0,0,0,0,0,0,0,0,0,0
2004,450322,1,1,0,0,0,0,0,0,0,0,0,0
2004,450322,2,1,21,21,21,21,21,21,21,21,21,21
2004,450323,1,1,0,0,0,0,0,0,0,0,0,0
2004,450323,2,1,19,19,19,19,19,19,19,19,19,19
2004,450324,1,1,11,11,11,11,11,11,11,11,11,11
2004,450325,1,1,18,18,18,18,18,18,18,18,18,18
2004,450326,1,1,0,0,0,0,0,0,0,0,0,0
2004,450327,1,1,0,0,0,0,0,0,0,0,0,0
2004,450328,1,1,0,14,0,0,0,0,8,0,0,0
2004,450329,1,1,27,27,27,27,27,27,27,27,27,27
2004,450330,1,1,0,0,0,0,0,0,0,0,0,0
2004,450331,1,1,0,0,0,0,0,0,0,0,0,0
2004,450331,2,1,0,0,0,0,0,0,0,0,0,0
2004,450332,1,1,0,0,0,0,0,0,0,0,0,0
2004,450332,2,1,16,16,16,16,16,16,16,16,16,16
2004,450333,1,1,0,0,0,0,0,0,0,0,0,0
2004,450334,1,1,0,0,0,0,0,0,0,0,0,0
2004,450334,2,1,0,0,17,5,0,0,0,0,13,0
2004,450335,1,1,4,4,4,4,4,4,4,4,4,4
2004,450336,1,1,18,18,18,18,18,18,18,18,18,18
2004,450337,1,1,11,11,11,11,11,11,11,11,11,11
2004,450338,1,1,9,9,9,9,9,9,9,9,9,9
2004,450338,2,1,0,0,0,0,0,0,0,0,0,0
2004,450339,1,1,9,0,16,19,20,20,24,27,13,14
2004,450340,1,1,0,14,14,18,26,17,14,15,32,8
2004,450341,1,1,0,0,0,0,0,0,0,0,0,0
2004,450342,1,1,0,0,0,0,0,0,0,0,0,0
2004,450342,2,1,0,0,0,0,0,0,0,0,0,0
2004,450343,1,1,19,19,19,19,19,19,19,19,19,19
2004,450344,1,1,28,28,28,28,28,28,28,28,28,28
2004,450345,1,1,16,2,11,9,12,13,2,3,11,4
2004,450346,1,1,0,0,0,0,0,0,0,0,0,0
2004,450346,2,1,12,25,0,21,22,8,22,14,22,7
2004,450347,1,1,17,17,39,16,19,22,22,20,15,12
2004,450348,1,1,0,0,0,0,0,0,0,0,0,0
2004,450349,1,1,0,0,0,0,0,0,0,0,0,0
2004,450350,1,1,0,0,0,0,0,0,0,0,0,0
2004,450350,2,1,0,0,0,0,0,0,0,0,0,0
2004,450351,1,1,0,0,0,0,0,0,0,0,0,0
2004,450351,2,1,0,0,0,0,0,0,0,0,0,0
2004,450352,1,1,23,23,23,23,23,23,23,23,23,23
2004,450353,1,1,0,0,0,0,0,0,0,0,0,0
2004,450354,1,1,0,0,0,0,0,0,0,0,0,0
2004,450355,0,1,9,9,9,9,9,9,9,9,9,9
2004,450355,1,1,0,0,0,0,0,0,0,0,0,0
2004,450356,0,1,21,21,21,21,21,21,21,21,21,21