YEAR,ST_CASE,veh_no,per_no,P1,P2,P3,P4,P5,P6,P7,P8,P9,P10
2004,450356,1,1,0,0,0,0,0,0,0,0,0,0
2004,450357,1,1,28,28,28,28,28,28,28,28,28,28
2004,450357,2,1,0,0,0,0,0,0,0,0,0,0
2004,450357,3,1,0,0,0,0,0,0,0,0,0,0
2004,450358,1,1,0,0,0,0,0,0,0,0,0,0
2004,450358,2,1,0,0,0,0,0,0,0,0,0,0
2004,450359,1,1,21,21,21,21,21,21,21,21,21,21
2004,450360,1,1,0,0,0,0,0,0,0,0,0,0
2004,450360,2,1,0,0,0,0,0,0,0,0,0,0
2004,450361,1,1,0,0,0,0,0,0,0,0,11,19
2004,450362,1,1,12,14,27,12,28,18,18,9,11,5
2004,450363,1,1,0,0,0,0,0,0,0,0,0,0
2004,450363,2,1,0,0,0,0,0,0,0,0,0,0
2004,450364,1,1,3,3,3,3,3,3,3,3,3,3
2004,450365,0,1,0,0,32,20,0,0,32,0,9,40
2004,450365,1,1,0,0,0,0,0,0,0,0,0,0
2004,450366,1,1,0,0,0,0,0,0,0,0,0,0
2004,450366,2,1,0,0,0,0,0,0,0,0,0,0
2004,450367,1,1,0,0,0,0,0,0,0,0,0,0
2004,450368,1,1,0,0,0,0,0,0,0,0,0,0
2004,450369,1,1,0,0,0,0,0,0,0,0,0,0
2004,450369,2,1,13,0,0,0,0,0,0,0,13,10
2004,450369,3,1,0,0,0,0,0,0,0,0,0,0
2004,450370,1,1,0,0,0,0,0,0,0,0,0,0
2004,450371,1,1,0,0,0,0,0,0,0,4,9,0
2004,450372,1,1,19,19,19,19,19,19,19,19,19,19
2004,450373,1,1,26,26,26,26,26,26,26,26,26,26
2004,450374,1,1,26,0,0,36,23,6,9,37,15,24
2004,450375,0,1,11,11,11,11,11,11,11,11,11,11
2004,450376,1,1,10,10,10,10,10,10,10,10,10,10
2004,450376,2,1,0,0,0,0,0,0,0,0,0,0
2004,450377,1,1,0,0,0,0,0,0,0,0,0,0
2004,450377,2,1,0,0,0,0,0,0,0,0,0,0
2004,450378,1,1,0,0,0,0,0,0,0,0,0,0
2004,450378,2,1,0,0,0,0,0,0,0,0,0,0
2004,450379,1,1,21,21,21,21,21,21,21,21,21,21
2004,450380,1,1,0,0,0,0,0,0,0,0,0,0
2004,450381,1,1,0,0,0,0,0,0,0,0,0,0
2004,450381,2,1,0,14,10,22,17,20,10,17,18,13
2004,450382,1,1,0,6,7,0,13,20,0,17,13,0
2004,450382,2,1,0,0,0,0,0,0,0,0,0,0
2004,450383,1,1,12,12,0,17,13,8,7,0,17,14
2004,450384,1,1,0,0,0,0,0,0,0,0,0,0
2004,450385,1,1,0,0,0,0,0,0,0,0,0,0
2004,450386,1,1,14,14,14,14,14,14,14,14,14,14
2004,450387,1,1,21,13,15,14,20,16,17,22,32,0
2004,450388,1,1,0,0,0,17,0,0,23,0,0,0
2004,450389,1,1,12,12,12,12,12,12,12,12,12,12
2004,450389,2,1,20,11,15,16,12,0,0,14,5,20
2004,450390,1,1,0,0,0,0,0,0,0,0,0,0
2004,450390,2,1,0,36,25,23,0,27,0,29,12,0
2004,450391,1,1,0,0,0,0,0,0,0,0,0,0
2004,450391,2,1,23,23,23,23,23,23,23,23,23,23
2004,450392,1,1,0,0,0,0,0,0,0,0,0,0
2004,450392,2,1,0,0,0,0,0,0,0,0,0,0
2004,450392,3,1,0,0,0,0,0,0,0,0,0,0
2004,450393,0,1,0,0,0,0,0,0,0,0,0,0
2004,450393,1,1,0,0,0,0,0,0,0,0,0,0
2004,450394,1,1,22,22,22,22,22,22,22,22,22,22
2004,450395,1,1,0,0,0,0,0,0,0,0,0,0
2004,450395,2,1,0,0,0,0,0,0,0,0,0,0
2004,450397,1,1,0,0,0,0,0,0,0,0,0,0
2004,450398,1,1,0,0,0,0,0,0,0,0,0,0
2004,450398,2,1,17,17,17,17,17,17,17,17,17,17
2004,450399,1,1,10,10,10,10,10,10,10,10,10,10
2004,450400,1,1,0,0,0,0,0,0,0,0,0,0
2004,450400,2,1,0,0,0,0,0,0,0,0,0,0
2004,450401,0,1,0,0,0,0,0,0,0,0,0,0
2004,450401,1,1,12,15,8,5,23,21,18,0,9,16
2004,450402,1,1,21,21,21,21,21,21,21,21,21,21
2004,450403,1,1,15,11,0,6,15,0,31,16,13,18
2004,450404,1,1,0,0,0,0,0,0,0,0,0,0
2004,450404,2,1,0,0,0,0,0,0,0,0,0,0
2004,450405,1,1,0,0,0,0,0,0,0,0,0,0
2004,450405,2,1,0,0,0,0,0,0,0,0,0,0
2004,450406,1,1,0,0,0,0,0,0,0,0,0,0
2004,450406,2,1,0,0,0,0,0,0,0,0,0,0
2004,450407,1,1,22,22,22,22,22,22,22,22,22,22
2004,450407,2,1,0,0,0,0,0,0,0,0,0,0
2004,450408,1,1,0,0,0,0,0,0,0,0,0,0
2004,450408,2,1,0,0,0,0,0,0,0,0,0,0
2004,450409,1,1,0,0,0,0,0,0,0,0,0,0
2004,450410,1,1,0,0,0,0,0,0,0,0,0,0
2004,450410,2,1,0,0,0,0,0,0,0,0,0,0
2004,450411,1,1,0,0,0,0,0,0,0,0,0,0
2004,450412,1,1,0,0,0,0,0,0,0,0,0,0
2004,450412,2,1,0,13,0,0,0,0,0,18,16,0
2004,450413,1,1,12,12,12,12,12,12,12,12,12,12
2004,450414,1,1,0,0,0,0,0,0,0,0,0,0
2004,450414,2,1,33,33,33,33,33,33,33,33,33,33
2004,450415,1,1,17,17,17,17,17,17,17,17,17,17
2004,450415,2,1,0,0,0,0,0,0,0,0,0,0
2004,450416,1,1,0,0,0,0,0,0,0,0,0,0
2004,450417,1,1,27,27,27,27,27,27,27,27,27,27
2004,450418,0,1,3,3,3,3,3,3,3,3,3,3
2004,450419,0,1,0,0,0,0,0,0,0,0,0,0
2004,450419,1,1,0,0,0,0,0,0,0,0,0,0
2004,450420,0,1,19,19,19,19,19,19,19,19,19,19
2004,450420,1,1,0,0,0,0,0,0,0,0,0,0
2004,450420,2,1,0,0,0,0,0,0,0,0,0,0
2004,450420,3,1,0,0,0,0,0,0,0,0,0,0
2004,450421,1,1,32,32,32,32,32,32,32,32,32,32
2004,450422,1,1,29,28,24,16,15,14,24,22,28,26
2004,450423,1,1,0,0,0,0,0,0,0,0,0,0
2004,450423,2,1,0,0,0,0,0,0,0,0,0,0
2004,450424,1,1,12,12,12,12,12,12,12,12,12,12
2004,450425,1,1,0,0,0,0,0,0,0,0,0,0
2004,450425,2,1,0,0,0,0,0,0,0,0,0,0
2004,450426,1,1,0,0,0,0,0,0,0,0,0,0
2004,450426,2,1,0,0,0,0,0,0,0,0,0,0
2004,450427,1,1,0,0,0,0,5,0,0,0,0,0
2004,450427,2,1,0,0,0,0,0,0,0,0,0,0
2004,450428,1,1,0,0,0,6,16,0,0,0,14,0
2004,450428,2,1,0,0,0,0,0,0,0,0,0,0
2004,450428,3,1,0,0,0,0,0,0,0,0,0,0
2004,450429,0,1,0,0,0,0,0,0,0,0,0,0
2004,450429,1,1,0,0,0,0,0,0,0,0,0,0
2004,450430,1,1,0,0,0,0,0,0,0,0,0,0
2004,450431,1,1,0,0,0,0,0,0,0,0,0,0
2004,450431,2,1,0,0,0,0,0,0,0,0,0,0
2004,450432,1,1,50,50,50,50,50,50,50,50,50,50
2004,450433,1,1,0,0,0,0,0,0,0,0,0,0
2004,450434,1,1,18,4,0,0,14,34,7,40,17,0
2004,450435,1,1,0,0,0,0,0,0,0,0,0,0
2004,450435,2,1,10,23,3,14,12,0,13,10,16,18
2004,450436,0,1,14,14,14,14,14,14,14,14,14,14
2004,450436,1,1,0,0,0,0,0,0,0,0,0,0
2004,450437,1,1,12,12,12,12,12,12,12,12,12,12
2004,450438,1,1,27,27,27,27,27,27,27,27,27,27
2004,450438,2,1,0,0,0,0,0,0,0,0,0,0
2004,450439,1,1,25,25,25,25,25,25,25,25,25,25
2004,450439,2,1,0,0,0,0,0,0,0,0,0,0
2004,450440,1,1,0,0,0,0,0,0,0,0,0,0
2004,450440,2,1,0,0,0,0,0,0,0,0,0,0
2004,450441,1,1,0,0,0,0,0,0,0,0,0,0
2004,450441,2,1,0,0,0,0,0,0,0,0,0,0
2004,450441,3,1,0,0,0,0,0,0,0,0,0,0
2004,450442,1,1,0,0,0,0,0,0,0,0,0,0
2004,450442,2,1,0,0,0,0,0,0,0,0,0,0
2004,450443,1,1,0,0,0,0,0,0,0,0,0,0
2004,450443,2,1,4,21,20,0,4,35,5,14,0,0
2004,450444,1,1,0,0,0,0,0,0,0,0,0,0
2004,450444,2,1,20,20,20,20,20,20,20,20,20,20
2004,450445,1,1,36,36,36,36,36,36,36,36,36,36
2004,450446,1,1,0,0,0,0,0,0,0,0,0,0
2004,450447,1,1,0,0,0,0,0,0,0,0,0,0
2004,450448,1,1,0,21,19,16,0,11,31,36,17,22
2004,450449,1,1,0,0,0,0,0,0,0,0,0,0
2004,450449,2,1,0,0,0,0,0,0,0,0,0,0
2004,450450,1,1,0,0,0,0,0,0,0,0,0,0
2004,450450,2,1,0,6,0,14,0,3,1,0,0,0
2004,450451,0,1,20,20,20,20,20,20,20,20,20,20
2004,450451,1,1,0,0,0,0,0,0,0,0,0,0
2004,450452,0,1,23,23,23,23,23,23,23,23,23,23
2004,450452,1,1,0,0,0,0,0,0,0,0,0,0
2004,450453,1,1,0,0,0,7,0,0,0,0,0,0
2004,450453,2,1,0,0,0,0,0,0,0,0,0,0
2004,450454,1,1,11,11,11,11,11,11,11,11,11,11
2004,450455,1,1,0,0,0,0,0,0,0,0,0,0
2004,450456,1,1,0,0,0,0,0,0,0,0,0,0
2004,450456,2,1,16,0,20,21,17,12,6,0,13,8
2004,450457,1,1,0,0,0,0,0,0,0,0,0,0
2004,450457,2,1,0,0,0,0,0,0,0,0,0,0
2004,450458,1,1,13,16,22,0,0,16,18,28,0,10
2004,450459,1,1,7,7,7,7,7,7,7,7,7,7
2004,450460,1,1,26,0,13,23,29,0,17,18,16,0
2004,450461,1,1,0,0,0,0,0,0,0,0,0,0
2004,450462,1,1,11,11,11,11,11,11,11,11,11,11
2004,450463,1,1,25,25,25,25,25,25,25,25,25,25
2004,450464,0,1,0,0,0,0,0,0,0,0,0,0
2004,450464,1,1,0,0,0,0,0,0,0,0,0,0
2004,450465,1,1,21,12,15,29,19,14,0,6,12,19
2004,450465,2,1,0,0,0,0,0,0,0,0,0,0
2004,450466,1,1,0,0,0,0,0,0,0,0,0,0
2004,450467,1,1,0,0,0,0,0,0,0,0,0,0
2004,450467,2,1,0,0,0,0,0,0,0,0,0,0
2004,450468,1,1,0,0,0,0,0,0,0,0,0,0
2004,450468,2,1,0,0,0,0,0,0,0,0,0,0
2004,450469,1,1,21,39,14,14,15,19,17,21,18,28
2004,450470,1,1,0,14,27,30,17,12,35,15,13,10
2004,450471,1,1,0,0,0,0,0,0,0,0,0,0
2004,450472,1,1,0,0,0,0,0,0,0,0,0,0
2004,450472,2,1,0,0,0,0,0,0,0,0,0,0
2004,450473,1,1,0,0,0,0,0,0,0,0,0,0
2004,450473,2,1,0,0,0,0,0,0,0,0,0,0
2004,450474,1,1,0,0,0,0,0,0,0,0,0,0
2004,450474,2,1,25,25,25,25,25,25,25,25,25,25
2004,450474,3,1,0,0,0,0,0,0,0,0,0,0
2004,450475,1,1,0,0,0,0,0,0,0,0,0,0
2004,450476,1,1,0,0,0,0,0,0,0,0,0,0
2004,450476,2,1,0,0,0,0,0,0,0,0,0,0
2004,450477,1,1,23,23,23,23,23,23,23,23,23,23
2004,450478,1,1,0,0,0,0,0,0,0,0,0,0
2004,450479,0,1,0,0,0,0,0,0,0,0,0,0
2004,450479,1,1,17,7,12,6,19,13,14,18,8,14
2004,450480,1,2,0,0,22,0,0,24,17,16,9,0
2004,450481,0,1,2,27,0,15,25,0,28,27,0,32
2004,450481,1,1,0,0,0,0,0,0,0,0,0,0
2004,450482,1,1,11,8,9,2,10,22,10,12,14,16
2004,450483,0,1,0,0,0,0,0,0,0,0,0,0
2004,450483,1,1,0,0,0,0,0,0,0,0,0,0
2004,450484,1,1,0,0,0,0,0,0,0,0,0,0
2004,450485,1,1,0,0,0,0,0,0,0,0,0,0
2004,450485,2,1,0,0,0,0,0,0,0,0,0,0
2004,450486,0,1,19,0,0,0,5,0,0,0,0,0
2004,450486,1,1,0,0,0,0,0,0,0,0,0,0
2004,450487,1,1,0,0,0,0,0,0,0,0,0,0
2004,450487,2,1,0,0,0,0,0,0,0,0,0,0
2004,450488,1,1,0,0,0,0,0,0,0,0,0,0
2004,450488,2,1,0,0,0,0,0,0,0,0,0,0
2004,450488,3,1,0,0,0,0,0,0,0,0,0,0
2004,450489,1,1,0,0,0,0,0,0,0,0,0,0
2004,450489,2,1,0,0,0,0,0,0,0,0,0,0
2004,450490,1,1,11,0,0,0,0,0,0,0,0,0
2004,450491,1,1,0,0,0,0,0,0,0,0,0,0
2004,450491,2,1,0,0,0,0,0,0,0,0,0,0
2004,450492,1,1,0,0,0,0,0,0,0,0,0,0
2004,450492,2,1,0,0,0,0,0,0,0,0,0,0
2004,450493,0,1,0,0,0,0,0,0,0,0,0,0
2004,450493,1,1,0,0,0,0,0,0,0,0,0,0
2004,450494,1,1,0,29,3,0,0,0,0,0,0,4
2004,450494,2,1,0,0,0,0,0,0,0,0,0,0
2004,450495,2,1,16,16,16,16,16,16,16,16,16,16
2004,450496,1,1,0,0,0,0,0,0,0,0,0,0
2004,450497,0,1,0,0,0,10,36,17,0,0,0,0
2004,450497,1,1,0,0,0,0,0,0,0,0,0,0
2004,450499,1,1,0,0,0,0,0,0,0,0,0,0
2004,450500,1,1,0,0,0,0,0,0,0,0,0,0
2004,450500,2,1,3,8,0,0,0,0,0,0,0,0
2004,450501,1,1,0,0,0,0,0,0,0,0,0,0
2004,450502,1,1,0,0,0,0,0,0,0,0,0,0
2004,450503,1,1,0,0,0,0,0,0,0,0,0,0
2004,450504,1,1,0,0,0,0,0,0,0,0,0,0
2004,450504,2,1,0,0,0,0,0,0,0,0,0,0
2004,450504,3,1,0,0,0,0,0,0,0,0,0,0
2004,450505,0,1,0,0,0,0,0,0,0,0,0,0
2004,450505,1,1,0,0,0,0,0,0,0,0,0,0
2004,450506,1,1,14,14,14,14,14,14,14,14,14,14
2004,450507,1,1,0,0,0,0,0,0,0,0,0,0
2004,450507,2,1,0,0,0,0,0,0,0,0,0,0
2004,450508,1,1,0,0,0,0,0,0,0,0,0,0
2004,450509,1,1,11,11,11,11,11,11,11,11,11,11
2004,450510,1,1,16,12,3,17,26,14,23,10,9,18
2004,450511,1,1,11,0,14,13,14,22,0,6,0,14
2004,450511,2,1,0,0,0,0,0,0,0,0,0,0
2004,450512,1,1,0,0,0,0,0,0,0,0,0,0
2004,450513,1,1,0,0,0,0,0,0,0,0,0,0
2004,450513,2,1,0,0,0,0,0,0,0,0,0,0
2004,450514,1,1,0,0,0,0,0,0,0,0,0,0
2004,450515,1,1,0,0,0,0,0,0,0,0,0,0
2004,450516,1,1,0,0,0,11,21,0,39,0,0,0
2004,450516,2,1,0,0,0,0,0,0,0,0,0,0
2004,450517,1,1,0,0,0,0,0,0,0,0,0,0
2004,450518,1,1,9,0,5,18,0,0,0,0,3,0
2004,450518,2,1,0,7,0,0,21,0,4,0,27,0
2004,450519,1,1,21,21,21,21,21,21,21,21,21,21
2004,450520,1,1,15,0,0,0,0,0,0,0,0,10
2004,450521,1,1,0,17,0,0,0,0,7,6,0,10
2004,450522,1,1,12,12,12,12,12,12,12,12,12,12
2004,450523,0,1,12,12,12,12,12,12,12,12,12,12
2004,450523,1,1,0,0,0,0,0,0,0,0,0,0
2004,450524,1,1,17,17,17,17,17,17,17,17,17,17
2004,450525,0,1,0,0,0,0,0,0,0,0,0,0
2004,450525,1,1,0,0,0,0,0,0,0,0,0,0
2004,450526,1,1,5,5,5,5,5,5,5,5,5,5
2004,450527,1,1,0,0,0,0,0,0,0,0,0,0
2004,450527,2,1,1,1,1,1,1,1,1,1,1,1
2004,450528,1,1,0,27,0,18,0,0,7,14,0,18
2004,450529,1,1,14,14,14,14,14,14,14,14,14,14
2004,450530,1,1,12,22,13,24,16,9,16,0,12,0
2004,450531,1,1,8,9,0,0,0,0,0,0,0,0
2004,450531,2,1,0,0,0,0,0,0,0,0,0,0
2004,450532,1,1,3,3,3,3,3,3,3,3,3,3
2004,450533,1,1,0,0,0,0,0,0,0,0,0,0
2004,450533,2,1,0,0,0,0,0,0,0,0,0,0
2004,450534,1,1,0,0,0,0,0,0,0,0,0,0
2004,450534,2,1,25,25,25,25,25,25,25,25,25,25
2004,450535,1,1,11,4,21,15,0,16,19,21,11,33
2004,450535,2,1,0,0,0,0,0,0,0,0,0,0
2004,450536,1,1,0,0,0,0,0,0,0,0,0,0
2004,450536,2,1,31,31,31,31,31,31,31,31,31,31
2004,450537,1,1,0,0,0,0,0,0,0,0,0,0
2004,450537,2,1,0,0,23,0,0,0,0,0,0,10
2004,450538,1,1,25,25,25,25,25,25,25,25,25,25
2004,450539,1,1,0,0,0,5,0,0,0,0,0,0
2004,450539,2,1,0,0,0,0,0,0,0,0,0,0
2004,450540,1,1,12,12,12,12,12,12,12,12,12,12
2004,450541,1,1,0,0,0,0,0,0,0,0,0,0
2004,450542,1,1,0,0,0,0,0,0,0,0,0,0
2004,450543,1,1,0,0,0,0,0,0,0,0,0,0
2004,450544,1,1,21,21,21,21,21,21,21,21,21,21
2004,450545,1,1,0,0,0,0,0,0,0,0,0,0
2004,450545,2,1,0,19,0,0,0,0,0,0,0,0
2004,450546,0,1,0,0,0,0,25,21,0,19,32,10
2004,450546,0,2,0,0,0,0,0,0,0,0,0,0
2004,450546,1,1,7,13,4,9,0,12,0,10,10,15
2004,450547,1,1,0,0,0,0,0,0,0,0,0,0
2004,450548,1,1,91,91,91,91,91,91,91,91,91,91
2004,450549,0,1,21,21,21,21,21,21,21,21,21,21
2004,450549,1,1,18,9,15,22,17,8,38,9,22,0
2004,450550,1,1,24,24,24,24,24,24,24,24,24,24
2004,450551,1,1,27,27,27,27,27,27,27,27,27,27
2004,450552,1,1,0,0,0,0,0,0,0,0,0,0
2004,450553,0,1,17,17,17,17,17,17,17,17,17,17
2004,450553,1,1,0,0,0,0,0,0,0,0,0,0
2004,450554,1,1,0,0,0,0,0,0,0,0,0,0
2004,450555,1,1,0,0,0,0,0,0,0,0,0,0
2004,450556,1,1,0,0,0,0,0,0,0,0,0,0
2004,450556,2,1,21,21,21,21,21,21,21,21,21,21
2004,450557,1,1,0,0,0,0,0,0,0,0,0,0
2004,450558,1,1,0,0,0,0,0,0,0,0,0,0
2004,450559,1,1,0,0,0,0,0,0,0,0,0,0
2004,450559,2,1,29,3,14,11,25,11,14,3,8,0
2004,450560,1,1,0,0,0,0,0,0,0,0,0,0
2004,450561,1,1,0,0,0,0,0,0,0,0,0,0
2004,450561,2,1,7,7,7,7,7,7,7,7,7,7
2004,450562,1,1,0,0,0,0,0,0,0,0,0,0
2004,450563,1,1,0,0,0,0,0,0,0,0,0,0
2004,450563,2,1,0,0,0,0,0,0,0,0,0,0
2004,450564,1,1,1,1,1,1,1,1,1,1,1,1
2004,450564,2,1,0,0,0,0,0,0,0,0,0,0
2004,450565,1,1,12,0,2,0,20,0,16,11,0,18
2004,450566,1,1,21,21,21,21,21,21,21,21,21,21
2004,450567,1,1,0,0,0,0,0,0,0,0,0,0
2004,450567,2,1,0,0,0,0,0,0,0,0,0,0
2004,450568,1,1,0,0,0,0,0,0,0,0,0,0
2004,450569,1,1,0,0,0,0,0,0,0,0,0,0
2004,450569,2,1,0,0,17,38,0,17,0,0,0,15
2004,450570,1,1,0,0,0,0,0,0,0,0,0,0
2004,450570,2,1,0,0,0,0,0,0,0,0,0,0
2004,450571,1,1,0,0,0,0,0,0,0,0,0,0
2004,450571,2,1,0,0,0,0,0,0,0,0,0,0
2004,450571,3,1,0,0,0,0,0,0,0,0,0,0
2004,450572,1,1,0,0,0,0,0,0,0,0,0,0
2004,450572,2,1,0,0,0,0,0,0,0,0,0,0
2004,450572,3,1,0,0,0,0,0,0,0,0,0,0
2004,450572,4,1,0,0,0,0,0,0,0,0,0,0
2004,450573,0,1,0,0,0,0,0,0,0,0,0,0
2004,450573,1,1,0,0,0,0,0,0,0,0,0,0
2004,450574,1,1,0,0,0,0,0,0,0,0,0,0
2004,450575,0,1,19,19,19,19,19,19,19,19,19,19
2004,450575,1,1,0,0,0,0,0,0,0,0,0,0
2004,450576,1,1,0,0,0,0,0,0,0,0,0,0
2004,450577,1,1,15,6,18,24,15,15,13,29,3,20
2004,450578,1,1,29,29,29,29,29,29,29,29,29,29
2004,450579,1,1,0,0,0,0,0,0,0,0,0,0
2004,450579,2,1,0,0,0,0,0,0,0,0,0,0
2004,450580,1,1,0,0,0,0,0,0,0,0,0,0
2004,450580,2,1,0,0,0,0,0,0,0,0,0,0
2004,450581,1,1,0,0,0,0,0,0,0,0,0,0
2004,450582,0,1,0,0,0,0,0,0,0,0,0,0
2004,450582,1,1,0,0,0,0,0,0,0,0,0,0
2004,450583,0,1,0,0,0,0,0,0,0,0,0,0
2004,450583,1,1,0,0,0,0,0,0,0,0,0,0
2004,450584,1,1,0,0,0,0,0,0,0,0,0,0
2004,450585,0,1,7,31,12,0,18,0,7,10,5,0
2004,450585,1,1,22,15,0,0,23,0,8,0,0,7
2004,450586,1,1,0,0,0,0,0,0,0,0,0,0
2004,450586,2,1,0,0,0,0,0,0,0,0,0,0
2004,450587,1,1,10,10,10,10,10,10,10,10,10,10
2004,450588,1,1,23,23,23,23,23,23,23,23,23,23
2004,450589,1,1,6,6,6,6,6,6,6,6,6,6
2004,450590,0,1,0,0,0,0,0,0,0,0,0,0
2004,450590,1,1,0,0,0,0,0,0,0,0,0,0
2004,450591,1,1,0,0,0,0,0,0,0,0,0,0
2004,450591,2,1,0,0,0,0,0,0,0,0,0,0
2004,450592,1,1,0,0,0,0,0,0,0,0,0,0
2004,450593,1,1,0,0,0,0,0,0,0,0,0,0
2004,450594,1,1,0,0,0,0,0,0,0,0,0,0
2004,450594,2,1,0,0,0,0,0,0,0,0,0,0
2004,450594,3,1,0,0,0,0,0,0,0,0,0,0
2004,450595,1,1,0,0,0,0,0,0,0,0,0,0
2004,450596,1,1,0,0,0,0,0,0,0,0,0,0
2004,450597,1,1,0,0,0,0,0,0,0,0,0,0
2004,450597,2,1,17,17,17,17,17,17,17,17,17,17
2004,450598,1,1,25,25,25,25,25,25,25,25,25,25
2004,450599,0,1,0,0,0,0,0,0,0,0,0,0
2004,450599,1,1,0,0,0,0,0,0,0,0,0,0
2004,450600,1,1,0,0,0,0,0,0,0,0,0,0
2004,450600,2,1,0,0,0,0,0,0,0,0,0,0
2004,450601,1,1,7,7,7,7,7,7,7,7,7,7
2004,450601,2,1,0,0,0,0,0,0,0,0,0,0
2004,450602,1,1,0,0,0,0,0,0,0,0,0,0
2004,450603,1,1,0,0,0,0,0,0,0,0,0,0
2004,450604,1,1,0,0,0,0,0,0,0,0,0,0
2004,450604,2,1,0,0,0,8,0,11,0,0,0,0
2004,450605,1,1,0,0,0,0,0,0,0,0,0,0
2004,450606,1,1,5,5,5,5,5,5,5,5,5,5
2004,450607,1,1,16,16,16,16,16,16,16,16,16,16
2004,450608,1,1,13,13,13,13,13,13,13,13,13,13
2004,450609,1,1,0,0,0,0,0,0,0,0,0,0
2004,450610,1,1,0,0,0,0,0,0,0,0,0,0
2004,450610,2,1,0,0,0,0,0,2,0,0,0,0
2004,450611,1,1,0,0,0,0,0,0,0,0,0,0
2004,450612,1,1,16,18,10,13,30,29,24,18,7,21
2004,450613,1,1,0,0,0,0,0,0,0,0,0,0
2004,450613,2,1,0,0,0,0,0,0,0,0,0,0
2004,450614,1,1,0,0,0,0,0,0,0,0,0,0
2004,450614,2,1,0,0,0,0,0,0,0,0,0,0
2004,450615,1,1,0,0,0,0,0,0,0,0,0,0
2004,450616,1,1,0,0,0,0,0,0,0,0,0,0
2004,450617,1,1,0,0,0,0,0,0,0,0,0,0
2004,450617,2,1,0,0,0,0,0,0,0,0,0,0
2004,450618,1,1,0,0,0,9,0,0,0,34,0,0
2004,450618,2,1,0,0,0,0,0,0,0,0,0,0
2004,450619,1,1,0,0,0,0,0,0,0,0,0,0
2004,450620,0,1,0,0,0,0,0,0,0,0,0,0
2004,450620,1,1,0,0,0,0,0,0,0,0,0,0
2004,450621,1,1,3,3,3,3,3,3,3,3,3,3
2004,450622,1,1,0,0,0,0,0,0,0,0,0,0
2004,450622,2,1,0,0,0,0,0,0,0,0,0,0
2004,450623,0,1,12,12,12,12,12,12,12,12,12,12
2004,450624,1,1,0,0,0,0,0,0,0,0,0,0
2004,450625,1,1,29,29,29,29,29,29,29,29,29,29
2004,450626,0,1,29,29,29,29,29,29,29,29,29,29
2004,450626,1,1,0,12,0,9,0,16,0,0,0,0
2004,450627,1,1,0,0,0,0,0,0,0,0,0,0
2004,450627,2,1,37,37,37,37,37,37,37,37,37,37
2004,450628,0,1,32,32,32,32,32,32,32,32,32,32
2004,450628,1,1,0,0,0,0,0,0,16,0,0,12
2004,450629,1,1,7,11,3,0,24,0,0,10,0,20
2004,450629,2,1,14,14,18,14,8,15,18,24,17,21
2004,450630,1,1,0,0,0,0,0,0,0,0,0,0
2004,450630,2,1,0,0,0,0,0,0,0,0,0,0
2004,450631,1,1,0,0,0,0,0,0,0,0,0,0
2004,450632,1,1,6,7,11,18,17,14,31,21,14,12
2004,450633,1,1,10,31,20,25,26,20,26,18,10,8
2004,450634,1,1,0,0,0,0,0,0,0,0,0,0
2004,450634,2,1,0,0,0,0,0,0,0,0,0,0
2004,450635,1,1,0,0,0,0,0,0,0,0,0,0
2004,450635,2,1,0,0,0,0,0,0,0,0,0,0
2004,450636,0,1,18,18,18,18,18,18,18,18,18,18
2004,450636,1,1,0,0,0,0,0,0,0,0,0,0
2004,450637,1,1,8,8,8,8,8,8,8,8,8,8
2004,450638,0,1,0,0,0,0,0,0,0,0,0,0
2004,450638,1,1,0,0,0,0,0,0,0,0,0,0
2004,450639,1,1,20,20,20,20,20,20,20,20,20,20
2004,450640,1,1,29,29,29,29,29,29,29,29,29,29
2004,450641,1,1,0,0,0,0,0,0,0,0,0,0
2004,450642,1,1,0,0,0,0,0,0,0,0,0,0
2004,450643,1,1,0,0,0,0,0,0,0,0,0,0
2004,450644,1,1,20,20,20,20,20,20,20,20,20,20
2004,450645,1,1,0,0,0,0,0,0,0,0,0,0
2004,450646,1,1,0,0,0,0,0,0,0,0,0,0
2004,450646,2,1,32,32,32,32,32,32,32,32,32,32
2004,450647,1,1,34,33,15,18,15,17,0,25,23,32
2004,450648,1,1,0,0,0,0,0,0,0,0,0,0
2004,450649,1,1,16,15,11,12,23,0,13,19,26,20
2004,450649,2,1,0,0,0,0,0,0,0,0,0,0
2004,450650,1,1,0,0,0,0,0,0,0,0,0,0
2004,450650,2,1,0,0,0,0,0,0,0,0,0,0
2004,450651,1,1,0,0,0,0,0,0,0,0,0,0
2004,450651,2,1,0,19,0,0,0,5,0,0,0,0
2004,450652,1,1,8,0,0,0,0,0,0,0,0,0
2004,450652,2,1,0,0,0,0,0,0,0,0,0,0
2004,450653,1,1,0,0,0,0,0,0,0,0,0,0
2004,450653,2,1,0,0,0,0,0,0,0,0,0,0