YEAR,ST_CASE,veh_no,per_no,P1,P2,P3,P4,P5,P6,P7,P8,P9,P10
2004,450655,0,1,0,0,0,0,12,0,0,0,0,0
2004,450655,1,1,0,0,0,0,0,0,0,0,0,0
2004,450657,1,1,0,0,0,0,0,0,0,0,0,0
2004,450657,2,1,0,0,0,0,0,0,0,0,0,0
2004,450658,0,1,24,24,24,24,24,24,24,24,24,24
2004,450658,1,1,0,0,0,0,0,0,0,0,0,19
2004,450659,1,1,0,0,0,0,0,0,0,0,0,0
2004,450659,2,1,0,0,0,0,0,0,0,0,0,0
2004,450660,1,1,5,13,13,20,16,4,23,15,20,12
2004,450661,1,1,13,13,13,13,13,13,13,13,13,13
2004,450662,1,1,0,0,0,0,0,0,0,0,0,0
2004,450662,2,1,8,8,8,8,8,8,8,8,8,8
2004,450663,1,1,0,0,0,0,0,0,0,0,0,0
2004,450663,2,1,8,15,15,0,10,18,10,0,13,18
2004,450664,0,1,28,28,28,28,28,28,28,28,28,28
2004,450664,1,1,0,0,0,0,0,0,0,0,0,0
2004,450665,1,1,20,20,20,20,20,20,20,20,20,20
2004,450666,1,1,0,0,0,0,0,0,31,0,0,0
2004,450667,1,1,21,21,21,21,21,21,21,21,21,21
2004,450668,1,1,0,0,0,0,0,0,0,0,0,0
2004,450669,1,1,0,0,0,0,0,0,0,0,0,0
2004,450670,1,1,0,0,0,0,0,0,0,0,0,0
2004,450671,1,1,23,23,23,23,23,23,23,23,23,23
2004,450672,1,1,0,0,0,0,0,0,0,0,0,0
2004,450673,1,1,30,30,30,30,30,30,30,30,30,30
2004,450674,1,1,21,21,21,21,21,21,21,21,21,21
2004,450674,2,1,14,17,24,18,12,15,23,8,10,22
2004,450675,1,1,0,0,0,0,0,0,0,0,0,0
2004,450675,2,1,0,0,0,0,0,0,0,0,0,0
2004,450675,3,1,0,0,0,0,0,0,0,0,0,0
2004,450675,4,1,0,0,0,0,0,0,0,0,0,0
2004,450676,0,1,0,0,0,0,0,0,0,0,0,0
2004,450676,1,1,0,0,0,0,0,0,0,0,0,0
2004,450677,1,1,6,6,6,6,6,6,6,6,6,6
2004,450678,1,1,0,0,0,0,0,0,0,0,0,0
2004,450678,2,1,0,0,0,0,0,0,0,0,0,0
2004,450679,1,1,0,0,0,0,0,0,0,0,0,0
2004,450680,0,1,0,0,17,20,0,0,0,0,10,0
2004,450680,1,1,0,0,0,0,0,0,0,0,0,0
2004,450681,1,1,0,0,0,0,0,0,0,0,0,0
2004,450681,2,1,0,0,0,0,0,0,0,0,0,0
2004,450682,1,1,0,0,0,0,0,0,0,0,0,0
2004,450683,0,1,0,0,0,0,0,0,0,0,0,0
2004,450683,0,2,0,0,0,0,0,0,0,0,0,0
2004,450683,0,3,0,0,0,0,0,0,0,0,0,0
2004,450683,0,4,0,0,0,0,0,0,0,0,0,0
2004,450683,1,1,0,0,0,0,0,0,0,0,0,0
2004,450684,1,1,0,0,0,0,0,0,0,0,0,0
2004,450685,1,1,0,0,0,0,0,0,0,0,0,0
2004,450685,2,1,0,0,0,0,0,0,0,0,0,0
2004,450686,1,1,0,0,0,0,0,0,0,0,0,0
2004,450686,2,1,0,0,0,0,0,0,0,0,0,0
2004,450686,3,1,0,0,0,0,0,0,0,0,0,0
2004,450687,1,1,0,0,16,0,0,10,0,6,0,0
2004,450688,1,1,0,0,0,0,0,0,0,0,0,0
2004,450689,1,1,18,13,24,16,0,22,11,16,10,4
2004,450690,1,1,0,20,0,0,0,12,14,0,0,0
2004,450691,1,1,0,0,0,0,0,0,0,0,0,0
2004,450691,2,1,14,0,14,0,11,7,0,0,16,0
2004,450692,1,1,25,25,25,25,25,25,25,25,25,25
2004,450693,0,1,22,22,22,22,22,22,22,22,22,22
2004,450693,1,1,0,0,0,0,0,0,0,0,0,0
2004,450693,2,1,0,0,0,0,0,0,0,0,0,0
2004,450693,3,1,0,0,0,0,0,0,0,0,0,0
2004,450694,1,1,0,0,0,0,0,0,0,0,0,0
2004,450695,1,1,0,0,0,0,0,0,0,0,0,0
2004,450695,2,1,0,0,0,0,0,0,0,0,0,0
2004,450696,1,1,23,23,23,23,23,23,23,23,23,23
2004,450697,1,1,20,20,20,20,20,20,20,20,20,20
2004,450698,1,1,0,0,0,0,0,0,0,0,0,0
2004,450699,1,1,0,0,0,0,0,0,0,0,0,0
2004,450699,2,1,22,22,22,22,22,22,22,22,22,22
2004,450700,1,1,0,0,0,0,0,0,0,0,0,0
2004,450700,2,1,0,0,0,0,0,0,0,0,0,0
2004,450701,1,1,0,0,0,0,0,0,0,0,0,0
2004,450703,1,1,0,0,0,0,0,0,0,0,0,0
2004,450703,2,1,0,0,0,0,0,0,0,0,0,0
2004,450704,1,1,8,14,25,19,14,24,25,19,29,20
2004,450705,1,1,0,0,0,0,0,0,0,0,0,0
2004,450706,1,1,0,0,0,0,0,0,0,0,0,0
2004,450707,1,1,5,21,0,27,8,8,25,33,9,3
2004,450707,2,1,6,0,21,13,11,5,11,16,14,7
2004,450708,1,1,0,0,0,0,0,0,0,0,0,0
2004,450708,2,1,0,0,0,0,0,0,0,0,0,0
2004,450709,1,1,0,0,0,0,0,0,0,0,0,0
2004,450709,2,1,0,0,0,0,0,0,0,0,0,0
2004,450710,1,1,0,0,0,0,0,0,0,0,0,0
2004,450711,1,1,10,0,0,18,0,0,0,18,0,0
2004,450712,1,1,0,0,0,0,0,0,0,0,0,0
2004,450712,2,1,0,0,0,0,0,0,0,0,0,0
2004,450713,1,1,15,29,5,13,3,17,19,24,10,13
2004,450714,1,1,5,0,11,0,0,0,0,0,0,0
2004,450715,1,1,0,0,0,0,0,0,0,0,0,0
2004,450716,1,1,0,0,0,0,0,0,0,0,0,0
2004,450717,1,1,0,9,6,0,8,0,0,0,0,0
2004,450717,2,1,0,0,0,0,0,0,0,0,0,0
2004,450718,0,1,0,0,0,0,0,0,0,0,0,0
2004,450718,1,1,0,0,0,0,0,0,0,0,0,0
2004,450719,0,1,8,0,0,29,25,0,32,0,0,13
2004,450719,0,2,26,13,31,8,17,0,17,0,0,22
2004,450719,1,1,0,0,0,0,0,0,0,0,0,0
2004,450720,0,1,24,24,24,24,24,24,24,24,24,24
2004,450720,1,1,0,0,0,0,0,0,0,0,0,0
2004,450721,1,1,18,4,17,15,20,13,0,29,10,21
2004,450722,1,1,0,0,0,0,0,0,0,0,0,0
2004,450723,1,1,22,14,0,16,10,6,0,4,0,13
2004,450724,1,1,13,13,13,13,13,13,13,13,13,13
2004,450725,1,1,0,0,0,0,0,0,0,0,0,0
2004,450725,2,1,0,0,0,0,0,0,0,0,0,0
2004,450726,1,1,26,15,0,17,17,16,8,6,32,20
2004,450727,1,1,0,0,0,0,0,0,0,0,0,0
2004,450727,2,1,0,0,0,0,0,0,0,0,0,0
2004,450728,1,1,0,0,0,0,0,0,0,0,0,0
2004,450729,1,1,26,0,0,19,0,12,0,16,25,0
2004,450729,2,1,0,0,0,0,0,0,0,0,0,0
2004,450730,1,1,0,0,0,0,0,0,0,0,0,0
2004,450730,2,1,0,0,0,0,0,0,0,0,0,0
2004,450731,1,1,3,3,3,3,3,3,3,3,3,3
2004,450732,1,1,0,0,0,0,0,0,0,0,0,0
2004,450732,2,1,0,0,0,0,0,0,0,0,0,0
2004,450733,1,1,18,30,16,13,21,17,0,10,27,0
2004,450734,1,1,0,0,0,0,0,0,0,0,0,0
2004,450734,2,1,0,0,0,0,0,0,0,0,0,0
2004,450735,1,1,8,10,24,14,23,14,0,5,10,0
2004,450736,1,1,0,0,0,0,0,0,0,0,0,0
2004,450737,0,1,0,0,0,0,0,0,0,0,0,0
2004,450737,1,1,0,0,0,0,0,0,0,0,0,0
2004,450738,1,1,24,0,6,0,12,20,32,0,12,11
2004,450739,1,1,0,0,0,0,0,0,0,0,0,0
2004,450739,2,1,9,0,6,0,8,21,10,16,22,7
2004,450740,0,1,14,24,29,9,44,16,19,21,13,37
2004,450740,1,1,16,19,8,6,5,13,13,26,5,8
2004,450741,1,1,35,24,12,15,25,31,19,24,15,16
2004,450742,1,1,14,24,17,26,19,16,25,10,6,32
2004,450743,1,1,0,0,0,0,0,0,0,0,0,0
2004,450744,1,1,26,21,28,23,5,33,6,15,10,3
2004,450745,1,1,0,0,0,0,0,0,0,0,0,0
2004,450745,2,1,0,0,0,0,0,0,0,0,0,0
2004,450746,0,1,17,17,17,17,17,17,17,17,17,17
2004,450747,1,1,0,0,3,0,14,0,0,0,0,0
2004,450747,2,1,0,0,0,0,0,0,0,0,0,0
2004,450748,1,1,0,0,0,0,0,0,0,0,0,0
2004,450748,2,1,0,0,0,0,0,0,0,0,0,0
2004,450749,1,1,0,0,0,0,0,0,0,0,0,0
2004,450749,2,1,0,0,0,0,0,0,0,0,0,0
2004,450750,1,1,0,0,0,0,0,0,0,0,0,0
2004,450750,2,1,0,0,0,0,0,0,0,0,0,0
2004,450751,1,1,25,25,25,25,25,25,25,25,25,25
2004,450752,1,1,0,0,0,0,0,0,0,0,0,0
2004,450752,2,1,0,0,0,0,0,0,0,0,0,0
2004,450753,1,1,0,0,0,0,0,0,0,0,0,0
2004,450754,0,1,0,0,0,0,0,0,0,0,0,0
2004,450754,1,1,0,0,0,0,0,0,0,0,0,0
2004,450755,1,1,0,0,0,0,0,0,0,0,0,0
2004,450755,2,1,3,0,0,0,0,0,0,0,0,0
2004,450756,0,1,0,0,0,0,0,0,0,0,0,0
2004,450756,1,1,16,16,16,16,16,16,16,16,16,16
2004,450757,1,1,12,12,12,12,12,12,12,12,12,12
2004,450758,1,1,0,0,0,0,0,0,0,0,0,0
2004,450758,2,1,0,0,0,0,0,0,0,0,0,0
2004,450759,1,1,18,0,40,0,0,0,19,0,13,0
2004,450760,1,1,25,25,25,25,25,25,25,25,25,25
2004,450761,1,1,8,11,11,0,13,2,12,11,15,6
2004,450761,2,1,4,4,4,4,4,4,4,4,4,4
2004,450762,0,1,19,19,19,19,19,19,19,19,19,19
2004,450762,0,2,0,0,0,0,0,0,0,0,0,0
2004,450762,1,1,1,1,1,1,1,1,1,1,1,1
2004,450763,1,1,0,0,0,0,0,0,0,0,0,0
2004,450763,2,1,0,0,0,0,0,0,0,0,0,0
2004,450764,1,1,0,0,0,0,0,0,0,0,0,0
2004,450765,1,1,0,0,0,0,0,0,0,0,0,0
2004,450765,2,1,31,31,31,31,31,31,31,31,31,31
2004,450766,1,1,0,0,0,0,0,0,0,0,0,0
2004,450766,2,1,21,21,21,21,21,21,21,21,21,21
2004,450767,1,1,3,3,3,3,3,3,3,3,3,3
2004,450768,1,1,11,25,14,29,24,19,21,13,19,16
2004,450769,1,1,0,0,0,0,0,0,0,0,0,0
2004,450769,2,1,0,0,0,0,0,0,0,0,0,0
2004,450770,1,1,9,27,27,13,9,9,32,8,0,23
2004,450771,0,1,0,0,0,0,0,0,0,0,0,0
2004,450771,1,1,0,0,0,0,0,0,0,0,0,0
2004,450772,1,1,16,16,16,16,16,16,16,16,16,16
2004,450773,1,1,0,0,0,0,0,0,0,0,0,0
2004,450773,2,1,0,0,23,0,12,0,16,0,7,0
2004,450774,1,1,0,0,0,0,0,0,0,0,0,0
2004,450774,2,1,0,0,0,0,0,0,0,0,0,0
2004,450775,1,1,12,12,12,12,12,12,12,12,12,12
2004,450776,1,1,16,16,16,16,16,16,16,16,16,16
2004,450777,1,1,0,0,0,0,0,0,0,0,0,0
2004,450778,0,1,0,0,0,0,0,0,0,0,0,0
2004,450778,1,1,23,0,14,17,7,7,12,16,13,5
2004,450779,0,1,0,0,0,0,0,0,0,0,0,0
2004,450779,1,1,0,0,0,0,0,0,0,0,0,0
2004,450780,1,1,0,0,0,0,0,0,0,0,0,0
2004,450780,2,1,22,22,22,22,22,22,22,22,22,22
2004,450781,1,1,0,0,0,0,0,0,0,0,0,0
2004,450781,2,1,0,0,0,0,0,0,0,0,0,0
2004,450782,1,1,0,0,0,0,0,0,0,0,0,0
2004,450783,1,1,0,0,0,0,0,0,0,0,0,0
2004,450784,1,1,0,0,0,0,0,0,0,0,0,0
2004,450784,2,1,0,0,0,0,0,0,0,0,0,0
2004,450785,1,1,20,27,14,0,0,0,30,14,23,18
2004,450786,1,1,17,17,17,17,17,17,17,17,17,17
2004,450787,1,1,24,24,24,24,24,24,24,24,24,24
2004,450787,2,1,0,0,0,0,0,0,0,0,0,0
2004,450788,1,1,0,0,0,0,0,0,0,0,0,0
2004,450788,2,1,10,8,0,0,0,0,0,0,0,7
2004,450789,1,1,0,0,0,0,0,0,0,0,0,0
2004,450790,1,1,23,23,23,23,23,23,23,23,23,23
2004,450790,2,1,0,0,0,0,0,0,0,0,0,0
2004,450790,3,1,0,0,0,0,0,0,0,0,0,0
2004,450791,1,1,0,0,0,0,0,0,0,0,0,0
2004,450791,2,1,18,8,21,5,8,15,0,9,0,0
2004,450792,1,1,0,0,0,0,0,0,0,0,0,0
2004,450792,2,1,0,0,0,0,0,0,0,0,0,0
2004,450793,1,1,0,0,0,0,0,0,0,0,0,0
2004,450793,2,1,0,0,0,0,0,0,0,0,0,0
2004,450794,1,1,0,0,0,0,0,0,0,0,0,0
2004,450794,2,1,0,0,0,0,0,0,0,0,0,0
2004,450795,1,1,20,20,20,20,20,20,20,20,20,20
2004,450796,1,1,0,0,0,0,0,0,0,0,0,0
2004,450796,2,1,0,0,0,0,0,0,0,0,0,0
2004,450797,1,1,0,0,0,0,0,0,0,0,0,0
2004,450797,2,1,0,0,0,0,0,0,0,0,0,0
2004,450798,1,1,0,0,0,0,0,0,0,0,0,0
2004,450799,1,1,16,16,16,16,16,16,16,16,16,16
2004,450800,1,1,0,0,0,0,0,0,0,0,0,0
2004,450801,1,1,0,0,0,0,0,0,0,0,0,0
2004,450802,1,1,0,0,0,0,0,0,0,0,0,0
2004,450802,2,1,0,0,0,0,0,0,0,0,0,0
2004,450803,1,1,0,0,0,0,0,0,0,0,0,0
2004,450804,1,1,0,0,0,0,0,0,0,0,0,0
2004,450804,2,1,9,9,9,9,9,9,9,9,9,9
2004,450805,0,1,0,0,0,0,0,0,0,0,0,0
2004,450805,1,1,0,0,0,0,0,0,0,0,0,0
2004,450806,1,1,8,4,8,4,16,16,21,15,18,10
2004,450806,2,1,14,14,14,14,14,14,14,14,14,14
2004,450807,1,1,0,0,0,0,0,0,0,0,0,0
2004,450808,0,1,0,0,0,0,0,0,0,0,0,0
2004,450808,1,1,0,0,0,0,0,0,0,0,0,0
2004,450809,1,1,26,22,19,33,23,30,10,15,11,21
2004,450810,1,1,0,0,0,0,9,0,0,9,14,0
2004,450811,1,1,0,0,0,0,0,0,0,0,0,0
2004,450811,2,1,0,0,0,0,0,0,0,0,0,0
2004,450812,1,1,0,0,0,0,0,0,0,0,0,0
2004,450813,1,1,0,0,0,0,0,0,0,0,0,0
2004,450814,1,1,21,10,9,22,41,30,9,25,19,24
2004,450815,1,1,15,15,15,15,15,15,15,15,15,15
2004,450816,1,1,0,0,0,0,0,0,0,0,0,0
2004,450816,2,1,24,15,26,25,18,19,25,14,25,9
2004,450817,1,1,33,33,33,33,33,33,33,33,33,33
2004,450818,0,1,0,0,0,0,0,0,0,0,0,0
2004,450818,1,1,0,0,0,0,0,0,0,0,0,0
2004,450819,0,1,0,0,0,0,0,0,0,0,0,0
2004,450819,1,1,0,0,0,0,0,0,0,0,0,0
2004,450820,1,1,0,0,0,0,0,0,0,0,0,0
2004,450821,1,1,0,0,0,0,0,0,0,0,0,0
2004,450822,1,1,0,0,0,0,0,0,0,0,0,0
2004,450822,2,1,28,28,0,21,31,0,12,18,9,0
2004,450822,3,1,0,0,0,0,0,0,0,0,0,0
2004,450823,1,1,0,0,0,0,0,0,0,0,0,0
2004,450823,2,1,0,0,0,0,0,0,0,0,0,0
2004,450824,1,1,0,0,0,0,0,0,0,0,0,0
2004,450824,2,1,0,18,0,0,0,0,0,0,0,0
2004,450825,1,1,0,0,0,0,0,0,0,0,0,0
2004,450825,2,1,0,0,0,0,0,0,0,0,0,0
2004,450825,3,1,0,0,0,0,0,0,0,15,0,0
2004,450826,1,1,11,11,11,11,11,11,11,11,11,11
2004,450827,1,1,0,0,0,0,0,0,0,0,0,0
2004,450828,1,1,0,0,0,0,0,0,0,0,0,0
2004,450829,1,1,0,0,0,0,0,0,0,0,0,0
2004,450829,2,1,0,0,0,0,0,0,0,0,0,0
2004,450830,1,1,0,0,0,0,0,0,0,0,0,0
2004,450831,1,1,16,16,16,16,16,16,16,16,16,16
2004,450832,0,1,0,0,0,0,0,0,0,0,0,0
2004,450832,1,1,0,0,0,0,0,0,0,0,0,0
2004,450833,0,1,0,0,0,0,0,0,0,0,0,0
2004,450833,1,1,0,0,0,0,0,0,0,0,0,0
2004,450834,1,1,0,0,0,0,0,0,0,0,0,0
2004,450835,1,1,0,0,0,0,0,0,0,0,0,0
2004,450835,2,1,0,0,15,0,0,0,0,0,0,0
2004,450836,1,1,0,10,0,0,0,0,0,0,6,0
2004,450837,1,1,0,0,0,0,0,0,0,0,0,0
2004,450837,2,1,0,0,0,0,0,0,0,0,0,0
2004,450838,1,1,3,0,11,9,10,0,4,0,9,12
2004,450838,2,1,0,0,0,0,0,0,0,0,0,0
2004,450839,1,1,17,4,27,25,23,0,7,8,0,19
2004,450840,1,1,0,0,0,0,0,0,0,0,0,0
2004,450841,0,1,0,15,0,0,21,14,17,0,21,21
2004,450841,1,1,0,0,0,0,0,0,0,0,0,0
2004,450842,1,1,0,0,0,0,0,0,0,0,0,0
2004,450842,2,1,0,0,0,0,0,0,0,0,0,0
2004,450843,1,1,0,0,0,0,0,0,0,0,0,0
2004,450844,1,1,3,3,3,3,3,3,3,3,3,3
2004,450845,1,1,0,0,0,0,0,0,0,0,0,0
2004,450846,1,1,0,0,0,5,0,0,0,0,0,0
2004,450846,2,1,0,0,0,0,0,0,0,0,0,0
2004,450846,3,1,0,0,0,0,0,0,0,0,0,0
2004,450847,1,1,0,0,0,0,0,0,0,0,0,0
2004,450847,2,1,0,0,0,0,0,0,0,0,0,0
2004,450848,0,1,24,24,24,24,24,24,24,24,24,24
2004,450848,1,1,0,0,0,0,0,0,0,0,0,0
2004,450849,1,1,0,0,0,0,0,0,0,0,0,0
2004,450849,2,1,0,0,0,0,0,0,0,0,0,0
2004,450850,1,1,0,0,0,0,0,0,0,0,0,0
2004,450850,2,1,0,0,0,0,0,0,0,0,0,0
2004,450851,1,1,0,0,0,0,0,0,0,0,0,0
2004,450851,2,1,0,0,0,0,0,0,0,0,0,0
2004,450852,1,1,9,9,9,9,9,9,9,9,9,9
2004,450853,0,1,31,31,31,31,31,31,31,31,31,31
2004,450853,1,1,0,0,0,0,0,0,0,0,0,0
2004,450854,1,1,23,28,0,22,8,0,12,0,0,0
2004,450855,1,1,26,26,26,26,26,26,26,26,26,26
2004,450856,0,1,27,10,28,9,17,9,15,0,0,10
2004,450856,1,1,0,0,0,0,0,0,0,0,0,0
2004,450857,0,1,0,0,0,0,0,0,0,0,0,0
2004,450857,1,1,0,0,0,0,0,0,0,0,0,0
2004,450858,1,1,17,17,17,17,17,17,17,17,17,17
2004,450859,0,1,0,0,0,0,0,0,0,0,0,0
2004,450859,1,1,0,0,0,0,0,0,0,0,0,0
2004,450860,1,1,0,0,0,0,0,0,0,0,0,0
2004,450860,2,1,10,12,0,10,19,9,23,16,4,0
2004,450861,1,1,0,0,0,0,0,0,0,0,0,0
2004,450861,2,1,0,0,0,0,0,0,0,0,0,0
2004,450861,3,1,0,0,0,0,0,0,0,0,0,0
2004,450862,1,1,0,0,0,0,0,0,0,0,0,0
2004,450862,2,1,0,0,0,0,0,0,0,0,0,0
2004,450863,1,1,0,0,0,0,0,0,0,0,0,0
2004,450863,2,1,0,0,0,0,0,0,0,0,0,0
2004,450863,3,1,0,0,0,0,0,0,0,0,0,0
2004,450863,4,1,0,0,0,0,0,0,0,0,0,0
2004,450864,1,1,0,0,0,0,0,0,0,0,0,0
2004,450864,2,1,0,0,0,0,0,0,0,0,0,0
2004,450865,1,1,0,0,0,0,0,0,0,0,0,0
2004,450865,2,1,0,0,0,0,0,0,0,0,0,0
2004,450866,1,1,0,0,0,0,0,0,0,0,0,0
2004,450867,1,1,20,20,20,20,20,20,20,20,20,20
2004,450868,0,1,0,0,0,0,0,0,0,0,0,0
2004,450868,1,1,0,0,0,0,0,0,0,0,0,0
2004,450869,1,1,0,0,0,0,0,0,0,0,0,0
2004,450869,2,1,0,0,0,0,0,0,0,0,0,0
2004,450870,1,1,14,14,14,14,14,14,14,14,14,14
2004,450871,1,1,25,25,25,25,25,25,25,25,25,25
2004,450871,2,1,0,0,0,0,0,0,0,0,0,0
2004,450871,3,1,0,0,0,0,0,0,0,0,0,0
2004,450871,4,1,0,0,0,0,0,0,0,0,0,0
2004,450872,1,1,0,0,0,0,0,0,0,0,0,0
2004,450872,2,1,0,0,0,0,0,0,0,0,0,0
2004,450872,3,1,0,0,0,0,0,0,0,0,0,0
2004,450873,1,1,22,22,8,17,14,31,7,10,8,4
2004,450874,1,1,0,0,0,0,0,0,0,0,0,0
2004,450874,2,1,7,45,25,25,12,22,22,25,24,7
2004,450875,1,1,0,0,0,0,0,0,0,0,0,0
2004,450876,1,1,0,0,0,0,0,0,0,0,0,0
2004,450877,1,1,0,0,0,0,0,0,0,0,0,0
2004,450877,2,1,15,15,15,15,15,15,15,15,15,15
2004,450878,1,1,0,0,0,0,0,0,0,0,0,0
2004,450878,2,1,0,0,0,0,0,0,13,0,9,0
2004,450879,1,1,0,0,0,0,0,0,0,0,0,0
2004,450880,1,1,23,17,18,14,5,12,0,26,0,6
2004,450881,1,1,0,0,0,0,0,0,0,0,0,0
2004,450881,2,1,0,0,0,0,0,0,0,0,0,0
2004,450882,1,1,14,19,14,19,17,24,13,11,23,21
2004,450882,2,1,0,0,0,0,0,0,0,0,0,0
2004,450882,3,1,0,0,0,0,0,0,0,0,0,0
2004,450883,0,1,0,0,0,0,0,0,0,0,0,0
2004,450883,1,1,0,0,0,0,0,0,0,0,0,0
2004,450883,2,1,0,0,0,0,0,0,0,0,0,0
2004,450884,1,1,0,0,0,0,0,0,0,0,0,0
2004,450884,2,1,0,0,0,0,0,14,0,0,22,0
2004,450885,0,1,0,9,0,36,0,0,36,0,29,0
2004,450885,1,1,0,0,0,0,0,0,0,0,0,0
2004,450886,1,1,0,0,0,0,0,0,0,0,0,0
2004,450886,2,1,0,0,0,0,0,0,0,0,0,0
2004,450887,1,1,0,0,0,0,0,0,0,0,0,0
2004,450887,2,1,0,0,0,0,0,0,0,0,0,0
2004,450887,3,1,0,0,0,0,0,0,0,0,0,0
2004,450887,4,1,0,0,0,0,0,0,0,0,0,0
2004,450888,1,1,0,0,0,0,0,0,0,0,0,0
2004,450888,2,1,0,15,0,13,5,25,6,12,25,25
2004,450889,1,1,0,0,1,0,8,20,0,0,22,0
2004,450889,2,1,0,0,0,0,0,0,0,0,0,0
2004,450890,1,1,15,10,20,30,28,12,11,14,10,22
2004,450891,1,1,0,0,0,0,0,0,0,0,0,0
2004,450891,2,1,0,0,0,0,0,0,0,0,0,0
2004,450892,1,1,0,0,0,0,0,0,0,0,0,0
2004,450892,2,1,16,22,20,15,7,39,10,0,9,10
2004,450893,1,1,0,0,0,0,0,0,0,0,0,0
2004,450894,1,1,22,10,27,8,23,27,23,23,17,20
2004,450895,1,1,0,0,0,0,0,0,0,0,0,0
2004,450896,1,1,0,0,0,0,0,0,0,0,0,0
2004,450897,1,1,9,9,9,9,9,9,9,9,9,9
2004,450898,1,1,0,0,0,0,0,0,0,0,0,0
2004,450898,2,1,0,0,0,0,0,0,0,0,0,0
2004,450899,1,1,0,0,0,0,0,0,0,0,0,0
2004,450900,1,1,0,0,0,0,0,0,0,0,0,0
2004,450901,1,1,0,0,0,0,0,0,0,0,0,0
2004,450902,1,1,0,12,17,10,22,18,18,10,16,2
2004,450902,2,1,16,16,16,16,16,16,16,16,16,16
2004,450903,0,1,34,34,34,34,34,34,34,34,34,34
2004,450903,1,1,0,0,0,0,0,0,0,0,0,0
2004,450904,1,1,0,0,0,0,0,0,0,0,0,0
2004,450905,1,1,26,14,28,22,28,15,35,5,26,20
2004,450906,1,1,18,18,18,18,18,18,18,18,18,18
2004,450907,0,1,0,0,0,0,0,0,0,0,0,0
2004,450907,1,1,0,0,0,0,0,0,0,0,0,0
2004,450908,1,1,19,19,19,19,19,19,19,19,19,19
2004,450909,1,1,0,0,0,0,0,0,0,0,0,0
2004,450909,2,1,0,0,0,0,0,0,0,0,0,0
2004,450910,1,1,37,23,11,21,30,6,8,9,17,23
2004,450910,2,1,0,0,0,0,0,0,0,0,0,0
2004,450911,1,1,0,0,0,0,0,0,0,0,0,0
2004,450911,2,1,0,0,0,0,0,0,0,0,0,0
2004,450912,0,1,0,0,0,0,0,0,0,0,0,0
2004,450912,1,1,0,0,0,0,0,0,0,0,0,0
2004,450913,1,1,0,0,0,0,0,0,0,0,0,0
2004,450913,2,1,0,0,0,0,0,0,0,0,0,0
2004,450914,1,1,0,0,0,0,0,0,0,0,0,0
2004,450915,0,1,0,0,0,0,0,0,0,0,15,0
2004,450915,1,1,0,0,0,0,0,0,0,0,0,0
2004,450916,1,1,0,0,0,0,0,0,0,0,0,0
2004,450917,1,1,30,30,30,30,30,30,30,30,30,30
2004,450918,1,1,0,0,0,0,0,0,0,0,0,0
2004,450919,1,1,0,14,0,0,0,0,0,0,0,0
2004,450920,1,1,0,0,0,0,0,0,0,0,0,0
2004,450921,1,1,0,0,0,0,0,0,0,0,0,0
2004,450921,2,1,11,11,11,11,11,11,11,11,11,11
2004,450922,1,1,0,0,0,0,0,0,0,0,0,0
2004,450922,2,1,0,0,0,0,0,0,0,0,0,0
2004,450923,1,1,0,0,0,0,0,0,0,0,0,0
2004,450923,2,1,0,0,0,0,0,0,0,0,0,0
2004,450923,3,1,0,0,0,0,0,0,0,0,0,0
2004,450923,4,1,0,0,0,0,0,0,0,0,0,0
2004,450924,1,1,0,0,0,0,0,0,0,0,0,0
2004,450924,2,1,0,0,0,0,0,0,0,0,0,0
2004,450925,1,1,0,0,0,0,0,0,0,0,0,0
2004,450925,2,1,0,0,0,0,0,0,0,0,0,0
2004,450926,1,1,30,30,30,30,30,30,30,30,30,30
2004,450927,1,1,0,0,0,0,0,0,0,0,0,0
2004,450927,2,1,0,0,0,0,0,0,0,0,0,0
2004,450928,1,1,0,0,0,0,0,0,0,0,0,0
2004,450929,1,1,0,0,0,0,0,0,0,0,0,0
2004,450929,2,1,0,0,0,0,0,0,0,0,0,0
2004,450929,3,1,9,14,0,4,0,13,11,0,0,4
2004,450930,0,1,31,27,42,0,35,15,20,32,36,42
2004,450930,1,1,8,24,24,18,0,8,0,5,7,0
2004,450931,1,1,21,15,0,6,26,11,19,10,20,11
2004,450932,1,1,0,0,0,0,0,0,0,0,0,0
2004,450932,2,1,0,0,0,0,0,0,0,0,0,0
2004,450933,1,1,0,0,0,0,0,0,0,0,0,0
2004,450934,0,1,0,0,0,0,0,0,0,0,0,0
2004,450934,1,1,0,0,0,0,0,0,0,0,0,0
2004,450935,1,1,0,0,0,0,0,0,0,0,0,0
2004,450936,1,1,0,0,0,0,0,0,0,0,0,0
2004,450936,2,1,0,0,0,0,0,0,0,0,0,0
2004,450937,1,1,0,0,0,0,0,0,0,0,0,0
2004,450938,1,1,0,0,0,0,0,0,0,0,0,0
2004,450938,2,1,15,13,3,14,19,23,9,11,15,9
2004,450938,3,1,0,0,0,0,0,0,0,0,0,0
2004,450939,1,1,0,0,0,0,0,0,0,0,0,0
2004,450940,1,1,0,0,0,5,18,12,0,20,0,0