YEAR,ST_CASE,veh_no,per_no,P1,P2,P3,P4,P5,P6,P7,P8,P9,P10
2004,450940,2,1,0,0,0,0,0,0,0,0,0,0
2004,450940,3,1,0,0,0,0,0,0,0,0,0,0
2004,450941,1,1,0,0,0,0,0,0,0,0,0,0
2004,450942,1,1,0,0,0,0,0,0,0,0,0,0
2004,450942,2,1,0,0,0,0,0,0,0,0,0,0
2004,450943,1,1,19,16,21,3,47,13,18,12,10,6
2004,450944,1,1,0,0,0,0,0,0,0,0,0,0
2004,450944,2,1,0,0,0,0,0,0,0,0,0,0
2004,450945,1,1,8,11,16,10,16,14,12,17,13,9
2004,450945,2,1,0,0,5,0,17,16,0,0,0,0
2004,450946,1,1,0,0,0,0,0,0,0,0,0,0
2004,450946,2,1,0,0,0,0,0,0,0,0,0,0
2004,450947,1,1,0,0,0,0,0,0,0,0,0,0
2004,450948,1,1,0,0,0,0,0,0,0,0,0,0
2004,450948,2,1,0,0,0,0,0,0,0,0,0,0
2004,450949,1,1,0,0,0,0,0,0,0,0,0,0
2004,450949,2,1,0,0,0,0,0,0,0,0,0,0
2004,450950,0,1,0,0,0,0,0,0,0,0,0,0
2004,450950,1,1,0,0,0,0,0,0,0,0,0,0
2004,450951,0,1,0,0,0,0,0,0,0,0,0,0
2004,450951,1,1,0,0,0,0,0,0,0,0,0,0
2004,450952,1,1,0,0,0,0,0,0,0,0,0,0
2004,450952,2,1,0,0,0,0,0,0,0,0,0,0
2004,450953,1,1,0,0,0,0,0,0,0,0,0,0
2004,450953,2,1,0,0,0,0,0,0,0,0,0,0
2004,450954,1,1,31,31,31,31,31,31,31,31,31,31
2004,450955,1,1,18,30,18,19,23,18,14,29,4,7
2004,450956,1,1,15,15,15,15,15,15,15,15,15,15
2004,450956,2,1,0,0,0,0,0,0,0,0,0,0
2004,460001,1,1,17,17,17,17,17,17,17,17,17,17
2004,460002,1,1,23,23,23,23,23,23,23,23,23,23
2004,460003,1,1,0,0,0,0,0,0,0,0,0,0
2004,460003,2,1,0,0,0,0,0,0,0,0,0,0
2004,460003,3,1,0,0,0,0,0,0,0,0,0,0
2004,460004,1,1,0,0,0,0,0,0,0,0,0,0
2004,460004,2,1,0,0,0,0,0,0,0,0,0,0
2004,460005,1,1,25,25,25,25,25,25,25,25,25,25
2004,460006,0,1,12,24,41,0,13,0,30,0,14,30
2004,460006,1,1,0,0,0,0,0,0,0,0,0,0
2004,460007,1,1,13,13,13,13,13,13,13,13,13,13
2004,460008,1,1,0,0,0,0,0,0,0,0,0,0
2004,460009,1,1,0,0,0,0,0,0,0,0,0,0
2004,460010,1,1,0,0,0,0,0,0,0,0,0,0
2004,460010,2,1,0,0,0,0,0,0,0,0,0,0
2004,460011,1,1,0,0,0,0,0,0,0,0,0,0
2004,460011,2,1,20,20,20,20,20,20,20,20,20,20
2004,460012,1,1,0,0,0,0,0,0,0,0,0,0
2004,460012,2,1,0,0,0,0,0,0,0,0,0,0
2004,460013,1,1,17,17,17,17,17,17,17,17,17,17
2004,460014,1,1,0,0,0,0,0,0,0,0,0,0
2004,460014,2,1,0,0,0,0,0,0,0,0,0,0
2004,460015,1,1,0,0,0,0,0,0,0,0,0,0
2004,460016,0,1,0,0,0,0,0,0,0,0,0,0
2004,460016,1,1,0,0,0,0,0,0,0,0,0,0
2004,460017,1,1,0,0,0,0,0,0,0,0,0,0
2004,460018,1,1,0,12,17,0,0,0,19,0,0,0
2004,460019,1,1,25,25,25,25,25,25,25,25,25,25
2004,460020,1,1,23,23,23,23,23,23,23,23,23,23
2004,460021,1,1,0,0,0,0,0,0,0,0,0,0
2004,460022,1,1,0,0,25,0,0,0,0,6,17,15
2004,460023,1,1,0,0,0,0,0,0,0,0,0,0
2004,460024,1,1,0,0,0,0,0,0,0,0,0,7
2004,460024,2,1,0,0,0,0,31,14,21,26,24,23
2004,460025,1,1,4,4,4,4,4,4,4,4,4,4
2004,460025,2,1,0,0,0,0,0,0,0,0,0,0
2004,460026,1,1,0,0,0,0,0,0,0,0,0,0
2004,460027,1,1,15,15,15,15,15,15,15,15,15,15
2004,460028,1,1,0,0,0,0,0,0,0,0,0,0
2004,460029,1,1,0,0,0,0,0,0,0,0,0,0
2004,460030,1,1,0,0,0,0,0,0,0,0,0,0
2004,460031,1,1,0,0,0,0,0,0,0,0,0,0
2004,460031,2,1,0,0,0,0,0,0,0,0,0,0
2004,460032,1,1,0,0,11,0,0,0,0,0,0,0
2004,460032,2,1,0,0,0,0,0,0,0,0,0,0
2004,460033,1,1,0,0,0,0,0,0,0,0,0,0
2004,460034,1,1,0,0,0,0,0,0,0,0,0,0
2004,460034,2,1,0,0,0,0,0,0,0,0,0,0
2004,460035,1,1,0,0,0,0,0,0,0,15,20,15
2004,460036,1,1,0,0,0,0,0,0,0,0,0,0
2004,460036,2,1,0,0,0,0,0,0,0,0,0,0
2004,460037,1,1,11,11,11,11,11,11,11,11,11,11
2004,460038,1,1,8,8,8,8,8,8,8,8,8,8
2004,460039,1,1,30,30,30,30,30,30,30,30,30,30
2004,460040,1,1,0,0,0,0,0,0,0,0,0,0
2004,460040,2,1,0,0,0,0,0,0,0,0,0,0
2004,460041,1,1,0,0,0,0,0,0,0,0,0,0
2004,460041,2,1,0,0,0,0,0,0,0,0,0,0
2004,460042,1,1,7,7,7,7,7,7,7,7,7,7
2004,460043,1,1,0,0,0,0,0,0,0,0,0,0
2004,460044,1,1,0,0,0,0,5,0,0,0,0,0
2004,460044,2,1,0,0,0,0,0,0,0,0,0,0
2004,460044,3,1,0,0,0,0,0,0,4,0,0,0
2004,460044,4,1,0,0,0,0,14,0,0,0,0,0
2004,460044,5,1,0,0,0,0,0,0,0,7,0,0
2004,460045,1,1,0,0,0,0,0,0,0,0,0,0
2004,460045,2,1,0,0,0,0,0,0,0,0,0,0
2004,460046,1,1,12,12,12,12,12,12,12,12,12,12
2004,460047,1,1,0,0,0,0,0,0,0,0,0,0
2004,460048,1,1,23,23,23,23,23,23,23,23,23,23
2004,460048,2,1,0,0,0,0,0,0,0,0,0,0
2004,460049,1,1,0,0,0,0,0,0,0,0,0,0
2004,460049,2,1,0,0,0,0,0,0,0,0,0,0
2004,460050,1,1,13,13,13,13,13,13,13,13,13,13
2004,460051,1,1,0,0,0,0,0,0,0,0,0,0
2004,460052,1,1,0,0,0,0,0,0,0,0,0,0
2004,460053,1,1,0,0,0,0,0,0,0,0,0,0
2004,460053,2,1,0,0,0,0,0,0,0,0,0,0
2004,460054,1,1,0,0,0,0,0,0,0,0,0,0
2004,460054,2,1,0,0,0,0,0,0,0,0,0,0
2004,460055,1,1,0,0,0,0,0,0,0,0,0,0
2004,460055,2,1,0,0,0,0,0,0,0,0,0,0
2004,460056,1,1,0,0,0,0,0,0,0,0,0,0
2004,460056,2,1,0,0,0,0,0,0,0,0,0,0
2004,460057,1,1,0,0,0,0,0,0,0,0,0,0
2004,460058,1,1,9,9,9,9,9,9,9,9,9,9
2004,460059,1,1,0,0,0,0,0,0,0,0,0,0
2004,460059,2,1,27,27,27,27,27,27,27,27,27,27
2004,460060,1,1,18,18,18,18,18,18,18,18,18,18
2004,460061,1,1,37,37,37,37,37,37,37,37,37,37
2004,460061,2,1,0,0,0,0,0,0,0,20,0,0
2004,460062,0,1,4,0,0,8,0,4,0,0,18,6
2004,460062,0,2,0,0,0,0,0,0,0,0,6,0
2004,460062,1,1,16,16,16,16,16,16,16,16,16,16
2004,460063,1,1,30,30,30,30,30,30,30,30,30,30
2004,460064,1,1,0,0,0,0,0,0,0,0,0,0
2004,460065,1,1,26,26,26,26,26,26,26,26,26,26
2004,460065,2,1,0,0,0,0,0,0,0,0,0,0
2004,460066,1,1,28,28,28,28,28,28,28,28,28,28
2004,460067,1,1,7,7,7,7,7,7,7,7,7,7
2004,460068,0,1,18,18,18,18,18,18,18,18,18,18
2004,460068,1,1,0,0,0,0,0,0,0,0,0,0
2004,460069,1,1,17,26,24,32,18,9,15,12,13,26
2004,460070,1,1,0,0,0,0,0,0,0,0,0,0
2004,460070,2,1,0,0,0,0,0,0,0,0,0,0
2004,460070,3,1,0,0,0,0,0,0,0,0,0,0
2004,460071,1,1,30,18,29,19,14,26,19,20,10,32
2004,460072,1,1,0,0,0,0,0,0,0,0,0,0
2004,460072,2,1,0,0,0,0,0,0,0,0,0,0
2004,460073,1,1,0,0,0,0,0,0,0,0,0,0
2004,460073,2,1,0,0,0,0,0,0,0,0,0,0
2004,460074,1,1,0,0,0,0,0,0,0,0,0,0
2004,460075,1,1,35,35,35,35,35,35,35,35,35,35
2004,460076,1,1,0,0,0,0,0,0,0,0,0,0
2004,460077,1,1,0,0,0,0,0,0,0,0,0,0
2004,460077,2,1,0,0,0,0,0,0,0,0,0,0
2004,460078,1,1,9,19,20,11,0,9,11,26,20,16
2004,460079,1,1,8,8,8,8,8,8,8,8,8,8
2004,460080,1,1,25,25,25,25,25,25,25,25,25,25
2004,460081,1,1,0,0,0,0,0,0,0,0,0,0
2004,460082,1,1,0,0,0,0,0,0,0,0,0,0
2004,460082,2,1,0,0,0,0,0,0,0,0,0,0
2004,460083,1,1,0,0,0,0,0,0,0,0,0,0
2004,460083,2,1,0,0,0,0,0,0,0,0,0,0
2004,460083,3,1,0,0,0,0,0,0,0,0,0,0
2004,460083,4,1,0,0,0,0,0,0,0,0,0,0
2004,460084,1,1,13,13,13,13,13,13,13,13,13,13
2004,460085,1,1,4,4,4,4,4,4,4,4,4,4
2004,460085,2,1,0,0,0,0,0,0,0,0,0,0
2004,460085,3,1,0,0,0,0,0,0,0,0,0,0
2004,460086,1,1,0,0,0,0,0,0,0,0,0,0
2004,460086,2,1,0,0,0,0,0,0,0,0,0,0
2004,460086,3,1,0,0,0,0,0,0,0,0,0,0
2004,460087,0,1,0,0,0,0,0,0,0,0,0,0
2004,460087,1,1,0,0,0,0,0,0,0,0,0,0
2004,460088,1,1,0,0,0,0,0,0,0,0,0,0
2004,460089,1,1,0,0,0,0,0,0,0,0,0,0
2004,460090,1,1,1,1,1,1,1,1,1,1,1,1
2004,460091,1,1,0,0,0,0,0,0,0,0,0,0
2004,460091,2,1,0,0,0,0,0,0,0,0,0,0
2004,460092,1,1,0,0,0,0,0,0,0,0,0,0
2004,460093,1,1,0,0,0,33,2,31,0,0,0,0
2004,460094,1,1,0,0,0,0,0,0,0,0,0,0
2004,460094,2,1,0,7,0,0,0,0,0,0,0,0
2004,460095,1,1,0,0,0,0,0,0,0,0,0,0
2004,460095,2,1,0,0,0,0,0,0,0,0,0,0
2004,460096,1,1,0,0,0,0,0,0,0,0,0,0
2004,460097,1,1,0,0,0,0,0,0,0,0,0,0
2004,460098,1,1,17,17,17,17,17,17,17,17,17,17
2004,460099,1,1,0,0,0,0,0,0,0,0,0,0
2004,460099,2,1,0,0,0,0,0,0,0,0,0,0
2004,460100,1,1,28,28,28,28,28,28,28,28,28,28
2004,460101,1,1,0,0,0,0,0,0,0,0,0,0
2004,460101,2,1,0,0,0,0,0,0,0,0,0,0
2004,460102,1,1,7,7,7,7,7,7,7,7,7,7
2004,460103,1,1,0,0,0,0,0,0,0,0,0,0
2004,460104,1,1,0,0,0,0,0,0,0,0,0,0
2004,460105,1,1,0,0,0,0,0,0,0,0,0,0
2004,460105,2,1,0,0,0,0,0,0,0,0,0,0
2004,460106,1,1,0,0,0,0,0,0,0,0,0,0
2004,460106,2,1,0,0,0,0,0,0,0,0,0,0
2004,460107,1,1,0,0,0,0,0,0,0,0,0,0
2004,460107,2,1,24,24,24,24,24,24,24,24,24,24
2004,460108,0,1,0,0,0,0,19,25,18,0,21,28
2004,460108,1,1,0,0,0,0,0,0,0,0,0,0
2004,460109,1,1,0,0,0,0,0,0,0,0,0,0
2004,460110,1,1,17,17,17,17,17,17,17,17,17,17
2004,460111,1,1,0,0,0,0,0,0,0,0,0,0
2004,460111,2,1,0,0,0,0,0,0,0,0,0,0
2004,460112,1,1,0,0,0,0,0,0,0,0,0,0
2004,460113,1,1,0,0,0,0,0,0,0,0,0,0
2004,460113,2,1,0,0,0,0,0,0,0,0,0,0
2004,460114,1,1,0,0,0,0,0,0,0,0,0,0
2004,460114,2,1,0,0,0,0,0,0,0,0,0,0
2004,460115,1,1,9,9,9,9,9,9,9,9,9,9
2004,460116,1,1,13,13,13,13,13,13,13,13,13,13
2004,460117,1,1,0,0,0,0,0,0,0,0,0,0
2004,460117,2,1,0,0,0,0,0,0,0,0,0,0
2004,460118,1,1,0,0,0,0,0,0,0,0,0,0
2004,460119,1,1,0,0,0,0,0,0,0,0,0,0
2004,460119,2,1,0,0,0,0,0,0,0,0,0,0
2004,460120,1,1,0,19,0,0,25,11,24,0,0,12
2004,460121,1,1,0,0,0,0,0,0,0,0,0,0
2004,460122,1,1,0,0,0,0,0,0,0,0,0,0
2004,460123,0,1,0,0,0,0,0,0,0,0,0,0
2004,460123,1,1,0,0,0,0,0,0,0,0,0,0
2004,460124,1,1,0,0,0,0,0,0,0,6,0,0
2004,460125,1,1,25,25,25,25,25,25,25,25,25,25
2004,460126,1,1,0,0,0,0,0,0,0,0,0,0
2004,460127,1,1,15,15,15,15,15,15,15,15,15,15
2004,460128,1,1,16,16,16,16,16,16,16,16,16,16
2004,460128,2,1,0,0,0,0,0,0,0,0,0,0
2004,460129,1,1,0,0,0,0,0,0,0,0,0,0
2004,460129,2,1,0,0,0,0,0,0,0,0,0,0
2004,460130,1,1,0,0,0,0,0,0,0,0,0,0
2004,460130,2,1,0,0,0,0,0,0,0,0,0,0
2004,460131,1,1,0,0,0,0,0,0,0,0,0,0
2004,460131,2,1,32,0,0,0,0,0,0,0,0,0
2004,460131,3,1,0,0,0,0,0,0,0,0,0,0
2004,460132,1,1,24,24,24,24,24,24,24,24,24,24
2004,460133,1,1,31,31,31,31,31,31,31,31,31,31
2004,460134,0,1,25,26,24,31,29,29,33,19,11,11
2004,460135,1,1,11,16,26,7,29,23,22,17,0,0
2004,460135,2,1,0,8,19,16,27,19,9,17,8,17
2004,460136,1,1,0,0,0,0,0,0,0,0,0,0
2004,460137,1,1,6,6,6,6,6,6,6,6,6,6
2004,460138,1,1,18,18,18,18,18,18,18,18,18,18
2004,460139,1,1,0,12,0,0,0,24,15,0,8,26
2004,460140,1,1,29,29,29,29,29,29,29,29,29,29
2004,460141,0,1,0,0,0,0,0,0,0,0,0,0
2004,460141,1,1,0,0,0,0,0,0,0,0,0,0
2004,460142,1,1,16,16,16,16,16,16,16,16,16,16
2004,460143,1,1,0,0,0,0,0,0,0,0,0,0
2004,460144,1,1,0,0,0,0,0,0,0,0,0,0
2004,460144,2,1,0,0,0,0,0,0,0,0,0,0
2004,460145,1,1,22,22,22,22,22,22,22,22,22,22
2004,460146,1,1,0,0,0,0,0,0,0,0,0,0
2004,460147,1,1,0,0,0,0,0,0,0,0,0,0
2004,460148,1,1,0,0,0,0,0,0,0,0,0,0
2004,460149,0,1,0,0,0,0,0,0,0,0,0,0
2004,460149,1,1,0,0,0,0,0,0,0,0,0,0
2004,460150,1,1,0,0,0,0,0,0,0,0,0,0
2004,460151,1,1,0,0,0,0,0,0,0,0,0,0
2004,460152,1,1,0,0,0,0,0,0,0,0,0,0
2004,460152,2,1,0,0,0,0,0,0,0,0,0,0
2004,460153,1,1,26,26,26,26,26,26,26,26,26,26
2004,460153,2,1,0,0,0,0,0,0,0,0,0,0
2004,460153,3,1,0,0,0,0,0,0,0,0,0,0
2004,460154,1,1,8,8,8,8,8,8,8,8,8,8
2004,460155,1,1,0,0,0,0,0,0,0,0,0,0
2004,460156,1,1,0,0,0,0,6,32,0,0,0,0
2004,460157,1,1,0,0,13,16,0,0,0,7,0,0
2004,460158,1,1,20,20,20,20,20,20,20,20,20,20
2004,460159,1,1,0,0,0,0,0,0,0,0,0,0
2004,460159,2,1,0,0,0,0,0,0,0,0,0,0
2004,460160,1,1,0,0,0,0,0,0,0,0,0,0
2004,460161,1,1,0,22,7,0,30,36,0,30,11,6
2004,460162,1,1,0,0,0,0,0,0,0,0,0,0
2004,460163,1,1,18,36,14,22,16,32,15,0,17,0
2004,460164,1,1,13,0,0,7,0,29,12,0,15,21
2004,460164,2,1,0,0,0,0,0,0,0,0,0,0
2004,460165,1,1,0,0,0,0,0,0,0,0,0,0
2004,460166,1,1,0,0,0,0,0,0,0,0,0,0
2004,470001,1,1,16,15,27,0,11,9,30,23,0,23
2004,470002,1,1,19,19,19,19,19,19,19,19,19,19
2004,470003,1,1,19,19,19,19,19,19,19,19,19,19
2004,470004,1,1,34,34,34,34,34,34,34,34,34,34
2004,470005,1,1,12,12,12,12,12,12,12,12,12,12
2004,470006,1,1,0,0,0,0,0,0,0,0,0,0
2004,470006,2,1,9,9,9,9,9,9,9,9,9,9
2004,470007,1,1,0,0,0,0,0,0,0,0,0,0
2004,470008,1,1,0,0,0,0,0,0,0,0,0,0
2004,470008,2,1,0,0,0,0,0,5,0,0,0,0
2004,470009,1,1,10,10,10,10,10,10,10,10,10,10
2004,470010,0,1,16,16,16,16,16,16,16,16,16,16
2004,470010,1,1,9,9,9,9,9,9,9,9,9,9
2004,470012,1,1,20,0,0,0,0,25,31,0,0,0
2004,470013,0,1,0,0,0,0,0,0,0,0,0,0
2004,470013,1,1,0,0,0,0,0,0,0,0,0,0
2004,470014,0,1,0,0,0,0,0,0,0,0,0,0
2004,470014,1,1,0,0,0,0,0,0,0,0,0,0
2004,470015,1,1,0,0,0,0,0,0,0,0,0,0
2004,470015,2,1,0,0,0,0,0,0,0,0,0,0
2004,470016,0,1,30,35,19,12,43,32,24,27,48,8
2004,470016,1,1,0,0,0,0,0,0,0,0,0,0
2004,470017,1,1,23,23,23,23,23,23,23,23,23,23
2004,470018,1,1,9,9,9,9,9,9,9,9,9,9
2004,470019,1,1,0,0,0,0,0,0,0,0,0,0
2004,470020,1,1,0,0,0,0,0,0,0,0,0,0
2004,470021,1,1,0,0,0,0,0,0,0,0,0,0
2004,470022,1,1,0,0,0,0,0,0,0,0,0,0
2004,470023,1,1,0,0,0,0,0,0,0,0,0,0
2004,470023,2,1,0,0,0,0,0,0,0,0,0,0
2004,470024,1,1,0,0,0,0,0,0,0,0,0,0
2004,470024,2,1,0,0,0,0,0,0,0,0,0,0
2004,470024,3,1,0,0,0,0,0,0,13,0,0,0
2004,470024,4,1,0,0,0,0,0,0,0,0,0,0
2004,470024,5,1,0,0,0,0,0,0,0,0,0,0
2004,470025,1,1,0,0,24,3,0,0,0,0,0,21
2004,470026,1,1,8,8,8,8,8,8,8,8,8,8
2004,470027,1,1,20,20,20,20,20,20,20,20,20,20
2004,470028,1,1,0,0,11,20,27,21,0,0,56,12
2004,470029,1,1,0,0,0,0,0,0,0,0,0,0
2004,470030,1,1,13,13,13,13,13,13,13,13,13,13
2004,470031,1,1,0,0,0,0,0,0,0,0,0,0
2004,470031,2,1,0,0,0,0,0,0,0,0,0,0
2004,470032,1,1,0,10,0,0,0,0,0,0,0,6
2004,470032,2,1,0,0,0,0,0,0,0,0,0,0
2004,470033,1,1,0,0,0,0,0,0,0,0,0,0
2004,470033,2,1,0,0,0,0,0,0,0,0,0,0
2004,470034,1,1,0,0,0,0,0,0,0,0,0,0
2004,470035,1,1,0,0,0,0,0,0,0,0,0,0
2004,470036,1,1,13,13,13,13,13,13,13,13,13,13
2004,470037,1,1,9,24,34,18,32,2,11,10,3,17
2004,470038,1,1,22,16,19,28,0,25,8,21,40,22
2004,470039,1,1,0,0,0,0,0,0,0,0,0,0
2004,470039,2,1,0,0,0,0,0,0,0,0,0,0
2004,470040,1,1,0,22,0,27,25,0,0,0,0,13
2004,470040,2,1,0,0,0,0,0,0,0,0,0,0
2004,470040,3,1,0,0,0,0,0,0,0,0,0,0
2004,470041,1,1,24,24,24,24,24,24,24,24,24,24
2004,470042,0,1,21,0,16,0,29,19,0,0,12,0
2004,470042,1,1,0,0,24,0,0,0,0,0,0,8
2004,470043,1,1,0,0,0,0,0,0,0,0,0,0
2004,470044,1,1,0,0,0,0,0,0,0,0,0,0
2004,470044,2,1,0,0,0,0,0,0,0,0,0,0
2004,470045,1,1,10,10,0,0,0,0,0,7,0,0
2004,470046,1,1,13,0,25,0,0,0,0,0,0,0
2004,470048,1,1,0,0,0,0,0,0,0,0,0,0
2004,470049,1,1,12,13,18,25,20,5,9,19,6,18
2004,470050,1,1,0,0,0,0,0,0,0,0,0,0
2004,470051,1,1,0,0,0,0,0,0,0,0,0,0
2004,470051,2,1,0,0,0,0,0,0,0,0,0,0
2004,470052,1,1,6,6,6,6,6,6,6,6,6,6
2004,470053,1,1,0,0,0,0,0,0,0,0,0,0
2004,470053,2,1,6,0,0,10,0,0,0,26,0,11
2004,470054,1,1,0,0,0,0,0,0,0,0,0,0
2004,470054,2,1,0,0,0,0,0,0,0,0,0,0
2004,470055,1,1,0,0,0,0,0,0,0,0,0,0
2004,470055,2,1,0,0,0,0,0,0,0,0,0,0
2004,470056,1,1,0,0,0,0,0,0,0,0,0,0
2004,470057,1,1,0,0,0,0,0,0,0,0,0,0
2004,470058,1,1,0,0,0,0,0,0,0,0,0,0
2004,470058,2,1,11,8,0,0,0,0,0,0,13,0
2004,470059,1,1,0,0,0,16,8,0,0,0,0,0
2004,470060,1,1,0,0,0,0,0,0,0,0,0,0
2004,470061,1,1,0,0,0,0,0,0,0,0,0,0
2004,470061,2,1,0,0,0,0,0,0,0,0,0,0
2004,470062,1,1,0,0,0,0,0,0,0,0,0,0
2004,470062,2,1,8,15,15,6,19,23,11,13,15,21
2004,470063,1,1,0,0,0,0,0,0,0,0,0,0
2004,470063,2,1,0,0,0,0,0,0,0,0,0,0
2004,470064,1,1,0,0,0,0,0,0,0,0,0,0
2004,470064,2,1,0,0,0,0,0,0,0,0,0,0
2004,470065,1,1,17,0,14,0,0,8,0,0,0,0
2004,470066,1,1,0,0,0,0,0,0,0,0,0,0
2004,470066,2,1,0,0,0,0,0,0,0,0,0,0
2004,470067,1,1,0,0,0,0,0,0,0,0,0,0
2004,470067,2,1,0,0,0,0,0,0,0,0,0,0
2004,470067,3,1,0,0,0,0,0,0,0,0,0,0
2004,470068,1,1,6,0,0,0,18,0,23,0,0,0
2004,470069,1,1,0,0,0,0,0,0,0,0,0,0
2004,470069,2,1,13,13,13,13,13,13,13,13,13,13
2004,470070,0,1,0,5,30,0,4,20,0,0,0,0
2004,470070,1,1,0,0,0,0,0,0,0,0,0,0
2004,470071,1,1,0,0,0,0,0,0,0,0,0,0
2004,470071,2,1,0,0,0,0,0,0,0,0,0,0
2004,470072,1,1,28,28,28,28,28,28,28,28,28,28
2004,470072,2,1,0,0,0,0,0,0,0,0,0,0
2004,470073,1,1,0,9,12,18,0,0,0,0,0,0
2004,470074,1,1,25,25,25,25,25,25,25,25,25,25
2004,470075,1,1,0,0,0,0,0,0,0,0,0,0
2004,470075,2,1,0,0,0,0,0,0,0,3,0,0
2004,470076,1,1,0,0,0,0,0,0,0,0,0,0
2004,470077,0,1,0,0,0,0,0,0,0,0,0,0
2004,470077,1,1,0,0,0,0,0,0,0,0,0,0
2004,470078,1,1,12,12,12,12,12,12,12,12,12,12
2004,470079,1,1,6,14,22,19,26,27,17,13,5,4
2004,470080,1,1,0,0,0,0,0,0,0,0,0,0
2004,470081,1,1,23,23,23,23,23,23,23,23,23,23
2004,470082,1,1,0,0,0,0,0,0,0,0,0,15
2004,470083,1,1,0,20,16,14,10,2,0,0,0,0
2004,470084,1,1,0,0,0,0,0,0,0,0,0,0
2004,470084,2,1,0,0,0,0,0,0,0,0,0,0
2004,470085,1,1,0,25,0,11,15,19,19,14,27,11
2004,470086,1,1,0,0,0,0,0,0,0,0,0,0
2004,470086,2,1,0,0,0,0,0,0,0,0,0,0
2004,470087,1,1,0,0,0,0,0,0,0,0,0,0
2004,470087,2,1,0,0,0,0,0,0,0,0,0,0
2004,470087,3,1,0,0,0,0,0,0,0,0,0,0
2004,470087,4,1,0,0,0,0,0,0,0,0,0,0
2004,470088,1,1,0,0,0,0,0,0,0,0,0,0
2004,470089,1,1,0,0,0,0,0,0,0,0,0,0
2004,470090,1,1,11,12,0,14,0,0,16,0,17,16
2004,470091,1,1,0,0,0,0,0,0,0,0,0,0
2004,470091,2,1,0,0,0,0,0,0,0,0,0,0
2004,470091,3,1,0,0,0,0,0,0,0,0,0,0
2004,470092,1,1,0,0,0,0,0,0,0,0,0,30
2004,470093,1,1,0,4,0,0,0,18,0,0,0,0
2004,470093,2,1,0,0,0,0,0,0,0,0,0,0
2004,470094,1,1,0,0,0,0,0,0,0,0,0,0
2004,470095,1,1,0,0,0,13,0,0,0,0,0,0
2004,470096,1,1,0,0,0,0,0,0,0,0,0,0
2004,470097,1,1,12,41,15,12,18,21,28,26,17,13
2004,470097,2,1,0,0,0,0,0,0,0,0,0,0
2004,470098,1,1,9,9,9,9,9,9,9,9,9,9
2004,470099,1,1,0,0,0,0,0,0,0,0,0,0
2004,470099,2,1,0,0,0,0,0,0,0,0,0,0
2004,470100,1,1,0,0,0,0,7,0,0,0,0,0
2004,470100,2,1,0,0,0,0,0,0,0,0,0,0
2004,470101,1,1,0,0,0,0,0,0,0,0,0,0
2004,470101,2,1,0,0,0,0,0,0,0,0,0,0
2004,470102,1,1,20,23,8,17,12,16,28,8,6,0
2004,470104,0,1,9,8,25,0,0,0,0,0,0,0
2004,470104,1,1,0,0,0,0,0,0,14,0,0,0
2004,470105,1,1,0,24,27,0,19,20,28,29,23,22
2004,470106,1,1,0,0,0,0,0,0,0,0,0,0
2004,470107,1,1,0,0,0,0,0,0,0,0,0,0
2004,470107,2,1,0,0,0,0,0,0,0,0,0,0
2004,470108,0,1,0,0,0,0,0,0,0,0,0,0
2004,470108,1,1,0,0,0,0,0,0,0,0,0,0
2004,470109,1,1,13,0,0,0,0,0,10,0,18,0
2004,470110,1,1,18,18,18,18,18,18,18,18,18,18
2004,470110,2,1,0,0,0,0,0,0,0,0,0,0
2004,470111,1,1,0,0,0,11,0,14,0,23,0,11
2004,470111,2,1,0,0,0,0,0,0,0,0,0,0
2004,470112,1,1,0,0,0,0,0,0,0,0,0,0
2004,470112,2,1,0,0,0,0,0,0,0,0,0,0
2004,470113,1,1,0,0,0,0,0,0,0,0,0,0
2004,470114,1,1,9,12,13,0,15,0,0,15,18,0
2004,470114,2,1,17,17,17,17,17,17,17,17,17,17
2004,470115,1,1,0,0,0,0,0,0,0,0,0,0
2004,470116,1,1,0,0,0,0,0,0,0,0,0,0
2004,470116,2,1,0,0,0,0,0,0,0,0,0,0
2004,470117,1,1,7,0,0,0,0,0,0,0,0,0
2004,470118,1,1,0,0,0,0,0,0,0,0,0,0
2004,470119,1,1,6,16,0,15,22,21,29,0,0,17
2004,470120,1,1,0,0,0,0,0,0,0,0,0,0
2004,470120,2,1,0,0,0,0,0,0,0,0,0,0
2004,470121,1,1,0,0,0,0,0,0,0,0,0,0
2004,470122,1,1,0,0,0,0,0,0,0,0,0,0
2004,470122,2,1,0,0,0,0,0,0,0,0,0,0
2004,470123,1,1,0,0,0,0,0,0,0,0,0,0
2004,470123,2,1,0,0,0,0,0,0,0,0,0,0
2004,470124,1,1,0,0,0,0,0,0,9,29,0,25
2004,470124,2,1,0,0,0,0,0,0,0,0,0,0
2004,470125,1,1,0,0,0,0,0,0,0,0,0,0
2004,470126,1,1,13,13,13,13,13,13,13,13,13,13
2004,470127,1,1,0,0,0,0,0,0,0,0,0,0
2004,470128,1,1,15,24,15,21,22,9,3,6,0,0
2004,470129,1,1,0,0,0,0,0,0,0,0,0,0
2004,470130,1,1,30,36,8,9,13,2,23,18,25,19
2004,470131,1,1,0,0,0,0,0,0,0,0,0,0