YEAR,ST_CASE,veh_no,per_no,P1,P2,P3,P4,P5,P6,P7,P8,P9,P10
2004,470132,1,1,16,16,16,16,16,16,16,16,16,16
2004,470133,0,1,24,0,17,27,22,7,0,0,0,14
2004,470133,0,2,0,15,0,0,0,0,0,0,0,0
2004,470133,0,3,22,30,0,0,19,0,0,9,9,12
2004,470133,0,4,19,13,0,0,0,0,24,6,0,0
2004,470133,0,5,0,35,40,32,9,0,35,0,0,23
2004,470133,0,6,0,0,0,0,0,0,14,0,0,0
2004,470133,1,1,0,0,23,0,0,0,0,0,9,12
2004,470133,2,1,0,0,0,0,0,0,0,0,0,0
2004,470134,0,1,0,0,0,0,0,0,0,5,0,31
2004,470134,1,1,0,0,0,0,0,0,0,0,0,0
2004,470135,1,1,14,25,19,0,28,7,8,28,15,15
2004,470136,1,1,0,0,0,0,0,0,0,0,0,0
2004,470137,0,1,31,31,31,31,31,31,31,31,31,31
2004,470137,1,1,18,10,15,6,6,33,13,16,0,13
2004,470138,1,1,20,20,20,20,20,20,20,20,20,20
2004,470139,1,1,0,0,0,0,0,13,0,0,0,0
2004,470139,2,1,0,0,0,0,20,0,0,0,0,0
2004,470139,3,1,0,0,0,0,0,0,0,0,0,0
2004,470141,1,1,0,0,0,0,0,0,0,0,0,0
2004,470141,2,1,0,0,10,0,9,0,12,0,0,0
2004,470142,1,1,25,17,23,27,17,18,16,0,0,23
2004,470143,1,1,0,24,0,0,0,16,0,7,0,0
2004,470144,1,1,0,0,0,39,0,0,0,5,25,16
2004,470145,1,1,0,0,0,0,0,0,0,14,6,0
2004,470145,2,1,0,0,0,0,0,0,0,0,0,0
2004,470146,1,1,0,0,0,0,0,0,0,0,0,0
2004,470147,0,1,0,17,32,0,33,20,0,0,5,9
2004,470147,1,1,0,0,0,0,0,0,0,0,16,32
2004,470148,1,1,33,4,25,17,24,11,12,19,18,26
2004,470149,1,1,8,8,8,8,8,8,8,8,8,8
2004,470150,1,1,0,0,0,0,0,0,0,0,0,0
2004,470151,1,1,19,19,19,19,19,19,19,19,19,19
2004,470151,2,1,0,0,0,0,0,0,0,0,0,0
2004,470152,1,1,28,0,23,0,0,0,0,0,29,0
2004,470153,1,1,0,0,0,0,0,0,0,0,0,0
2004,470154,1,1,0,0,0,0,0,0,0,0,0,0
2004,470154,2,1,0,0,0,0,0,0,0,0,0,0
2004,470155,1,1,0,0,0,0,0,0,0,0,0,0
2004,470155,2,1,0,0,0,0,0,0,0,24,0,0
2004,470156,1,1,0,0,0,0,0,0,0,0,0,0
2004,470156,2,1,0,0,0,0,0,0,0,0,0,0
2004,470156,3,1,0,0,0,0,0,0,0,0,0,0
2004,470157,1,1,18,7,22,25,0,4,10,0,11,0
2004,470158,1,1,0,0,0,0,0,8,0,0,0,18
2004,470158,2,1,20,9,15,28,14,11,0,18,15,11
2004,470159,1,1,0,0,0,0,0,0,0,0,0,0
2004,470160,1,1,25,9,27,31,17,25,13,16,27,19
2004,470161,1,1,0,0,0,0,0,0,0,0,0,0
2004,470162,1,1,20,20,20,20,20,20,20,20,20,20
2004,470163,1,1,0,0,0,0,0,0,0,0,0,0
2004,470164,1,1,16,16,16,16,16,16,16,16,16,16
2004,470165,1,1,0,0,0,0,0,0,0,0,0,0
2004,470165,2,1,0,0,0,0,0,0,0,0,0,0
2004,470166,1,1,0,0,0,0,0,0,0,0,0,0
2004,470166,2,1,10,10,10,10,10,10,10,10,10,10
2004,470167,1,1,23,23,23,23,23,23,23,23,23,23
2004,470168,1,1,4,4,4,4,4,4,4,4,4,4
2004,470169,1,1,0,0,0,0,0,0,3,0,0,0
2004,470169,2,1,0,0,0,12,0,0,0,0,0,0
2004,470169,3,1,0,0,0,0,0,0,0,0,0,0
2004,470169,4,1,0,0,0,0,0,1,0,0,0,0
2004,470170,1,1,0,0,0,0,0,0,0,0,0,0
2004,470170,2,1,0,0,0,0,0,0,0,0,0,0
2004,470171,1,1,0,0,0,0,0,0,0,0,0,0
2004,470171,2,1,0,0,0,0,0,0,0,0,0,0
2004,470172,1,1,21,21,21,21,21,21,21,21,21,21
2004,470173,1,1,0,0,0,0,0,0,0,0,0,0
2004,470173,2,1,0,0,0,0,0,17,12,0,0,0
2004,470174,1,1,0,0,0,0,0,0,0,0,0,0
2004,470174,2,1,0,0,0,0,0,0,0,0,0,0
2004,470175,1,1,0,0,0,27,0,8,22,10,23,17
2004,470176,1,1,0,0,0,0,0,0,0,0,0,0
2004,470176,2,1,0,0,0,0,0,0,0,0,0,0
2004,470176,3,1,20,20,20,20,20,20,20,20,20,20
2004,470177,1,1,0,0,0,0,0,0,0,0,0,0
2004,470178,1,1,10,19,23,19,23,14,0,0,0,15
2004,470179,1,1,22,17,8,6,25,12,15,0,28,10
2004,470179,2,1,0,0,0,0,0,0,0,0,0,0
2004,470180,1,1,0,0,0,0,0,0,0,0,0,0
2004,470180,2,1,0,0,0,0,0,0,0,0,0,0
2004,470181,1,1,0,0,0,0,0,0,0,0,0,0
2004,470181,2,1,0,0,0,0,0,0,0,0,0,0
2004,470182,1,1,0,0,0,0,0,0,0,0,0,0
2004,470182,2,1,0,0,0,0,0,0,0,0,0,0
2004,470183,0,1,0,0,0,0,0,0,0,0,0,0
2004,470183,0,2,28,0,0,29,0,20,21,25,0,0
2004,470183,1,1,0,0,0,0,0,0,0,0,0,0
2004,470184,1,1,0,0,0,0,0,14,0,22,0,13
2004,470185,1,1,0,0,0,0,0,0,15,0,14,0
2004,470186,1,1,0,0,0,0,0,0,0,0,0,0
2004,470186,2,1,0,0,0,0,0,0,0,0,0,0
2004,470186,3,1,0,0,0,0,0,0,0,0,0,0
2004,470187,1,1,0,0,0,0,0,0,0,0,0,0
2004,470187,2,1,0,0,0,0,0,0,0,0,0,0
2004,470187,3,1,0,0,0,0,0,0,0,0,0,0
2004,470188,1,1,0,0,0,0,0,0,0,0,0,0
2004,470188,2,1,0,0,0,0,0,0,0,0,0,0
2004,470189,1,1,43,11,9,7,18,14,16,11,14,28
2004,470189,2,1,0,0,0,0,0,0,0,0,0,0
2004,470190,1,1,11,0,16,34,0,32,15,23,15,36
2004,470191,1,1,0,0,0,0,0,0,0,0,0,0
2004,470191,2,1,0,0,0,0,0,0,0,0,0,0
2004,470191,3,1,0,0,0,0,0,0,0,0,0,0
2004,470192,1,1,22,22,22,22,22,22,22,22,22,22
2004,470193,1,1,11,3,19,13,0,13,6,27,11,16
2004,470194,1,1,7,7,7,7,7,7,7,7,7,7
2004,470195,1,1,0,0,0,0,0,0,0,0,0,0
2004,470195,2,1,0,0,0,0,0,0,0,0,0,0
2004,470195,3,1,8,8,8,8,8,8,8,8,8,8
2004,470196,1,1,0,0,0,0,0,0,0,0,0,13
2004,470198,0,1,0,0,0,0,0,0,0,0,0,0
2004,470198,1,1,0,0,0,0,0,0,0,0,0,0
2004,470198,2,1,0,0,0,0,0,0,0,0,0,0
2004,470198,3,1,0,0,0,0,0,0,0,0,0,0
2004,470199,1,1,0,0,0,0,0,0,0,0,0,0
2004,470199,2,1,0,0,0,0,0,0,0,0,0,0
2004,470199,3,1,0,0,0,0,0,0,0,0,0,0
2004,470200,1,1,0,15,0,0,0,0,0,0,0,0
2004,470202,0,1,26,0,0,42,0,29,0,25,24,0
2004,470202,1,1,0,5,0,0,0,0,0,0,0,0
2004,470203,1,1,25,13,11,15,13,17,16,22,4,10
2004,470203,2,1,0,0,0,0,0,0,0,0,0,0
2004,470204,0,2,39,0,10,0,0,0,41,0,48,22
2004,470204,1,1,9,8,23,27,20,9,47,21,24,19
2004,470205,0,1,20,1,17,27,0,6,0,11,0,16
2004,470205,1,1,17,34,13,10,29,0,23,13,9,24
2004,470206,1,1,20,25,4,0,3,18,9,24,9,21
2004,470207,1,1,0,0,0,0,0,0,23,0,0,0
2004,470208,1,1,0,0,0,0,0,0,0,0,0,0
2004,470208,2,1,0,0,0,0,0,0,0,0,0,0
2004,470209,1,1,0,0,0,0,0,0,0,0,0,0
2004,470209,2,1,0,0,0,0,0,0,0,0,0,0
2004,470210,1,1,0,0,0,0,0,0,0,0,0,0
2004,470211,1,1,0,8,0,0,0,0,0,16,0,0
2004,470211,2,1,0,0,0,0,0,0,0,0,0,0
2004,470212,1,1,8,16,14,5,5,14,7,28,13,30
2004,470213,1,1,0,0,0,0,0,0,0,0,0,0
2004,470213,2,1,0,0,0,0,0,0,0,0,0,0
2004,470214,1,1,22,22,22,22,22,22,22,22,22,22
2004,470215,1,1,0,0,0,0,0,0,0,14,15,0
2004,470216,1,1,0,0,0,0,0,0,0,0,0,0
2004,470216,2,1,6,0,0,0,0,0,0,0,0,0
2004,470217,1,1,20,0,26,0,13,7,3,0,0,0
2004,470218,1,1,1,1,1,1,1,1,1,1,1,1
2004,470219,1,1,16,16,12,21,14,15,9,22,7,27
2004,470220,1,1,23,23,23,23,23,23,23,23,23,23
2004,470221,1,1,0,23,21,0,0,23,0,0,28,0
2004,470222,1,1,0,0,0,0,0,0,0,0,0,0
2004,470223,1,1,14,0,6,8,17,3,0,0,0,25
2004,470224,1,1,0,0,0,0,0,28,11,0,0,0
2004,470225,0,1,0,0,17,0,0,0,0,0,0,0
2004,470225,1,1,0,0,0,0,0,0,0,0,0,0
2004,470225,2,1,0,0,0,0,0,0,0,0,0,0
2004,470226,0,1,0,0,9,44,13,17,17,17,0,19
2004,470226,1,1,36,22,9,0,6,0,0,19,0,24
2004,470228,1,1,0,0,0,0,0,0,0,0,0,0
2004,470228,2,1,0,8,0,17,0,0,24,18,0,35
2004,470228,3,1,0,0,0,0,0,0,0,0,0,0
2004,470229,1,1,0,0,0,0,0,0,0,0,0,0
2004,470229,2,1,0,0,0,0,0,0,0,0,0,0
2004,470230,1,1,0,0,17,0,0,0,0,0,0,21
2004,470230,2,1,0,0,0,0,0,0,0,0,0,0
2004,470231,1,1,24,26,0,0,0,0,0,0,0,0
2004,470231,2,1,0,0,0,0,0,0,0,0,0,7
2004,470231,3,1,0,0,0,0,0,0,0,0,0,0
2004,470233,0,1,0,0,0,13,0,0,0,0,0,0
2004,470233,1,1,0,0,0,0,0,0,0,22,0,0
2004,470235,1,1,0,0,0,0,0,0,0,0,7,0
2004,470236,1,1,0,0,0,13,0,0,0,0,0,0
2004,470237,0,1,13,0,0,0,12,0,0,0,0,0
2004,470237,1,1,0,0,0,0,0,0,0,0,0,0
2004,470238,1,1,0,0,0,0,12,23,0,18,0,0
2004,470238,2,1,0,0,7,0,0,0,0,0,10,0
2004,470239,1,1,0,0,0,0,0,0,0,0,0,0
2004,470240,1,1,12,18,0,26,27,19,24,17,0,18
2004,470241,1,1,0,0,0,0,0,0,0,0,0,0
2004,470241,2,1,12,23,12,10,17,12,13,0,14,17
2004,470242,1,1,4,4,4,4,4,4,4,4,4,4
2004,470243,1,1,27,0,0,0,0,0,0,0,0,0
2004,470244,1,1,0,0,0,0,0,0,0,0,0,0
2004,470244,2,1,0,0,0,0,0,0,0,0,0,0
2004,470245,1,1,0,0,0,0,0,0,0,0,0,0
2004,470246,1,1,0,0,0,0,0,0,0,0,0,14
2004,470246,2,1,19,11,23,37,0,31,13,10,13,24
2004,470247,1,1,0,6,0,23,16,21,16,4,12,21
2004,470248,1,1,4,4,4,4,4,4,4,4,4,4
2004,470248,2,1,0,0,0,0,0,0,0,0,0,0
2004,470249,1,1,0,0,0,0,0,0,0,0,0,0
2004,470249,2,1,0,0,0,0,0,0,0,0,0,0
2004,470250,1,1,0,0,0,0,0,0,0,0,0,0
2004,470251,1,1,0,0,0,0,0,0,0,0,0,0
2004,470251,2,1,0,0,0,0,0,0,0,0,0,0
2004,470252,1,1,0,0,0,0,0,0,0,0,0,0
2004,470252,2,1,0,0,0,0,0,0,0,0,0,0
2004,470253,1,1,12,12,12,12,12,12,12,12,12,12
2004,470254,0,1,16,38,5,13,34,9,27,23,25,0
2004,470254,1,1,0,0,0,0,0,0,0,0,0,0
2004,470255,1,1,0,0,12,0,16,0,0,0,0,12
2004,470256,1,1,0,0,0,0,0,0,0,0,0,8
2004,470256,2,1,0,0,0,0,0,0,0,0,0,0
2004,470256,3,1,0,0,0,0,0,20,0,0,0,0
2004,470256,4,1,0,0,0,0,0,0,0,0,0,0
2004,470257,1,1,0,0,0,0,0,0,0,11,0,0
2004,470257,2,1,0,0,0,0,0,0,0,0,10,0
2004,470258,1,1,12,12,12,12,12,12,12,12,12,12
2004,470259,1,1,0,0,0,0,0,0,0,12,0,0
2004,470259,2,1,0,0,0,0,0,0,0,0,0,0
2004,470260,1,1,0,0,0,0,0,0,0,0,0,0
2004,470260,2,1,0,0,0,0,0,0,0,0,0,0
2004,470261,0,1,0,44,0,0,16,25,30,0,18,0
2004,470261,1,1,0,0,0,0,0,0,8,0,0,0
2004,470262,1,1,0,0,8,26,30,0,23,0,26,0
2004,470263,1,1,0,0,0,0,0,0,0,0,0,0
2004,470264,1,1,21,21,21,21,21,21,21,21,21,21
2004,470265,1,1,0,0,0,0,0,0,0,0,0,0
2004,470265,2,1,0,0,0,0,0,9,0,0,0,0
2004,470266,1,1,15,0,8,6,22,11,17,7,9,13
2004,470267,1,1,14,14,14,14,14,14,14,14,14,14
2004,470268,1,1,32,0,20,15,3,21,20,16,16,6
2004,470269,1,1,0,0,0,0,15,0,0,0,0,0
2004,470269,2,1,0,0,0,0,0,0,0,0,0,0
2004,470270,1,1,28,28,28,28,28,28,28,28,28,28
2004,470271,1,1,14,36,18,16,19,15,19,0,7,30
2004,470272,1,1,0,0,21,17,11,13,0,16,0,12
2004,470273,1,1,30,25,12,31,29,14,15,9,11,7
2004,470274,1,1,0,0,0,0,0,0,0,0,0,0
2004,470274,2,1,0,0,0,0,0,0,0,0,0,0
2004,470275,1,1,43,18,14,13,17,15,13,17,24,17
2004,470276,1,1,0,0,0,0,0,0,0,0,0,0
2004,470277,1,1,19,15,32,20,26,0,0,0,11,19
2004,470278,1,1,12,11,0,0,0,0,15,24,22,16
2004,470279,1,1,18,18,15,8,21,14,23,16,23,10
2004,470280,1,1,0,0,0,0,0,0,0,38,0,0
2004,470280,2,1,0,0,0,0,0,0,0,0,0,0
2004,470280,3,1,0,0,0,0,0,0,0,0,0,0
2004,470280,4,1,6,0,0,0,0,0,0,0,0,0
2004,470281,1,1,20,20,0,13,43,12,9,22,16,26
2004,470282,1,1,0,0,0,0,0,0,0,0,0,0
2004,470282,2,1,0,0,0,0,6,0,0,0,0,0
2004,470282,3,1,4,0,0,0,14,20,0,15,0,0
2004,470283,1,1,0,0,0,0,0,0,0,0,0,0
2004,470283,2,1,0,0,0,0,0,0,0,0,0,0
2004,470284,1,1,0,0,0,0,0,0,0,0,0,0
2004,470284,2,1,0,0,0,0,0,0,0,0,0,0
2004,470285,1,1,0,0,0,19,12,0,0,17,0,0
2004,470285,2,1,0,0,0,0,0,0,0,0,0,0
2004,470286,1,1,6,17,26,17,11,22,10,0,0,18
2004,470287,1,1,0,0,36,8,19,24,15,25,14,10
2004,470288,1,1,0,0,0,0,0,20,0,0,0,0
2004,470289,1,1,0,0,0,0,0,0,0,0,0,23
2004,470290,1,1,25,25,25,25,25,25,25,25,25,25
2004,470291,1,1,0,0,0,0,0,0,0,0,0,0
2004,470292,0,1,0,12,21,24,4,18,7,34,0,22
2004,470292,1,1,0,0,0,0,0,0,0,0,0,0
2004,470293,1,1,0,0,0,0,0,0,0,0,0,0
2004,470294,0,1,0,6,0,0,0,0,0,0,8,0
2004,470294,1,1,0,0,0,0,0,0,0,0,0,0
2004,470295,1,1,0,0,7,9,11,18,0,6,0,0
2004,470296,1,1,0,0,0,0,0,0,0,0,0,0
2004,470297,1,1,0,0,0,0,0,0,0,0,0,0
2004,470297,2,1,0,0,0,0,0,0,0,0,0,0
2004,470297,3,1,0,0,0,0,0,0,0,8,0,0
2004,470297,4,1,0,0,0,0,0,0,0,0,0,0
2004,470298,1,1,0,27,0,15,15,0,9,0,15,6
2004,470298,2,1,0,0,0,0,0,0,0,0,0,0
2004,470299,1,1,0,0,0,0,0,0,0,0,0,0
2004,470300,1,1,0,0,0,0,0,0,0,0,0,0
2004,470301,1,1,0,0,0,0,0,0,0,0,0,0
2004,470301,2,1,0,0,0,0,0,0,0,0,0,0
2004,470302,1,1,0,8,0,0,27,12,0,0,0,0
2004,470303,0,1,15,15,15,15,15,15,15,15,15,15
2004,470303,1,1,0,0,0,0,0,0,0,0,0,0
2004,470304,1,1,24,11,22,0,0,0,0,0,0,0
2004,470305,1,1,0,0,0,0,0,0,0,0,0,0
2004,470306,1,1,0,0,0,0,0,0,0,0,0,0
2004,470306,2,1,0,0,0,0,0,0,0,0,0,0
2004,470307,1,1,0,0,0,0,0,0,0,0,0,0
2004,470307,2,1,0,0,0,0,0,0,0,0,0,0
2004,470308,1,1,0,0,0,0,0,0,0,0,0,0
2004,470308,2,1,0,0,0,0,0,0,0,0,0,0
2004,470309,1,1,8,8,8,8,8,8,8,8,8,8
2004,470310,1,1,0,0,0,0,0,0,0,0,8,0
2004,470311,1,1,15,11,0,16,0,0,15,14,0,0
2004,470312,1,1,0,0,0,0,0,0,0,0,0,0
2004,470313,1,1,0,0,0,0,0,0,0,0,0,0
2004,470313,2,1,0,0,0,0,0,0,0,0,0,0
2004,470314,1,1,17,25,17,11,13,17,10,24,19,19
2004,470315,1,1,0,0,0,17,0,19,10,0,0,25
2004,470316,1,1,9,0,0,0,13,0,0,0,0,0
2004,470316,2,1,24,0,0,0,0,0,0,0,0,0
2004,470317,1,1,16,16,16,16,16,16,16,16,16,16
2004,470318,1,1,20,20,20,20,20,20,20,20,20,20
2004,470319,1,1,18,18,18,18,18,18,18,18,18,18
2004,470320,1,1,0,10,0,0,0,4,0,15,0,0
2004,470320,2,1,10,0,0,0,0,0,0,0,0,0
2004,470321,1,1,0,12,0,0,0,0,0,0,0,0
2004,470321,2,1,0,0,0,0,0,0,0,0,0,0
2004,470322,1,1,12,0,0,9,0,0,0,11,0,0
2004,470323,1,1,0,0,0,0,0,0,0,0,0,0
2004,470323,2,1,0,0,0,0,0,0,0,0,0,0
2004,470324,1,1,0,0,0,0,0,0,0,0,0,0
2004,470324,2,1,0,0,0,0,0,0,0,0,0,0
2004,470325,1,1,12,10,16,20,11,29,13,3,7,25
2004,470326,1,1,0,0,0,0,0,0,0,0,0,0
2004,470327,1,1,0,12,0,0,0,0,0,0,0,0
2004,470328,1,1,20,20,20,20,20,20,20,20,20,20
2004,470329,1,1,14,14,14,14,14,14,14,14,14,14
2004,470330,1,1,11,13,9,12,22,13,16,11,7,18
2004,470331,1,1,0,15,0,6,0,0,0,0,0,15
2004,470331,2,1,3,0,0,0,0,0,0,0,0,0
2004,470332,1,1,0,0,13,0,0,0,0,0,0,7
2004,470332,2,1,0,0,0,0,0,0,0,0,0,0
2004,470333,1,1,13,13,13,13,13,13,13,13,13,13
2004,470333,2,1,0,0,0,0,0,0,0,0,0,0
2004,470334,1,1,0,0,0,0,0,0,0,0,0,0
2004,470334,2,1,0,0,5,0,0,0,0,0,0,0
2004,470335,1,1,11,11,11,11,11,11,11,11,11,11
2004,470336,1,1,13,13,13,13,13,13,13,13,13,13
2004,470337,1,1,8,8,8,8,8,8,8,8,8,8
2004,470338,1,1,15,15,15,15,15,15,15,15,15,15
2004,470339,1,1,0,0,0,0,0,0,0,0,0,0
2004,470339,2,1,26,26,26,26,26,26,26,26,26,26
2004,470340,1,1,9,0,39,24,21,41,44,16,30,20
2004,470341,1,1,0,0,0,0,0,0,0,0,0,0
2004,470341,2,1,0,0,0,0,0,0,0,0,0,0
2004,470342,0,1,0,0,0,26,0,0,0,0,12,0
2004,470342,1,1,0,0,0,0,0,0,0,0,0,0
2004,470343,0,1,19,19,19,19,19,19,19,19,19,19
2004,470343,1,1,0,0,0,0,0,0,0,0,0,0
2004,470344,1,1,8,12,28,10,25,20,15,15,12,27
2004,470344,2,1,0,0,0,0,0,0,0,0,0,0
2004,470344,3,1,0,0,0,0,0,0,0,0,0,0
2004,470345,1,1,0,0,0,0,0,0,0,0,0,0
2004,470345,2,1,0,0,0,0,0,0,0,0,0,0
2004,470346,1,1,0,0,0,0,0,0,0,0,0,0
2004,470346,2,1,0,0,0,0,0,0,16,11,9,0
2004,470347,1,1,26,26,26,26,26,26,26,26,26,26
2004,470347,2,1,0,0,0,0,0,0,0,0,0,0
2004,470348,1,1,23,23,23,23,23,23,23,23,23,23
2004,470349,1,1,0,0,0,0,0,0,0,0,0,0
2004,470350,1,1,0,0,0,0,0,0,0,0,0,0
2004,470351,1,1,0,0,0,0,0,0,0,0,0,0
2004,470351,2,1,16,16,16,16,16,16,16,16,16,16
2004,470352,1,1,0,0,0,0,0,0,0,0,0,12
2004,470352,2,1,0,0,0,0,0,0,0,0,0,0
2004,470353,1,1,0,0,0,0,0,0,0,0,0,0
2004,470355,1,1,0,0,0,0,0,0,0,0,0,0
2004,470356,1,1,0,0,0,0,0,0,0,0,0,0
2004,470357,1,1,9,0,14,4,9,11,8,17,11,25
2004,470358,1,1,0,0,0,0,0,0,0,0,0,0
2004,470358,2,1,0,0,0,0,0,0,0,0,0,0
2004,470359,1,1,16,16,16,16,16,16,16,16,16,16
2004,470360,1,1,0,0,0,0,0,0,0,0,0,0
2004,470360,2,1,0,0,0,0,0,0,0,0,0,0
2004,470360,3,1,0,0,0,0,0,0,0,0,0,0
2004,470360,4,1,0,0,0,0,0,0,0,0,0,0
2004,470361,1,1,16,0,13,0,0,0,0,0,0,0
2004,470362,1,1,8,8,8,8,8,8,8,8,8,8
2004,470362,2,1,0,0,0,0,0,0,0,0,0,0
2004,470363,1,1,0,0,0,0,0,0,0,0,0,0
2004,470364,1,1,16,16,16,16,16,16,16,16,16,16
2004,470365,1,1,0,0,0,0,0,0,0,0,0,0
2004,470366,1,1,0,0,0,0,0,0,0,0,0,0
2004,470366,2,1,0,0,0,0,0,0,0,0,0,0
2004,470367,1,1,0,0,0,0,0,0,0,0,0,0
2004,470368,1,1,2,13,32,26,0,0,9,0,0,4
2004,470368,2,1,0,0,0,0,0,0,0,0,0,0
2004,470368,3,1,0,0,0,0,0,0,0,17,0,0
2004,470369,1,1,0,14,0,0,0,0,18,0,24,0
2004,470370,1,1,0,0,0,0,0,0,0,0,0,0
2004,470370,2,1,0,0,0,0,0,0,0,0,0,0
2004,470371,1,1,11,12,10,14,9,17,26,15,20,19
2004,470372,1,1,0,0,0,0,0,0,0,0,0,0
2004,470372,2,1,0,0,0,0,0,0,0,0,0,0
2004,470372,3,1,0,0,0,0,0,0,0,0,0,0
2004,470373,1,1,0,0,0,0,0,0,0,0,0,0
2004,470374,1,1,1,1,1,1,1,1,1,1,1,1
2004,470374,2,1,14,14,14,14,14,14,14,14,14,14
2004,470375,1,1,0,0,0,0,0,0,0,0,0,15
2004,470376,1,1,0,0,11,0,0,0,0,0,0,0
2004,470377,1,1,13,13,13,13,13,13,13,13,13,13
2004,470378,1,1,12,22,23,10,16,35,32,33,20,18
2004,470379,1,1,0,0,0,0,0,0,0,0,0,0
2004,470380,1,1,0,0,0,0,0,0,0,0,0,0
2004,470380,2,1,0,0,0,0,0,0,0,0,0,0
2004,470381,1,1,0,0,0,0,0,0,0,0,0,0
2004,470381,2,1,0,0,0,0,0,0,0,0,0,0
2004,470382,1,1,0,0,25,0,0,17,0,0,0,0
2004,470382,2,1,0,0,0,0,0,0,0,0,0,0
2004,470383,1,1,0,0,0,0,0,0,0,0,0,0
2004,470384,1,1,7,7,7,7,7,7,7,7,7,7
2004,470385,1,1,14,14,14,14,14,14,14,14,14,14
2004,470386,1,1,5,5,5,5,5,5,5,5,5,5
2004,470387,1,1,0,0,0,0,0,0,0,0,0,0
2004,470387,2,1,2,2,2,2,2,2,2,2,2,2
2004,470388,1,1,0,0,0,0,0,0,0,0,0,0
2004,470389,1,1,0,0,0,21,0,0,0,0,0,0
2004,470389,2,1,0,0,0,0,0,0,0,0,0,0
2004,470390,1,1,0,0,0,0,0,0,15,0,0,0
2004,470390,2,1,0,0,0,0,0,0,0,0,0,0
2004,470391,1,1,0,0,0,0,0,0,0,0,0,0
2004,470392,1,1,0,0,14,13,0,0,17,0,20,14
2004,470392,2,1,0,0,0,0,0,9,14,0,21,0
2004,470393,1,1,0,0,0,0,0,0,0,0,0,0
2004,470394,1,1,36,14,17,32,22,26,24,19,4,21
2004,470394,2,1,0,0,0,0,0,0,0,0,0,0
2004,470395,1,1,0,0,0,0,0,0,0,0,0,0
2004,470395,2,1,0,0,0,0,0,0,0,0,0,0
2004,470395,3,1,0,0,0,0,0,0,0,0,0,0
2004,470396,1,1,23,23,23,23,23,23,23,23,23,23
2004,470396,2,1,0,0,0,0,0,0,0,0,0,0
2004,470396,3,1,0,0,0,0,0,0,0,0,0,0
2004,470396,4,1,0,0,0,0,0,0,0,0,0,0
2004,470397,1,1,0,0,0,0,0,0,0,0,0,0
2004,470397,2,1,0,0,0,0,0,0,0,0,0,0
2004,470398,1,1,0,17,0,16,0,0,0,16,13,7
2004,470398,2,1,0,0,11,0,0,0,0,0,0,0
2004,470398,3,1,0,11,0,0,10,0,0,0,0,0
2004,470399,1,1,8,8,8,8,8,8,8,8,8,8
2004,470400,1,1,9,0,0,10,0,10,0,0,0,2
2004,470401,0,1,0,0,0,10,0,29,12,18,0,0
2004,470401,0,2,0,20,0,0,0,4,0,0,18,7
2004,470401,1,1,0,0,0,0,0,0,0,0,0,0
2004,470402,1,1,0,0,0,0,0,0,0,0,0,0
2004,470403,1,1,0,0,0,0,0,0,0,0,0,0
2004,470403,2,1,13,13,13,13,13,13,13,13,13,13
2004,470404,1,1,0,14,0,24,4,12,36,11,0,0
2004,470405,1,1,0,0,0,0,0,0,0,0,0,0
2004,470405,2,1,22,22,22,22,22,22,22,22,22,22
2004,470406,1,1,0,0,0,0,0,0,0,0,0,0
2004,470407,1,1,0,23,0,0,0,0,0,0,0,13
2004,470408,1,1,6,0,13,0,0,0,0,0,0,0
2004,470409,1,1,0,0,0,0,0,0,0,0,0,0
2004,470409,2,1,0,0,0,0,0,0,0,0,0,0
2004,470410,1,1,0,0,0,0,0,0,0,0,0,0
2004,470411,1,1,0,0,0,0,0,0,0,0,0,0
2004,470412,0,1,22,22,22,22,22,22,22,22,22,22
2004,470412,1,1,0,0,0,0,0,0,0,0,0,0
2004,470413,1,1,0,0,0,0,0,0,0,0,0,0
2004,470413,2,1,0,0,0,0,0,0,0,0,0,0
2004,470413,3,1,0,0,0,0,0,0,0,0,0,0
2004,470414,1,1,0,0,0,0,0,0,0,0,0,0
2004,470414,2,1,20,20,20,20,20,20,20,20,20,20
2004,470415,1,1,0,0,0,0,0,0,0,0,0,0
2004,470416,1,1,0,0,0,0,0,0,0,0,0,0
2004,470416,2,1,0,0,0,0,0,0,0,0,0,0
2004,470417,1,1,0,32,0,0,0,0,0,0,0,0
2004,470418,1,1,10,10,10,10,10,10,10,10,10,10
2004,470419,1,1,0,0,0,0,0,0,0,0,0,0
2004,470420,0,1,0,32,0,0,0,0,11,0,0,0
2004,470420,1,1,0,14,17,12,20,27,14,13,17,11
2004,470421,0,1,20,20,20,20,20,20,20,20,20,20
2004,470421,1,1,0,0,0,0,0,0,0,0,0,0
2004,470422,1,1,0,0,0,0,0,0,0,0,0,0
2004,470422,2,1,0,18,0,0,0,0,0,0,0,0
2004,470423,1,1,10,10,10,10,10,10,10,10,10,10
2004,470424,1,1,0,0,0,0,0,0,0,0,0,0