YEAR,ST_CASE,veh_no,per_no,P1,P2,P3,P4,P5,P6,P7,P8,P9,P10
2004,470424,2,1,0,0,0,0,0,0,11,0,0,0
2004,470425,1,1,22,22,22,22,22,22,22,22,22,22
2004,470426,1,1,0,0,0,0,0,0,0,0,0,0
2004,470426,2,1,0,0,0,0,0,0,0,0,0,0
2004,470426,3,1,0,0,0,0,0,0,0,0,0,0
2004,470427,1,1,0,0,0,0,0,0,0,0,0,0
2004,470428,1,1,0,0,0,0,0,0,0,0,0,0
2004,470428,2,1,0,0,0,0,0,0,0,0,0,0
2004,470429,1,1,0,0,0,0,0,0,0,0,0,0
2004,470429,2,1,2,2,2,2,2,2,2,2,2,2
2004,470430,1,1,0,0,0,0,0,0,0,0,0,0
2004,470431,1,1,0,0,0,0,0,0,0,0,0,0
2004,470431,2,1,0,0,0,0,0,0,0,0,0,0
2004,470432,1,1,0,0,0,0,0,0,0,0,0,0
2004,470432,2,1,0,0,0,0,0,0,0,0,0,0
2004,470433,1,1,13,20,0,17,0,16,14,0,0,0
2004,470434,0,1,0,0,0,0,0,0,0,0,0,0
2004,470434,0,2,0,17,53,22,18,0,24,0,0,21
2004,470434,1,1,18,18,18,18,18,18,18,18,18,18
2004,470435,1,1,0,0,0,0,0,0,0,0,0,0
2004,470436,1,1,0,0,0,0,0,0,0,0,0,0
2004,470437,1,1,22,22,22,22,22,22,22,22,22,22
2004,470438,1,1,0,15,18,0,0,12,20,0,10,0
2004,470438,2,1,0,0,0,0,0,17,23,0,0,0
2004,470439,1,1,21,0,16,0,22,0,0,0,0,0
2004,470440,1,1,0,0,0,0,0,0,0,0,0,0
2004,470441,0,1,25,25,25,25,25,25,25,25,25,25
2004,470441,1,1,0,0,0,0,0,0,0,0,0,0
2004,470442,1,1,0,0,13,0,0,0,0,0,0,0
2004,470443,1,1,0,0,0,0,0,0,0,0,0,0
2004,470443,2,1,0,0,0,0,0,0,0,0,0,0
2004,470443,3,1,0,0,0,0,0,0,0,0,0,0
2004,470444,1,1,40,0,0,0,0,0,0,0,0,0
2004,470445,1,1,0,0,0,0,0,0,0,0,0,0
2004,470445,2,1,0,0,0,0,0,0,0,0,0,0
2004,470446,1,1,4,4,4,4,4,4,4,4,4,4
2004,470447,1,1,26,26,26,26,26,26,26,26,26,26
2004,470448,1,1,14,14,14,14,14,14,14,14,14,14
2004,470449,1,1,17,17,17,17,17,17,17,17,17,17
2004,470449,2,1,0,0,0,0,0,0,0,0,0,0
2004,470449,3,1,0,0,0,0,0,0,0,0,13,0
2004,470450,1,1,14,0,0,0,18,0,0,10,16,0
2004,470451,1,1,0,0,0,0,0,0,0,0,0,0
2004,470451,2,1,6,6,6,6,6,6,6,6,6,6
2004,470452,1,1,4,4,4,4,4,4,4,4,4,4
2004,470452,2,1,0,0,0,0,0,0,0,0,0,0
2004,470453,1,1,0,0,0,14,15,22,0,22,30,7
2004,470454,1,1,0,0,0,0,0,0,0,0,0,0
2004,470454,2,1,0,0,0,0,0,0,0,0,0,0
2004,470455,1,1,18,18,18,18,18,18,18,18,18,18
2004,470456,1,1,16,0,5,24,0,15,0,0,0,17
2004,470457,1,1,15,15,15,15,15,15,15,15,15,15
2004,470458,1,1,11,11,11,11,11,11,11,11,11,11
2004,470459,1,1,0,0,0,0,0,0,0,42,0,0
2004,470460,1,1,0,0,0,0,0,0,0,0,0,0
2004,470461,1,1,15,15,15,15,15,15,15,15,15,15
2004,470462,1,1,25,25,25,25,25,25,25,25,25,25
2004,470462,2,1,0,0,0,0,0,0,0,0,0,0
2004,470463,1,1,0,0,0,28,0,0,0,0,0,0
2004,470464,1,1,17,17,17,17,17,17,17,17,17,17
2004,470464,2,1,0,0,0,0,0,0,0,0,0,0
2004,470465,1,1,0,0,0,0,0,0,0,0,0,0
2004,470466,1,1,20,0,5,11,0,5,0,0,18,0
2004,470467,1,1,11,11,11,11,11,11,11,11,11,11
2004,470468,1,1,0,7,0,0,0,18,33,0,13,0
2004,470469,1,1,0,0,0,0,0,0,15,0,0,0
2004,470469,2,1,0,0,0,0,0,0,0,0,0,0
2004,470470,1,1,14,22,16,15,30,0,13,10,9,9
2004,470471,1,1,0,0,0,0,0,0,0,0,0,0
2004,470472,1,1,0,0,0,18,0,0,0,0,0,13
2004,470473,1,1,0,0,0,0,0,0,13,14,6,22
2004,470474,1,1,12,15,21,15,9,17,22,30,22,5
2004,470475,1,1,0,0,12,0,0,0,0,0,14,0
2004,470475,2,1,0,0,0,0,0,0,0,0,0,0
2004,470476,1,1,40,40,40,40,40,40,40,40,40,40
2004,470477,1,1,0,0,16,0,6,0,0,0,0,0
2004,470478,1,1,0,13,20,0,0,11,0,0,0,0
2004,470479,1,1,0,0,0,0,0,0,0,0,0,0
2004,470480,1,1,0,0,0,0,0,5,0,0,0,0
2004,470481,1,1,0,45,0,0,0,0,0,0,0,16
2004,470482,1,1,0,0,0,0,0,0,0,0,0,0
2004,470483,1,1,18,18,18,18,18,18,18,18,18,18
2004,470483,2,1,12,5,0,3,0,10,14,11,24,17
2004,470484,1,1,0,0,13,0,0,0,22,0,0,0
2004,470485,1,1,0,0,0,0,0,0,0,0,0,0
2004,470485,2,1,3,17,20,23,9,9,27,0,0,10
2004,470486,1,1,0,0,0,0,0,0,0,0,0,0
2004,470486,2,1,0,0,0,0,0,0,0,0,0,0
2004,470487,0,1,15,0,0,0,0,0,0,0,0,0
2004,470487,1,1,0,0,0,0,4,0,0,0,0,0
2004,470488,1,1,8,0,0,0,0,11,0,0,0,0
2004,470488,2,1,0,0,0,0,0,0,0,0,0,0
2004,470489,1,1,0,0,0,27,0,20,0,14,3,0
2004,470491,1,1,15,0,0,0,12,0,0,0,0,0
2004,470492,1,1,7,7,7,7,7,7,7,7,7,7
2004,470493,1,1,0,0,0,0,0,0,0,0,0,0
2004,470493,2,1,0,0,0,0,0,0,0,0,0,0
2004,470494,1,1,16,16,16,16,16,16,16,16,16,16
2004,470495,1,1,0,0,0,0,0,0,0,0,0,0
2004,470495,2,1,5,12,26,0,13,0,0,0,0,0
2004,470496,1,1,0,24,0,0,0,9,5,0,0,30
2004,470497,1,1,15,0,21,15,15,7,17,7,21,23
2004,470498,1,1,2,2,2,2,2,2,2,2,2,2
2004,470499,1,1,0,0,0,0,0,0,0,0,0,0
2004,470500,1,1,0,0,0,0,0,0,0,0,0,0
2004,470500,2,1,0,0,0,0,0,0,0,0,0,0
2004,470500,3,1,0,0,0,0,0,0,0,0,0,0
2004,470501,0,1,7,7,7,7,7,7,7,7,7,7
2004,470501,1,1,0,0,0,0,0,11,0,0,0,12
2004,470502,1,1,20,20,27,9,12,36,10,9,8,0
2004,470503,1,1,25,28,31,25,23,18,22,15,16,15
2004,470504,1,1,0,0,0,0,0,0,0,0,0,0
2004,470504,2,1,0,0,0,0,0,0,0,0,0,0
2004,470504,3,1,0,0,0,0,0,0,0,0,0,0
2004,470504,4,1,0,0,0,0,0,0,0,0,0,0
2004,470505,1,1,0,0,0,24,11,0,9,8,32,0
2004,470506,1,1,9,0,0,0,0,0,16,0,0,0
2004,470507,1,1,4,4,4,4,4,4,4,4,4,4
2004,470508,1,1,0,0,0,8,0,0,0,0,0,0
2004,470508,2,1,0,0,0,0,21,10,0,0,0,0
2004,470509,0,1,0,0,0,0,0,0,0,0,0,0
2004,470509,1,1,0,0,0,0,0,0,0,0,0,0
2004,470510,1,1,0,24,15,14,0,0,22,5,16,18
2004,470511,1,1,12,12,12,12,12,12,12,12,12,12
2004,470511,2,1,0,0,19,17,7,0,5,0,18,21
2004,470512,1,1,25,17,9,23,20,28,0,14,15,18
2004,470513,1,1,8,8,8,8,8,8,8,8,8,8
2004,470514,1,1,0,0,0,0,0,0,0,0,0,0
2004,470514,2,1,0,0,0,0,0,0,0,0,0,0
2004,470514,3,1,0,0,0,0,0,0,0,0,0,0
2004,470514,4,1,0,0,0,11,0,0,0,0,0,0
2004,470515,1,1,0,0,0,26,0,31,0,0,0,0
2004,470516,1,1,0,0,0,0,0,0,0,0,11,0
2004,470516,2,1,0,0,0,0,0,0,0,0,0,0
2004,470517,1,1,0,15,29,16,29,0,13,14,0,6
2004,470518,1,1,0,0,0,0,0,0,0,0,0,0
2004,470518,2,1,0,0,0,0,0,0,0,0,0,0
2004,470519,1,1,28,28,28,28,28,28,28,28,28,28
2004,470520,1,1,0,0,0,0,0,0,0,0,0,0
2004,470521,1,1,10,0,0,0,0,0,0,0,0,0
2004,470521,2,1,0,0,0,0,0,0,0,0,0,0
2004,470522,1,1,21,7,13,14,9,11,8,17,13,28
2004,470522,2,1,0,0,0,0,0,12,0,0,0,0
2004,470523,1,1,0,0,0,0,0,0,0,0,0,0
2004,470523,2,1,0,0,11,0,0,0,0,0,0,14
2004,470524,1,1,0,0,0,0,0,0,6,0,0,0
2004,470524,2,1,18,0,0,3,0,0,20,0,7,0
2004,470525,1,1,14,0,0,14,11,0,0,0,0,27
2004,470526,1,1,0,0,0,0,0,0,0,0,5,0
2004,470526,2,1,0,0,0,6,0,0,0,0,0,0
2004,470526,3,1,0,0,0,0,0,0,0,0,9,3
2004,470527,1,1,30,30,30,30,30,30,30,30,30,30
2004,470528,1,1,0,0,0,0,15,0,0,13,0,0
2004,470528,2,1,0,0,0,0,0,0,0,0,0,0
2004,470529,1,1,0,0,0,0,0,0,0,0,0,0
2004,470530,1,1,0,0,28,0,0,0,5,0,13,0
2004,470531,1,1,0,0,0,0,0,0,0,0,17,0
2004,470531,2,1,0,0,0,0,0,0,0,0,0,0
2004,470532,1,1,26,26,26,26,26,26,26,26,26,26
2004,470533,1,1,0,0,0,0,0,0,0,0,0,0
2004,470533,2,1,4,14,0,5,0,0,0,10,15,11
2004,470534,1,1,0,0,0,0,0,0,0,0,0,0
2004,470534,2,1,0,0,0,0,0,0,0,0,0,0
2004,470535,1,1,0,0,0,0,0,0,0,0,0,0
2004,470535,2,1,0,0,0,0,0,0,0,0,0,0
2004,470536,1,1,0,0,0,0,0,5,0,0,0,0
2004,470536,2,1,0,0,0,0,0,0,0,0,0,0
2004,470537,1,1,2,2,2,2,2,2,2,2,2,2
2004,470538,1,1,0,0,0,0,0,0,0,0,0,0
2004,470538,2,1,0,0,0,0,0,0,0,0,0,0
2004,470539,1,1,0,0,0,0,0,0,0,22,0,0
2004,470540,1,1,0,0,0,0,0,0,0,0,0,0
2004,470541,0,1,37,14,16,0,39,27,14,35,0,0
2004,470541,1,1,0,0,0,0,0,0,0,0,0,0
2004,470542,1,1,0,0,0,0,0,0,0,0,0,0
2004,470542,2,1,0,0,0,0,0,0,0,17,19,0
2004,470543,1,1,0,0,0,0,0,0,0,0,0,0
2004,470543,2,1,0,0,0,0,0,0,0,0,0,0
2004,470544,1,1,0,0,0,0,0,0,0,0,0,0
2004,470544,2,1,0,0,0,0,0,10,0,0,0,0
2004,470545,1,1,10,10,10,10,10,10,10,10,10,10
2004,470546,1,1,18,18,18,18,18,18,18,18,18,18
2004,470547,1,1,0,0,0,0,0,0,0,0,0,0
2004,470547,2,1,9,9,14,25,20,19,12,16,37,20
2004,470548,1,1,0,0,0,0,0,0,0,0,0,0
2004,470548,2,1,0,0,0,0,0,0,0,0,0,0
2004,470549,1,1,0,0,0,0,0,0,0,0,0,0
2004,470549,2,1,0,0,0,0,0,0,0,0,0,0
2004,470550,1,1,0,0,0,0,0,0,0,0,0,0
2004,470550,2,1,0,0,0,0,0,20,0,0,20,0
2004,470551,1,1,0,0,0,0,0,0,0,0,0,0
2004,470552,1,1,0,0,0,0,0,0,0,0,0,0
2004,470553,1,1,0,0,0,0,0,0,0,0,0,0
2004,470554,1,1,0,11,14,0,0,0,0,0,0,15
2004,470554,2,1,0,0,0,0,30,19,0,10,0,0
2004,470555,1,1,0,0,0,0,0,0,0,0,0,0
2004,470556,1,1,0,0,0,0,0,0,0,0,0,0
2004,470556,2,1,0,0,0,0,0,0,0,0,0,0
2004,470557,1,1,19,15,21,30,23,18,24,24,18,22
2004,470558,1,1,0,0,0,0,0,0,0,0,0,0
2004,470559,1,1,18,18,18,18,18,18,18,18,18,18
2004,470559,2,1,0,0,0,0,0,0,0,0,0,0
2004,470560,1,1,0,0,0,0,0,0,0,0,0,0
2004,470561,1,1,18,18,18,18,18,18,18,18,18,18
2004,470562,1,2,0,21,0,0,0,0,4,0,0,0
2004,470563,1,1,0,0,0,0,0,0,0,0,0,0
2004,470564,0,1,0,0,0,0,0,18,0,0,0,0
2004,470564,0,2,12,13,0,0,0,0,0,0,0,0
2004,470564,1,1,0,0,0,0,0,0,0,0,0,0
2004,470565,1,1,21,0,0,38,15,0,0,0,0,0
2004,470566,0,1,0,0,0,0,0,0,0,0,0,0
2004,470566,1,1,0,0,0,0,0,0,0,0,0,23
2004,470567,1,1,0,6,0,0,27,0,0,20,27,0
2004,470568,1,1,0,0,0,0,0,0,0,0,0,0
2004,470568,2,1,0,0,0,14,0,14,0,0,0,0
2004,470569,1,1,14,14,14,14,14,14,14,14,14,14
2004,470570,0,1,9,9,9,9,9,9,9,9,9,9
2004,470570,1,1,0,0,0,0,0,0,0,0,0,0
2004,470571,1,1,0,0,0,0,0,0,9,0,0,0
2004,470572,1,1,0,0,0,0,0,0,0,0,0,0
2004,470572,2,1,0,13,5,2,10,19,0,0,0,13
2004,470573,1,1,0,0,0,0,0,0,0,0,0,0
2004,470573,2,1,0,0,0,0,0,0,0,0,0,0
2004,470574,1,1,30,30,30,30,30,30,30,30,30,30
2004,470575,1,1,0,41,20,0,0,0,5,11,11,0
2004,470575,2,1,11,0,10,10,3,17,17,8,12,17
2004,470576,1,1,0,0,0,0,0,0,0,0,0,0
2004,470576,2,1,0,0,0,0,0,0,0,0,0,0
2004,470577,1,1,22,11,0,0,17,10,3,0,0,0
2004,470578,1,1,18,18,18,18,18,18,18,18,18,18
2004,470579,1,1,0,0,0,0,0,0,0,0,0,0
2004,470580,1,1,13,13,13,13,13,13,13,13,13,13
2004,470580,2,1,0,0,0,0,0,0,0,0,0,0
2004,470581,1,1,4,37,13,21,9,0,22,0,26,0
2004,470582,1,1,0,0,0,0,0,0,0,0,0,0
2004,470583,1,1,0,0,0,0,0,0,0,0,0,0
2004,470584,1,1,0,0,0,0,0,0,0,0,16,0
2004,470584,2,1,0,0,0,0,0,0,0,0,0,0
2004,470585,0,1,0,0,0,0,0,0,0,0,0,0
2004,470585,1,1,0,0,0,0,0,0,0,0,0,0
2004,470586,1,1,0,0,0,0,0,10,0,0,0,0
2004,470587,1,1,0,0,0,0,14,13,0,0,0,0
2004,470587,2,1,0,0,0,0,0,0,0,0,0,0
2004,470588,1,1,0,0,0,0,0,0,0,0,0,0
2004,470588,2,1,0,0,0,0,0,0,0,0,0,0
2004,470588,3,1,0,0,0,0,0,0,0,0,0,0
2004,470588,4,1,0,0,0,0,0,0,0,0,0,0
2004,470589,1,1,11,11,11,11,11,11,11,11,11,11
2004,470590,1,1,0,3,0,0,10,0,14,16,0,0
2004,470591,1,1,16,16,16,16,16,16,16,16,16,16
2004,470592,1,1,2,2,2,2,2,2,2,2,2,2
2004,470593,1,1,0,0,0,0,0,0,0,0,0,0
2004,470594,1,1,0,0,0,0,0,0,0,0,0,0
2004,470594,2,1,0,0,0,0,0,0,0,0,0,0
2004,470595,1,1,0,0,0,17,11,0,0,0,0,0
2004,470595,2,1,0,0,0,0,0,0,0,0,0,0
2004,470595,3,1,0,0,0,0,0,0,0,0,0,0
2004,470596,1,1,9,9,9,9,9,9,9,9,9,9
2004,470597,1,1,0,0,0,0,0,0,0,0,0,0
2004,470598,1,1,14,14,14,14,14,14,14,14,14,14
2004,470599,1,1,23,0,8,21,29,15,0,0,0,27
2004,470600,1,1,0,0,0,0,0,0,0,0,0,0
2004,470601,1,1,0,0,19,0,0,0,6,0,20,0
2004,470602,1,1,0,0,0,0,0,0,0,0,0,0
2004,470602,2,1,0,0,0,0,0,0,0,0,0,0
2004,470604,1,1,28,0,0,0,0,0,0,0,14,0
2004,470605,1,1,0,0,0,0,0,0,0,0,0,0
2004,470606,1,1,0,0,0,0,0,0,0,0,0,0
2004,470606,2,1,0,0,0,0,0,0,0,0,0,0
2004,470607,1,1,0,0,0,0,0,0,0,0,0,0
2004,470607,2,1,0,0,0,0,0,0,0,0,0,0
2004,470608,1,1,0,0,0,5,0,0,0,0,0,0
2004,470608,2,1,0,0,0,0,0,0,0,0,0,17
2004,470609,1,1,0,0,0,0,0,0,15,0,0,0
2004,470610,1,1,15,15,15,15,15,15,15,15,15,15
2004,470611,1,1,16,16,16,16,16,16,16,16,16,16
2004,470612,1,1,0,0,0,0,0,0,0,0,0,0
2004,470612,2,1,9,0,4,0,0,0,20,0,9,12
2004,470613,1,1,28,25,7,0,14,0,9,20,0,0
2004,470614,1,1,24,0,14,0,0,15,0,0,0,0
2004,470615,1,1,0,0,0,0,0,0,0,0,18,0
2004,470616,1,1,16,33,23,12,18,17,18,10,23,6
2004,470617,0,1,0,0,0,0,0,0,0,0,0,0
2004,470617,1,1,0,0,0,0,0,0,0,0,0,0
2004,470618,1,1,0,0,0,0,0,0,6,0,0,0
2004,470618,2,1,0,0,0,0,0,0,0,0,0,0
2004,470619,1,1,13,13,13,13,13,13,13,13,13,13
2004,470620,1,1,0,0,0,0,0,0,0,0,0,0
2004,470621,1,1,0,0,0,0,0,0,0,0,0,0
2004,470621,2,1,13,13,13,13,13,13,13,13,13,13
2004,470622,1,1,0,0,0,0,0,0,0,0,0,0
2004,470623,1,1,0,0,0,0,0,9,0,0,0,0
2004,470624,1,1,34,13,21,33,11,28,20,7,21,19
2004,470625,1,1,4,4,4,4,4,4,4,4,4,4
2004,470626,1,1,0,0,0,0,0,0,0,0,0,0
2004,470627,1,1,20,15,0,16,0,0,0,0,0,0
2004,470628,1,1,26,26,26,26,26,26,26,26,26,26
2004,470629,1,1,0,0,0,0,0,0,0,0,0,0
2004,470629,2,1,22,22,22,22,22,22,22,22,22,22
2004,470630,1,1,0,0,0,24,0,0,18,0,0,0
2004,470631,1,1,3,3,3,3,3,3,3,3,3,3
2004,470632,1,1,12,12,12,12,12,12,12,12,12,12
2004,470633,1,1,0,0,0,0,0,0,0,0,0,0
2004,470633,2,1,0,0,0,0,0,0,0,0,0,0
2004,470634,1,1,25,25,25,25,25,25,25,25,25,25
2004,470635,1,1,0,0,0,0,0,0,0,0,0,0
2004,470635,2,1,0,0,0,0,0,0,0,0,0,0
2004,470635,3,1,0,0,0,0,0,0,0,0,0,0
2004,470635,4,1,0,0,0,0,0,0,0,0,0,0
2004,470636,0,1,0,0,0,0,0,0,0,29,0,0
2004,470636,1,1,0,0,0,0,0,0,0,0,0,0
2004,470637,1,1,11,11,11,11,11,11,11,11,11,11
2004,470637,2,1,0,0,0,0,0,0,0,0,0,0
2004,470638,1,1,0,0,0,0,0,0,0,0,0,0
2004,470638,2,1,0,0,0,0,0,0,0,0,0,0
2004,470639,1,1,0,0,0,0,0,0,0,5,0,0
2004,470640,1,1,0,0,0,0,0,0,0,0,15,0
2004,470641,1,1,0,0,0,0,0,0,0,0,0,0
2004,470641,2,1,0,0,0,0,0,0,0,0,0,0
2004,470642,1,1,4,4,4,4,4,4,4,4,4,4
2004,470643,1,1,0,0,0,0,0,0,0,0,0,0
2004,470644,1,1,0,0,0,0,0,0,0,0,0,0
2004,470645,1,1,8,8,8,8,8,8,8,8,8,8
2004,470646,1,1,0,0,0,0,0,0,0,0,0,0
2004,470646,2,1,0,0,0,0,0,0,0,0,0,0
2004,470646,3,1,0,0,0,0,0,0,0,0,0,0
2004,470647,1,1,8,13,0,22,0,32,17,17,13,5
2004,470647,2,1,0,0,0,0,0,0,9,4,0,0
2004,470648,1,1,0,0,0,0,0,0,0,0,0,0
2004,470648,2,1,0,0,0,19,0,0,0,0,0,0
2004,470649,0,1,0,9,0,0,7,4,0,7,0,0
2004,470649,1,1,15,12,12,0,10,15,26,16,15,18
2004,470650,1,1,0,0,0,0,0,0,0,0,0,0
2004,470650,2,1,0,0,0,0,0,0,0,0,0,0
2004,470651,1,1,22,0,27,0,0,0,0,0,0,0
2004,470651,2,1,0,0,0,0,0,0,0,0,0,0
2004,470652,1,1,0,7,0,0,0,0,0,11,0,12
2004,470652,2,1,0,0,0,0,0,0,0,0,0,0
2004,470653,1,1,0,0,0,0,0,0,0,0,0,0
2004,470654,1,1,0,0,0,0,0,0,0,0,0,0
2004,470654,2,1,0,0,0,0,0,0,0,0,0,0
2004,470654,3,1,0,0,0,0,0,0,0,0,0,0
2004,470655,1,1,22,15,7,7,21,22,0,33,17,9
2004,470656,1,1,20,20,20,20,20,20,20,20,20,20
2004,470657,1,1,0,0,0,11,0,0,0,0,0,0
2004,470657,2,1,0,0,0,0,0,0,0,0,0,0
2004,470658,1,1,0,0,0,3,9,13,12,17,0,12
2004,470658,2,1,0,0,0,0,0,0,0,0,0,0
2004,470659,1,1,0,0,0,0,0,0,0,0,0,30
2004,470660,1,1,0,0,0,0,0,0,0,0,0,0
2004,470660,2,1,0,0,0,0,0,0,0,0,0,0
2004,470660,3,1,0,0,0,0,0,0,0,0,0,0
2004,470661,1,1,0,0,0,0,0,0,0,0,0,0
2004,470662,0,1,10,0,13,14,0,4,0,9,0,0
2004,470662,1,1,5,5,5,5,5,5,5,5,5,5
2004,470663,1,1,13,13,13,13,13,13,13,13,13,13
2004,470663,2,1,0,0,0,0,0,0,0,0,0,0
2004,470665,1,1,0,0,0,0,0,0,0,0,0,0
2004,470665,2,1,0,0,0,0,0,0,0,0,0,0
2004,470667,1,1,0,0,0,0,0,0,24,0,0,0
2004,470667,2,1,0,0,0,0,0,0,0,0,0,0
2004,470668,1,1,0,0,0,0,0,0,0,0,0,0
2004,470669,1,1,18,20,42,0,22,30,20,12,0,11
2004,470669,2,1,0,0,0,0,0,0,0,0,0,0
2004,470670,1,1,0,17,29,0,0,20,0,0,22,0
2004,470671,1,1,0,15,16,6,0,11,6,5,16,17
2004,470672,1,1,24,24,24,24,24,24,24,24,24,24
2004,470673,1,1,0,0,0,0,0,0,0,0,0,0
2004,470673,2,1,0,0,0,0,0,0,0,0,0,0
2004,470674,1,1,0,0,0,0,0,0,0,0,0,0
2004,470674,2,1,0,0,0,0,0,0,0,0,0,0
2004,470675,0,1,24,24,24,24,24,24,24,24,24,24
2004,470675,1,1,0,0,0,0,0,0,0,0,0,0
2004,470677,1,1,0,0,0,0,0,0,0,0,0,0
2004,470677,2,1,0,0,0,0,0,0,0,0,0,0
2004,470678,1,1,0,0,0,0,0,0,0,0,0,0
2004,470678,2,1,0,0,0,0,0,0,0,0,0,0
2004,470679,0,1,0,24,0,0,0,39,0,0,0,0
2004,470679,1,1,0,0,0,22,0,0,0,0,0,19
2004,470680,1,1,0,0,0,0,0,0,0,0,0,0
2004,470680,2,1,0,0,0,0,0,0,0,0,0,0
2004,470680,3,1,0,0,0,0,0,0,0,0,0,0
2004,470681,1,1,12,12,12,12,12,12,12,12,12,12
2004,470682,1,1,8,8,8,8,8,8,8,8,8,8
2004,470683,1,1,7,0,0,0,0,0,0,0,0,0
2004,470683,2,1,0,0,0,0,0,14,0,0,0,0
2004,470683,3,1,0,0,0,0,0,0,0,0,0,0
2004,470684,1,1,0,0,0,0,0,0,0,0,0,0
2004,470685,1,1,0,0,0,0,0,0,0,0,0,0
2004,470685,2,1,0,0,0,0,0,0,0,0,0,0
2004,470686,1,1,0,0,26,0,0,0,0,0,0,0
2004,470687,1,1,15,32,24,21,13,29,21,11,15,6
2004,470688,0,1,41,34,17,33,21,31,33,33,13,27
2004,470688,1,1,0,0,0,0,0,0,0,0,0,0
2004,470689,1,1,0,0,0,0,0,0,0,0,0,0
2004,470689,2,1,0,0,0,0,0,0,0,0,0,0
2004,470690,1,1,0,0,0,0,0,0,0,0,0,0
2004,470690,2,1,0,0,0,0,0,0,0,0,0,0
2004,470690,3,1,0,0,0,0,0,0,0,0,0,0
2004,470691,1,1,0,24,33,16,40,0,0,19,0,10
2004,470692,1,1,9,9,9,9,9,9,9,9,9,9
2004,470692,2,1,0,0,0,0,0,0,0,0,0,0
2004,470693,1,1,0,0,0,0,6,10,21,12,8,14
2004,470694,1,1,28,28,28,28,28,28,28,28,28,28
2004,470696,1,1,0,0,0,0,0,0,0,0,0,0
2004,470696,2,1,0,0,0,0,0,0,0,0,0,0
2004,470696,3,1,0,0,0,0,0,0,0,0,0,0
2004,470697,0,1,0,0,0,0,0,18,0,0,0,0
2004,470697,1,1,0,0,0,0,8,16,0,0,0,0
2004,470697,2,1,0,9,0,0,0,0,0,0,0,0
2004,470698,1,1,0,0,0,0,0,0,0,0,0,0
2004,470699,1,1,0,0,0,0,0,0,0,0,0,0
2004,470700,1,1,19,19,19,19,19,19,19,19,19,19
2004,470701,1,1,8,23,18,18,16,23,20,27,23,21
2004,470702,1,1,0,0,0,0,0,0,0,0,0,0
2004,470702,2,1,0,0,0,0,0,0,0,0,0,0
2004,470703,1,1,10,10,10,10,10,10,10,10,10,10
2004,470704,1,1,19,18,0,9,13,9,33,21,26,24
2004,470704,2,1,0,0,0,0,0,0,0,0,0,0
2004,470705,1,1,23,23,23,23,23,23,23,23,23,23
2004,470706,1,1,0,0,0,0,0,0,0,0,0,0
2004,470706,2,1,0,0,0,0,0,0,0,0,8,0
2004,470707,1,1,0,0,0,0,0,0,0,0,0,0
2004,470708,1,1,6,0,0,25,19,5,14,18,10,20
2004,470709,1,1,16,16,16,16,16,16,16,16,16,16
2004,470709,2,1,0,0,0,0,0,0,0,0,0,0
2004,470710,1,1,0,0,0,0,0,0,0,0,0,0
2004,470711,1,1,0,0,0,0,0,0,0,0,0,0
2004,470711,2,1,0,0,0,0,0,0,0,0,0,0
2004,470711,3,1,0,0,0,0,0,0,0,0,0,0
2004,470711,4,1,0,0,0,0,0,0,0,0,0,0
2004,470711,5,1,0,0,0,0,0,0,0,0,0,0
2004,470711,6,1,0,0,0,0,12,0,0,0,0,0
2004,470712,1,1,0,0,8,0,0,0,0,0,9,9
2004,470713,1,1,26,26,26,26,26,26,26,26,26,26
2004,470714,0,1,0,0,0,0,0,0,12,0,0,0
2004,470714,1,1,0,0,0,0,0,0,0,0,11,0
2004,470715,1,1,0,3,0,0,0,0,0,0,0,0
2004,470715,2,1,0,0,0,0,0,0,0,0,0,0
2004,470716,0,1,21,0,0,0,10,0,15,0,0,0
2004,470716,1,1,0,0,0,0,0,0,0,0,0,0
2004,470717,1,1,4,4,4,4,4,4,4,4,4,4
2004,470718,0,1,0,31,0,18,17,0,7,0,17,22
2004,470718,1,1,0,0,0,0,0,0,0,0,0,0
2004,470719,1,1,21,7,0,0,3,15,0,0,12,0
2004,470719,2,1,0,0,0,0,0,0,0,0,0,0
2004,470720,1,1,0,0,0,0,0,0,0,5,0,11
2004,470721,1,1,0,0,0,0,0,0,0,0,0,0
2004,470722,1,1,0,0,0,0,0,0,0,0,0,0
2004,470722,2,1,0,0,0,0,0,0,0,0,0,0
2004,470723,1,1,8,8,8,8,8,8,8,8,8,8
2004,470724,1,1,0,0,0,0,0,0,0,0,0,0
2004,470724,2,1,0,0,0,0,0,0,0,27,0,0
2004,470725,1,1,0,0,0,0,0,0,0,0,0,0
2004,470726,1,1,41,41,41,41,41,41,41,41,41,41
2004,470727,1,1,14,0,0,23,14,0,0,21,15,0
2004,470728,1,1,11,14,11,8,37,22,9,14,14,13
2004,470728,2,1,15,0,0,0,16,0,0,0,0,0
2004,470729,1,1,0,0,0,0,0,0,0,0,0,0
2004,470729,2,1,0,0,0,0,0,0,0,0,0,0