YEAR,ST_CASE,veh_no,per_no,P1,P2,P3,P4,P5,P6,P7,P8,P9,P10
2004,470730,1,1,18,18,18,18,18,18,18,18,18,18
2004,470731,1,1,14,14,14,14,14,14,14,14,14,14
2004,470732,1,1,25,25,25,25,25,25,25,25,25,25
2004,470733,1,1,0,0,0,0,0,0,0,0,16,0
2004,470733,2,1,0,12,0,0,0,0,0,0,0,0
2004,470733,3,1,0,0,0,0,0,0,0,0,0,0
2004,470734,1,1,0,0,0,0,0,0,0,0,0,0
2004,470734,2,1,0,0,0,0,0,0,0,0,0,0
2004,470735,1,1,0,0,0,0,0,0,0,0,0,0
2004,470735,2,1,0,16,0,0,0,27,0,49,0,0
2004,470736,1,1,0,0,0,12,0,0,0,0,0,0
2004,470736,2,1,0,0,0,0,0,0,0,0,0,0
2004,470737,1,1,29,29,29,29,29,29,29,29,29,29
2004,470738,1,1,11,11,11,11,11,11,11,11,11,11
2004,470739,1,1,0,0,0,0,0,0,0,0,0,0
2004,470739,2,1,0,0,0,0,0,0,0,0,12,0
2004,470740,0,1,31,0,10,0,0,13,0,24,0,0
2004,470740,1,1,0,0,0,0,0,0,0,0,0,0
2004,470740,2,1,0,0,0,0,0,0,21,0,0,0
2004,470741,1,1,0,0,0,0,0,0,0,0,0,0
2004,470741,2,1,0,0,0,0,0,0,10,0,0,0
2004,470742,1,1,0,0,0,0,0,0,0,0,0,0
2004,470743,1,1,2,2,2,2,2,2,2,2,2,2
2004,470744,1,1,18,18,18,18,18,18,18,18,18,18
2004,470745,1,1,30,30,30,30,30,30,30,30,30,30
2004,470745,2,1,0,0,0,0,0,0,0,0,0,0
2004,470745,3,1,0,0,0,0,0,0,0,0,0,0
2004,470746,1,1,18,18,18,18,18,18,18,18,18,18
2004,470747,1,1,24,24,24,24,24,24,24,24,24,24
2004,470747,2,1,0,0,0,0,0,0,0,0,0,0
2004,470748,1,1,13,25,34,0,17,24,14,9,28,17
2004,470749,1,1,3,3,3,3,3,3,3,3,3,3
2004,470750,1,1,0,13,0,0,0,7,33,0,9,8
2004,470751,1,1,5,0,0,0,0,8,0,5,2,18
2004,470752,1,1,16,18,15,14,17,25,28,23,22,21
2004,470753,1,1,19,19,19,19,19,19,19,19,19,19
2004,470753,2,1,0,0,0,0,0,0,0,31,0,0
2004,470754,1,1,23,30,11,23,6,47,17,26,21,37
2004,470755,1,1,31,32,13,17,8,10,0,18,21,34
2004,470757,1,1,0,0,0,0,0,0,11,0,0,0
2004,470758,1,1,0,30,0,4,21,16,0,0,12,21
2004,470759,1,1,24,24,24,24,24,24,24,24,24,24
2004,470760,1,1,0,0,0,0,0,0,0,0,0,0
2004,470761,1,1,0,0,0,0,0,0,0,0,0,0
2004,470761,2,1,0,0,0,0,0,0,0,0,0,0
2004,470761,3,1,0,0,0,0,0,0,0,0,0,0
2004,470762,1,1,8,8,8,8,8,8,8,8,8,8
2004,470762,2,1,0,0,0,0,0,0,0,0,0,0
2004,470763,1,1,0,0,0,0,0,0,0,0,0,0
2004,470763,2,1,0,0,0,0,0,0,0,0,0,0
2004,470764,1,1,0,0,0,0,0,0,0,0,0,0
2004,470765,1,1,9,0,0,0,0,0,0,0,0,14
2004,470766,0,1,9,0,0,0,0,24,17,41,17,19
2004,470766,1,1,0,0,0,0,0,0,0,0,0,0
2004,470767,1,1,21,7,15,0,0,8,0,36,0,10
2004,470768,1,1,23,9,0,15,0,31,0,22,24,23
2004,470769,1,1,4,4,4,4,4,4,4,4,4,4
2004,470770,1,1,0,0,0,0,0,0,0,0,0,0
2004,470770,2,1,0,0,0,0,0,0,0,0,0,0
2004,470771,1,1,0,6,0,0,0,0,0,0,0,0
2004,470771,2,1,0,0,0,0,0,0,0,4,0,0
2004,470771,3,1,5,0,0,0,0,0,0,0,0,0
2004,470772,1,1,0,0,0,0,0,0,0,0,0,0
2004,470773,1,1,0,0,0,0,0,0,0,0,0,0
2004,470773,2,1,0,0,9,0,0,0,0,0,0,0
2004,470774,0,1,0,0,0,0,0,0,0,0,0,0
2004,470774,1,1,0,0,0,0,0,0,0,0,0,0
2004,470775,1,1,0,0,0,0,0,0,0,0,0,0
2004,470775,2,1,0,0,0,0,0,0,0,0,0,0
2004,470776,1,1,0,0,0,0,0,0,0,0,0,0
2004,470776,2,1,0,0,0,0,0,0,0,0,0,0
2004,470777,1,1,37,29,27,14,7,11,3,0,21,20
2004,470778,1,1,16,13,16,24,12,29,16,14,17,0
2004,470779,1,1,0,0,9,0,0,10,0,0,0,0
2004,470780,1,1,0,0,0,0,0,0,0,0,5,0
2004,470780,2,1,0,0,0,0,0,0,0,0,0,0
2004,470781,1,1,0,0,0,0,0,0,0,0,0,0
2004,470782,1,1,0,0,0,0,0,0,0,0,0,0
2004,470782,2,1,17,0,8,0,0,0,0,0,0,0
2004,470783,1,1,0,0,0,0,22,18,0,0,20,12
2004,470784,1,1,25,0,0,0,9,0,0,0,0,0
2004,470784,2,1,0,0,0,0,0,0,0,0,0,0
2004,470785,1,1,3,0,0,0,0,13,0,0,0,0
2004,470786,1,1,0,0,0,0,0,0,0,0,0,0
2004,470786,2,1,0,0,0,0,0,0,0,0,0,0
2004,470787,1,1,0,0,0,0,0,0,0,0,0,0
2004,470787,2,1,0,7,0,0,0,0,0,0,0,0
2004,470788,1,1,0,0,0,0,0,0,0,0,0,0
2004,470789,1,1,0,0,0,0,0,0,0,0,0,0
2004,470789,2,1,0,0,0,0,0,0,0,0,0,0
2004,470790,1,1,0,0,0,22,0,0,0,0,0,0
2004,470790,2,1,0,0,0,0,0,0,0,0,0,0
2004,470791,1,1,0,0,0,0,0,0,0,0,0,0
2004,470791,2,1,0,0,11,0,0,0,0,5,28,0
2004,470792,1,1,0,0,0,0,0,0,0,0,0,0
2004,470792,2,1,0,0,0,0,0,0,0,0,0,0
2004,470793,1,1,0,0,8,14,0,0,0,0,0,0
2004,470794,1,1,37,37,37,37,37,37,37,37,37,37
2004,470795,1,1,27,27,27,27,27,27,27,27,27,27
2004,470796,1,1,0,0,0,0,0,0,0,15,0,0
2004,470796,2,1,11,11,11,11,11,11,11,11,11,11
2004,470797,1,1,0,0,0,0,0,0,0,0,0,0
2004,470799,1,1,12,12,12,12,12,12,12,12,12,12
2004,470800,1,1,16,16,16,16,16,16,16,16,16,16
2004,470801,1,1,0,0,0,0,0,0,0,0,0,0
2004,470801,2,1,0,0,0,0,0,0,0,0,0,0
2004,470802,1,1,15,15,15,15,15,15,15,15,15,15
2004,470803,1,1,11,11,11,11,11,11,11,11,11,11
2004,470804,1,1,3,3,3,3,3,3,3,3,3,3
2004,470805,1,1,0,0,0,0,0,0,0,0,0,0
2004,470806,1,1,26,0,20,17,36,0,0,5,14,20
2004,470807,1,1,0,0,0,14,0,0,0,0,0,0
2004,470808,0,1,2,2,2,2,2,2,2,2,2,2
2004,470808,1,1,0,0,0,0,0,0,0,0,0,0
2004,470809,0,1,19,21,16,14,4,15,23,5,0,24
2004,470809,1,1,0,0,0,0,0,0,0,0,0,0
2004,470811,1,1,0,0,0,0,0,0,0,0,0,0
2004,470811,2,1,0,0,0,0,0,0,0,0,0,0
2004,470812,1,1,16,16,16,16,16,16,16,16,16,16
2004,470813,1,1,12,0,0,0,0,0,0,0,0,0
2004,470813,2,1,0,0,0,0,0,0,0,0,0,0
2004,470813,3,1,0,0,0,0,0,0,0,0,0,0
2004,470814,1,1,14,14,23,12,24,8,11,39,35,10
2004,470815,1,1,0,0,0,0,0,0,0,0,0,0
2004,470816,1,1,0,0,0,0,0,0,0,0,0,0
2004,470816,2,1,0,0,0,0,0,0,0,0,0,0
2004,470816,3,1,0,19,0,0,0,0,0,0,34,0
2004,470817,1,1,0,0,0,0,0,0,0,0,0,0
2004,470817,2,1,0,0,0,0,0,13,0,0,0,0
2004,470817,3,1,0,0,0,0,0,0,13,0,0,0
2004,470818,1,1,0,0,0,0,0,0,0,0,0,0
2004,470818,2,1,0,0,0,0,0,0,0,0,0,0
2004,470819,1,1,0,0,0,0,0,0,0,0,0,0
2004,470819,2,1,0,5,0,0,0,0,0,0,0,0
2004,470820,1,1,0,20,19,0,20,0,0,0,0,14
2004,470821,1,1,0,0,0,0,0,0,0,0,0,0
2004,470821,2,1,0,0,25,0,0,0,0,11,0,0
2004,470822,1,1,16,16,16,16,16,16,16,16,16,16
2004,470823,1,1,0,0,0,18,24,0,0,0,0,15
2004,470824,1,1,16,18,0,23,0,22,27,0,10,4
2004,470825,1,1,24,24,24,24,24,24,24,24,24,24
2004,470826,1,1,15,13,26,14,18,6,0,17,27,9
2004,470827,1,1,6,0,28,16,16,11,0,41,16,12
2004,470828,1,1,0,0,3,8,0,0,0,0,0,0
2004,470828,2,1,0,0,0,0,0,0,0,0,0,0
2004,470830,1,1,0,0,0,24,0,0,0,0,0,0
2004,470830,2,1,0,0,0,0,0,0,0,13,0,0
2004,470831,1,1,0,0,0,0,0,0,0,0,0,0
2004,470831,2,1,0,0,0,0,0,0,0,0,0,0
2004,470832,1,1,0,0,0,0,0,0,0,0,0,0
2004,470833,1,1,0,0,0,0,0,0,0,0,0,0
2004,470833,2,1,0,0,0,0,0,0,0,0,0,0
2004,470834,1,1,0,0,0,0,0,0,0,0,0,0
2004,470834,2,1,0,0,0,0,0,0,0,0,0,0
2004,470834,3,1,0,0,0,0,0,0,0,0,0,0
2004,470834,4,1,0,0,0,0,0,0,0,0,0,0
2004,470835,1,1,0,0,0,0,0,0,0,0,0,0
2004,470836,1,1,0,0,0,11,0,0,0,0,0,0
2004,470836,2,1,11,0,0,0,0,0,0,0,0,0
2004,470837,1,1,18,21,30,19,42,10,22,0,0,14
2004,470838,1,1,0,0,0,0,0,0,0,0,0,0
2004,470838,2,1,0,0,0,0,0,24,0,0,0,0
2004,470839,1,1,11,11,11,11,11,11,11,11,11,11
2004,470840,1,1,26,26,26,26,26,26,26,26,26,26
2004,470841,1,1,0,0,0,0,0,0,0,0,0,0
2004,470841,2,1,0,0,0,0,19,0,0,0,0,0
2004,470842,1,1,0,0,0,0,0,0,0,17,0,0
2004,470843,1,1,10,10,10,10,10,10,10,10,10,10
2004,470844,1,1,0,0,0,0,0,0,0,0,0,0
2004,470845,1,1,16,16,16,16,16,16,16,16,16,16
2004,470845,2,1,7,13,5,8,12,10,11,16,14,27
2004,470846,1,1,21,21,21,21,21,21,21,21,21,21
2004,470846,2,1,0,0,0,0,0,0,0,0,0,0
2004,470847,1,1,0,0,0,0,0,0,0,0,0,0
2004,470847,2,1,0,0,0,0,0,0,0,0,0,0
2004,470848,1,1,0,0,0,0,0,0,0,0,0,0
2004,470848,2,1,0,0,0,0,0,0,0,0,0,0
2004,470849,1,1,0,0,0,0,0,0,0,0,0,0
2004,470850,1,1,0,0,0,0,0,0,0,0,0,0
2004,470850,2,1,0,0,0,0,0,0,0,0,0,0
2004,470851,1,1,0,0,0,0,0,0,0,0,0,0
2004,470851,2,1,0,0,0,0,0,0,0,0,0,0
2004,470852,1,1,0,0,0,0,0,0,0,0,0,0
2004,470852,2,1,0,0,0,0,0,0,0,0,0,0
2004,470853,1,1,0,0,0,0,0,0,0,0,0,0
2004,470854,1,1,0,0,0,0,0,0,0,0,0,0
2004,470854,2,1,17,15,0,12,25,11,22,25,38,11
2004,470855,1,1,0,0,0,0,0,0,0,0,0,0
2004,470855,2,1,0,0,0,0,0,0,0,0,0,0
2004,470856,0,1,0,0,0,0,0,0,0,0,0,0
2004,470857,1,1,21,0,0,0,2,0,0,0,23,0
2004,470857,2,1,0,0,0,0,0,0,0,0,0,0
2004,470858,1,1,0,0,0,0,0,0,0,0,0,0
2004,470859,0,1,0,0,0,0,19,0,0,0,0,6
2004,470859,1,1,0,0,0,38,0,0,0,0,0,0
2004,470860,1,1,8,0,13,23,0,15,0,21,14,9
2004,470861,1,1,0,0,0,0,0,0,0,0,0,0
2004,470862,1,1,0,0,0,0,0,0,0,0,0,0
2004,470862,2,1,0,0,0,0,0,0,0,0,0,0
2004,470863,1,1,23,0,26,23,0,6,9,24,16,31
2004,470864,1,1,0,0,0,0,0,0,0,0,0,0
2004,470865,1,1,0,0,0,0,0,0,0,0,0,0
2004,470865,2,1,0,0,0,0,0,0,0,0,0,0
2004,470866,1,1,0,0,0,0,0,0,0,0,0,0
2004,470866,2,1,0,0,0,0,0,0,0,0,0,0
2004,470867,1,1,13,0,0,0,32,9,12,11,0,22
2004,470868,1,1,0,0,0,0,0,0,0,0,0,0
2004,470868,2,1,0,18,0,0,0,0,0,0,0,0
2004,470869,1,1,0,0,0,0,0,0,0,0,0,0
2004,470869,2,1,0,0,0,0,0,0,0,0,0,0
2004,470869,3,1,0,0,0,0,0,0,0,0,0,0
2004,470870,1,1,15,15,15,15,15,15,15,15,15,15
2004,470871,1,1,4,4,4,4,4,4,4,4,4,4
2004,470872,1,1,0,0,0,0,7,0,0,0,0,0
2004,470872,2,1,12,0,0,0,0,9,0,14,0,0
2004,470873,1,1,0,0,0,0,0,0,0,0,0,0
2004,470874,1,1,19,19,19,19,19,19,19,19,19,19
2004,470875,1,1,14,0,0,20,17,0,20,14,0,0
2004,470876,1,1,0,15,11,14,29,13,14,25,18,12
2004,470877,1,1,0,0,0,0,0,0,0,0,0,0
2004,470877,2,1,0,0,0,0,0,0,0,0,0,0
2004,470878,1,1,11,6,7,0,21,11,0,0,21,17
2004,470879,1,1,46,46,46,46,46,46,46,46,46,46
2004,470879,2,1,0,0,0,0,0,0,0,0,0,0
2004,470879,3,1,0,0,0,0,0,0,0,0,0,0
2004,470880,0,1,11,0,0,19,0,0,35,0,0,0
2004,470880,1,1,0,0,0,0,0,0,0,0,0,0
2004,470881,1,1,0,0,0,0,0,0,0,0,0,0
2004,470881,2,1,0,0,0,0,15,0,0,0,0,0
2004,470882,1,1,0,0,0,0,0,0,0,0,0,0
2004,470882,2,1,0,0,15,0,0,0,0,0,0,0
2004,470883,1,1,15,15,15,15,15,15,15,15,15,15
2004,470884,1,1,0,0,0,0,0,0,0,0,0,0
2004,470884,2,1,0,0,0,0,0,0,12,0,0,0
2004,470885,1,1,0,0,0,0,0,0,0,0,0,0
2004,470886,1,1,0,0,0,19,0,15,0,0,9,0
2004,470886,2,1,14,8,26,10,23,8,29,13,16,30
2004,470887,1,1,0,0,0,0,0,0,0,0,0,0
2004,470888,1,1,0,0,0,0,0,0,0,0,0,0
2004,470888,2,1,0,0,0,0,4,0,0,0,0,25
2004,470889,1,1,8,23,12,24,21,34,25,19,6,7
2004,470890,1,1,0,0,0,0,0,0,0,0,0,0
2004,470890,2,1,0,0,0,23,0,0,0,0,0,0
2004,470891,1,1,0,0,0,0,0,0,0,0,0,0
2004,470891,2,1,0,0,0,0,0,0,0,0,0,0
2004,470891,3,1,0,0,0,0,0,0,0,0,0,0
2004,470891,4,1,0,0,0,0,0,0,0,0,0,0
2004,470892,1,1,0,0,0,0,0,0,0,0,0,0
2004,470892,2,1,0,0,0,0,0,0,0,0,0,0
2004,470892,3,1,0,0,0,0,0,0,0,0,0,0
2004,470893,1,1,0,0,0,0,0,0,0,0,0,0
2004,470893,2,1,0,0,0,0,0,0,0,0,0,0
2004,470894,1,1,0,0,0,0,0,0,0,0,0,0
2004,470894,2,1,0,0,0,0,0,0,0,0,0,0
2004,470895,1,1,0,0,0,0,0,0,13,0,0,0
2004,470896,1,1,0,0,0,0,0,0,0,0,0,0
2004,470897,1,4,0,28,26,0,0,15,0,0,18,24
2004,470898,1,1,5,25,10,21,20,16,34,9,16,15
2004,470899,1,1,0,0,7,0,0,0,0,0,0,0
2004,470900,1,1,31,40,18,0,11,15,11,28,14,19
2004,470901,1,1,28,0,39,10,9,6,14,17,0,30
2004,470903,1,1,0,0,0,0,0,0,0,0,0,0
2004,470904,1,1,6,6,6,6,6,6,6,6,6,6
2004,470905,1,1,0,0,0,0,0,0,0,0,0,0
2004,470905,2,1,0,0,0,0,0,0,15,0,0,0
2004,470906,1,1,25,25,25,25,25,25,25,25,25,25
2004,470906,2,1,0,0,23,0,0,0,0,0,3,0
2004,470907,1,1,0,0,0,0,0,0,0,0,0,0
2004,470908,1,1,0,0,0,0,0,0,0,0,0,0
2004,470908,2,1,0,0,0,0,0,0,0,0,0,0
2004,470909,1,1,0,0,0,0,0,0,0,0,0,0
2004,470909,2,1,0,0,0,0,0,0,0,0,0,0
2004,470910,1,1,16,21,10,14,15,14,19,8,13,22
2004,470911,1,1,0,0,0,0,0,0,0,0,0,18
2004,470911,2,1,0,0,0,0,0,0,0,0,0,0
2004,470912,1,1,5,5,5,5,5,5,5,5,5,5
2004,470912,2,1,0,0,0,3,0,0,0,0,0,0
2004,470913,1,1,11,11,11,11,11,11,11,11,11,11
2004,470914,1,1,15,15,15,15,15,15,15,15,15,15
2004,470915,1,1,23,23,23,23,23,23,23,23,23,23
2004,470916,1,1,14,0,0,10,17,0,0,28,18,0
2004,470917,1,1,0,0,0,0,8,0,0,0,0,0
2004,470917,2,1,0,0,4,0,0,0,0,0,0,0
2004,470918,1,1,0,18,0,12,19,5,0,0,12,0
2004,470919,1,1,0,0,0,0,0,0,0,0,0,0
2004,470919,2,1,0,10,0,0,0,0,0,0,9,0
2004,470920,1,1,0,0,0,0,0,0,0,0,0,0
2004,470921,1,1,0,10,0,20,0,8,0,0,0,0
2004,470921,2,1,0,0,0,0,0,0,7,0,0,0
2004,470922,1,1,0,0,0,0,0,0,0,0,0,11
2004,470922,2,1,0,0,0,0,0,0,0,0,0,0
2004,470923,1,1,9,9,9,9,9,9,9,9,9,9
2004,470924,1,1,23,0,22,26,14,24,0,18,19,0
2004,470925,1,1,0,0,0,0,0,0,0,0,0,0
2004,470925,2,1,0,0,0,0,0,0,0,0,0,0
2004,470925,3,1,0,0,0,0,0,0,0,0,0,0
2004,470926,1,1,0,0,0,0,0,0,0,0,0,0
2004,470926,2,1,0,0,0,0,0,0,0,0,0,0
2004,470927,1,1,0,0,0,0,0,0,0,0,0,0
2004,470927,2,1,0,10,11,15,12,0,23,0,0,0
2004,470928,1,1,24,0,0,0,3,0,0,0,0,0
2004,470928,2,1,0,0,0,23,0,0,0,0,0,0
2004,470928,3,1,0,0,0,0,0,0,0,0,0,0
2004,470929,1,1,0,0,0,0,0,0,0,0,0,0
2004,470929,2,1,0,0,0,0,0,0,0,0,0,0
2004,470930,1,1,0,0,0,0,0,0,0,0,0,0
2004,470931,1,1,0,0,0,0,0,0,0,0,0,0
2004,470931,2,1,0,0,0,0,0,0,0,0,0,0
2004,470931,3,1,0,0,0,0,0,0,0,0,0,0
2004,470932,0,1,0,0,0,0,0,0,0,0,0,0
2004,470932,1,1,0,0,0,0,0,0,0,0,0,0
2004,470933,1,1,26,11,18,23,19,9,0,23,19,12
2004,470934,1,1,0,0,0,0,0,0,0,0,0,0
2004,470934,2,1,0,0,0,0,0,0,0,0,0,0
2004,470934,3,1,0,0,0,0,0,0,0,0,0,0
2004,470934,4,1,0,0,0,0,0,0,0,0,0,0
2004,470935,1,1,25,0,26,18,17,24,13,12,19,0
2004,470935,2,1,0,0,0,0,0,0,0,0,0,0
2004,470936,1,1,0,0,0,0,0,0,0,0,0,0
2004,470936,2,1,0,0,0,0,0,0,0,0,0,0
2004,470936,3,1,0,0,0,0,0,0,0,0,0,0
2004,470937,0,1,13,13,13,13,13,13,13,13,13,13
2004,470937,1,1,0,0,0,0,0,0,0,0,0,0
2004,470940,1,1,0,0,0,0,0,0,0,0,0,0
2004,470940,2,1,0,0,0,0,0,0,0,0,0,0
2004,470941,1,1,0,10,15,0,22,6,0,28,0,15
2004,470942,1,1,0,0,0,0,0,0,0,0,0,0
2004,470943,1,1,28,0,22,14,15,14,20,19,18,16
2004,470944,1,1,0,0,0,0,0,0,0,0,0,0
2004,470944,2,1,17,0,0,0,0,0,0,0,0,0
2004,470945,1,1,2,2,2,2,2,2,2,2,2,2
2004,470945,2,1,7,0,0,0,0,0,0,0,0,0
2004,470946,1,1,0,0,0,0,0,0,0,0,0,0
2004,470946,2,1,0,0,0,0,0,0,0,0,0,0
2004,470947,1,1,0,0,30,15,0,20,22,0,29,0
2004,470947,2,1,0,0,0,0,0,0,0,0,0,0
2004,470948,1,1,0,0,0,0,0,0,0,0,0,0
2004,470949,1,1,0,0,0,0,0,0,0,0,0,0
2004,470949,2,1,0,0,0,0,0,0,0,0,0,0
2004,470950,1,1,0,0,0,0,0,0,0,0,0,0
2004,470950,2,1,0,0,0,0,0,0,0,0,0,0
2004,470951,1,1,0,0,0,0,0,0,0,0,0,0
2004,470951,2,1,0,0,0,0,0,0,0,0,0,0
2004,470952,1,1,0,0,0,0,0,0,0,0,13,0
2004,470953,1,1,14,14,14,14,14,14,14,14,14,14
2004,470954,1,1,0,19,0,0,0,0,0,0,0,0
2004,470955,1,1,30,14,15,17,22,14,17,14,11,15
2004,470956,1,1,5,13,13,11,15,33,13,12,10,19
2004,470957,0,1,0,0,22,17,0,0,0,0,17,0
2004,470957,1,1,0,0,0,0,0,0,0,0,0,0
2004,470957,2,1,0,0,0,0,0,0,0,0,0,0
2004,470958,1,1,0,0,0,0,0,0,0,0,0,0
2004,470958,2,1,0,0,0,22,0,0,0,0,0,0
2004,470959,1,1,19,0,21,22,0,0,0,17,0,21
2004,470960,1,1,15,18,0,24,14,6,7,27,14,28
2004,470961,1,1,0,0,0,0,0,0,0,0,0,0
2004,470961,2,1,0,0,0,0,0,0,0,0,0,0
2004,470962,1,1,0,0,0,0,0,0,0,0,0,0
2004,470963,1,1,0,0,0,0,0,0,0,0,0,0
2004,470964,1,1,0,0,0,0,0,0,0,0,0,0
2004,470964,2,1,0,0,0,0,0,0,0,0,0,0
2004,470965,1,1,0,0,0,2,0,0,0,0,0,0
2004,470967,1,1,0,0,0,0,0,0,0,0,0,0
2004,470967,2,1,1,1,1,1,1,1,1,1,1,1
2004,470968,0,1,0,0,0,0,0,0,14,0,0,0
2004,470968,1,1,0,0,0,0,0,0,0,0,0,0
2004,470969,1,1,0,0,0,0,0,23,0,0,0,0
2004,470970,1,1,0,0,0,0,0,0,0,0,0,0
2004,470970,2,1,0,0,0,0,0,0,0,0,0,0
2004,470971,1,1,0,0,0,0,0,0,0,0,0,0
2004,470971,2,1,0,0,0,0,0,0,0,0,0,0
2004,470971,3,1,0,0,0,0,0,0,0,0,0,0
2004,470971,4,1,0,0,0,0,0,0,0,0,0,0
2004,470971,5,1,0,0,0,0,0,0,0,0,0,0
2004,470972,1,1,0,0,0,0,0,0,0,0,0,0
2004,470972,2,1,0,0,22,0,0,0,0,23,0,0
2004,470974,1,1,0,0,0,0,0,0,0,0,0,0
2004,470975,1,1,0,0,16,0,0,0,0,0,0,0
2004,470976,1,1,0,0,0,3,0,0,13,0,13,0
2004,470976,2,1,0,0,0,0,25,0,0,0,0,0
2004,470977,1,1,0,0,0,26,0,5,0,5,0,0
2004,470978,1,1,0,0,0,0,0,0,0,0,0,0
2004,470978,2,1,0,0,0,0,0,0,0,0,0,0
2004,470979,1,1,0,0,0,0,0,0,0,0,0,0
2004,470979,2,1,0,0,0,0,0,0,0,0,0,0
2004,470980,1,1,0,0,0,0,0,0,0,0,0,0
2004,470980,2,1,0,0,0,0,0,0,0,0,0,0
2004,470981,1,1,0,0,0,0,0,0,0,0,0,0
2004,470981,2,1,0,0,0,0,0,0,0,0,0,0
2004,470982,1,1,0,0,0,0,0,10,0,0,0,0
2004,470983,1,1,0,0,0,0,9,0,0,0,0,0
2004,470984,1,1,15,12,17,0,0,0,0,13,14,16
2004,470985,1,1,24,0,17,15,32,18,20,0,0,12
2004,470985,2,1,0,0,0,0,0,0,0,0,0,0
2004,470986,1,1,12,12,12,12,12,12,12,12,12,12
2004,470987,1,1,0,0,0,0,0,0,0,12,0,0
2004,470987,2,1,0,0,0,0,0,0,0,0,0,0
2004,470988,1,1,0,0,0,0,0,0,4,18,7,10
2004,470988,2,1,8,0,0,0,11,0,0,0,0,0
2004,470989,1,1,0,0,18,0,0,0,0,0,0,0
2004,470989,2,1,0,0,0,0,0,0,0,0,0,0
2004,470990,1,1,15,15,15,15,15,15,15,15,15,15
2004,470991,1,1,0,0,22,0,0,0,0,0,0,0
2004,470992,1,1,15,6,20,22,10,14,0,25,17,29
2004,470993,1,1,0,0,0,0,0,0,0,0,0,0
2004,470993,2,1,0,0,0,0,0,0,0,0,0,0
2004,470994,0,1,21,17,18,14,22,25,0,15,19,15
2004,470994,1,1,0,20,0,0,0,20,0,10,8,40
2004,470995,1,1,0,0,0,0,0,0,10,0,11,0
2004,470996,1,1,0,0,0,0,0,0,0,0,0,0
2004,470996,2,1,0,0,0,0,0,0,0,0,0,0
2004,470997,1,1,19,0,39,0,0,0,0,0,0,0
2004,470997,2,1,0,0,0,0,0,0,0,0,0,0
2004,470998,0,1,0,0,0,12,0,0,20,0,0,0
2004,470998,1,1,0,0,0,0,0,0,0,0,0,0
2004,470999,1,1,0,0,0,0,0,0,9,0,0,0
2004,470999,2,1,0,0,0,0,0,0,0,0,0,0
2004,471000,1,1,1,1,1,1,1,1,1,1,1,1
2004,471000,2,1,0,0,0,0,7,14,0,0,0,0
2004,471001,1,1,0,0,0,0,0,0,0,8,0,15
2004,471002,1,1,0,0,0,0,0,0,0,0,0,0
2004,471002,2,1,0,0,0,0,0,0,0,0,0,0
2004,471003,1,1,0,23,15,16,29,14,0,17,10,13
2004,471003,2,1,0,0,0,0,0,0,0,0,0,0
2004,471004,1,1,0,0,0,0,0,0,0,0,25,0
2004,471004,2,1,0,0,0,0,0,0,0,0,0,0
2004,471005,1,1,32,0,27,0,0,25,37,0,24,23
2004,471006,1,1,0,0,0,0,0,0,0,0,0,0
2004,471006,2,1,0,0,0,0,0,0,13,0,0,0
2004,471008,1,1,0,0,0,0,2,22,0,14,0,33
2004,471009,1,1,0,0,0,0,0,0,18,0,0,2
2004,471010,1,1,0,0,0,0,0,0,0,0,0,0
2004,471010,2,1,0,0,0,0,0,0,0,0,0,0
2004,471010,3,1,0,0,0,0,0,0,0,0,0,0
2004,471010,4,1,0,0,0,0,0,0,0,0,0,0
2004,471010,5,1,0,0,0,0,0,0,0,0,0,0
2004,471010,6,1,0,0,0,0,0,0,0,0,0,0
2004,471011,1,1,0,0,0,0,0,0,0,0,0,0
2004,471012,1,1,0,0,0,0,0,0,0,0,0,0
2004,471012,2,1,0,0,0,0,0,0,0,0,0,0
2004,471013,0,1,0,0,0,9,0,0,0,0,0,0
2004,471013,1,1,0,0,0,0,0,0,0,0,0,11
2004,471014,0,1,27,11,0,0,23,22,12,14,37,0
2004,471014,1,1,0,0,0,0,0,0,0,0,0,0
2004,471015,1,1,31,23,18,19,28,0,11,26,19,23
2004,471016,1,1,0,0,0,0,0,0,0,0,0,0
2004,471017,1,1,0,0,0,0,0,0,0,0,0,0
2004,471017,2,1,0,0,0,0,0,0,0,0,0,0
2004,471018,1,1,14,19,21,2,12,16,25,4,31,8
2004,471019,1,1,0,0,0,0,0,5,0,0,30,0
2004,471019,2,1,0,0,0,0,12,0,0,0,10,0
2004,471020,1,1,0,0,0,0,0,0,0,0,0,0
2004,471021,1,1,0,0,0,0,0,0,0,0,0,0
2004,471022,1,1,5,20,25,14,16,0,0,17,6,10
2004,471023,1,1,0,0,0,0,0,0,0,0,0,0
2004,471023,2,1,0,0,0,0,0,0,0,0,0,0
2004,471024,1,1,0,4,0,0,0,0,0,0,0,0
2004,471025,1,1,17,17,17,17,17,17,17,17,17,17
2004,471025,2,1,0,0,0,0,0,0,0,0,0,0
2004,471026,1,1,0,0,0,0,0,5,0,0,0,0
2004,471026,2,1,0,0,0,0,0,0,0,0,0,0
2004,471026,3,1,0,0,0,0,0,0,0,0,0,0