YEAR,ST_CASE,veh_no,per_no,P1,P2,P3,P4,P5,P6,P7,P8,P9,P10
2004,480335,3,1,0,15,14,0,0,0,7,17,0,2
2004,480336,1,1,29,15,17,37,17,0,16,17,0,19
2004,480337,0,1,15,0,30,0,0,0,0,16,0,12
2004,480337,1,1,0,0,0,0,19,14,6,0,0,0
2004,480338,0,1,33,27,0,0,0,25,0,14,0,18
2004,480338,1,1,0,0,0,0,0,0,0,0,0,0
2004,480339,1,1,14,14,14,14,14,14,14,14,14,14
2004,480340,1,1,7,7,7,7,7,7,7,7,7,7
2004,480341,1,1,0,0,0,0,0,0,0,0,0,0
2004,480341,2,1,0,0,28,23,0,0,0,5,0,0
2004,480342,1,1,0,0,0,0,0,0,0,0,0,0
2004,480343,1,1,0,0,0,0,0,0,0,0,0,0
2004,480343,2,1,14,14,14,14,14,14,14,14,14,14
2004,480344,1,1,16,16,16,16,16,16,16,16,16,16
2004,480344,2,1,0,0,0,0,0,0,0,16,0,0
2004,480345,0,1,7,0,25,14,16,23,31,10,0,28
2004,480345,1,1,8,8,8,8,8,8,8,8,8,8
2004,480346,1,1,18,0,29,11,24,0,27,0,12,15
2004,480347,0,1,40,40,40,40,40,40,40,40,40,40
2004,480347,1,1,18,0,0,0,0,5,0,5,0,0
2004,480348,1,1,0,0,0,0,0,0,0,0,0,0
2004,480348,2,1,0,0,0,0,0,0,0,0,0,0
2004,480348,3,1,0,0,0,0,0,0,0,0,12,0
2004,480349,1,1,28,28,28,28,28,28,28,28,28,28
2004,480350,1,1,0,0,0,0,0,0,0,0,0,0
2004,480350,2,1,31,31,31,31,31,31,31,31,31,31
2004,480351,0,1,0,0,0,0,0,0,0,0,0,0
2004,480351,1,1,0,16,0,0,8,0,9,0,0,0
2004,480351,2,1,0,0,0,0,0,0,0,0,0,0
2004,480352,1,1,16,16,30,8,0,0,32,0,24,37
2004,480353,0,1,0,0,0,0,0,0,0,0,0,0
2004,480353,1,1,0,0,0,0,0,0,0,0,0,0
2004,480354,1,1,0,0,0,0,0,0,0,0,0,0
2004,480354,2,1,3,3,3,3,3,3,3,3,3,3
2004,480355,1,1,0,15,0,0,17,21,15,9,17,0
2004,480356,1,1,0,12,0,0,0,16,20,0,0,0
2004,480357,1,1,25,0,0,20,0,0,0,0,18,0
2004,480357,2,1,0,0,15,0,0,0,0,0,11,0
2004,480358,1,1,0,0,0,0,0,0,0,0,0,0
2004,480358,2,1,0,0,0,0,0,0,0,0,0,0
2004,480359,1,1,14,0,0,0,0,0,0,0,10,0
2004,480360,1,1,0,7,0,0,0,0,20,0,0,0
2004,480360,2,1,5,0,0,0,0,0,0,0,0,0
2004,480361,1,1,0,0,0,0,0,0,0,0,0,0
2004,480361,2,1,21,18,0,0,0,0,0,0,0,0
2004,480362,1,1,20,20,20,20,20,20,20,20,20,20
2004,480363,1,1,13,13,13,13,13,13,13,13,13,13
2004,480364,1,1,30,30,30,30,30,30,30,30,30,30
2004,480365,1,1,0,0,0,0,0,0,0,0,0,0
2004,480365,2,1,0,12,0,0,0,0,0,0,0,10
2004,480366,1,1,0,0,0,0,0,0,0,0,0,0
2004,480367,1,1,12,12,12,12,12,12,12,12,12,12
2004,480368,1,1,0,0,28,0,0,0,0,0,0,0
2004,480368,2,1,0,0,0,0,0,0,0,0,0,0
2004,480369,1,1,25,25,25,25,25,25,25,25,25,25
2004,480369,2,1,0,22,0,9,0,0,0,0,0,0
2004,480370,1,1,20,20,20,20,20,20,20,20,20,20
2004,480371,1,1,0,0,0,0,0,0,0,0,0,0
2004,480371,2,1,19,14,0,10,20,30,19,14,0,0
2004,480372,1,1,32,18,11,28,20,11,19,25,0,0
2004,480373,1,1,2,2,2,2,2,2,2,2,2,2
2004,480373,2,1,12,12,12,12,12,12,12,12,12,12
2004,480374,1,1,0,0,0,0,0,19,0,14,0,12
2004,480374,2,1,0,0,0,0,0,0,0,0,0,0
2004,480375,1,1,0,0,0,17,3,0,0,8,0,0
2004,480375,2,1,0,0,0,0,0,0,0,0,0,0
2004,480375,3,1,0,0,0,0,0,0,0,0,0,0
2004,480376,1,1,15,19,35,21,20,16,17,27,18,14
2004,480377,1,1,0,0,0,0,0,0,0,0,0,0
2004,480377,2,1,0,0,0,0,0,0,0,0,0,0
2004,480377,3,1,0,0,0,0,0,0,0,0,0,0
2004,480378,1,1,0,7,0,0,12,15,32,21,0,0
2004,480379,1,1,2,2,2,2,2,2,2,2,2,2
2004,480379,2,1,0,0,0,0,9,0,0,0,27,0
2004,480380,1,1,0,0,0,0,0,0,0,0,0,0
2004,480381,1,1,12,12,12,12,12,12,12,12,12,12
2004,480382,1,1,0,0,0,0,0,0,0,0,0,0
2004,480382,2,1,0,0,0,0,0,0,0,0,0,0
2004,480383,1,1,0,0,0,0,0,0,0,0,0,0
2004,480383,2,1,0,0,0,6,6,0,5,0,16,0
2004,480385,1,1,19,19,19,19,19,19,19,19,19,19
2004,480386,1,1,0,0,0,14,18,0,0,0,0,0
2004,480386,2,1,0,0,0,0,0,0,0,0,0,0
2004,480387,1,1,0,0,0,0,0,0,0,0,0,0
2004,480387,2,1,0,0,0,0,0,0,0,0,0,0
2004,480388,1,1,20,11,0,30,42,18,0,9,0,15
2004,480389,1,1,0,0,0,0,0,0,0,0,0,0
2004,480389,2,1,0,0,0,0,0,0,0,0,0,0
2004,480389,3,1,0,0,0,0,0,0,0,0,0,0
2004,480390,1,1,0,0,0,0,0,0,0,0,0,10
2004,480390,2,1,0,0,0,0,0,0,0,0,0,0
2004,480391,1,1,20,20,20,20,20,20,20,20,20,20
2004,480391,2,1,0,19,0,24,11,33,9,11,0,0
2004,480392,1,1,0,0,0,0,0,0,0,0,0,0
2004,480393,1,1,0,19,12,13,33,24,7,23,0,18
2004,480393,2,1,0,0,23,0,0,0,0,0,0,0
2004,480394,1,1,0,0,0,0,0,0,0,0,0,0
2004,480394,2,1,7,0,0,0,0,0,0,0,0,0
2004,480395,1,1,0,0,0,0,0,0,0,0,0,0
2004,480395,2,1,0,0,0,0,0,0,0,0,8,0
2004,480396,1,1,0,0,0,0,0,0,0,0,0,0
2004,480396,2,1,0,0,0,9,13,0,0,0,0,0
2004,480397,0,1,0,0,0,0,0,0,0,0,0,0
2004,480397,1,1,11,0,0,0,0,0,0,0,0,0
2004,480398,1,1,0,0,0,0,0,0,0,0,0,0
2004,480398,2,1,0,0,0,0,0,0,17,0,0,0
2004,480398,3,1,0,0,0,0,0,0,0,0,0,0
2004,480398,4,1,0,0,0,0,0,0,0,0,0,0
2004,480399,0,1,25,25,25,25,25,25,25,25,25,25
2004,480399,1,1,0,0,0,15,0,0,0,0,0,0
2004,480401,1,1,4,4,4,4,4,4,4,4,4,4
2004,480401,2,1,0,0,0,0,0,0,0,0,0,0
2004,480402,1,1,18,6,19,4,21,18,19,9,9,34
2004,480402,2,1,16,9,18,24,0,0,0,13,0,17
2004,480403,1,1,0,0,0,0,0,0,0,12,0,0
2004,480404,1,1,0,0,0,0,0,0,0,0,0,0
2004,480404,2,1,0,0,0,0,0,0,0,0,0,0
2004,480405,1,1,0,0,17,0,10,0,0,0,0,0
2004,480406,1,1,0,0,0,0,21,0,0,0,0,16
2004,480407,1,1,0,0,0,0,0,0,0,0,0,0
2004,480408,1,1,0,6,0,0,0,0,5,0,0,0
2004,480409,1,1,0,0,0,0,0,0,13,0,0,0
2004,480410,1,1,0,0,0,0,0,0,0,0,0,0
2004,480411,1,1,0,0,0,0,0,0,0,0,37,0
2004,480411,2,1,0,0,0,0,0,0,0,0,0,0
2004,480412,1,1,0,0,0,0,0,0,0,0,0,0
2004,480412,2,1,0,0,0,0,0,0,0,0,0,0
2004,480413,0,1,0,0,0,0,20,0,0,0,0,0
2004,480413,1,1,0,0,0,0,0,0,0,0,0,11
2004,480414,1,1,16,16,16,16,16,16,16,16,16,16
2004,480415,1,1,23,23,23,23,23,23,23,23,23,23
2004,480416,1,1,13,0,0,0,0,0,0,0,0,0
2004,480416,2,1,0,9,0,0,0,0,5,20,0,25
2004,480417,1,1,25,25,25,25,25,25,25,25,25,25
2004,480418,1,1,30,30,30,30,30,30,30,30,30,30
2004,480419,1,1,15,15,15,15,15,15,15,15,15,15
2004,480420,1,1,0,37,12,15,0,19,21,10,28,0
2004,480421,0,1,0,0,0,0,0,0,0,0,0,0
2004,480421,1,1,0,0,0,0,0,0,0,0,0,0
2004,480422,0,1,0,0,26,25,0,0,34,0,0,0
2004,480422,0,2,0,0,0,0,0,0,0,0,0,0
2004,480422,1,1,12,12,12,12,12,12,12,12,12,12
2004,480423,1,1,2,2,2,2,2,2,2,2,2,2
2004,480424,1,1,8,0,0,13,0,0,0,0,0,0
2004,480424,2,1,0,0,0,0,0,0,0,0,0,0
2004,480425,1,1,14,10,18,0,15,14,8,20,0,0
2004,480425,2,1,0,0,24,0,0,22,21,0,0,12
2004,480426,1,1,0,0,0,0,0,0,0,0,0,0
2004,480426,2,1,0,0,0,0,0,0,0,0,0,0
2004,480427,1,1,0,0,0,0,0,0,0,0,0,0
2004,480427,2,1,0,4,0,0,0,0,0,0,0,0
2004,480428,1,1,0,0,0,0,0,0,0,0,0,0
2004,480428,2,1,17,12,5,0,14,7,0,6,0,0
2004,480429,0,1,0,0,0,0,0,17,0,0,0,0
2004,480429,1,1,10,22,32,35,10,9,12,29,21,16
2004,480430,1,1,8,8,8,8,8,8,8,8,8,8
2004,480430,2,1,0,0,0,0,0,0,0,0,0,0
2004,480431,1,1,0,0,0,0,0,0,0,0,0,0
2004,480431,2,1,0,0,0,0,0,0,0,0,0,0
2004,480432,0,1,12,12,12,12,12,12,12,12,12,12
2004,480432,1,1,0,0,0,0,0,0,4,0,0,0
2004,480432,2,1,0,0,6,0,0,0,0,0,0,0
2004,480433,0,1,4,4,4,4,4,4,4,4,4,4
2004,480433,1,1,0,0,0,0,0,0,0,0,0,0
2004,480434,1,1,24,24,24,24,24,24,24,24,24,24
2004,480434,2,1,0,0,0,0,0,6,0,0,0,0
2004,480435,1,1,20,33,12,20,21,12,25,14,0,10
2004,480436,1,1,0,0,0,0,0,4,11,0,0,0
2004,480437,1,1,0,0,0,0,0,0,0,0,0,0
2004,480437,2,1,0,0,0,0,0,0,0,0,6,0
2004,480438,0,1,0,0,0,0,0,0,0,0,0,0
2004,480438,1,1,0,0,0,15,0,32,0,0,0,0
2004,480439,1,1,0,0,0,0,0,0,0,0,0,0
2004,480439,2,1,0,0,0,0,0,0,0,0,0,0
2004,480440,1,1,0,0,0,0,0,0,0,0,0,0
2004,480440,2,1,19,19,19,19,19,19,19,19,19,19
2004,480441,1,1,0,0,0,0,0,0,0,0,0,0
2004,480441,2,1,0,0,0,0,0,0,0,0,0,0
2004,480442,1,1,1,1,1,1,1,1,1,1,1,1
2004,480443,1,1,0,7,0,0,0,6,0,0,0,0
2004,480444,1,1,0,0,0,0,0,0,0,0,0,0
2004,480444,2,1,0,0,0,0,0,13,0,0,0,0
2004,480445,0,1,31,0,0,0,0,0,0,0,0,12
2004,480445,1,1,0,0,0,0,0,0,0,0,0,0
2004,480446,1,1,0,0,0,0,0,0,0,0,0,0
2004,480447,1,1,7,7,7,7,7,7,7,7,7,7
2004,480447,2,1,0,0,0,0,0,12,0,0,0,0
2004,480448,1,1,22,22,22,22,22,22,22,22,22,22
2004,480448,2,1,0,0,0,0,0,0,0,0,0,0
2004,480448,3,1,0,0,0,0,0,0,0,0,0,0
2004,480449,1,1,0,0,0,0,0,0,0,0,0,0
2004,480449,2,1,0,0,0,0,0,0,20,0,0,0
2004,480449,3,1,0,0,0,0,0,0,0,0,0,0
2004,480450,0,1,18,18,18,18,18,18,18,18,18,18
2004,480450,1,1,0,0,0,12,23,0,12,0,0,0
2004,480451,1,1,16,16,16,16,16,16,16,16,16,16
2004,480451,2,1,0,0,0,0,0,0,0,0,0,0
2004,480452,1,1,0,0,0,0,0,0,0,0,0,0
2004,480453,1,1,11,19,0,8,21,0,14,0,11,20
2004,480454,0,1,28,28,28,28,28,28,28,28,28,28
2004,480454,1,1,8,8,8,8,8,8,8,8,8,8
2004,480454,2,1,0,0,23,0,13,35,0,3,0,18
2004,480455,1,1,0,0,0,0,0,0,0,0,0,0
2004,480455,2,1,0,0,0,0,0,0,0,0,0,0
2004,480456,1,1,4,4,4,4,4,4,4,4,4,4
2004,480457,1,1,20,24,7,27,22,7,13,19,20,15
2004,480457,2,1,9,9,9,9,9,9,9,9,9,9
2004,480458,1,1,0,0,0,0,16,0,7,0,0,0
2004,480458,2,1,0,0,0,13,0,0,0,0,0,0
2004,480459,1,1,12,0,27,41,8,8,0,20,9,7
2004,480459,2,1,12,12,12,12,12,12,12,12,12,12
2004,480460,1,1,0,0,0,0,0,0,0,0,0,0
2004,480460,2,1,12,0,0,0,0,0,0,0,0,0
2004,480461,0,1,0,0,0,0,0,0,0,0,0,0
2004,480461,1,1,0,0,0,0,0,0,0,0,0,0
2004,480462,1,1,1,1,1,1,1,1,1,1,1,1
2004,480462,2,1,0,0,0,0,0,0,0,0,0,0
2004,480462,3,1,0,0,0,0,0,0,0,0,0,0
2004,480463,1,1,15,0,0,11,15,4,0,9,0,0
2004,480463,2,1,9,0,0,0,12,0,0,0,0,0
2004,480464,1,1,12,0,9,9,20,16,0,16,0,0
2004,480465,1,1,9,5,19,29,18,0,15,14,0,0
2004,480466,1,1,13,29,37,9,20,17,23,15,18,15
2004,480467,1,1,23,23,23,23,23,23,23,23,23,23
2004,480468,1,1,0,0,0,0,0,0,0,0,0,0
2004,480468,2,1,0,3,0,0,10,0,13,11,29,9
2004,480469,1,1,8,12,16,0,0,0,0,0,0,0
2004,480469,2,1,0,0,18,0,0,0,0,7,0,18
2004,480470,1,1,0,0,0,0,0,0,0,0,0,0
2004,480470,2,1,0,0,0,0,0,0,0,0,0,0
2004,480470,3,1,0,0,0,0,0,0,0,0,0,0
2004,480470,4,1,0,0,0,0,0,0,0,0,0,0
2004,480471,0,1,0,0,0,0,22,0,26,0,0,0
2004,480471,0,2,0,0,0,0,0,0,0,23,0,0
2004,480471,1,1,0,30,0,0,0,0,0,0,0,26
2004,480472,1,1,0,9,0,0,24,24,0,0,14,0
2004,480472,2,1,7,7,7,7,7,7,7,7,7,7
2004,480473,0,1,0,0,0,0,0,19,0,28,0,0
2004,480473,1,1,0,0,0,0,0,0,0,7,0,0
2004,480474,1,1,18,18,18,18,18,18,18,18,18,18
2004,480475,1,1,15,15,15,15,15,15,15,15,15,15
2004,480476,1,1,0,16,0,0,0,0,0,0,0,10
2004,480476,2,1,0,0,0,0,0,0,20,0,0,0
2004,480476,3,1,0,14,0,0,0,0,0,0,0,0
2004,480476,4,1,0,0,8,21,0,0,0,0,0,0
2004,480477,1,1,0,0,0,0,0,0,0,0,0,0
2004,480477,2,1,0,0,0,0,0,0,0,0,0,0
2004,480478,1,1,0,0,0,0,0,0,0,0,0,0
2004,480479,1,1,13,13,13,13,13,13,13,13,13,13
2004,480480,1,1,0,0,0,0,0,0,0,0,0,0
2004,480481,1,1,0,0,0,0,0,0,0,0,0,0
2004,480482,0,1,0,0,0,0,0,0,0,0,0,0
2004,480482,1,1,10,0,0,0,0,0,0,0,0,0
2004,480483,0,1,0,0,0,0,0,0,0,0,0,0
2004,480483,0,2,0,0,0,0,0,0,0,0,0,0
2004,480483,1,1,0,0,0,0,0,0,0,0,0,0
2004,480483,2,1,0,0,0,0,0,0,0,0,0,0
2004,480484,1,1,0,0,0,0,0,0,0,0,0,0
2004,480484,2,1,0,0,0,0,0,0,0,0,0,0
2004,480485,0,1,0,0,0,0,0,0,0,0,0,0
2004,480485,0,2,0,13,0,14,0,29,9,15,20,0
2004,480485,1,1,0,0,0,0,24,0,0,0,0,0
2004,480486,1,1,0,0,0,0,0,0,0,0,0,0
2004,480486,2,1,0,0,0,0,0,0,0,0,0,0
2004,480487,0,1,12,12,12,12,12,12,12,12,12,12
2004,480487,1,1,0,0,0,0,0,21,0,0,15,0
2004,480487,2,1,0,0,0,15,0,0,0,0,0,0
2004,480488,1,1,0,0,0,0,0,0,0,0,0,0
2004,480488,2,1,0,0,0,0,0,0,0,0,0,10
2004,480489,1,1,0,0,0,0,0,0,0,0,0,0
2004,480489,2,1,0,0,0,0,0,0,10,0,9,0
2004,480490,1,1,0,0,0,0,0,0,0,0,0,0
2004,480491,1,1,0,0,0,0,0,0,0,0,0,0
2004,480491,2,1,0,0,0,0,0,0,0,0,0,0
2004,480492,1,1,0,0,0,0,0,0,0,0,0,0
2004,480492,2,1,0,0,0,0,0,0,0,0,0,0
2004,480492,3,1,0,0,0,0,0,0,0,0,0,0
2004,480493,1,1,0,0,0,0,0,0,0,0,0,0
2004,480494,1,1,7,7,7,7,7,7,7,7,7,7
2004,480495,1,1,9,9,9,9,9,9,9,9,9,9
2004,480496,1,1,0,0,0,0,0,0,0,0,0,0
2004,480496,2,1,22,22,22,22,22,22,22,22,22,22
2004,480497,1,1,20,20,20,20,20,20,20,20,20,20
2004,480498,0,1,0,0,0,0,0,0,0,0,0,0
2004,480498,1,1,0,0,0,0,0,0,0,0,0,0
2004,480499,1,1,0,0,0,0,0,0,0,0,0,0
2004,480499,2,1,0,0,0,0,0,0,0,0,0,0
2004,480499,3,1,0,0,0,15,0,0,0,0,2,0
2004,480499,4,1,0,0,0,0,0,0,0,0,0,0
2004,480501,1,1,0,0,0,0,0,0,0,0,0,0
2004,480501,2,1,10,0,0,0,0,4,0,0,0,0
2004,480502,0,1,24,26,18,38,0,0,0,0,0,28
2004,480502,0,2,0,0,0,0,0,0,0,0,0,0
2004,480502,1,1,0,0,0,0,0,0,0,0,0,0
2004,480503,0,1,0,0,0,0,0,0,0,0,0,0
2004,480503,1,1,17,17,17,17,17,17,17,17,17,17
2004,480504,1,1,0,0,0,0,0,0,0,0,0,0
2004,480504,2,1,0,0,0,0,0,0,0,0,0,0
2004,480505,1,1,14,6,16,0,20,24,44,23,13,17
2004,480506,0,1,0,0,0,0,0,0,0,0,0,0
2004,480506,1,1,0,0,0,0,0,0,0,0,0,0
2004,480507,1,1,0,0,15,0,0,17,14,0,15,0
2004,480508,1,1,0,0,0,0,0,0,0,0,0,0
2004,480508,2,1,0,0,0,0,0,0,0,0,0,0
2004,480509,1,1,0,0,0,0,0,0,0,0,0,0
2004,480510,1,1,0,0,0,0,0,0,0,0,0,0
2004,480510,2,1,0,0,0,0,0,0,7,0,3,0
2004,480511,1,1,0,0,11,0,0,0,0,0,0,0
2004,480511,2,1,0,0,0,0,0,0,0,0,0,0
2004,480512,1,1,9,12,11,0,10,0,26,18,0,18
2004,480513,1,1,0,0,0,0,0,0,0,0,0,0
2004,480513,2,1,0,0,0,16,0,7,0,25,0,11
2004,480514,0,1,11,0,0,15,8,0,0,0,24,0
2004,480514,1,1,0,0,5,13,0,0,0,0,0,0
2004,480515,1,1,0,0,9,31,6,0,0,0,0,0
2004,480515,2,1,7,21,0,0,5,0,0,0,20,0
2004,480516,1,1,13,0,7,0,0,11,0,0,0,0
2004,480517,1,1,0,0,0,0,0,0,0,0,0,0
2004,480517,2,1,0,0,0,0,0,0,0,0,19,0
2004,480518,0,1,26,26,26,26,26,26,26,26,26,26
2004,480518,1,1,27,0,0,0,0,0,0,11,0,0
2004,480518,2,1,22,12,0,0,0,17,8,17,0,0
2004,480519,0,1,0,0,0,0,0,0,0,0,0,0
2004,480519,1,1,0,20,0,0,0,7,0,0,0,0
2004,480520,0,1,20,20,20,20,20,20,20,20,20,20
2004,480520,2,1,0,0,0,10,21,0,0,0,0,0
2004,480521,1,1,48,48,48,48,48,48,48,48,48,48
2004,480522,1,1,0,0,15,13,0,0,0,0,16,0
2004,480522,2,1,0,0,0,0,0,0,0,0,0,0
2004,480522,3,1,0,0,0,0,0,0,0,0,0,0
2004,480523,1,1,0,0,0,0,0,0,0,0,0,0
2004,480523,2,1,21,0,0,0,0,0,8,0,0,0
2004,480524,1,1,0,7,0,19,15,9,0,0,0,0
2004,480525,0,1,20,0,0,0,0,0,0,13,8,0
2004,480525,1,1,0,0,0,0,0,0,0,13,0,0
2004,480526,1,1,0,0,0,0,31,20,26,0,0,0
2004,480527,1,1,33,0,0,26,0,0,16,15,0,27
2004,480527,2,1,0,0,0,0,0,0,0,0,0,0
2004,480527,3,1,0,0,0,0,0,0,0,0,0,0
2004,480528,1,1,0,0,0,0,0,0,0,0,0,0
2004,480528,2,1,0,0,0,0,0,0,0,0,0,0
2004,480529,1,1,0,0,0,0,0,0,0,0,0,0
2004,480529,2,1,0,0,0,0,0,0,0,0,0,0
2004,480530,1,1,0,0,0,0,20,0,0,0,0,0
2004,480531,1,1,16,16,16,16,16,16,16,16,16,16
2004,480532,1,1,13,24,0,20,0,16,28,20,9,20
2004,480533,1,1,0,0,0,0,0,0,0,0,0,0
2004,480533,2,1,0,0,0,0,0,0,0,0,0,0
2004,480534,1,1,0,0,0,0,0,0,0,0,0,0
2004,480534,2,1,0,0,0,0,0,0,0,0,0,0
2004,480535,1,1,18,0,0,0,0,0,0,0,0,0
2004,480535,2,1,0,0,0,0,0,0,0,0,0,0
2004,480536,0,1,22,22,22,22,22,22,22,22,22,22
2004,480536,1,1,0,0,0,0,0,0,0,0,0,0
2004,480537,1,1,14,14,14,14,14,14,14,14,14,14
2004,480538,1,1,6,19,8,18,19,14,6,16,9,19
2004,480538,2,1,0,0,0,6,0,0,0,0,0,0
2004,480539,1,1,42,42,42,42,42,42,42,42,42,42
2004,480540,0,1,45,45,45,45,45,45,45,45,45,45
2004,480540,1,1,7,0,0,0,10,0,10,13,0,18
2004,480541,1,1,0,0,0,0,0,0,0,0,0,0
2004,480542,2,1,0,0,0,0,0,0,0,0,0,0
2004,480543,1,1,0,0,29,18,25,0,0,21,16,0
2004,480544,1,1,0,0,0,0,0,0,0,0,0,0
2004,480544,2,1,0,0,0,0,0,0,0,0,0,0
2004,480545,1,1,20,20,20,20,20,20,20,20,20,20
2004,480546,1,1,18,18,18,18,18,18,18,18,18,18
2004,480547,1,1,25,25,25,25,25,25,25,25,25,25
2004,480548,0,1,0,0,0,0,0,0,0,0,0,0
2004,480548,1,1,26,26,26,26,26,26,26,26,26,26
2004,480549,1,1,0,0,0,0,0,0,0,0,0,0
2004,480549,2,1,19,19,19,19,19,19,19,19,19,19
2004,480550,1,1,0,0,0,0,0,0,0,0,0,0
2004,480550,2,1,0,6,0,0,5,0,0,0,0,0
2004,480550,3,1,0,0,0,0,0,0,0,0,0,0
2004,480551,0,1,0,0,0,0,0,0,0,0,0,0
2004,480551,1,1,0,0,0,0,0,0,0,0,0,2
2004,480552,1,1,24,0,13,14,17,8,19,9,10,15
2004,480553,1,1,0,0,0,0,0,0,0,0,0,0
2004,480554,1,1,21,21,21,21,21,21,21,21,21,21
2004,480555,0,1,0,0,0,0,0,0,0,0,0,0
2004,480555,1,1,0,0,0,0,0,0,0,0,0,0
2004,480556,1,1,26,26,26,26,26,26,26,26,26,26
2004,480556,2,1,0,7,0,0,0,0,0,0,0,0
2004,480557,1,1,0,0,0,13,0,0,0,0,0,0
2004,480558,1,1,0,0,0,0,0,0,0,0,0,0
2004,480558,2,1,0,0,0,0,0,0,0,0,0,0
2004,480559,1,1,23,13,6,0,20,0,16,24,11,14
2004,480560,1,1,17,19,21,15,25,19,0,0,0,0
2004,480561,0,1,0,0,0,0,24,21,0,0,0,14
2004,480561,1,1,0,0,0,0,0,0,0,0,0,0
2004,480562,0,1,1,1,1,1,1,1,1,1,1,1
2004,480562,1,1,0,0,0,0,0,0,0,0,0,0
2004,480563,1,1,0,0,4,22,0,10,14,0,0,0
2004,480563,2,1,8,12,0,0,0,0,0,28,13,0
2004,480563,3,1,0,11,0,14,0,5,0,0,0,0
2004,480564,1,1,0,20,20,0,21,6,0,0,24,0
2004,480564,2,1,8,0,0,0,0,0,0,0,0,2
2004,480565,1,1,0,0,0,0,0,0,0,0,0,0
2004,480566,0,1,23,23,23,23,23,23,23,23,23,23
2004,480566,1,1,1,1,1,1,1,1,1,1,1,1
2004,480566,2,1,0,0,0,0,0,0,0,6,0,10
2004,480567,1,1,14,14,14,14,14,14,14,14,14,14
2004,480568,1,1,19,19,19,19,19,19,19,19,19,19
2004,480569,1,1,16,16,16,16,16,16,16,16,16,16
2004,480570,1,1,0,0,15,0,0,0,0,0,0,7
2004,480570,2,1,0,0,0,0,19,0,0,10,0,0
2004,480571,1,1,22,22,22,22,22,22,22,22,22,22
2004,480571,2,1,0,0,0,0,16,8,0,0,0,18
2004,480571,3,1,0,7,0,0,0,0,0,0,0,0
2004,480572,1,1,0,0,0,0,0,0,0,0,0,0
2004,480572,2,1,0,0,0,13,0,0,11,22,0,9
2004,480572,3,1,0,0,0,0,0,0,0,0,0,0
2004,480573,1,1,0,0,0,0,0,0,0,0,0,0
2004,480573,2,1,0,0,0,0,0,0,0,0,0,0
2004,480574,1,1,0,0,0,0,0,0,0,0,0,0
2004,480575,1,1,32,0,18,0,0,18,7,33,0,27
2004,480576,1,1,33,33,33,33,33,33,33,33,33,33
2004,480577,1,1,0,0,0,0,0,0,0,0,0,0
2004,480577,2,1,0,0,0,0,0,0,0,0,0,0
2004,480578,1,1,9,9,9,9,9,9,9,9,9,9
2004,480579,1,1,0,0,0,0,0,0,0,0,0,0
2004,480580,1,1,26,26,26,26,26,26,26,26,26,26
2004,480580,2,1,0,0,0,0,0,0,0,0,0,0
2004,480581,0,1,0,0,0,0,0,0,0,0,0,0
2004,480581,1,1,0,0,0,0,0,0,0,0,0,0
2004,480582,1,1,24,0,0,21,0,0,0,0,0,0
2004,480582,2,1,0,0,0,0,0,0,0,0,0,0
2004,480583,1,1,13,13,13,13,13,13,13,13,13,13
2004,480584,0,1,10,10,10,10,10,10,10,10,10,10
2004,480584,1,1,0,20,0,0,19,25,0,25,35,22
2004,480585,0,1,0,0,0,0,0,0,0,0,0,0
2004,480585,1,1,0,0,7,0,0,0,0,0,0,0
2004,480586,1,1,0,6,0,0,0,4,0,0,0,0
2004,480586,2,1,0,0,8,0,0,0,0,0,0,0
2004,480587,1,1,0,0,0,0,0,0,0,0,0,0
2004,480587,2,1,0,0,0,0,14,0,0,0,0,0
2004,480588,1,1,8,8,8,8,8,8,8,8,8,8
2004,480588,2,1,0,0,0,0,0,0,0,0,0,0
2004,480589,1,1,23,0,0,9,14,0,15,0,0,22
2004,480590,1,1,27,6,11,9,12,15,0,26,17,7
2004,480590,2,1,23,23,23,23,23,23,23,23,23,23
2004,480591,0,1,17,17,17,17,17,17,17,17,17,17
2004,480591,1,1,14,14,14,14,14,14,14,14,14,14
2004,480592,1,1,0,0,0,0,0,0,13,0,0,0
2004,480592,2,1,0,0,0,0,0,0,0,0,0,0
2004,480593,1,1,0,0,0,0,0,0,0,0,0,0
2004,480593,2,1,25,25,25,25,25,25,25,25,25,25
2004,480594,1,1,23,23,23,23,23,23,23,23,23,23
2004,480595,1,1,17,17,17,17,17,17,17,17,17,17
2004,480596,1,1,0,4,0,0,0,0,0,0,0,0
2004,480596,2,1,0,0,0,11,0,0,0,0,0,0
2004,480597,1,1,0,0,0,0,0,0,0,0,0,0
2004,480597,2,1,0,0,0,0,0,0,0,0,0,0
2004,480597,3,1,0,0,7,0,0,0,0,0,0,0
2004,480598,1,1,0,0,0,0,0,0,0,0,0,0