YEAR,ST_CASE,veh_no,per_no,P1,P2,P3,P4,P5,P6,P7,P8,P9,P10
2004,480598,2,1,0,0,0,0,0,0,0,0,0,0
2004,480599,0,1,24,24,24,24,24,24,24,24,24,24
2004,480599,1,1,0,0,0,0,0,0,0,8,0,5
2004,480600,1,1,0,0,0,0,0,0,0,0,0,0
2004,480600,2,1,0,0,0,0,0,0,0,0,0,0
2004,480601,0,1,0,0,0,0,0,0,0,0,0,0
2004,480601,1,1,0,16,19,0,0,0,0,0,0,0
2004,480602,1,1,0,0,0,0,0,0,0,0,0,0
2004,480602,2,1,0,0,0,0,0,0,0,0,0,0
2004,480602,3,1,0,0,0,0,0,0,0,0,0,0
2004,480602,4,1,0,0,0,0,0,0,0,0,0,0
2004,480602,5,1,0,0,0,0,0,0,0,0,0,0
2004,480602,6,1,19,0,0,0,0,0,0,0,0,0
2004,480602,7,1,0,0,0,0,0,0,0,0,0,0
2004,480603,1,1,0,0,0,0,0,0,0,0,0,0
2004,480603,2,1,0,0,0,0,0,0,0,0,0,0
2004,480604,1,1,2,2,2,2,2,2,2,2,2,2
2004,480604,2,1,0,0,0,0,42,0,0,0,0,0
2004,480605,1,1,0,0,0,0,0,0,0,0,0,0
2004,480605,2,1,0,0,0,0,0,0,10,0,0,0
2004,480606,0,1,0,0,0,0,0,0,0,0,0,0
2004,480606,1,1,0,0,26,0,0,0,0,0,0,0
2004,480607,0,1,0,0,0,0,0,0,0,0,0,0
2004,480607,1,1,0,12,0,0,0,0,7,0,0,22
2004,480608,1,1,28,28,28,28,28,28,28,28,28,28
2004,480608,2,1,0,0,0,0,10,3,0,0,0,10
2004,480609,1,1,0,0,0,0,0,0,0,0,0,0
2004,480609,2,1,0,0,0,0,0,0,0,0,0,0
2004,480609,3,1,0,0,0,0,0,0,0,0,0,0
2004,480610,1,1,4,4,4,4,4,4,4,4,4,4
2004,480610,2,1,0,0,15,0,0,0,0,0,0,0
2004,480611,1,1,0,0,0,0,0,7,0,0,0,0
2004,480611,2,1,0,0,8,0,0,0,13,0,0,21
2004,480612,1,1,21,21,21,21,21,21,21,21,21,21
2004,480612,2,1,5,5,5,5,5,5,5,5,5,5
2004,480613,1,1,20,20,20,20,20,20,20,20,20,20
2004,480613,2,1,0,8,0,0,0,0,0,0,0,0
2004,480614,1,1,19,19,19,19,19,19,19,19,19,19
2004,480615,1,1,0,6,6,0,0,0,0,0,0,0
2004,480615,2,1,0,0,0,0,0,0,0,0,0,0
2004,480616,1,1,0,0,0,0,0,0,0,0,0,0
2004,480616,2,1,0,0,0,0,0,0,0,0,0,0
2004,480616,3,1,0,0,0,0,0,0,0,4,0,0
2004,480617,1,1,0,0,0,0,0,0,0,0,0,0
2004,480617,2,1,0,0,0,0,3,4,0,0,0,0
2004,480618,1,1,0,0,0,0,0,0,0,0,0,0
2004,480619,1,1,0,0,0,8,12,11,11,31,0,0
2004,480620,1,1,0,0,0,0,0,0,0,0,7,0
2004,480620,2,1,0,0,0,0,0,0,0,0,0,0
2004,480621,1,1,0,0,0,0,0,0,0,0,0,0
2004,480621,2,1,0,0,0,0,0,0,0,0,0,0
2004,480622,1,1,0,0,0,0,0,0,0,0,0,0
2004,480623,1,1,0,0,0,0,0,0,0,0,0,0
2004,480623,2,1,0,0,0,0,0,0,0,0,0,0
2004,480624,1,1,19,19,19,19,19,19,19,19,19,19
2004,480624,2,1,14,0,26,0,0,7,0,0,0,0
2004,480625,1,1,2,2,2,2,2,2,2,2,2,2
2004,480626,1,1,0,0,0,0,0,0,0,28,0,0
2004,480627,0,1,0,0,0,13,0,0,0,0,0,0
2004,480627,0,2,0,0,0,0,0,0,0,0,0,0
2004,480627,0,3,0,11,0,0,22,6,0,0,0,0
2004,480627,0,4,0,0,0,0,0,0,0,0,0,0
2004,480627,0,5,0,0,0,0,0,24,0,0,0,0
2004,480627,2,1,0,0,0,0,0,0,0,0,0,0
2004,480627,3,1,0,0,0,0,0,0,0,0,0,0
2004,480627,4,1,0,0,0,0,0,0,0,0,0,0
2004,480627,5,1,0,0,0,0,0,0,0,0,0,0
2004,480628,0,1,0,0,0,0,0,0,0,0,0,0
2004,480628,1,1,0,16,0,0,0,0,0,13,19,0
2004,480629,1,1,14,14,14,14,14,14,14,14,14,14
2004,480630,0,1,39,39,39,39,39,39,39,39,39,39
2004,480630,1,1,0,0,0,0,0,0,10,0,0,0
2004,480631,0,1,8,7,50,0,0,19,0,29,18,26
2004,480631,1,1,0,0,0,0,0,0,0,0,10,0
2004,480632,1,1,0,0,0,0,0,0,0,0,0,0
2004,480633,0,1,0,0,0,0,0,0,0,0,0,0
2004,480633,1,1,0,12,0,18,0,0,0,0,0,0
2004,480634,0,1,8,0,0,0,0,17,0,0,0,0
2004,480634,1,1,0,0,0,0,0,0,0,0,0,0
2004,480635,1,1,0,0,0,0,0,0,0,0,0,0
2004,480636,1,1,17,17,17,17,17,17,17,17,17,17
2004,480637,1,1,0,0,0,0,0,0,0,0,0,0
2004,480637,2,1,0,0,0,0,27,0,0,10,0,0
2004,480638,1,1,0,0,0,0,0,0,0,0,0,0
2004,480638,2,1,0,0,0,0,0,0,0,0,0,0
2004,480639,1,1,0,0,0,0,0,0,0,0,0,0
2004,480639,2,1,0,0,0,0,0,0,0,0,23,0
2004,480640,1,1,0,0,0,0,0,0,0,0,0,0
2004,480640,2,1,0,0,0,0,0,0,0,0,0,0
2004,480641,1,1,0,0,0,0,0,0,0,0,0,0
2004,480641,2,1,0,0,0,0,0,16,0,0,0,0
2004,480641,3,1,0,0,0,0,0,0,0,0,0,0
2004,480642,1,1,0,0,0,0,0,0,0,0,0,0
2004,480642,2,1,0,0,0,0,0,0,0,0,0,0
2004,480642,3,1,0,0,0,0,0,0,0,0,0,0
2004,480642,4,1,0,0,0,0,0,0,0,0,0,0
2004,480643,0,1,0,18,0,0,5,0,0,0,0,0
2004,480643,0,2,9,0,30,17,0,0,0,0,0,29
2004,480643,1,1,0,0,0,0,0,14,0,0,0,0
2004,480644,1,1,11,11,11,11,11,11,11,11,11,11
2004,480644,2,1,0,0,0,0,0,0,0,0,0,0
2004,480645,1,1,0,0,0,0,0,0,0,0,0,0
2004,480645,2,1,0,0,0,0,0,0,0,0,0,0
2004,480646,1,1,15,15,0,26,8,15,12,0,0,0
2004,480646,2,1,0,0,0,9,0,0,0,0,0,0
2004,480647,1,1,0,0,0,0,0,0,8,0,0,0
2004,480647,2,1,0,0,0,8,0,0,0,0,0,0
2004,480647,3,1,0,0,12,0,10,0,0,0,0,0
2004,480648,1,1,17,17,17,17,17,17,17,17,17,17
2004,480649,1,1,0,0,0,0,0,0,0,0,0,20
2004,480649,2,1,0,0,8,0,0,0,0,0,0,0
2004,480650,0,1,29,29,29,29,29,29,29,29,29,29
2004,480650,1,1,12,29,0,0,0,0,10,0,0,0
2004,480651,1,1,18,8,10,0,5,9,26,17,9,21
2004,480652,1,1,30,30,30,30,30,30,30,30,30,30
2004,480653,0,1,0,0,0,10,9,29,19,16,0,0
2004,480653,1,1,10,0,0,0,0,0,13,0,0,0
2004,480654,1,1,28,22,9,22,17,28,27,12,7,23
2004,480655,0,1,0,0,0,0,0,0,0,0,0,0
2004,480655,1,1,0,0,0,0,0,0,0,0,0,0
2004,480656,1,1,18,18,18,18,18,18,18,18,18,18
2004,480657,1,1,0,0,0,28,0,0,0,20,0,0
2004,480658,1,1,0,0,0,0,0,0,0,0,0,0
2004,480659,1,1,23,23,23,23,23,23,23,23,23,23
2004,480659,2,1,11,11,11,11,11,11,11,11,11,11
2004,480660,1,1,15,15,15,15,15,15,15,15,15,15
2004,480661,1,1,13,0,10,0,0,0,0,0,0,0
2004,480662,1,1,0,0,11,0,0,0,24,0,0,0
2004,480662,2,1,24,0,11,28,0,0,12,0,0,0
2004,480663,1,1,0,0,0,0,0,0,0,0,0,0
2004,480663,2,1,0,10,12,0,0,0,0,0,0,0
2004,480663,3,1,0,0,0,0,0,0,0,0,0,0
2004,480664,1,1,0,0,0,0,0,0,0,0,0,0
2004,480665,1,1,4,4,4,4,4,4,4,4,4,4
2004,480665,2,1,6,0,0,0,0,14,16,0,13,0
2004,480666,1,1,0,0,0,0,0,0,0,0,0,0
2004,480667,1,1,0,0,0,0,0,0,0,0,0,0
2004,480668,1,1,0,0,0,0,0,0,0,0,0,0
2004,480668,2,1,0,0,0,0,0,0,0,0,0,0
2004,480669,1,1,10,0,0,0,0,0,0,0,0,0
2004,480670,1,1,0,0,0,42,0,25,0,23,0,0
2004,480671,1,1,0,9,0,0,0,0,0,0,0,0
2004,480671,2,1,0,0,0,0,0,0,0,0,0,0
2004,480672,1,1,0,0,0,0,0,0,0,0,0,0
2004,480672,2,1,0,0,0,0,0,0,11,0,0,0
2004,480672,3,1,0,0,0,0,0,0,0,0,0,0
2004,480673,1,1,6,6,6,6,6,6,6,6,6,6
2004,480674,1,1,18,0,14,5,0,17,0,0,0,0
2004,480674,2,1,0,0,0,0,0,0,0,0,0,0
2004,480675,1,1,0,0,0,0,0,0,0,0,0,0
2004,480676,1,1,0,0,0,0,0,0,0,0,0,0
2004,480676,2,1,0,0,0,0,0,0,0,0,0,0
2004,480677,1,1,24,24,24,24,24,24,24,24,24,24
2004,480678,1,1,0,0,0,0,0,15,0,0,0,0
2004,480678,2,1,0,0,0,0,0,0,0,0,0,0
2004,480678,3,1,0,0,0,0,0,0,0,0,0,0
2004,480679,1,1,0,0,16,0,0,0,0,0,5,0
2004,480680,1,1,0,28,0,0,0,0,0,0,0,17
2004,480680,2,1,0,0,0,0,0,0,0,0,0,0
2004,480681,1,1,9,10,13,10,20,4,12,13,10,18
2004,480682,1,1,0,0,0,0,0,0,0,0,0,0
2004,480682,2,1,0,0,0,0,0,0,0,0,0,0
2004,480683,1,1,14,14,14,14,14,14,14,14,14,14
2004,480683,2,1,0,0,0,0,20,0,0,0,0,0
2004,480684,1,1,0,0,0,0,0,0,0,0,0,0
2004,480684,2,1,0,0,0,0,0,0,0,0,0,0
2004,480685,1,1,0,0,0,0,0,0,0,0,0,0
2004,480685,2,1,0,0,0,0,0,0,0,0,0,0
2004,480686,1,1,0,0,20,0,21,0,16,0,0,0
2004,480687,1,1,11,0,32,24,7,4,0,11,0,24
2004,480688,0,1,46,7,20,25,6,15,20,0,38,15
2004,480688,1,1,3,10,0,0,0,0,0,0,0,29
2004,480689,1,1,29,29,29,29,29,29,29,29,29,29
2004,480690,1,1,0,0,0,0,0,0,0,0,0,0
2004,480690,2,1,0,0,0,0,0,19,0,0,11,0
2004,480691,1,1,16,16,16,16,16,16,16,16,16,16
2004,480692,1,1,11,11,11,11,11,11,11,11,11,11
2004,480693,1,1,11,11,11,11,11,11,11,11,11,11
2004,480693,2,1,0,0,0,0,0,0,0,0,0,0
2004,480694,1,1,18,18,18,18,18,18,18,18,18,18
2004,480694,2,1,0,0,0,0,0,0,0,0,0,0
2004,480695,1,1,0,0,0,0,0,0,0,0,0,0
2004,480695,2,1,0,0,0,0,0,0,0,12,15,0
2004,480696,1,1,0,0,0,0,0,0,0,0,0,0
2004,480697,1,1,26,26,26,26,26,26,26,26,26,26
2004,480698,1,1,0,0,0,0,0,0,0,0,0,0
2004,480699,1,1,0,0,0,0,0,0,5,12,0,0
2004,480699,2,1,4,4,4,4,4,4,4,4,4,4
2004,480700,1,1,12,12,12,12,12,12,12,12,12,12
2004,480701,1,1,10,10,10,10,10,10,10,10,10,10
2004,480701,2,1,8,0,0,16,23,0,0,0,0,0
2004,480702,1,1,0,0,0,0,0,0,0,0,0,0
2004,480702,2,1,0,0,15,0,0,0,0,0,0,23
2004,480702,3,1,0,0,0,0,0,0,0,0,0,0
2004,480703,1,1,0,0,0,0,0,0,0,0,0,0
2004,480703,2,1,0,0,0,0,0,0,0,0,0,0
2004,480704,1,1,0,12,0,0,0,0,0,0,0,0
2004,480704,2,1,0,0,0,0,0,0,0,0,0,0
2004,480705,1,1,0,0,0,0,0,0,0,0,0,0
2004,480706,1,1,0,10,0,0,0,19,10,17,0,23
2004,480707,1,1,0,0,0,16,22,20,0,0,0,0
2004,480708,1,1,0,0,0,0,0,0,0,13,0,0
2004,480708,2,1,0,0,0,0,0,0,0,0,0,0
2004,480709,1,1,0,0,0,0,0,0,0,0,0,0
2004,480710,1,1,0,0,0,0,0,0,0,0,0,0
2004,480710,2,1,0,0,0,0,0,0,0,0,0,0
2004,480711,1,1,0,0,0,0,13,0,0,0,0,0
2004,480711,2,1,7,7,7,7,7,7,7,7,7,7
2004,480712,0,1,36,36,36,36,36,36,36,36,36,36
2004,480712,1,1,0,0,0,23,0,0,0,0,0,11
2004,480713,1,1,0,8,0,0,0,0,0,0,21,0
2004,480713,2,1,0,0,0,0,0,0,0,0,27,0
2004,480714,1,1,34,34,34,34,34,34,34,34,34,34
2004,480714,2,1,0,0,0,0,0,0,0,0,0,0
2004,480714,3,1,0,0,0,0,0,0,0,0,0,0
2004,480714,4,1,0,15,0,0,0,2,0,0,0,0
2004,480715,1,1,0,0,0,0,0,0,0,0,0,0
2004,480715,2,1,0,0,0,0,0,0,0,0,0,0
2004,480716,1,1,0,0,0,0,0,0,0,0,0,0
2004,480716,2,1,4,4,4,4,4,4,4,4,4,4
2004,480717,1,1,0,14,0,0,0,0,0,0,0,0
2004,480717,2,1,0,8,15,0,14,0,25,29,0,24
2004,480718,1,1,0,0,0,0,0,0,0,0,0,0
2004,480718,2,1,0,0,0,0,0,0,0,0,0,0
2004,480719,1,1,0,0,0,0,0,0,0,0,0,0
2004,480720,1,1,0,0,5,0,0,0,0,0,0,6
2004,480721,1,1,0,0,0,0,0,0,0,0,0,0
2004,480721,2,1,0,0,0,0,0,0,0,0,0,0
2004,480722,1,1,32,16,26,12,0,21,21,20,12,13
2004,480723,1,1,0,0,0,0,0,0,0,0,0,0
2004,480724,1,1,0,0,0,0,0,0,0,0,0,0
2004,480724,2,1,26,26,26,26,26,26,26,26,26,26
2004,480725,1,1,0,0,0,0,0,0,0,0,0,0
2004,480725,2,1,0,0,7,0,0,0,0,0,0,0
2004,480726,0,1,15,46,0,0,0,18,22,0,0,0
2004,480726,1,1,17,8,28,16,9,6,10,6,20,19
2004,480727,1,1,22,22,22,22,22,22,22,22,22,22
2004,480728,1,1,0,0,0,0,0,0,0,0,0,0
2004,480728,2,1,0,0,0,0,0,0,0,0,0,0
2004,480729,1,1,0,0,0,0,0,0,0,0,0,0
2004,480729,2,1,0,0,0,0,0,0,0,0,0,0
2004,480730,1,1,0,0,0,0,0,0,0,0,0,0
2004,480730,2,1,0,0,0,0,0,0,1,0,0,0
2004,480731,1,1,0,0,0,0,0,0,0,0,0,0
2004,480732,1,1,0,0,0,0,0,0,0,0,0,0
2004,480732,2,1,0,0,0,0,0,0,0,0,0,0
2004,480732,3,1,0,2,0,25,0,0,0,0,0,0
2004,480733,1,1,20,20,20,20,20,20,20,20,20,20
2004,480734,1,1,0,0,0,0,0,0,0,0,0,0
2004,480734,2,1,22,22,22,22,22,22,22,22,22,22
2004,480735,1,1,0,0,0,0,0,0,0,0,0,0
2004,480736,1,1,0,0,0,0,11,12,0,7,0,0
2004,480737,1,1,0,0,0,0,0,0,0,0,0,0
2004,480737,2,1,0,0,0,0,0,0,0,0,0,0
2004,480737,3,1,0,0,0,0,0,0,0,0,0,11
2004,480738,1,1,18,18,18,18,18,18,18,18,18,18
2004,480738,2,1,0,14,31,0,0,0,0,0,0,0
2004,480739,1,1,8,8,8,8,8,8,8,8,8,8
2004,480740,1,1,0,0,0,0,0,0,0,0,0,0
2004,480740,2,1,8,0,0,0,0,0,0,0,0,0
2004,480741,1,1,18,28,23,28,21,16,25,11,28,10
2004,480742,0,1,0,0,0,0,0,0,0,0,0,0
2004,480742,1,1,0,0,0,19,0,0,0,0,10,0
2004,480743,1,1,10,10,10,10,10,10,10,10,10,10
2004,480744,1,1,11,11,11,11,11,11,11,11,11,11
2004,480744,2,1,0,0,0,0,0,0,0,8,0,0
2004,480745,1,1,21,5,21,0,20,15,19,28,12,0
2004,480746,1,1,0,0,6,0,0,0,0,0,0,0
2004,480746,2,1,0,13,0,0,0,0,0,0,0,0
2004,480747,1,1,0,0,0,0,0,0,0,0,0,0
2004,480748,1,1,0,0,0,12,0,0,0,0,0,0
2004,480749,1,1,0,0,0,0,0,9,0,0,0,0
2004,480749,2,1,0,0,0,0,0,0,0,0,0,0
2004,480750,1,1,10,10,10,10,10,10,10,10,10,10
2004,480751,0,1,0,0,0,0,0,0,0,0,0,0
2004,480751,1,1,23,0,0,0,0,0,0,0,0,0
2004,480752,1,1,38,38,38,38,38,38,38,38,38,38
2004,480752,2,1,0,7,0,0,0,0,0,0,0,0
2004,480753,0,1,0,0,0,0,0,0,0,0,0,0
2004,480753,1,1,0,0,17,0,0,0,0,0,0,0
2004,480754,1,1,0,0,0,0,0,0,0,0,0,0
2004,480754,2,1,0,0,0,0,0,0,0,0,0,0
2004,480755,1,1,0,0,0,0,0,0,0,0,0,0
2004,480755,2,1,0,0,0,0,0,0,0,8,0,0
2004,480756,0,1,0,0,0,12,18,0,2,11,0,0
2004,480756,1,1,0,0,0,0,0,0,0,19,0,0
2004,480757,1,1,0,0,0,0,0,0,0,0,0,0
2004,480758,0,1,0,0,0,0,0,0,0,0,0,0
2004,480758,1,1,0,19,0,11,0,6,0,0,0,0
2004,480759,1,1,25,25,25,25,25,25,25,25,25,25
2004,480760,1,1,26,26,26,26,26,26,26,26,26,26
2004,480760,2,1,0,0,0,0,0,0,0,0,0,0
2004,480761,0,1,0,0,0,0,14,33,30,0,0,9
2004,480761,0,2,27,27,27,27,27,27,27,27,27,27
2004,480761,1,1,0,27,0,10,0,0,0,0,0,0
2004,480762,1,1,0,0,0,0,0,0,0,0,0,0
2004,480762,2,1,0,0,0,0,0,0,0,0,0,0
2004,480763,1,1,32,32,32,32,32,32,32,32,32,32
2004,480764,1,1,11,11,11,11,11,11,11,11,11,11
2004,480765,1,1,20,0,0,0,14,27,10,0,0,17
2004,480766,1,1,21,21,21,21,21,21,21,21,21,21
2004,480766,2,1,0,0,0,0,8,0,0,14,0,0
2004,480767,1,1,21,0,0,0,24,5,18,0,11,18
2004,480767,2,1,0,0,0,0,4,0,0,0,0,0
2004,480768,1,1,15,11,8,4,21,25,32,6,26,19
2004,480769,1,1,24,24,24,24,24,24,24,24,24,24
2004,480770,1,1,0,0,17,0,0,10,0,0,7,0
2004,480771,1,1,9,9,9,9,9,9,9,9,9,9
2004,480772,1,1,2,2,2,2,2,2,2,2,2,2
2004,480773,1,1,13,6,0,0,0,0,0,0,0,0
2004,480774,1,1,34,34,34,34,34,34,34,34,34,34
2004,480775,0,1,0,0,0,0,0,0,0,0,0,0
2004,480775,1,1,10,0,0,16,0,0,17,0,0,12
2004,480776,1,1,4,0,16,37,30,23,15,15,23,11
2004,480777,1,1,20,20,20,20,20,20,20,20,20,20
2004,480778,1,1,20,20,20,20,20,20,20,20,20,20
2004,480779,0,1,7,7,7,7,7,7,7,7,7,7
2004,480779,1,1,0,0,20,10,0,24,0,10,20,0
2004,480780,1,1,22,22,22,22,22,22,22,22,22,22
2004,480781,1,1,26,26,26,26,26,26,26,26,26,26
2004,480782,1,1,10,39,9,29,0,7,9,27,26,0
2004,480783,1,1,24,24,24,24,24,24,24,24,24,24
2004,480784,1,1,0,0,0,0,0,0,0,0,0,0
2004,480784,2,1,0,0,19,0,0,0,0,0,0,0
2004,480784,3,1,0,0,18,0,0,13,0,0,0,0
2004,480785,1,1,0,0,0,0,0,0,0,0,0,0
2004,480786,1,1,14,14,14,14,14,14,14,14,14,14
2004,480787,1,1,20,14,0,0,0,0,32,0,0,27
2004,480788,0,1,0,0,0,0,0,0,0,0,0,0
2004,480788,0,2,0,0,0,0,0,0,0,0,0,0
2004,480788,0,3,0,0,0,18,38,0,0,0,0,29
2004,480788,0,4,0,0,19,0,0,19,21,24,13,36
2004,480788,1,1,25,25,25,25,25,25,25,25,25,25
2004,480788,2,1,0,0,0,0,0,0,0,0,0,0
2004,480789,1,1,18,18,18,18,18,18,18,18,18,18
2004,480789,2,1,0,0,0,0,0,0,0,0,7,0
2004,480790,1,1,0,11,0,0,0,0,0,0,0,0
2004,480791,1,1,4,4,4,4,4,4,4,4,4,4
2004,480791,2,1,0,0,0,0,0,0,0,0,0,0
2004,480792,1,1,0,0,0,0,0,0,0,0,0,0
2004,480792,2,1,0,0,0,0,0,0,0,0,0,0
2004,480793,1,1,0,0,0,0,0,0,0,0,0,0
2004,480793,2,1,0,10,8,0,17,0,0,0,11,0
2004,480794,1,1,15,15,15,15,15,15,15,15,15,15
2004,480794,2,1,0,0,0,0,0,0,0,0,0,0
2004,480795,1,1,0,0,0,0,0,0,0,0,0,0
2004,480795,2,1,0,0,0,0,0,0,0,0,0,0
2004,480796,1,1,11,11,11,11,11,11,11,11,11,11
2004,480796,2,1,0,16,0,0,9,0,0,0,16,0
2004,480796,3,1,0,18,0,11,0,0,8,0,0,0
2004,480796,4,1,0,0,0,0,0,13,0,0,0,0
2004,480796,5,1,0,0,0,0,0,0,0,0,13,14
2004,480796,6,1,0,16,0,0,0,0,0,4,0,6
2004,480797,1,1,20,20,20,20,20,20,20,20,20,20
2004,480798,0,1,0,0,20,0,0,0,0,0,0,7
2004,480798,1,1,0,0,0,0,0,0,0,0,0,0
2004,480799,0,1,22,27,0,15,18,30,2,14,37,26
2004,480799,1,1,3,3,3,3,3,3,3,3,3,3
2004,480800,1,1,23,23,23,23,23,23,23,23,23,23
2004,480801,0,1,0,0,13,26,0,0,0,18,9,0
2004,480801,1,1,0,0,0,0,0,0,0,0,0,0
2004,480802,1,1,22,21,7,0,8,0,27,26,0,9
2004,480803,1,1,13,13,13,13,13,13,13,13,13,13
2004,480804,0,1,0,0,0,0,0,0,0,0,0,0
2004,480804,1,1,20,0,0,14,20,0,13,0,8,0
2004,480805,1,1,0,5,0,0,0,17,0,0,0,8
2004,480806,1,1,0,12,0,0,0,0,0,0,0,0
2004,480807,1,1,0,13,11,0,0,0,26,22,23,21
2004,480808,0,1,33,33,33,33,33,33,33,33,33,33
2004,480808,1,1,16,16,16,16,16,16,16,16,16,16
2004,480809,1,1,25,25,25,25,25,25,25,25,25,25
2004,480810,1,1,0,0,0,0,0,0,0,0,0,0
2004,480810,2,1,0,0,0,0,0,0,0,0,0,0
2004,480811,1,1,7,7,7,7,7,7,7,7,7,7
2004,480812,1,1,27,27,27,27,27,27,27,27,27,27
2004,480813,1,1,13,30,0,0,14,0,9,0,7,7
2004,480814,1,1,0,0,0,0,0,0,0,0,0,0
2004,480814,2,1,18,18,18,18,18,18,18,18,18,18
2004,480815,1,1,10,10,10,10,10,10,10,10,10,10
2004,480816,1,1,10,0,0,0,0,9,25,19,0,0
2004,480817,1,1,0,0,0,0,0,0,0,0,0,0
2004,480818,0,1,0,0,0,0,0,0,0,0,0,0
2004,480818,1,1,0,0,0,0,0,0,0,0,0,0
2004,480818,2,1,0,0,0,0,0,19,0,0,0,0
2004,480819,1,1,0,0,0,0,0,0,0,0,0,0
2004,480819,2,1,0,0,0,0,0,0,0,0,0,0
2004,480820,1,1,27,27,27,27,27,27,27,27,27,27
2004,480820,2,1,0,0,0,0,0,0,15,0,10,0
2004,480821,1,1,0,0,0,0,0,0,0,0,0,0
2004,480821,2,1,0,0,0,0,0,0,0,0,0,0
2004,480822,1,1,0,0,0,0,0,0,14,0,0,0
2004,480822,2,1,0,0,0,0,0,0,0,0,0,0
2004,480823,1,1,0,0,0,0,0,0,0,0,0,0
2004,480824,1,1,0,0,0,0,0,0,0,0,0,0
2004,480825,1,1,0,14,13,0,4,0,0,0,0,9
2004,480826,1,1,20,20,20,20,20,20,20,20,20,20
2004,480826,2,1,0,0,0,0,0,0,0,0,0,0
2004,480827,1,1,0,0,0,0,0,0,14,19,20,0
2004,480828,1,1,0,0,0,0,0,0,0,0,0,0
2004,480828,2,1,27,27,27,27,27,27,27,27,27,27
2004,480829,1,1,18,18,18,18,18,18,18,18,18,18
2004,480829,2,1,0,0,0,0,0,0,0,0,0,0
2004,480830,1,1,0,0,0,0,0,0,0,0,0,0
2004,480831,0,1,0,0,0,0,0,0,0,0,0,0
2004,480831,1,1,0,15,0,0,0,0,15,0,0,0
2004,480832,0,1,10,0,0,0,0,0,0,0,0,0
2004,480832,0,2,0,0,0,0,8,0,0,0,0,0
2004,480832,0,3,0,0,0,0,0,0,0,0,0,0
2004,480832,1,1,0,29,14,0,0,0,0,0,0,0
2004,480833,1,1,21,21,21,21,21,21,21,21,21,21
2004,480834,1,1,0,0,0,0,0,0,0,0,0,0
2004,480834,2,1,0,0,23,0,15,11,0,11,0,0
2004,480835,1,1,21,21,21,21,21,21,21,21,21,21
2004,480836,1,1,15,17,24,26,25,0,13,14,18,24
2004,480837,1,1,29,29,29,29,29,29,29,29,29,29
2004,480838,0,1,0,0,0,0,0,0,0,0,0,0
2004,480838,1,1,0,29,0,0,0,0,0,17,0,0
2004,480839,1,1,0,0,0,0,0,0,0,0,0,0
2004,480839,2,1,0,0,0,0,0,0,0,0,0,0
2004,480840,0,1,0,0,0,0,0,0,0,0,0,0
2004,480840,1,1,0,0,0,0,0,0,0,0,0,0
2004,480841,1,1,0,0,0,0,0,0,0,0,0,0
2004,480842,1,1,17,0,0,20,9,0,0,0,8,0
2004,480843,0,1,4,4,4,4,4,4,4,4,4,4
2004,480843,1,1,0,0,0,0,0,0,13,10,0,24
2004,480844,1,1,0,0,0,0,0,0,0,0,0,5
2004,480844,2,1,0,0,0,0,0,0,0,0,0,0
2004,480845,1,1,0,0,0,0,0,0,0,0,0,0
2004,480845,2,1,0,16,0,0,0,0,16,0,0,15
2004,480846,1,1,0,21,0,0,0,18,12,6,0,17
2004,480847,1,1,0,0,0,0,0,0,0,0,0,0
2004,480847,2,1,0,0,0,0,0,0,0,0,0,0
2004,480848,1,1,0,0,0,0,0,0,0,0,0,0
2004,480848,2,1,0,0,0,0,0,0,0,0,0,0
2004,480849,1,1,0,0,0,0,0,0,0,0,2,0
2004,480850,1,1,0,0,0,0,0,0,0,0,0,0
2004,480850,2,1,0,11,0,0,0,10,0,0,0,0
2004,480851,1,1,0,0,0,0,0,0,0,0,12,0
2004,480851,2,1,0,0,0,0,0,0,0,0,0,0
2004,480852,1,1,0,0,0,0,0,0,0,0,0,0
2004,480852,2,1,0,0,0,0,0,0,0,0,0,0
2004,480853,0,1,45,45,45,45,45,45,45,45,45,45
2004,480853,1,1,0,16,0,8,0,0,0,0,0,3
2004,480854,1,1,10,10,10,10,10,10,10,10,10,10
2004,480854,2,1,0,0,0,0,0,0,0,0,0,0
2004,480855,1,1,0,0,0,0,0,0,0,0,0,0
2004,480856,1,1,0,0,0,0,0,0,0,0,0,0
2004,480857,1,1,23,23,23,23,23,23,23,23,23,23
2004,480858,1,1,0,0,0,0,24,6,0,0,6,0
2004,480858,2,1,0,0,0,0,0,0,0,0,0,0
2004,480859,1,1,0,0,0,0,0,0,0,0,0,0
2004,480859,2,1,0,0,0,0,0,0,0,0,0,0
2004,480860,1,1,13,17,0,0,0,23,23,0,0,40
2004,480861,1,1,0,0,0,0,21,15,0,0,0,0
2004,480861,2,1,0,0,0,0,0,0,0,11,0,8
2004,480862,1,1,0,0,0,0,0,0,0,0,0,0