YEAR,ST_CASE,veh_no,per_no,P1,P2,P3,P4,P5,P6,P7,P8,P9,P10
2004,480863,1,1,0,0,0,0,0,14,0,0,0,35
2004,480864,1,1,13,29,13,16,13,10,26,14,0,0
2004,480865,1,1,0,0,0,0,0,0,0,0,0,0
2004,480865,2,1,0,0,0,0,0,0,0,8,0,0
2004,480866,0,1,47,46,25,45,9,16,26,24,13,0
2004,480866,1,1,0,0,2,0,0,0,0,0,18,0
2004,480867,1,1,33,11,21,21,19,12,24,23,23,27
2004,480868,1,1,33,15,7,13,11,10,16,0,14,21
2004,480869,1,1,0,0,0,0,0,0,0,0,0,0
2004,480869,2,1,0,0,0,0,0,0,0,0,0,0
2004,480869,3,1,0,0,0,0,0,0,0,0,0,0
2004,480869,4,1,0,0,0,0,0,0,0,0,0,0
2004,480870,0,1,0,0,0,0,0,0,0,0,0,0
2004,480870,1,1,0,0,0,0,0,0,0,0,0,0
2004,480871,0,1,25,24,16,29,19,33,45,16,27,8
2004,480871,1,1,0,0,0,36,0,0,0,0,0,0
2004,480872,1,1,0,0,0,0,0,0,0,0,0,0
2004,480872,2,1,0,13,0,0,0,0,17,0,0,0
2004,480873,1,1,0,0,19,17,0,23,0,0,0,0
2004,480874,1,1,14,14,14,14,14,14,14,14,14,14
2004,480875,1,1,0,0,0,0,0,0,0,0,0,0
2004,480875,2,1,0,0,0,0,0,0,0,0,0,0
2004,480876,1,1,27,20,17,26,10,27,25,8,8,10
2004,480877,1,1,0,0,0,0,0,0,0,0,0,0
2004,480878,1,1,0,0,0,0,0,0,0,0,0,0
2004,480878,2,1,0,0,0,0,0,0,0,0,0,0
2004,480879,1,1,0,0,0,0,0,0,0,0,0,0
2004,480880,1,1,0,0,0,0,0,0,0,0,0,0
2004,480881,1,1,0,0,0,0,0,0,0,0,0,0
2004,480883,1,1,0,0,0,0,0,26,0,0,0,23
2004,480883,2,1,0,0,0,0,0,0,0,0,0,0
2004,480884,1,1,0,0,0,0,0,0,0,0,0,0
2004,480884,2,1,0,0,0,0,0,0,0,0,0,0
2004,480885,1,1,0,0,0,0,0,0,0,0,0,0
2004,480885,2,1,0,0,0,0,0,0,0,0,0,0
2004,480886,1,1,21,13,21,14,3,13,6,0,12,6
2004,480886,2,1,0,0,0,0,0,0,0,0,0,0
2004,480887,1,1,0,0,0,0,0,0,0,0,0,0
2004,480887,2,1,0,0,0,0,0,0,0,0,0,0
2004,480887,3,1,0,0,0,0,0,0,0,0,0,0
2004,480888,0,1,0,0,0,0,0,0,0,0,0,0
2004,480888,1,1,0,14,0,0,0,0,0,0,0,0
2004,480889,1,1,0,0,0,0,0,0,0,0,0,0
2004,480889,2,1,0,0,0,0,0,0,0,0,0,0
2004,480890,1,1,20,20,20,20,20,20,20,20,20,20
2004,480890,2,1,0,0,0,0,0,0,0,0,0,0
2004,480891,1,1,0,0,0,0,0,0,0,0,0,0
2004,480892,1,1,22,22,22,22,22,22,22,22,22,22
2004,480892,2,1,0,0,0,0,0,0,0,0,0,0
2004,480893,1,1,0,0,0,0,0,0,0,0,0,0
2004,480894,0,1,16,16,16,16,16,16,16,16,16,16
2004,480894,1,1,0,15,0,8,18,0,0,13,15,0
2004,480895,1,1,0,0,0,0,0,0,0,0,0,0
2004,480895,2,1,0,0,0,0,0,0,0,0,0,0
2004,480896,1,1,10,0,0,0,0,0,0,7,13,0
2004,480897,1,1,0,0,0,0,0,0,0,0,0,0
2004,480897,2,1,0,0,0,0,0,0,0,0,0,0
2004,480898,0,1,20,20,20,20,20,20,20,20,20,20
2004,480898,1,1,13,13,13,13,13,13,13,13,13,13
2004,480899,1,1,0,0,0,0,0,0,0,0,0,0
2004,480899,2,1,14,14,14,14,14,14,14,14,14,14
2004,480900,1,1,0,0,0,0,0,0,0,0,9,0
2004,480900,2,1,0,0,0,0,0,0,0,0,0,0
2004,480901,1,1,0,0,0,0,0,0,0,0,0,0
2004,480901,2,1,0,0,0,0,0,0,0,0,0,0
2004,480901,3,1,0,0,0,17,0,16,0,0,0,0
2004,480902,1,1,0,0,0,0,0,0,0,12,0,0
2004,480903,1,1,0,0,0,0,0,0,0,0,0,0
2004,480903,2,1,0,0,0,0,0,0,0,0,0,0
2004,480904,1,1,0,0,0,0,0,0,0,0,0,0
2004,480904,2,1,25,25,25,25,25,25,25,25,25,25
2004,480905,1,1,35,35,35,35,35,35,35,35,35,35
2004,480906,1,1,0,0,0,0,0,0,0,22,0,0
2004,480907,1,1,0,0,0,0,0,0,0,0,0,0
2004,480907,2,1,0,0,0,0,0,0,0,0,0,0
2004,480908,1,1,0,0,0,0,0,0,0,0,0,0
2004,480908,2,1,0,0,0,0,0,0,0,0,0,0
2004,480908,3,1,0,0,0,0,0,0,0,0,0,0
2004,480908,4,1,0,0,0,0,0,0,0,0,0,0
2004,480909,1,1,3,3,3,3,3,3,3,3,3,3
2004,480910,1,1,0,0,13,0,0,0,0,0,0,0
2004,480910,2,1,0,0,0,0,1,0,0,0,0,0
2004,480911,1,1,0,0,0,0,0,0,0,0,0,0
2004,480911,2,1,0,0,0,0,0,0,0,0,0,0
2004,480912,0,1,31,31,31,31,31,31,31,31,31,31
2004,480912,1,1,17,17,17,17,17,17,17,17,17,17
2004,480913,1,1,18,18,18,18,18,18,18,18,18,18
2004,480913,2,1,0,0,0,11,0,0,13,16,0,4
2004,480914,1,1,13,18,2,22,27,0,21,11,14,13
2004,480915,1,1,0,0,0,0,0,0,0,0,0,0
2004,480916,1,1,12,0,0,0,0,0,0,0,0,0
2004,480916,2,1,0,0,0,0,0,0,0,0,0,0
2004,480917,1,1,0,0,0,4,0,13,0,10,0,0
2004,480918,1,1,0,0,0,0,0,0,0,0,0,0
2004,480918,2,1,0,0,0,0,0,0,0,0,0,0
2004,480919,1,1,0,0,0,0,0,0,0,0,0,0
2004,480919,2,1,0,0,0,0,0,0,0,0,0,0
2004,480920,0,1,44,44,44,44,44,44,44,44,44,44
2004,480920,1,1,0,10,0,0,0,0,0,0,0,0
2004,480921,1,1,23,0,25,8,24,13,16,13,0,0
2004,480922,1,1,7,11,8,8,16,13,15,15,48,13
2004,480923,1,1,0,0,0,0,0,0,0,0,0,0
2004,480923,2,1,0,0,0,0,0,0,0,0,0,0
2004,480924,1,1,4,4,4,4,4,4,4,4,4,4
2004,480924,2,1,0,0,0,0,0,0,0,0,0,0
2004,480925,0,1,17,17,17,17,17,17,17,17,17,17
2004,480925,1,1,0,0,0,0,0,0,0,0,0,0
2004,480926,0,1,0,0,0,0,0,0,0,0,0,0
2004,480926,1,1,0,0,0,0,0,0,8,8,0,0
2004,480927,1,1,11,11,11,11,11,11,11,11,11,11
2004,480928,1,1,22,22,22,22,22,22,22,22,22,22
2004,480928,2,1,0,0,0,0,0,0,0,0,0,0
2004,480928,3,1,0,0,0,0,0,0,0,0,0,0
2004,480929,1,1,0,0,0,0,0,0,0,0,0,0
2004,480929,2,1,0,0,0,0,0,0,0,10,0,0
2004,480930,1,1,19,19,19,19,19,19,19,19,19,19
2004,480931,1,1,12,12,12,12,12,12,12,12,12,12
2004,480931,2,1,0,0,0,0,0,0,0,0,0,0
2004,480932,1,1,30,18,9,8,16,7,0,5,8,14
2004,480933,1,1,0,0,0,0,0,0,0,0,0,0
2004,480933,2,1,0,0,0,0,0,0,0,0,0,0
2004,480934,1,1,0,0,0,0,0,0,0,0,0,18
2004,480935,1,1,0,0,7,0,0,15,0,0,0,0
2004,480936,0,1,0,0,0,0,0,0,0,0,0,0
2004,480936,1,1,0,0,0,0,0,0,0,0,0,0
2004,480937,1,1,25,38,12,0,0,15,18,21,0,9
2004,480938,1,1,0,0,0,0,0,0,0,0,0,0
2004,480938,2,1,0,0,0,0,0,0,0,0,0,0
2004,480938,3,1,0,0,0,0,0,0,0,0,0,0
2004,480939,1,1,0,0,0,0,0,0,0,0,0,0
2004,480939,2,1,0,0,0,0,0,0,0,0,0,0
2004,480940,1,1,0,0,0,0,0,0,0,0,0,0
2004,480940,2,1,0,0,0,0,0,0,0,0,0,0
2004,480941,1,1,0,0,0,0,0,0,0,0,0,0
2004,480942,1,1,0,0,0,0,0,0,0,0,18,0
2004,480942,2,1,0,0,0,0,0,0,0,0,16,0
2004,480943,1,1,0,0,0,0,9,0,0,0,0,0
2004,480944,1,1,0,0,0,0,0,0,0,0,0,0
2004,480945,0,1,22,0,0,8,0,7,13,30,0,7
2004,480945,1,1,0,0,0,0,0,0,5,9,0,13
2004,480946,0,1,0,0,0,15,22,0,0,0,9,0
2004,480946,1,1,15,12,16,9,9,8,9,17,21,19
2004,480946,2,1,0,0,0,0,0,0,0,0,6,0
2004,480947,1,1,15,15,15,15,15,15,15,15,15,15
2004,480947,2,1,0,0,0,0,0,0,0,0,0,0
2004,480948,1,1,0,0,0,0,0,0,0,0,0,0
2004,480948,2,1,0,0,0,0,0,0,0,0,0,0
2004,480949,1,1,0,0,0,0,23,0,0,0,0,0
2004,480950,1,1,0,17,0,20,0,23,12,0,18,19
2004,480951,1,1,8,2,0,0,11,0,8,12,17,0
2004,480952,1,1,0,0,0,11,0,0,0,0,0,0
2004,480952,2,1,0,0,0,0,0,0,0,0,0,0
2004,480953,1,1,0,14,0,0,0,0,0,0,0,0
2004,480953,2,1,0,0,0,0,0,0,0,0,0,0
2004,480954,0,1,26,26,26,26,26,26,26,26,26,26
2004,480954,1,1,0,0,0,0,0,0,0,0,0,0
2004,480955,1,1,0,0,0,0,0,7,0,0,0,0
2004,480955,2,1,0,0,6,0,0,13,4,0,0,0
2004,480956,1,1,8,8,8,8,8,8,8,8,8,8
2004,480957,0,1,0,0,0,0,0,0,0,0,0,0
2004,480957,1,1,0,6,0,0,0,0,10,0,0,0
2004,480958,1,1,10,10,10,10,10,10,10,10,10,10
2004,480958,2,1,0,0,0,0,0,0,0,0,0,0
2004,480959,1,1,14,14,14,14,14,14,14,14,14,14
2004,480960,1,1,0,0,0,0,0,0,0,0,0,0
2004,480960,2,1,0,15,14,0,0,0,9,0,0,0
2004,480960,3,1,0,15,0,0,0,0,0,0,0,0
2004,480961,1,1,0,0,0,0,0,0,0,0,0,0
2004,480961,2,1,4,0,0,0,0,0,0,0,0,19
2004,480962,0,1,0,0,0,0,0,0,0,0,0,0
2004,480962,1,1,0,0,0,0,0,0,0,0,0,0
2004,480963,1,1,0,0,0,0,0,0,11,0,0,0
2004,480964,1,1,0,0,0,0,0,0,0,5,0,0
2004,480964,2,1,0,0,0,0,0,0,0,0,0,0
2004,480964,3,1,0,0,0,0,0,0,0,0,0,0
2004,480965,0,1,0,0,0,0,0,0,0,0,0,0
2004,480965,1,1,0,0,0,0,0,0,0,0,0,0
2004,480966,1,1,0,0,0,0,0,0,0,0,0,0
2004,480967,1,1,21,21,21,21,21,21,21,21,21,21
2004,480967,2,1,0,0,0,0,0,0,0,0,0,0
2004,480967,3,1,7,7,7,7,7,7,7,7,7,7
2004,480968,1,1,0,0,0,0,0,0,0,0,0,0
2004,480969,1,1,8,8,8,8,8,8,8,8,8,8
2004,480970,1,1,19,19,19,19,19,19,19,19,19,19
2004,480971,0,1,11,0,9,9,19,10,0,25,0,17
2004,480971,1,1,0,0,0,0,0,0,0,0,0,0
2004,480972,1,1,12,12,12,12,12,12,12,12,12,12
2004,480973,1,1,19,19,19,19,19,19,19,19,19,19
2004,480973,2,1,0,0,0,0,0,0,0,0,0,0
2004,480974,1,1,9,0,0,0,32,13,0,0,11,0
2004,480975,1,1,0,0,8,0,0,0,0,0,0,0
2004,480975,2,1,0,0,0,0,22,0,29,0,0,23
2004,480975,3,1,0,0,0,0,0,0,0,17,0,0
2004,480975,4,1,5,11,12,0,16,16,11,6,8,5
2004,480975,5,1,19,0,0,0,0,0,0,0,0,9
2004,480976,1,1,11,11,11,11,11,11,11,11,11,11
2004,480977,1,1,0,0,0,0,0,0,0,0,0,0
2004,480977,2,1,0,0,0,0,0,0,0,0,0,0
2004,480978,1,1,0,0,0,0,0,0,0,0,0,0
2004,480978,2,1,0,0,0,0,0,0,0,0,0,0
2004,480979,1,1,18,18,18,18,18,18,18,18,18,18
2004,480980,1,1,0,0,0,0,0,0,0,0,0,0
2004,480980,2,1,0,0,0,0,0,0,0,0,0,0
2004,480981,1,1,0,0,0,21,0,0,0,0,0,0
2004,480981,2,1,0,0,0,0,0,0,0,0,0,0
2004,480982,1,1,32,8,18,22,23,21,28,22,21,21
2004,480983,1,1,0,0,0,0,0,0,0,0,0,0
2004,480984,1,1,0,0,0,17,23,0,0,12,10,0
2004,480985,1,1,14,14,14,14,14,14,14,14,14,14
2004,480985,2,1,0,0,0,0,0,0,0,0,0,0
2004,480986,0,1,0,0,0,0,0,0,0,0,0,0
2004,480986,1,1,0,0,0,0,0,0,0,4,0,0
2004,480987,1,1,0,0,0,0,0,0,0,0,0,0
2004,480988,1,1,0,0,0,0,0,0,0,0,0,0
2004,480988,2,1,0,0,0,0,0,0,0,0,0,0
2004,480989,1,1,0,0,0,8,0,0,0,7,0,0
2004,480989,2,1,0,0,11,0,0,0,0,0,0,0
2004,480990,1,1,0,0,0,0,0,0,0,0,0,0
2004,480991,0,1,8,8,8,8,8,8,8,8,8,8
2004,480991,1,1,9,13,14,19,17,31,10,10,8,11
2004,480991,2,1,0,0,0,18,0,0,0,0,0,0
2004,480992,1,1,0,0,0,0,0,0,0,4,0,0
2004,480993,1,1,16,16,16,16,16,16,16,16,16,16
2004,480994,1,1,26,26,26,26,26,26,26,26,26,26
2004,480994,2,1,3,3,3,3,3,3,3,3,3,3
2004,480995,0,1,0,0,0,0,0,0,0,0,0,0
2004,480995,1,1,0,0,0,0,15,0,0,0,21,0
2004,480996,1,1,13,13,13,13,13,13,13,13,13,13
2004,480996,2,1,20,0,9,0,22,12,0,0,17,0
2004,480997,1,1,16,0,6,0,15,0,3,0,0,0
2004,480998,1,1,11,11,11,11,11,11,11,11,11,11
2004,480999,1,1,17,17,17,17,17,17,17,17,17,17
2004,481000,1,1,0,0,0,30,0,0,0,13,0,0
2004,481001,1,1,0,26,0,0,0,0,0,0,0,3
2004,481001,2,1,0,17,0,0,0,0,0,28,0,0
2004,481002,1,1,12,0,0,21,0,0,0,0,16,0
2004,481003,1,1,18,18,18,18,18,18,18,18,18,18
2004,481004,1,1,0,17,0,0,0,26,0,0,0,0
2004,481005,1,1,0,0,0,0,0,0,0,0,0,0
2004,481006,1,1,20,20,20,20,20,20,20,20,20,20
2004,481006,2,1,13,0,30,23,0,32,0,31,0,15
2004,481007,0,1,3,3,3,3,3,3,3,3,3,3
2004,481007,1,1,5,5,5,5,5,5,5,5,5,5
2004,481008,1,1,7,0,0,0,0,0,0,0,0,0
2004,481008,2,1,0,0,0,0,0,0,0,0,0,13
2004,481009,1,1,24,24,24,24,24,24,24,24,24,24
2004,481010,1,1,0,0,0,0,0,0,0,0,0,0
2004,481010,2,1,0,0,0,0,0,0,0,17,0,0
2004,481011,1,1,0,0,0,0,0,0,0,0,0,0
2004,481012,1,1,30,30,30,30,30,30,30,30,30,30
2004,481013,1,1,0,0,0,7,0,39,32,0,23,17
2004,481014,1,1,0,0,0,0,0,0,0,0,0,0
2004,481014,2,1,0,0,0,0,0,0,0,0,0,0
2004,481015,0,1,20,15,14,2,7,27,0,0,20,0
2004,481015,1,1,21,23,0,0,0,13,15,11,0,0
2004,481016,1,1,15,35,0,20,24,16,7,24,22,16
2004,481017,1,1,6,0,4,12,6,27,0,8,0,13
2004,481017,2,1,0,0,8,0,8,0,0,0,0,6
2004,481018,0,1,31,31,31,31,31,31,31,31,31,31
2004,481018,1,1,0,0,0,0,0,12,0,0,0,0
2004,481019,1,1,0,0,0,0,0,0,0,0,0,0
2004,481019,2,1,26,26,26,26,26,26,26,26,26,26
2004,481020,0,1,15,15,15,15,15,15,15,15,15,15
2004,481020,1,1,0,5,8,0,0,0,0,0,9,15
2004,481021,0,1,0,0,0,0,0,0,0,0,0,0
2004,481021,0,2,0,12,0,13,0,0,0,0,0,0
2004,481021,1,1,12,22,10,22,21,19,24,31,21,24
2004,481022,1,1,22,41,31,12,16,9,10,0,5,15
2004,481023,1,1,0,0,0,0,0,0,0,0,0,0
2004,481024,1,1,0,0,0,0,0,0,0,0,0,0
2004,481024,2,1,0,0,0,0,0,0,0,0,0,0
2004,481025,1,1,15,9,17,15,26,19,5,14,23,19
2004,481026,0,1,2,2,2,2,2,2,2,2,2,2
2004,481026,1,1,0,11,11,11,11,17,15,0,26,12
2004,481027,1,1,0,0,0,0,0,0,0,0,0,0
2004,481028,0,1,26,26,26,26,26,26,26,26,26,26
2004,481028,1,1,0,0,0,6,0,0,14,0,0,0
2004,481029,1,1,16,0,0,0,0,28,0,0,0,0
2004,481029,2,1,0,0,0,0,0,0,0,0,0,0
2004,481030,1,1,0,0,0,0,0,0,0,0,0,0
2004,481031,1,1,0,0,0,0,0,0,0,0,0,0
2004,481031,2,1,0,0,0,0,0,0,0,0,0,0
2004,481032,1,1,0,0,0,0,0,0,0,0,0,0
2004,481032,2,1,0,0,0,0,0,0,0,0,0,0
2004,481032,3,1,0,0,0,14,0,24,0,0,0,0
2004,481032,4,1,0,0,0,0,0,0,0,0,0,0
2004,481033,0,1,0,0,0,0,14,5,0,28,9,0
2004,481033,1,1,0,0,8,0,0,5,0,0,0,0
2004,481034,1,1,0,0,0,0,0,0,0,0,0,0
2004,481035,1,1,0,0,0,0,6,0,0,5,15,0
2004,481035,2,1,0,0,26,0,18,0,0,15,0,3
2004,481036,1,1,0,0,0,0,0,0,0,0,0,0
2004,481036,2,1,0,0,0,0,0,0,0,0,0,0
2004,481037,1,1,0,0,0,0,0,0,0,16,0,0
2004,481037,2,1,0,0,0,0,0,0,0,0,0,0
2004,481037,3,1,0,0,12,0,0,0,0,0,0,0
2004,481038,0,1,31,31,31,31,31,31,31,31,31,31
2004,481038,1,1,0,0,0,0,0,22,0,20,15,14
2004,481039,1,1,28,28,28,28,28,28,28,28,28,28
2004,481040,1,1,10,10,10,10,10,10,10,10,10,10
2004,481041,1,1,9,9,9,9,9,9,9,9,9,9
2004,481042,1,1,0,19,0,0,0,0,0,0,0,0
2004,481042,2,1,0,0,0,0,0,0,0,0,0,0
2004,481043,1,1,25,25,25,25,25,25,25,25,25,25
2004,481044,1,1,4,4,4,4,4,4,4,4,4,4
2004,481045,1,1,0,0,0,0,0,0,0,0,0,0
2004,481046,0,1,30,30,30,30,30,30,30,30,30,30
2004,481046,1,1,25,25,25,25,25,25,25,25,25,25
2004,481047,1,1,0,0,0,0,0,0,0,0,0,0
2004,481047,2,1,0,0,0,0,0,0,0,0,0,0
2004,481048,1,1,0,0,0,0,0,0,0,0,6,0
2004,481048,2,1,0,0,0,0,0,0,0,0,0,0
2004,481049,0,1,0,0,0,0,0,0,0,0,0,0
2004,481049,1,1,0,0,0,0,13,13,0,0,0,0
2004,481050,1,1,0,0,0,0,0,0,0,0,0,0
2004,481050,2,1,0,0,0,0,0,0,0,0,0,0
2004,481050,3,1,0,0,0,0,0,0,0,0,0,0
2004,481051,1,1,0,0,0,0,0,12,8,0,0,0
2004,481052,1,1,17,17,17,17,17,17,17,17,17,17
2004,481053,1,1,3,6,4,6,8,23,10,5,8,13
2004,481053,2,1,21,0,0,0,0,0,0,0,0,0
2004,481054,1,1,23,23,23,23,23,23,23,23,23,23
2004,481054,2,1,3,0,0,0,11,0,0,0,0,30
2004,481055,0,1,0,0,0,0,0,0,0,0,0,0
2004,481055,1,1,0,0,0,0,0,0,0,0,0,0
2004,481056,1,1,16,16,16,16,16,16,16,16,16,16
2004,481057,1,1,21,0,33,11,22,0,24,16,11,20
2004,481058,1,1,0,0,0,0,0,0,0,0,0,0
2004,481058,2,1,0,0,0,0,0,0,0,0,0,0
2004,481059,0,1,25,25,25,25,25,25,25,25,25,25
2004,481059,1,1,0,0,0,8,22,0,0,17,0,0
2004,481059,2,1,12,0,0,0,0,0,0,0,0,0
2004,481059,3,1,0,0,0,11,0,0,8,0,0,0
2004,481060,1,1,27,15,30,13,26,0,15,0,18,18
2004,481061,0,1,22,0,19,0,0,0,6,0,27,15
2004,481061,1,1,0,0,0,8,17,0,0,0,0,23
2004,481062,0,1,0,0,0,0,0,0,0,0,0,0
2004,481062,1,1,0,0,0,0,0,0,0,21,0,0
2004,481062,2,1,0,0,0,0,0,0,0,0,0,0
2004,481063,1,1,0,0,0,0,0,0,0,0,0,14
2004,481063,2,1,17,0,13,0,0,20,20,0,16,0
2004,481064,0,1,0,0,0,0,0,0,0,0,0,0
2004,481064,1,1,0,0,0,6,0,0,0,33,0,0
2004,481065,1,1,18,0,0,0,11,0,12,0,0,0
2004,481065,2,1,0,0,0,0,0,0,0,0,0,0
2004,481066,1,1,0,0,0,0,0,0,0,0,0,0
2004,481066,2,1,0,0,0,0,0,0,0,0,0,0
2004,481067,1,1,0,17,23,0,11,10,6,0,15,16
2004,481068,1,1,16,3,14,24,0,21,10,3,15,16
2004,481068,2,1,0,0,0,0,0,0,0,0,0,0
2004,481069,1,1,0,0,0,18,0,0,0,0,0,0
2004,481069,2,1,0,0,0,0,0,0,0,0,0,0
2004,481069,3,1,0,0,0,0,0,0,0,0,0,0
2004,481069,4,1,0,0,0,0,0,0,0,0,0,0
2004,481070,1,1,16,0,0,0,0,0,0,0,0,0
2004,481070,2,1,0,0,0,0,0,0,0,0,0,0
2004,481071,0,1,24,24,24,24,24,24,24,24,24,24
2004,481071,1,1,0,23,0,0,0,0,0,0,0,0
2004,481072,1,1,0,38,0,0,0,0,0,0,0,0
2004,481073,1,1,12,29,18,36,21,11,9,0,25,13
2004,481074,1,1,9,9,9,9,9,9,9,9,9,9
2004,481075,0,1,0,0,0,10,37,11,0,11,0,0
2004,481075,1,1,0,0,0,0,0,0,0,0,0,0
2004,481076,0,1,0,0,0,0,0,0,0,0,0,0
2004,481076,1,1,0,0,0,0,0,19,23,0,0,0
2004,481077,1,1,0,0,0,0,0,0,0,0,0,0
2004,481077,2,1,26,26,26,26,26,26,26,26,26,26
2004,481078,0,1,0,0,19,20,0,0,7,0,29,25
2004,481078,1,1,0,16,10,30,0,0,0,0,0,0
2004,481079,1,1,0,0,0,0,0,0,0,0,0,0
2004,481080,1,1,10,0,0,0,0,0,0,0,0,0
2004,481081,1,1,0,0,0,0,0,0,0,0,0,0
2004,481081,2,1,0,0,0,4,0,24,0,0,0,22
2004,481082,1,1,0,0,0,0,0,0,0,0,0,0
2004,481082,2,1,0,0,0,0,0,0,0,0,0,0
2004,481083,1,1,0,0,0,0,0,0,0,0,0,0
2004,481084,1,1,0,0,0,0,0,0,0,0,0,0
2004,481085,1,1,0,0,8,11,0,0,3,0,24,7
2004,481085,2,1,10,10,10,10,10,10,10,10,10,10
2004,481086,1,1,0,0,0,22,0,0,0,0,0,0
2004,481086,2,1,0,11,0,10,0,0,0,0,20,0
2004,481087,1,1,0,0,0,0,0,0,0,0,0,0
2004,481087,2,1,0,10,0,0,0,24,0,0,0,0
2004,481088,1,1,0,24,30,0,0,0,0,0,0,0
2004,481088,2,1,0,0,12,0,0,0,0,0,0,0
2004,481088,3,1,0,0,0,0,0,0,0,0,0,0
2004,481089,1,1,0,0,0,0,0,3,0,29,0,6
2004,481090,1,1,0,0,0,0,0,0,0,0,0,0
2004,481091,1,1,0,0,12,28,0,0,0,19,0,0
2004,481092,1,1,0,0,0,0,0,0,0,0,0,0
2004,481092,2,1,0,0,6,0,0,16,3,0,0,0
2004,481093,1,1,27,27,27,27,27,27,27,27,27,27
2004,481093,2,1,0,0,0,0,0,0,0,0,0,0
2004,481094,1,1,15,15,15,15,15,15,15,15,15,15
2004,481095,1,1,9,0,8,0,20,0,0,0,0,15
2004,481095,2,1,0,0,0,0,0,0,0,0,0,0
2004,481096,1,1,3,3,3,3,3,3,3,3,3,3
2004,481096,2,1,0,0,0,0,0,0,0,0,0,20
2004,481096,3,1,0,0,9,0,0,0,0,0,0,0
2004,481097,1,1,0,0,0,21,19,0,13,6,17,16
2004,481098,1,1,1,1,1,1,1,1,1,1,1,1
2004,481098,2,1,0,0,0,0,0,0,0,0,0,0
2004,481099,1,1,11,11,11,11,11,11,11,11,11,11
2004,481100,1,1,0,0,0,0,0,0,0,0,0,0
2004,481100,2,1,0,0,0,0,0,0,0,0,15,0
2004,481100,3,1,0,0,0,7,6,10,0,0,0,0
2004,481101,1,1,12,12,12,12,12,12,12,12,12,12
2004,481102,0,1,19,0,0,0,0,14,0,19,24,8
2004,481102,1,1,0,0,0,13,0,0,0,0,0,35
2004,481103,1,1,0,0,0,0,0,0,0,0,0,0
2004,481103,2,1,0,0,0,0,0,0,0,0,0,0
2004,481104,1,1,31,31,31,31,31,31,31,31,31,31
2004,481104,2,1,0,0,0,0,0,0,0,0,0,0
2004,481105,1,1,0,0,0,0,0,0,0,0,0,0
2004,481105,2,1,0,0,0,0,0,0,0,0,0,0
2004,481106,1,1,0,0,0,0,0,0,0,0,0,0
2004,481106,2,1,0,0,0,0,0,0,0,0,0,0
2004,481107,1,1,0,0,0,0,0,0,0,0,0,0
2004,481107,2,1,0,0,0,0,0,0,0,0,0,0
2004,481108,1,1,19,19,19,19,19,19,19,19,19,19
2004,481109,1,1,0,0,0,0,0,0,0,0,0,0
2004,481109,2,1,0,0,11,0,0,0,0,0,6,0
2004,481110,1,1,17,17,17,17,17,17,17,17,17,17
2004,481111,1,1,25,25,25,25,25,25,25,25,25,25
2004,481112,1,1,26,26,26,26,26,26,26,26,26,26
2004,481113,0,1,0,0,0,0,0,0,0,0,0,0
2004,481113,1,1,0,0,0,0,0,0,0,0,8,0
2004,481114,1,1,20,20,20,20,20,20,20,20,20,20
2004,481115,0,1,28,28,28,28,28,28,28,28,28,28
2004,481115,1,1,0,0,0,0,0,0,18,6,0,5
2004,481115,2,1,0,0,0,0,0,0,0,0,8,0
2004,481116,1,1,19,19,19,19,19,19,19,19,19,19
2004,481117,1,1,9,9,9,9,9,9,9,9,9,9
2004,481118,1,1,0,0,0,0,0,0,0,8,0,0
2004,481119,1,1,19,19,19,19,19,19,19,19,19,19
2004,481120,1,1,0,0,0,0,0,0,0,0,0,0
2004,481120,2,1,0,0,0,0,0,0,0,0,0,0
2004,481121,0,1,0,0,0,0,0,0,0,0,0,0
2004,481121,1,1,0,16,0,0,0,0,0,0,0,0
2004,481122,1,1,11,7,13,0,11,0,28,5,7,10
2004,481122,2,1,0,0,11,8,0,15,12,0,0,14
2004,481123,1,1,0,0,0,0,0,0,0,0,0,0
2004,481123,2,1,0,0,0,0,0,0,0,0,0,0
2004,481124,1,1,13,0,0,20,0,0,0,4,0,0
2004,481125,1,1,0,0,0,0,0,0,0,0,0,0
2004,481125,2,1,0,0,0,0,16,0,0,0,0,0
2004,481126,1,1,0,0,0,0,0,0,0,0,0,0
2004,481126,2,1,0,0,0,0,0,0,0,0,0,0
2004,481127,1,1,10,10,10,10,10,10,10,10,10,10
2004,481128,1,1,21,0,0,0,0,13,0,0,0,12
2004,481129,0,1,25,25,25,25,25,25,25,25,25,25
2004,481129,1,1,19,19,19,19,19,19,19,19,19,19
2004,481129,3,1,0,6,0,0,15,23,0,0,16,0
2004,481130,1,1,21,10,0,20,0,0,16,10,0,20
2004,481131,1,1,0,0,0,0,0,0,0,0,0,0