YEAR,ST_CASE,veh_no,per_no,P1,P2,P3,P4,P5,P6,P7,P8,P9,P10
2004,481131,2,1,0,0,0,0,0,0,0,0,0,0
2004,481132,1,1,19,17,0,0,0,0,10,0,0,24
2004,481132,2,1,0,0,0,0,0,0,0,0,0,0
2004,481132,3,1,0,12,0,7,11,0,36,0,0,0
2004,481133,1,1,0,0,0,28,0,0,17,0,24,0
2004,481134,1,1,22,22,22,22,22,22,22,22,22,22
2004,481135,1,1,0,0,0,0,0,0,0,0,0,0
2004,481135,2,1,0,0,0,0,0,20,0,7,23,22
2004,481135,3,1,0,0,0,0,0,0,0,0,0,0
2004,481136,0,1,0,0,21,0,0,0,0,0,9,0
2004,481136,1,1,13,10,0,0,0,27,16,16,0,11
2004,481137,1,1,0,0,0,0,0,0,0,0,0,0
2004,481137,2,1,0,0,0,0,0,0,11,0,0,0
2004,481138,0,1,0,0,0,0,0,0,0,0,0,0
2004,481138,1,1,0,0,0,0,0,0,17,0,0,17
2004,481139,1,1,0,0,0,4,0,0,0,0,0,0
2004,481139,2,1,0,0,0,0,0,0,0,0,0,0
2004,481140,0,1,0,0,0,0,0,0,0,0,0,0
2004,481140,1,1,0,2,0,0,0,0,0,5,20,10
2004,481141,1,1,8,8,8,8,8,8,8,8,8,8
2004,481142,1,1,0,0,0,0,0,0,0,0,0,0
2004,481142,2,1,14,14,14,14,14,14,14,14,14,14
2004,481143,1,1,0,0,0,0,0,0,0,0,0,0
2004,481143,2,1,0,0,0,0,0,0,0,0,0,0
2004,481144,1,1,25,25,25,25,25,25,25,25,25,25
2004,481144,2,1,0,0,0,3,14,0,0,0,0,0
2004,481145,1,1,13,13,13,13,13,13,13,13,13,13
2004,481145,2,1,0,0,0,2,17,0,0,0,0,0
2004,481146,1,1,0,0,0,0,0,0,0,0,0,0
2004,481146,2,1,0,0,0,0,0,0,0,0,0,0
2004,481147,0,1,0,0,24,39,0,22,12,0,0,0
2004,481147,1,1,0,0,0,0,0,0,0,0,0,0
2004,481148,1,1,8,8,8,8,8,8,8,8,8,8
2004,481148,2,1,0,0,0,0,0,0,0,0,0,0
2004,481149,0,1,4,4,4,4,4,4,4,4,4,4
2004,481149,1,1,0,0,0,0,0,17,0,0,0,0
2004,481150,1,1,0,0,0,0,0,0,0,0,0,0
2004,481150,2,1,0,0,0,0,0,0,0,0,0,0
2004,481151,1,1,8,8,8,8,8,8,8,8,8,8
2004,481151,2,1,4,4,4,4,4,4,4,4,4,4
2004,481151,3,1,0,0,0,0,0,0,0,0,0,0
2004,481152,1,1,0,0,0,0,0,0,0,0,0,0
2004,481152,2,1,0,0,0,0,0,0,0,0,0,0
2004,481153,1,1,16,32,34,20,17,20,16,22,36,34
2004,481154,1,1,29,29,29,29,29,29,29,29,29,29
2004,481155,1,1,0,0,0,0,0,0,0,0,0,0
2004,481155,2,1,5,5,5,5,5,5,5,5,5,5
2004,481156,1,1,0,0,0,0,0,0,0,0,0,0
2004,481156,2,1,0,0,0,16,0,0,0,15,0,4
2004,481157,0,1,15,11,25,0,0,25,21,9,17,0
2004,481157,1,1,0,0,10,0,13,0,0,0,13,22
2004,481158,1,1,0,0,0,0,0,0,0,0,0,0
2004,481159,1,1,0,0,0,0,0,0,0,0,0,0
2004,481160,1,1,0,0,0,0,0,0,0,0,0,0
2004,481160,2,1,0,0,0,0,0,0,0,0,0,0
2004,481160,3,1,0,0,0,0,0,0,0,0,0,0
2004,481161,0,1,17,17,17,17,17,17,17,17,17,17
2004,481161,1,1,0,0,0,0,0,0,0,0,0,0
2004,481162,1,1,0,0,0,0,0,0,7,0,0,0
2004,481162,2,1,0,0,0,0,0,0,0,0,0,0
2004,481163,1,1,11,11,11,11,11,11,11,11,11,11
2004,481163,2,1,0,0,0,0,0,0,0,0,0,0
2004,481164,1,1,0,0,0,0,0,0,0,0,0,0
2004,481164,2,1,0,0,0,0,0,0,0,0,0,0
2004,481165,1,1,0,0,0,0,0,0,0,0,0,0
2004,481166,1,1,0,0,0,0,0,0,0,0,0,0
2004,481166,2,1,0,0,0,0,0,0,0,0,0,0
2004,481167,1,1,0,0,0,0,0,0,0,0,0,0
2004,481167,2,1,0,0,0,0,0,0,0,0,0,0
2004,481168,1,1,0,27,0,0,0,0,0,8,0,0
2004,481168,2,1,0,0,0,0,0,0,0,0,0,0
2004,481169,1,1,0,0,0,0,0,0,0,0,0,0
2004,481169,2,1,0,0,0,0,0,0,0,0,0,0
2004,481170,1,1,18,18,18,18,18,18,18,18,18,18
2004,481170,2,1,0,0,0,0,0,0,0,0,0,0
2004,481171,1,1,0,0,0,0,0,0,0,0,0,0
2004,481171,2,1,0,0,0,0,0,0,0,0,0,0
2004,481172,1,1,0,0,0,0,0,0,0,0,0,0
2004,481172,2,1,17,17,17,17,17,17,17,17,17,17
2004,481173,1,1,0,0,0,0,0,0,0,8,0,0
2004,481173,2,1,0,26,0,0,0,0,0,0,19,0
2004,481174,1,1,4,4,4,4,4,4,4,4,4,4
2004,481174,2,1,0,0,29,0,0,0,0,0,0,0
2004,481175,1,1,0,0,0,0,0,0,0,0,0,0
2004,481176,1,1,3,12,0,0,14,0,0,0,3,0
2004,481177,1,1,0,0,0,0,0,0,0,0,0,0
2004,481177,2,1,0,0,0,0,0,0,0,0,0,0
2004,481177,3,1,0,13,0,0,0,0,0,0,0,0
2004,481178,1,1,0,0,0,0,0,0,0,0,0,0
2004,481178,2,1,0,0,0,0,0,0,0,0,0,0
2004,481179,1,1,0,0,0,0,0,0,0,0,0,0
2004,481179,2,1,0,0,0,0,0,0,0,0,0,0
2004,481180,1,1,0,0,0,0,0,0,0,0,0,0
2004,481181,1,1,0,0,0,0,0,0,0,11,0,0
2004,481181,2,1,0,0,0,0,0,0,0,0,0,0
2004,481182,1,1,23,23,23,23,23,23,23,23,23,23
2004,481183,1,1,34,34,34,34,34,34,34,34,34,34
2004,481183,2,1,0,0,28,0,0,0,17,6,0,0
2004,481184,0,1,30,30,30,30,30,30,30,30,30,30
2004,481184,1,1,0,0,0,15,11,0,0,0,0,0
2004,481185,0,1,23,23,23,23,23,23,23,23,23,23
2004,481185,1,1,0,0,0,0,0,0,0,0,0,0
2004,481186,1,1,15,21,16,0,13,10,0,20,12,20
2004,481187,1,1,22,6,6,0,15,0,13,0,16,17
2004,481188,1,1,19,19,19,19,19,19,19,19,19,19
2004,481189,1,1,0,0,0,0,0,0,0,0,0,0
2004,481190,0,1,20,40,35,20,26,0,46,16,14,24
2004,481190,1,1,26,0,0,0,4,16,0,0,0,16
2004,481191,1,1,6,6,6,6,6,6,6,6,6,6
2004,481192,1,1,0,0,0,0,0,0,0,0,0,0
2004,481192,2,1,0,0,0,0,0,0,0,0,0,0
2004,481193,0,1,0,0,0,0,0,0,0,0,0,0
2004,481193,1,1,0,0,0,0,0,0,0,0,0,0
2004,481193,2,1,0,7,15,0,0,0,0,0,0,0
2004,481194,1,1,24,24,24,24,24,24,24,24,24,24
2004,481195,1,1,26,26,26,26,26,26,26,26,26,26
2004,481196,1,1,0,0,0,0,0,0,0,0,0,0
2004,481196,2,1,0,0,0,0,0,0,0,0,0,0
2004,481197,1,1,0,0,0,0,0,0,0,0,0,0
2004,481198,1,1,17,17,17,17,17,17,17,17,17,17
2004,481199,1,1,0,0,0,0,0,0,0,0,0,0
2004,481199,2,1,0,0,0,0,0,0,0,0,0,0
2004,481200,1,1,0,0,0,0,0,0,0,0,0,0
2004,481201,0,1,4,0,0,0,0,0,0,0,0,12
2004,481201,1,1,0,0,0,7,0,0,0,0,12,0
2004,481202,1,1,0,0,0,0,0,0,0,0,0,0
2004,481202,2,1,0,0,0,29,0,0,0,0,0,0
2004,481203,0,1,0,0,0,0,0,0,0,0,0,0
2004,481203,0,2,0,0,0,0,0,0,0,0,0,0
2004,481203,0,3,0,0,0,0,0,0,0,0,0,0
2004,481203,1,1,0,0,0,0,0,0,0,17,0,0
2004,481203,2,1,0,0,0,0,0,0,0,0,12,0
2004,481204,1,1,0,0,0,0,0,0,0,0,0,0
2004,481205,1,1,25,25,25,25,25,25,25,25,25,25
2004,481205,2,1,0,0,0,15,0,0,0,0,0,0
2004,481206,1,1,0,0,0,0,0,0,0,0,0,0
2004,481207,0,1,0,23,0,0,10,0,0,17,21,6
2004,481207,1,1,29,0,0,0,16,0,0,0,0,0
2004,481208,1,1,0,0,0,0,0,0,0,0,6,16
2004,481208,2,1,0,0,0,10,0,0,0,0,0,0
2004,481209,1,1,0,0,0,0,0,0,0,0,0,0
2004,481209,2,1,0,0,0,0,0,0,11,0,0,0
2004,481210,1,1,0,0,0,0,0,0,0,0,0,16
2004,481211,1,1,0,0,0,0,0,0,0,0,0,0
2004,481212,1,1,16,16,16,16,16,16,16,16,16,16
2004,481213,1,1,0,0,0,3,0,0,0,0,0,0
2004,481213,2,1,0,0,0,0,0,0,0,0,0,0
2004,481214,1,1,0,0,0,0,0,0,0,11,0,0
2004,481215,1,1,15,15,15,15,15,15,15,15,15,15
2004,481215,2,1,0,0,0,0,0,17,0,0,0,0
2004,481216,1,1,0,0,0,18,16,0,26,0,27,0
2004,481217,0,1,36,14,13,0,40,0,0,10,7,0
2004,481217,1,1,21,18,17,11,8,5,13,21,23,9
2004,481218,1,1,0,0,0,9,0,0,0,0,0,0
2004,481219,1,1,27,27,27,27,27,27,27,27,27,27
2004,481220,1,1,0,0,0,0,0,0,0,0,0,0
2004,481220,2,1,9,9,9,9,9,9,9,9,9,9
2004,481221,1,1,0,0,12,0,0,12,0,30,0,0
2004,481221,2,1,0,0,0,0,0,0,0,0,0,0
2004,481222,1,1,0,24,0,21,0,14,15,0,0,0
2004,481223,1,1,0,0,0,0,0,0,16,15,10,0
2004,481223,2,1,11,0,16,0,0,0,11,0,0,0
2004,481224,1,1,18,18,18,18,18,18,18,18,18,18
2004,481224,2,1,0,0,0,0,0,0,5,0,0,0
2004,481225,1,1,8,12,8,23,14,18,7,14,18,15
2004,481226,1,1,3,13,0,0,11,0,25,16,0,0
2004,481227,1,1,16,16,16,16,16,16,16,16,16,16
2004,481228,1,1,0,0,0,0,0,0,0,0,0,0
2004,481228,2,1,0,0,0,0,0,0,0,0,0,0
2004,481229,0,1,25,0,0,0,13,4,0,0,0,0
2004,481229,1,1,0,0,0,0,12,0,0,0,0,0
2004,481230,1,1,0,0,0,0,0,0,0,0,0,0
2004,481230,2,1,0,14,0,0,0,0,0,0,0,0
2004,481230,3,1,0,0,0,0,0,0,0,0,0,0
2004,481231,0,1,0,0,0,0,0,0,0,0,0,0
2004,481231,0,2,0,0,0,0,0,0,0,0,0,0
2004,481231,1,1,0,0,0,9,18,0,0,0,0,0
2004,481232,1,1,0,0,0,0,0,0,0,0,0,0
2004,481232,2,1,0,0,0,0,0,0,0,0,0,0
2004,481233,1,1,0,0,16,0,13,0,0,26,25,0
2004,481234,1,1,0,29,13,27,20,13,11,0,24,10
2004,481235,1,1,22,22,22,22,22,22,22,22,22,22
2004,481236,1,1,0,9,0,0,0,6,0,0,0,12
2004,481236,2,1,0,0,0,0,0,0,0,0,0,0
2004,481237,1,1,9,16,0,0,0,0,0,0,13,0
2004,481237,2,1,4,4,4,4,4,4,4,4,4,4
2004,481238,1,1,0,0,0,0,0,0,0,0,8,0
2004,481238,2,1,0,0,0,0,0,12,0,0,0,0
2004,481239,1,1,25,25,25,25,25,25,25,25,25,25
2004,481239,2,1,0,0,0,0,0,0,0,0,0,0
2004,481240,1,1,0,0,0,0,0,0,0,0,9,0
2004,481240,2,1,33,6,17,31,17,18,0,14,0,11
2004,481241,0,1,0,0,0,0,0,0,0,0,0,0
2004,481241,1,1,0,15,0,0,0,0,0,0,0,0
2004,481241,2,1,0,0,0,0,6,0,0,0,0,26
2004,481242,1,1,0,0,0,13,28,0,0,17,0,0
2004,481243,1,1,0,0,0,18,0,0,0,0,0,0
2004,481244,1,1,0,0,0,0,0,0,0,0,0,0
2004,481244,2,1,0,0,0,0,0,0,0,0,0,0
2004,481244,3,1,0,0,0,0,0,0,0,0,0,0
2004,481244,4,1,0,0,0,0,0,0,0,0,0,0
2004,481245,1,1,0,0,0,0,0,0,0,0,0,0
2004,481246,1,1,0,0,0,0,0,0,0,0,0,0
2004,481246,2,1,0,0,0,0,0,0,0,0,0,0
2004,481247,1,1,26,26,26,26,26,26,26,26,26,26
2004,481247,2,1,0,0,0,0,0,0,0,0,0,0
2004,481247,3,1,0,0,0,0,0,0,0,17,0,9
2004,481248,1,1,15,0,0,13,13,0,14,0,15,0
2004,481249,1,1,15,15,15,15,15,15,15,15,15,15
2004,481250,1,1,0,0,0,0,0,0,0,0,0,0
2004,481250,2,1,6,6,6,6,6,6,6,6,6,6
2004,481251,1,1,0,0,0,0,0,0,0,0,0,0
2004,481251,2,1,0,0,0,0,0,0,0,0,0,0
2004,481252,1,1,0,0,0,0,0,0,0,0,0,0
2004,481253,1,1,0,0,0,0,0,0,0,0,0,10
2004,481253,2,1,0,0,0,0,0,0,0,0,0,0
2004,481254,1,1,30,30,30,30,30,30,30,30,30,30
2004,481254,2,1,0,0,0,0,9,0,0,0,0,0
2004,481255,1,1,0,0,0,0,0,0,0,0,0,0
2004,481256,1,1,10,12,26,19,17,18,29,38,32,16
2004,481257,1,1,14,0,0,0,10,0,0,0,0,0
2004,481257,2,1,0,19,0,26,0,0,25,0,7,0
2004,481258,1,1,20,0,0,9,0,11,20,0,6,14
2004,481259,1,1,12,12,12,12,12,12,12,12,12,12
2004,481260,1,1,20,10,24,16,14,24,18,18,17,12
2004,481261,1,1,0,0,0,0,0,0,0,0,0,0
2004,481261,2,1,0,0,4,0,0,0,0,0,0,0
2004,481262,1,1,10,10,10,10,10,10,10,10,10,10
2004,481262,2,1,0,0,0,0,0,0,0,0,0,0
2004,481262,3,1,0,0,0,0,0,0,0,0,0,0
2004,481263,1,1,0,0,0,0,0,0,0,0,0,0
2004,481263,2,1,0,0,0,0,0,0,0,0,0,0
2004,481264,1,1,0,0,0,0,0,0,0,0,0,0
2004,481264,2,1,18,18,18,18,18,18,18,18,18,18
2004,481265,1,1,50,34,0,22,0,22,34,12,0,0
2004,481266,1,1,0,15,20,0,14,0,0,0,0,0
2004,481266,2,1,0,0,0,0,0,0,0,0,0,0
2004,481267,0,1,14,56,25,29,14,29,21,16,16,32
2004,481267,1,1,0,0,0,0,10,0,12,0,0,0
2004,481268,1,1,6,6,6,6,6,6,6,6,6,6
2004,481269,1,1,0,0,0,0,0,0,0,0,0,0
2004,481270,1,1,26,26,26,26,26,26,26,26,26,26
2004,481271,1,1,0,0,0,0,28,16,0,0,0,0
2004,481272,1,1,0,0,0,0,0,0,0,0,0,0
2004,481272,2,1,0,0,0,0,0,0,0,0,0,0
2004,481273,1,1,0,0,0,0,0,0,0,0,0,0
2004,481273,2,1,0,0,0,0,0,0,0,0,0,0
2004,481274,0,1,8,8,8,8,8,8,8,8,8,8
2004,481274,1,1,20,0,41,0,0,0,26,21,0,0
2004,481275,1,1,22,23,16,0,0,16,0,0,14,17
2004,481276,1,1,0,0,0,0,0,0,0,0,0,0
2004,481276,2,1,14,0,0,0,0,0,0,0,0,0
2004,481277,1,1,0,0,0,0,0,0,0,0,0,0
2004,481277,2,1,0,0,0,0,0,0,0,0,0,0
2004,481278,1,1,0,0,0,0,0,0,0,0,18,0
2004,481278,2,1,0,0,0,0,0,0,0,0,0,0
2004,481279,1,1,0,0,0,0,0,0,0,0,0,0
2004,481280,1,1,18,18,30,14,16,34,6,18,11,9
2004,481281,1,1,0,0,0,0,0,0,0,0,0,0
2004,481281,2,1,0,0,0,0,0,0,0,0,0,0
2004,481281,3,1,0,0,0,0,0,0,0,0,0,0
2004,481282,1,1,15,15,15,15,15,15,15,15,15,15
2004,481282,2,1,30,30,30,30,30,30,30,30,30,30
2004,481283,1,1,0,0,0,0,19,0,0,0,0,0
2004,481284,1,1,15,15,15,15,15,15,15,15,15,15
2004,481285,0,1,0,0,0,0,0,0,0,0,0,0
2004,481285,1,1,0,0,0,8,0,0,0,0,0,0
2004,481286,0,1,0,0,0,0,0,0,0,0,0,0
2004,481286,1,1,0,0,0,0,0,0,0,0,0,0
2004,481287,1,1,0,0,0,0,0,0,0,0,0,0
2004,481288,1,1,0,0,25,0,0,11,0,0,0,0
2004,481289,1,1,22,22,22,22,22,22,22,22,22,22
2004,481290,1,1,29,29,29,29,29,29,29,29,29,29
2004,481291,1,1,0,0,0,0,4,2,0,0,0,0
2004,481291,2,1,0,0,0,0,0,0,0,0,0,31
2004,481292,1,1,0,0,0,0,0,0,0,0,0,0
2004,481292,2,1,0,0,0,0,0,0,0,0,0,0
2004,481293,1,1,0,0,0,0,0,0,0,0,0,0
2004,481293,2,1,0,0,0,0,0,0,0,0,23,0
2004,481293,3,1,0,11,0,0,0,0,0,0,0,0
2004,481294,1,1,0,0,0,0,0,0,0,0,0,0
2004,481294,2,1,0,17,0,0,0,0,0,16,0,0
2004,481295,1,1,0,0,0,0,0,0,0,0,0,0
2004,481295,2,1,0,0,0,0,0,0,0,0,0,0
2004,481296,0,1,0,17,0,34,31,13,15,23,21,0
2004,481296,1,1,0,0,0,0,0,0,0,0,0,0
2004,481297,1,1,23,23,23,23,23,23,23,23,23,23
2004,481298,1,1,0,0,0,0,7,0,0,0,0,3
2004,481299,1,1,17,0,0,0,0,0,0,0,0,0
2004,481300,1,1,0,0,0,0,0,0,0,0,0,0
2004,481301,1,1,13,13,13,13,13,13,13,13,13,13
2004,481302,1,1,16,16,16,16,16,16,16,16,16,16
2004,481303,1,1,0,0,0,0,0,0,0,0,0,0
2004,481304,1,1,0,0,0,0,0,0,0,0,0,0
2004,481304,2,1,0,0,0,0,0,0,0,0,0,0
2004,481305,1,1,29,16,20,6,17,0,10,0,0,22
2004,481306,1,1,34,34,34,34,34,34,34,34,34,34
2004,481307,1,1,27,27,27,27,27,27,27,27,27,27
2004,481308,1,1,0,0,20,18,14,13,0,16,0,0
2004,481309,0,1,0,0,0,0,0,0,0,0,0,0
2004,481309,1,1,15,8,21,20,15,0,18,20,30,24
2004,481309,2,1,6,9,0,11,0,0,9,0,0,0
2004,481309,3,1,16,0,0,0,23,19,0,0,4,0
2004,481310,1,1,0,0,0,0,0,0,0,0,0,0
2004,481311,1,1,0,0,0,0,0,0,0,0,0,0
2004,481311,2,1,0,0,0,0,0,0,0,0,0,0
2004,481311,3,1,0,0,0,0,0,0,0,0,0,0
2004,481311,4,1,0,0,0,0,0,0,0,0,0,0
2004,481311,5,1,0,0,0,0,0,0,0,0,0,0
2004,481312,1,1,12,12,12,12,12,12,12,12,12,12
2004,481313,1,1,5,5,5,5,5,5,5,5,5,5
2004,481313,2,1,0,0,0,0,0,0,0,0,0,0
2004,481314,1,1,0,0,0,0,0,0,0,0,0,0
2004,481314,2,1,13,0,21,17,19,36,0,0,0,0
2004,481315,1,1,0,0,15,0,11,0,0,0,0,0
2004,481315,2,1,0,0,0,0,0,0,0,0,0,0
2004,481316,1,1,27,27,27,27,27,27,27,27,27,27
2004,481317,1,1,0,0,0,0,0,14,0,0,0,0
2004,481318,1,1,10,0,0,0,0,0,0,0,0,0
2004,481319,1,1,7,0,24,13,18,0,5,22,0,17
2004,481320,1,1,0,5,0,20,0,0,0,0,5,0
2004,481320,2,1,0,0,0,0,0,0,0,0,0,0
2004,481321,1,1,0,19,0,0,0,27,9,14,31,16
2004,481322,0,1,0,10,30,9,6,13,0,0,18,33
2004,481322,1,1,0,0,0,0,0,0,0,0,0,0
2004,481323,1,1,0,0,0,0,0,0,0,17,0,0
2004,481323,2,1,0,0,0,0,0,0,0,0,0,0
2004,481324,1,1,0,0,0,0,0,0,0,0,0,0
2004,481324,2,1,0,0,0,0,0,0,0,0,0,0
2004,481325,0,1,0,0,0,0,0,0,0,0,0,0
2004,481325,1,1,0,0,0,0,0,0,0,0,0,0
2004,481326,1,1,0,0,0,0,0,0,0,0,0,0
2004,481326,2,1,0,0,0,0,0,0,0,0,0,0
2004,481327,0,1,0,0,0,0,0,0,0,0,0,0
2004,481327,1,1,0,0,0,0,0,0,0,0,0,0
2004,481328,1,1,14,14,14,14,14,14,14,14,14,14
2004,481328,2,1,0,0,0,0,0,0,0,0,0,0
2004,481329,1,1,0,0,0,0,0,0,0,0,18,0
2004,481329,2,1,0,0,0,0,0,0,14,0,11,0
2004,481330,1,1,0,0,0,0,0,0,0,0,0,0
2004,481330,2,1,0,0,0,0,0,0,3,0,6,0
2004,481331,1,1,0,0,0,0,0,0,0,0,0,0
2004,481332,1,1,0,0,0,0,0,0,0,0,0,0
2004,481332,2,1,0,13,0,0,0,0,0,0,0,0
2004,481333,1,1,0,0,0,0,0,0,0,0,0,0
2004,481334,1,1,0,0,0,0,0,0,0,0,0,0
2004,481334,2,1,0,0,0,0,0,0,0,0,0,0
2004,481335,1,1,0,0,0,0,0,0,0,0,0,0
2004,481336,1,1,2,0,0,0,0,0,0,0,0,0
2004,481336,2,1,0,0,0,0,0,0,0,0,0,0
2004,481337,1,1,23,0,18,11,11,0,14,24,0,0
2004,481338,0,1,15,15,15,15,15,15,15,15,15,15
2004,481338,1,1,14,0,16,14,0,0,0,0,13,0
2004,481339,1,1,0,0,0,0,0,0,13,0,0,21
2004,481340,1,1,0,0,0,0,0,0,0,0,0,0
2004,481340,2,1,0,0,0,0,0,0,0,0,0,0
2004,481341,1,1,8,10,34,0,0,0,0,0,0,14
2004,481341,2,1,15,15,15,15,15,15,15,15,15,15
2004,481342,1,1,0,0,0,0,0,0,0,0,0,0
2004,481342,2,1,19,19,19,19,19,19,19,19,19,19
2004,481343,1,1,1,1,1,1,1,1,1,1,1,1
2004,481344,1,1,22,22,22,22,22,22,22,22,22,22
2004,481345,0,1,13,13,13,13,13,13,13,13,13,13
2004,481345,1,1,13,13,13,13,13,13,13,13,13,13
2004,481346,1,1,33,33,33,33,33,33,33,33,33,33
2004,481347,1,1,0,10,22,0,33,15,0,0,14,0
2004,481348,1,1,23,23,23,23,23,23,23,23,23,23
2004,481349,1,1,17,17,17,17,17,17,17,17,17,17
2004,481350,1,1,6,6,6,6,6,6,6,6,6,6
2004,481350,2,1,16,17,25,20,21,18,3,13,30,15
2004,481351,1,1,0,0,0,0,0,0,0,0,0,0
2004,481351,2,1,0,0,0,0,0,0,0,0,0,0
2004,481352,1,1,0,0,0,0,0,0,0,0,0,0
2004,481352,2,1,0,0,0,0,0,0,0,0,0,0
2004,481353,1,1,32,32,32,32,32,32,32,32,32,32
2004,481353,2,1,0,0,0,0,0,0,4,20,0,0
2004,481353,3,1,18,23,23,15,9,0,0,0,19,0
2004,481354,1,1,11,11,11,11,11,11,11,11,11,11
2004,481355,0,1,22,22,22,22,22,22,22,22,22,22
2004,481355,1,1,0,0,10,0,0,0,21,0,14,27
2004,481356,0,1,25,25,25,25,25,25,25,25,25,25
2004,481356,1,1,0,4,17,5,0,0,0,0,0,0
2004,481357,1,1,0,0,16,0,0,0,0,0,0,0
2004,481357,2,1,0,0,0,0,0,0,0,0,0,0
2004,481358,1,1,11,0,0,0,36,0,11,17,24,17
2004,481359,1,1,0,0,0,0,0,0,0,11,0,0
2004,481360,1,1,0,0,0,0,0,0,0,0,0,0
2004,481360,2,1,0,0,0,0,0,0,0,0,0,0
2004,481361,1,1,0,0,0,22,0,0,0,0,0,8
2004,481361,2,1,0,15,0,0,0,0,0,0,0,0
2004,481362,1,1,0,0,0,0,0,0,0,0,0,0
2004,481362,2,1,0,0,0,0,0,0,0,0,0,0
2004,481363,1,1,0,0,0,0,0,0,0,0,0,0
2004,481363,2,1,0,0,0,0,0,0,0,0,0,0
2004,481364,1,1,0,0,0,0,0,0,0,0,0,0
2004,481364,2,1,25,25,25,25,25,25,25,25,25,25
2004,481365,1,1,0,0,0,0,0,0,0,0,0,0
2004,481366,0,1,0,0,0,0,0,0,0,0,0,0
2004,481366,1,1,0,0,6,0,0,0,26,0,0,0
2004,481367,1,1,20,20,20,20,20,20,20,20,20,20
2004,481368,1,1,0,0,0,0,0,0,0,0,0,0
2004,481369,0,1,0,0,21,35,34,12,9,35,0,8
2004,481369,1,1,0,0,0,0,0,0,0,0,0,0
2004,481370,1,1,11,11,11,11,11,11,11,11,11,11
2004,481371,1,1,0,0,11,0,0,6,0,17,0,0
2004,481372,1,1,2,2,2,2,2,2,2,2,2,2
2004,481373,1,1,0,0,0,0,0,0,0,0,0,0
2004,481373,2,1,0,0,0,0,0,0,0,0,0,7
2004,481374,1,1,0,0,0,0,0,0,0,0,0,0
2004,481375,1,1,0,0,0,0,0,0,0,0,0,0
2004,481375,2,1,0,0,0,0,0,0,0,0,0,0
2004,481376,0,1,23,23,23,23,23,23,23,23,23,23
2004,481376,1,1,0,5,0,0,0,0,14,0,0,0
2004,481377,1,1,0,0,0,0,0,0,0,0,0,0
2004,481377,2,1,0,0,0,0,0,0,0,2,0,0
2004,481378,1,1,0,0,0,0,0,0,0,0,0,0
2004,481378,2,1,0,0,0,0,0,0,0,0,0,0
2004,481379,1,1,0,0,0,0,0,0,0,0,0,0
2004,481379,2,1,11,11,11,11,11,11,11,11,11,11
2004,481380,1,1,0,21,0,0,11,0,0,0,26,0
2004,481380,2,1,0,0,0,0,0,0,0,0,0,0
2004,481380,3,1,0,0,6,6,0,0,0,20,0,0
2004,481381,1,1,0,0,0,13,0,0,0,0,0,0
2004,481382,1,1,0,0,0,16,0,0,0,0,0,20
2004,481382,2,1,0,14,0,0,0,0,5,0,16,0
2004,481383,1,1,0,0,0,0,0,0,0,0,0,0
2004,481383,2,1,0,0,0,0,0,0,0,0,0,0
2004,481384,0,1,4,4,4,4,4,4,4,4,4,4
2004,481384,1,1,0,0,0,0,0,0,6,26,0,0
2004,481385,0,1,0,0,0,0,0,0,0,0,0,0
2004,481385,1,1,13,0,0,25,0,0,0,0,0,0
2004,481386,1,1,0,0,0,0,0,0,0,0,0,0
2004,481386,2,1,0,0,0,0,0,0,0,0,0,0
2004,481387,1,1,0,0,0,0,0,6,19,12,0,14
2004,481387,2,1,0,0,0,0,0,0,0,0,0,0
2004,481388,1,1,18,0,15,0,0,0,0,10,12,0
2004,481388,2,1,23,23,23,23,23,23,23,23,23,23
2004,481389,1,1,0,0,0,0,0,0,0,0,0,0
2004,481389,2,1,0,0,0,0,8,0,0,0,0,0
2004,481390,1,1,22,22,22,22,22,22,22,22,22,22
2004,481391,1,1,0,0,0,0,0,0,0,0,0,0
2004,481391,2,1,17,19,14,0,34,0,0,0,0,0
2004,481392,1,1,3,3,3,3,3,3,3,3,3,3
2004,481393,1,1,22,22,22,22,22,22,22,22,22,22
2004,481394,1,1,8,8,8,8,8,8,8,8,8,8
2004,481395,1,1,0,0,0,0,0,0,12,0,0,0
2004,481395,2,1,26,0,0,0,0,0,0,0,0,0
2004,481396,1,1,0,0,0,0,7,0,0,0,0,0
2004,481397,1,1,0,0,0,0,0,0,0,0,0,0
2004,481398,1,1,15,15,15,15,15,15,15,15,15,15
2004,481399,1,1,0,0,0,0,0,0,0,0,0,0
2004,481399,2,1,0,0,0,0,0,0,0,0,0,0
2004,481400,1,1,0,0,0,0,0,0,0,0,0,0
2004,481401,1,1,0,0,0,0,0,0,0,0,0,0
2004,481402,1,1,1,1,1,1,1,1,1,1,1,1
2004,481402,2,1,0,0,0,0,0,0,0,0,0,0
2004,481403,1,1,0,22,17,22,13,0,16,11,0,0