YEAR,ST_CASE,veh_no,per_no,P1,P2,P3,P4,P5,P6,P7,P8,P9,P10
2004,481404,1,1,0,0,0,0,0,0,0,0,0,0
2004,481404,2,1,0,0,0,0,0,0,0,0,0,0
2004,481405,1,1,0,0,0,0,0,0,0,0,0,0
2004,481406,1,1,16,0,0,0,0,0,0,0,0,17
2004,481406,2,1,0,23,0,0,0,0,0,0,0,10
2004,481407,1,1,0,0,0,0,0,0,0,0,0,0
2004,481408,1,1,0,0,0,0,0,0,0,0,0,0
2004,481408,2,1,0,0,0,0,0,0,0,0,0,0
2004,481409,0,1,0,13,0,14,0,17,33,0,0,0
2004,481409,1,1,0,0,0,0,0,0,0,0,0,0
2004,481410,1,1,0,0,0,31,0,0,0,0,13,0
2004,481411,1,1,5,5,5,5,5,5,5,5,5,5
2004,481411,2,1,14,14,14,14,14,14,14,14,14,14
2004,481412,1,1,20,0,0,0,0,0,0,0,0,0
2004,481412,2,1,0,0,0,0,0,0,0,0,0,0
2004,481413,1,1,0,0,0,0,0,0,0,0,0,0
2004,481413,2,1,0,0,0,0,0,0,0,0,0,0
2004,481414,1,1,35,0,0,24,15,0,8,0,0,0
2004,481415,0,1,20,20,20,20,20,20,20,20,20,20
2004,481415,1,1,0,0,0,0,0,6,0,0,0,0
2004,481416,0,1,0,0,0,0,0,0,0,0,0,0
2004,481416,1,1,0,0,0,0,0,0,0,0,0,0
2004,481416,2,1,0,0,0,0,0,0,0,0,0,0
2004,481417,1,1,22,0,0,0,8,27,17,0,0,0
2004,481418,1,1,0,0,14,0,0,0,0,0,0,0
2004,481418,2,1,0,0,0,0,0,0,0,0,0,0
2004,481419,0,1,0,0,24,0,0,23,0,0,0,6
2004,481419,1,1,0,0,0,0,0,0,0,0,0,0
2004,481420,1,1,0,0,0,0,0,0,0,0,9,0
2004,481421,1,1,11,11,11,11,11,11,11,11,11,11
2004,481421,2,1,0,0,0,0,0,0,0,0,0,5
2004,481422,1,1,19,19,19,19,19,19,19,19,19,19
2004,481423,1,1,0,0,0,0,0,0,0,0,0,0
2004,481423,2,1,0,0,0,0,0,26,0,0,0,0
2004,481424,1,1,0,0,0,0,0,0,0,0,23,0
2004,481424,2,1,0,0,0,0,0,0,0,12,0,0
2004,481425,1,1,0,0,0,0,0,0,0,0,0,0
2004,481425,2,1,0,0,0,0,7,0,0,0,0,0
2004,481426,1,1,35,35,35,35,35,35,35,35,35,35
2004,481426,2,1,0,0,0,0,0,0,0,0,0,0
2004,481427,1,1,11,11,11,11,11,11,11,11,11,11
2004,481428,1,1,0,0,0,0,0,7,0,0,0,0
2004,481428,2,1,0,0,0,0,0,0,0,0,0,0
2004,481429,0,1,14,8,4,0,19,0,0,29,0,10
2004,481429,1,1,0,0,0,0,0,0,0,0,0,0
2004,481430,1,1,0,0,0,0,0,0,0,0,0,0
2004,481430,2,1,0,0,0,0,0,0,0,0,0,0
2004,481431,0,1,7,0,0,0,0,0,0,0,18,14
2004,481431,1,1,0,0,0,0,0,0,0,0,0,0
2004,481432,1,1,0,0,0,0,0,0,0,0,0,0
2004,481432,2,1,0,0,0,0,0,0,0,0,0,0
2004,481433,1,1,0,0,0,0,0,0,0,0,0,0
2004,481434,1,1,0,0,0,0,0,0,0,0,0,0
2004,481434,2,1,0,0,0,0,0,0,0,0,0,0
2004,481435,1,1,0,27,0,19,21,22,17,0,17,0
2004,481435,2,1,0,6,0,0,0,0,0,0,17,7
2004,481436,1,1,39,33,16,26,30,26,27,18,16,9
2004,481436,2,1,38,20,0,0,0,0,10,28,0,0
2004,481437,1,1,0,0,0,0,0,0,0,0,0,0
2004,481438,0,1,0,0,0,0,0,0,0,0,0,0
2004,481438,1,1,0,0,0,0,0,0,0,0,0,0
2004,481439,1,1,0,0,0,0,0,0,0,0,0,0
2004,481440,1,1,14,14,14,14,14,14,14,14,14,14
2004,481440,2,1,0,0,0,0,0,0,0,0,0,0
2004,481441,1,1,0,0,9,0,0,0,0,0,0,0
2004,481441,2,1,0,0,0,0,0,0,0,0,0,0
2004,481442,1,1,0,0,12,0,21,0,0,0,0,0
2004,481443,1,1,0,0,0,0,0,0,0,0,0,0
2004,481443,2,1,0,0,0,0,0,0,0,0,0,0
2004,481443,3,1,0,0,0,0,0,0,0,0,0,0
2004,481443,4,1,0,0,0,0,0,0,0,0,0,0
2004,481444,1,1,34,0,0,0,0,0,18,0,0,0
2004,481445,1,1,0,0,0,0,0,0,0,0,0,0
2004,481446,1,1,0,0,16,0,0,0,0,0,0,0
2004,481447,1,1,0,0,0,0,0,0,0,0,0,0
2004,481447,2,1,0,0,0,0,0,0,0,0,0,0
2004,481448,1,1,0,0,10,0,0,0,0,0,0,18
2004,481448,2,1,0,0,0,0,0,0,0,0,0,0
2004,481449,1,1,10,0,0,0,0,0,0,0,0,0
2004,481450,1,1,0,0,0,0,0,0,0,0,15,0
2004,481450,2,1,0,0,0,0,0,0,0,0,0,0
2004,481451,1,1,0,9,0,0,0,12,0,0,0,0
2004,481452,1,1,22,22,22,22,22,22,22,22,22,22
2004,481452,2,1,12,21,0,2,0,8,20,14,18,18
2004,481453,1,1,0,0,0,0,0,0,0,0,0,0
2004,481453,2,1,0,0,0,0,0,0,0,0,24,0
2004,481453,3,1,22,22,22,22,22,22,22,22,22,22
2004,481454,1,1,0,0,0,0,0,0,0,0,0,0
2004,481454,2,1,0,0,0,0,0,0,0,0,0,0
2004,481455,0,1,0,7,0,0,0,0,0,0,0,17
2004,481455,1,1,0,0,0,0,0,0,0,0,0,0
2004,481456,0,1,0,0,0,0,0,0,0,0,0,0
2004,481456,1,1,0,0,0,0,4,0,0,0,0,0
2004,481457,1,1,0,0,0,0,0,0,0,0,0,0
2004,481457,2,1,0,0,0,0,0,0,0,0,0,0
2004,481458,0,1,0,0,0,0,0,0,0,0,0,0
2004,481458,1,1,0,0,0,0,9,9,0,0,0,15
2004,481459,1,1,0,13,15,0,0,0,0,14,0,0
2004,481459,2,1,7,0,0,0,0,0,0,0,0,0
2004,481459,3,1,8,0,0,0,0,0,0,0,21,0
2004,481460,1,1,10,0,17,21,0,26,0,0,1,0
2004,481461,1,1,0,0,0,0,0,0,0,0,0,0
2004,481461,2,1,2,2,2,2,2,2,2,2,2,2
2004,481462,1,1,10,10,10,10,10,10,10,10,10,10
2004,481463,1,1,22,0,11,0,0,0,17,14,12,0
2004,481464,1,1,0,0,0,0,0,0,0,0,0,0
2004,481465,1,1,0,0,0,0,0,0,0,2,0,0
2004,481466,1,1,0,0,0,0,0,0,0,0,0,0
2004,481466,2,1,0,0,0,0,0,0,0,0,0,0
2004,481467,1,1,0,0,0,9,0,0,0,0,0,23
2004,481468,1,1,0,0,0,0,0,0,0,0,0,0
2004,481468,2,1,0,0,0,0,0,0,0,0,0,0
2004,481469,1,1,0,16,0,0,3,0,0,14,24,0
2004,481470,1,1,0,0,0,0,0,0,0,0,0,0
2004,481470,2,1,0,0,0,0,0,0,0,0,0,0
2004,481471,1,1,23,23,23,23,23,23,23,23,23,23
2004,481472,1,1,0,0,0,0,0,0,0,0,0,0
2004,481472,2,1,0,0,0,9,0,0,0,23,0,0
2004,481473,1,1,0,0,0,0,0,0,0,0,0,0
2004,481473,2,1,0,3,0,0,0,0,0,0,0,2
2004,481474,1,1,3,3,3,3,3,3,3,3,3,3
2004,481475,1,1,6,6,6,6,6,6,6,6,6,6
2004,481475,2,1,8,0,0,0,0,0,5,0,10,8
2004,481476,1,1,16,0,5,11,9,13,9,36,4,0
2004,481477,1,1,0,0,0,0,0,0,0,0,0,0
2004,481477,2,1,0,0,0,0,0,0,0,0,0,0
2004,481478,1,1,0,0,0,0,23,0,0,0,0,0
2004,481479,1,1,10,10,10,10,10,10,10,10,10,10
2004,481480,0,1,3,3,3,3,3,3,3,3,3,3
2004,481480,1,1,20,20,20,20,20,20,20,20,20,20
2004,481481,1,1,23,0,0,7,19,17,0,0,0,0
2004,481482,0,1,33,15,19,0,0,0,23,26,0,0
2004,481482,1,1,4,14,19,8,4,4,17,6,7,18
2004,481483,1,1,28,28,28,28,28,28,28,28,28,28
2004,481483,2,1,0,0,0,0,0,0,0,0,0,0
2004,481484,1,1,0,0,0,0,0,0,0,0,0,0
2004,481485,1,1,12,0,14,0,13,22,19,0,0,0
2004,481486,1,1,10,8,0,3,0,16,29,9,15,11
2004,481487,1,1,15,4,18,0,14,19,20,18,0,18
2004,481487,2,1,0,0,0,0,0,0,0,0,0,0
2004,481488,1,1,0,0,0,0,0,0,0,0,0,0
2004,481488,2,1,0,0,0,0,0,0,0,0,0,0
2004,481488,3,1,0,0,0,0,0,0,0,0,0,0
2004,481489,1,1,0,0,0,0,0,0,0,0,0,0
2004,481490,1,1,0,0,0,0,0,0,0,0,0,0
2004,481490,2,1,24,17,0,0,0,10,0,0,6,0
2004,481491,1,1,0,11,0,0,17,7,0,0,0,0
2004,481492,1,1,0,0,0,0,0,0,0,0,0,0
2004,481492,2,1,0,0,0,0,0,0,0,0,0,0
2004,481493,1,1,0,0,0,0,0,0,0,0,0,0
2004,481494,1,1,0,0,0,0,0,0,0,0,0,0
2004,481494,2,1,0,0,0,0,0,0,0,0,0,0
2004,481494,3,1,0,0,0,0,0,0,0,0,27,0
2004,481495,0,1,14,14,14,14,14,14,14,14,14,14
2004,481495,1,1,0,0,12,6,0,0,13,17,0,36
2004,481496,1,1,12,12,12,12,12,12,12,12,12,12
2004,481497,1,1,0,0,0,0,0,0,42,0,0,0
2004,481497,2,1,0,0,0,0,0,10,0,0,0,0
2004,481498,1,1,7,0,0,0,0,13,0,0,0,0
2004,481499,1,1,18,18,18,18,18,18,18,18,18,18
2004,481500,1,1,0,0,0,0,0,0,0,0,0,0
2004,481500,2,1,2,2,2,2,2,2,2,2,2,2
2004,481501,1,1,0,0,0,0,20,0,0,0,0,0
2004,481501,2,1,7,7,7,7,7,7,7,7,7,7
2004,481502,1,1,4,0,0,0,0,0,15,0,0,0
2004,481502,2,1,20,20,20,20,20,20,20,20,20,20
2004,481503,1,1,10,10,10,10,10,10,10,10,10,10
2004,481504,1,1,26,0,0,0,0,0,0,0,0,0
2004,481504,2,1,0,0,0,0,0,0,0,0,0,0
2004,481505,1,1,0,0,0,0,0,0,0,0,0,0
2004,481506,1,1,0,0,0,0,0,0,7,0,0,0
2004,481507,1,1,0,0,0,0,0,0,0,0,0,0
2004,481508,1,1,21,21,21,21,21,21,21,21,21,21
2004,481509,1,1,0,0,0,0,0,0,0,0,0,0
2004,481510,1,1,24,24,24,24,24,24,24,24,24,24
2004,481510,2,1,0,0,0,0,0,0,0,0,0,0
2004,481511,1,1,0,0,0,0,0,0,0,0,0,0
2004,481511,2,1,0,0,0,0,0,0,0,0,0,0
2004,481511,3,1,0,0,0,0,0,0,0,0,0,0
2004,481511,4,1,0,0,0,0,0,0,0,0,0,0
2004,481512,0,1,29,29,29,29,29,29,29,29,29,29
2004,481512,1,1,0,0,0,0,0,0,0,0,0,0
2004,481513,1,1,0,0,0,0,0,0,0,0,0,0
2004,481513,2,1,0,0,0,0,0,0,0,0,0,0
2004,481514,1,1,0,0,0,0,12,0,0,0,0,0
2004,481514,2,1,2,2,2,2,2,2,2,2,2,2
2004,481515,1,1,0,7,0,0,20,9,0,2,11,0
2004,481516,0,1,26,21,0,0,0,16,0,25,21,0
2004,481516,1,1,13,17,0,19,5,8,8,13,26,12
2004,481517,0,1,13,15,25,11,26,30,30,0,30,27
2004,481517,1,1,0,0,0,0,0,0,0,0,0,0
2004,481518,1,1,0,0,0,0,0,0,0,0,0,0
2004,481518,2,1,0,0,0,0,0,0,0,12,0,0
2004,481519,1,1,16,16,16,16,16,16,16,16,16,16
2004,481520,1,1,18,10,17,17,13,18,0,11,10,30
2004,481521,1,1,4,4,4,4,4,4,4,4,4,4
2004,481522,1,1,0,0,0,0,0,0,0,0,0,0
2004,481522,2,1,0,0,0,0,0,0,0,0,0,0
2004,481522,3,1,0,0,0,0,0,0,0,0,0,0
2004,481523,1,1,21,21,21,21,21,21,21,21,21,21
2004,481524,0,1,0,30,0,0,35,45,0,24,32,48
2004,481524,1,1,0,0,0,6,0,15,15,0,9,0
2004,481525,1,1,8,12,9,9,21,6,13,9,23,13
2004,481525,2,1,0,0,0,0,0,0,0,0,0,0
2004,481526,1,1,20,20,20,20,20,20,20,20,20,20
2004,481527,1,1,0,0,0,0,0,0,0,0,0,0
2004,481527,2,1,0,0,0,0,0,14,0,0,0,0
2004,481528,1,1,0,0,0,0,0,14,0,0,0,0
2004,481529,1,1,0,0,33,0,35,6,0,25,0,0
2004,481530,1,1,0,0,0,0,0,0,0,0,0,0
2004,481530,2,1,0,0,0,0,0,0,0,0,0,0
2004,481531,1,1,12,12,12,12,12,12,12,12,12,12
2004,481532,1,1,26,26,26,26,26,26,26,26,26,26
2004,481532,2,1,0,0,0,16,8,12,0,0,9,13
2004,481533,1,1,25,25,25,25,25,25,25,25,25,25
2004,481534,1,1,14,0,0,0,0,0,21,0,0,34
2004,481535,1,1,7,7,7,7,7,7,7,7,7,7
2004,481535,2,1,0,0,0,18,0,0,19,0,31,0
2004,481536,1,1,1,1,1,1,1,1,1,1,1,1
2004,481537,1,1,0,0,0,0,0,0,0,0,0,0
2004,481537,2,1,0,0,0,0,0,0,0,0,0,0
2004,481538,1,1,0,0,0,0,0,0,0,0,0,0
2004,481538,2,1,0,0,0,0,0,0,0,0,0,0
2004,481539,1,1,12,12,0,21,28,36,19,14,5,5
2004,481540,1,1,0,0,0,0,0,0,0,0,0,0
2004,481541,1,1,23,23,23,23,23,23,23,23,23,23
2004,481541,2,1,0,10,0,0,0,0,0,6,0,0
2004,481542,1,1,0,0,0,0,0,0,0,0,0,0
2004,481542,2,1,0,0,0,0,0,0,0,0,15,0
2004,481543,1,1,0,0,0,0,0,0,0,0,0,0
2004,481544,1,1,0,0,0,0,0,0,0,0,0,0
2004,481544,2,1,17,17,17,17,17,17,17,17,17,17
2004,481545,1,1,0,0,0,0,18,0,0,0,0,0
2004,481545,2,1,13,13,13,13,13,13,13,13,13,13
2004,481546,1,1,0,0,0,0,0,0,0,0,0,0
2004,481546,2,1,0,0,0,0,0,0,0,0,0,0
2004,481547,1,1,0,0,0,0,0,0,0,0,0,0
2004,481547,2,1,0,0,0,0,0,13,16,41,0,0
2004,481548,1,1,0,0,15,21,0,19,0,0,14,10
2004,481549,1,1,8,8,8,8,8,8,8,8,8,8
2004,481549,2,1,24,16,13,0,26,24,29,7,13,6
2004,481550,0,1,19,19,19,19,19,19,19,19,19,19
2004,481550,1,1,25,25,0,11,15,22,17,0,0,0
2004,481551,1,1,19,19,19,19,19,19,19,19,19,19
2004,481552,1,1,0,0,0,0,0,0,0,0,0,0
2004,481552,2,1,21,21,21,21,21,21,21,21,21,21
2004,481553,1,1,0,0,0,0,0,17,37,0,22,0
2004,481554,1,1,0,0,0,0,0,0,0,0,0,0
2004,481554,2,1,0,0,0,0,0,0,0,0,0,0
2004,481555,0,1,0,0,0,0,0,0,0,0,0,0
2004,481555,1,1,0,0,11,0,0,12,0,0,0,0
2004,481556,1,1,15,15,15,15,15,15,15,15,15,15
2004,481557,1,1,18,18,18,18,18,18,18,18,18,18
2004,481558,1,1,0,0,0,0,0,0,0,0,0,0
2004,481559,1,1,0,0,0,0,0,0,0,0,0,0
2004,481559,2,1,0,0,0,0,0,0,0,0,0,4
2004,481560,1,1,0,0,0,0,0,0,0,0,0,0
2004,481561,1,1,2,2,2,2,2,2,2,2,2,2
2004,481561,2,1,3,0,0,0,0,0,0,0,0,0
2004,481562,1,1,0,0,0,0,0,0,0,0,0,0
2004,481562,2,1,0,0,0,0,0,0,0,0,0,0
2004,481564,1,1,36,36,36,36,36,36,36,36,36,36
2004,481565,1,1,0,0,0,0,0,0,0,0,0,0
2004,481565,2,1,0,0,0,0,0,0,0,0,0,0
2004,481566,1,1,16,16,16,16,16,16,16,16,16,16
2004,481567,1,1,0,0,0,0,0,0,9,0,0,0
2004,481567,2,1,0,0,0,0,0,0,0,0,0,0
2004,481568,1,1,0,0,0,0,0,0,0,0,0,0
2004,481569,1,1,0,0,0,0,0,0,0,0,0,0
2004,481570,1,1,0,0,0,0,0,0,0,0,0,0
2004,481570,2,1,0,0,0,0,0,0,0,0,0,0
2004,481571,0,1,0,23,27,0,0,0,0,0,22,0
2004,481571,1,1,0,15,0,6,0,0,0,0,0,0
2004,481572,1,1,0,0,0,0,0,0,0,0,0,0
2004,481572,2,1,0,0,0,0,0,0,0,0,0,0
2004,481573,0,1,15,0,0,8,14,19,11,22,19,9
2004,481573,1,1,20,20,20,20,20,20,20,20,20,20
2004,481574,1,1,19,0,0,0,0,0,25,0,14,0
2004,481575,1,1,24,8,14,27,25,12,21,14,0,0
2004,481576,1,1,0,0,0,0,0,0,0,0,0,0
2004,481576,2,1,0,0,0,0,0,0,0,0,0,0
2004,481577,0,1,0,34,27,0,13,32,16,8,0,0
2004,481577,1,1,18,0,0,0,0,17,2,0,0,0
2004,481578,1,1,24,0,16,20,0,16,0,0,0,12
2004,481579,1,1,0,0,0,0,0,0,0,0,0,0
2004,481579,2,1,0,0,0,0,0,0,0,0,0,0
2004,481580,0,1,0,0,0,0,0,0,0,0,0,0
2004,481580,1,1,0,0,0,0,0,0,0,0,0,0
2004,481581,1,1,0,25,0,31,23,17,0,20,23,0
2004,481582,1,1,0,0,0,0,0,0,0,0,0,0
2004,481583,1,1,11,0,0,0,0,0,17,0,0,35
2004,481583,2,1,0,0,0,0,0,10,0,0,0,0
2004,481584,1,1,0,0,0,0,0,0,0,0,0,0
2004,481584,2,1,0,0,0,0,0,0,0,0,0,0
2004,481585,0,1,0,0,0,0,0,0,0,0,0,0
2004,481585,1,1,0,0,0,0,0,0,0,0,0,0
2004,481586,1,1,0,0,0,0,0,0,0,0,0,0
2004,481586,2,1,0,0,0,0,0,0,0,0,0,0
2004,481587,0,1,0,0,0,0,0,0,0,0,0,0
2004,481587,1,1,0,13,0,0,0,0,4,0,0,0
2004,481588,0,1,23,23,23,23,23,23,23,23,23,23
2004,481588,1,1,0,0,0,0,0,0,0,13,0,0
2004,481589,1,1,13,13,13,13,13,13,13,13,13,13
2004,481589,2,1,0,0,0,0,0,0,0,0,0,0
2004,481590,0,1,13,16,15,12,30,0,17,0,0,0
2004,481590,1,1,0,0,0,0,0,0,0,0,0,0
2004,481591,0,1,0,8,20,0,0,0,0,0,7,0
2004,481591,1,1,0,0,0,0,0,0,0,0,0,0
2004,481591,2,1,12,0,0,0,0,0,0,0,0,0
2004,481592,0,1,25,25,25,25,25,25,25,25,25,25
2004,481592,1,1,0,0,0,0,0,0,0,0,0,0
2004,481592,2,1,9,0,0,13,0,0,0,0,19,23
2004,481592,3,1,20,0,0,0,0,0,0,0,0,0
2004,481593,1,1,0,0,0,0,0,0,18,16,0,0
2004,481594,1,1,0,0,0,0,0,0,0,0,0,0
2004,481595,0,1,0,0,0,0,0,0,0,0,0,0
2004,481595,2,1,0,0,0,0,0,0,0,0,0,0
2004,481595,3,1,0,0,0,0,15,0,0,0,0,8
2004,481595,4,1,0,0,0,0,0,0,0,0,0,0
2004,481596,1,1,0,0,0,0,0,0,0,0,0,0
2004,481596,2,1,0,0,0,0,0,0,0,0,0,0
2004,481597,1,1,0,0,0,0,0,0,0,0,0,0
2004,481597,2,1,0,0,0,0,0,0,0,0,0,0
2004,481598,1,1,0,0,0,0,0,0,0,0,0,0
2004,481599,1,1,0,20,0,0,0,0,0,0,0,0
2004,481599,2,1,0,0,0,0,0,0,0,0,0,0
2004,481600,1,1,0,0,0,0,0,0,0,0,0,0
2004,481600,2,1,0,0,0,0,0,0,0,0,0,0
2004,481601,1,1,1,1,1,1,1,1,1,1,1,1
2004,481601,2,1,0,0,0,0,0,0,0,0,0,0
2004,481602,1,1,0,0,0,0,0,0,0,0,0,0
2004,481602,2,1,0,0,0,0,0,0,0,0,0,0
2004,481603,1,1,15,0,14,0,0,14,21,0,0,0
2004,481604,1,1,0,0,35,0,0,0,0,0,0,0
2004,481604,2,1,0,0,0,0,0,0,0,0,0,0
2004,481605,1,1,0,30,0,0,11,14,6,15,18,23
2004,481606,1,1,0,0,0,15,0,0,0,0,0,0
2004,481606,2,1,0,0,0,0,0,0,0,0,0,0
2004,481607,1,1,0,0,18,0,0,0,32,16,0,15
2004,481608,1,1,19,19,19,19,19,19,19,19,19,19
2004,481609,1,1,22,22,22,22,22,22,22,22,22,22
2004,481610,1,1,0,0,0,0,0,0,0,0,0,0
2004,481611,1,1,0,0,0,0,0,0,0,0,0,0
2004,481611,2,1,0,0,21,0,12,0,0,0,0,24
2004,481612,1,1,0,0,0,0,0,0,0,0,0,0
2004,481613,1,1,0,0,0,0,0,20,17,0,0,5
2004,481614,1,1,20,20,20,20,20,20,20,20,20,20
2004,481614,2,1,0,0,0,0,0,0,0,0,0,0
2004,481615,1,1,0,0,0,0,0,0,0,0,0,0
2004,481616,1,1,0,0,0,0,0,0,0,0,0,0
2004,481616,2,1,23,23,23,23,23,23,23,23,23,23
2004,481617,1,1,0,0,0,0,0,5,0,0,0,0
2004,481617,2,1,0,0,0,0,0,0,0,0,0,0
2004,481618,1,1,0,0,0,0,0,0,0,0,0,0
2004,481619,1,1,0,0,0,0,0,0,0,0,0,9
2004,481619,2,1,0,0,10,0,0,0,0,0,0,0
2004,481620,1,1,0,0,16,6,18,24,27,0,12,19
2004,481621,1,1,0,0,0,0,20,11,0,0,25,0
2004,481622,1,1,0,9,0,7,0,0,0,0,0,0
2004,481623,1,1,0,0,19,0,0,0,0,0,0,0
2004,481623,2,1,0,0,18,0,0,0,0,0,0,0
2004,481624,1,1,0,0,0,0,0,0,0,0,0,0
2004,481625,1,1,0,0,0,0,0,0,0,0,0,0
2004,481625,2,1,0,0,0,0,9,0,0,0,0,0
2004,481625,3,1,0,0,0,0,0,0,0,0,0,0
2004,481627,0,1,17,0,29,35,0,0,13,17,26,17
2004,481627,1,1,0,0,0,0,0,0,15,0,0,0
2004,481628,1,1,0,0,17,0,0,0,0,0,0,0
2004,481629,0,1,13,13,13,13,13,13,13,13,13,13
2004,481629,1,1,0,0,0,22,0,0,6,0,0,0
2004,481630,0,1,0,0,0,0,27,0,0,0,13,3
2004,481630,1,1,0,0,13,19,0,0,14,0,34,0
2004,481631,1,1,0,0,0,0,0,0,0,0,0,0
2004,481631,2,1,14,14,14,14,14,14,14,14,14,14
2004,481632,1,1,4,4,4,4,4,4,4,4,4,4
2004,481633,1,1,35,11,0,0,0,0,0,24,0,0
2004,481633,2,1,23,23,23,23,23,23,23,23,23,23
2004,481634,1,1,6,9,21,14,28,0,16,11,14,11
2004,481635,1,1,0,0,0,0,0,0,0,0,0,0
2004,481636,0,1,0,0,0,0,0,0,0,0,0,0
2004,481636,1,1,0,0,0,3,22,0,0,0,0,0
2004,481637,1,1,0,0,0,0,0,0,0,0,0,0
2004,481637,2,1,0,0,0,0,0,0,0,0,0,0
2004,481638,1,1,0,0,0,0,0,0,0,0,0,0
2004,481639,1,1,0,0,0,0,0,0,0,0,0,0
2004,481639,2,1,0,0,0,0,0,0,0,0,0,0
2004,481640,1,1,0,0,0,0,0,0,0,0,0,0
2004,481640,2,1,0,0,0,0,0,20,23,0,0,0
2004,481640,3,1,0,0,0,0,0,0,0,0,0,0
2004,481641,0,1,0,0,0,0,0,0,0,0,0,0
2004,481641,0,2,0,0,18,23,0,20,0,0,0,0
2004,481641,1,1,13,13,13,13,13,13,13,13,13,13
2004,481642,0,1,0,26,36,0,15,19,12,18,9,0
2004,481642,1,1,0,0,0,0,14,0,22,10,0,0
2004,481643,1,1,0,0,0,0,0,0,0,0,0,0
2004,481644,1,1,0,0,0,0,0,0,0,0,0,0
2004,481644,2,1,0,0,0,0,0,0,0,0,0,0
2004,481645,1,1,26,26,26,26,26,26,26,26,26,26
2004,481646,1,1,0,0,0,15,22,0,22,23,0,10
2004,481647,1,1,14,14,14,14,14,14,14,14,14,14
2004,481648,1,1,0,0,0,0,0,0,0,0,0,0
2004,481649,0,1,31,0,23,0,30,0,12,0,0,0
2004,481649,1,1,0,0,0,3,0,0,0,0,0,0
2004,481650,1,1,0,0,0,0,0,0,0,0,0,0
2004,481651,1,1,0,0,0,0,0,0,0,0,0,0
2004,481651,2,1,0,0,0,0,0,0,13,0,0,0
2004,481652,0,1,0,0,0,0,0,0,0,0,0,13
2004,481652,1,1,0,0,0,0,0,0,0,0,0,0
2004,481653,1,1,0,0,15,0,0,0,0,0,0,0
2004,481653,2,1,0,0,0,0,0,14,0,0,0,0
2004,481654,1,1,14,14,14,14,14,14,14,14,14,14
2004,481654,2,1,8,0,0,0,18,0,9,0,7,0
2004,481655,1,1,12,0,0,0,0,0,0,0,0,0
2004,481655,2,1,0,24,0,0,11,0,0,0,23,0
2004,481656,1,1,0,0,0,0,0,0,0,0,0,0
2004,481656,2,1,0,0,0,0,0,14,0,0,0,0
2004,481657,1,1,0,0,0,0,0,0,0,0,0,0
2004,481657,2,1,0,0,0,0,0,0,0,0,14,0
2004,481657,3,1,0,0,0,0,0,0,17,0,0,0
2004,481657,4,1,0,0,0,0,0,0,0,0,0,0
2004,481658,1,1,0,0,0,0,0,0,0,0,0,0
2004,481658,2,1,0,0,0,0,0,0,23,0,0,0
2004,481659,1,1,14,14,14,14,14,14,14,14,14,14
2004,481660,1,1,9,0,0,0,0,0,0,0,0,0
2004,481660,2,1,0,0,0,0,0,0,0,0,0,0
2004,481660,3,1,0,0,0,0,0,0,0,0,0,0
2004,481661,1,1,0,12,0,33,0,16,27,19,13,12
2004,481662,1,1,0,0,11,0,0,0,0,18,0,0
2004,481663,0,1,0,0,0,0,0,0,0,0,0,0
2004,481663,1,1,24,15,33,7,15,12,33,4,13,4
2004,481664,1,1,14,14,14,14,14,14,14,14,14,14
2004,481664,2,1,0,0,0,0,8,0,0,0,0,18
2004,481665,0,1,19,19,19,19,19,19,19,19,19,19
2004,481665,1,1,19,19,19,19,19,19,19,19,19,19
2004,481666,1,1,31,31,31,31,31,31,31,31,31,31
2004,481667,1,1,0,0,9,0,0,0,0,0,9,7
2004,481667,2,1,19,19,19,19,19,19,19,19,19,19
2004,481668,1,1,0,0,0,0,0,0,0,0,0,0
2004,481668,2,1,12,12,12,12,12,12,12,12,12,12
2004,481669,1,1,20,20,20,20,20,20,20,20,20,20
2004,481670,1,1,21,0,0,13,18,0,15,9,0,24
2004,481671,1,1,0,0,0,0,0,0,0,0,0,0
2004,481672,1,1,0,0,0,11,0,14,0,0,0,0
2004,481672,2,1,0,0,0,0,0,0,0,0,0,0
2004,481673,1,1,0,0,11,26,0,0,0,0,0,0
2004,481673,2,1,0,0,0,0,0,0,0,0,0,0
2004,481674,1,1,37,13,0,12,24,21,15,29,19,24
2004,481675,0,1,14,19,0,0,32,32,0,12,0,54
2004,481675,1,1,23,0,0,0,12,0,0,16,0,40
2004,481676,1,1,0,0,0,0,0,0,0,0,0,0
2004,481676,2,1,0,0,0,0,0,0,4,0,0,0
2004,481677,0,1,3,26,31,23,20,17,29,18,25,27
2004,481677,1,1,0,0,0,17,0,0,0,6,0,0
2004,481678,1,1,6,6,6,6,6,6,6,6,6,6
2004,481678,2,1,5,5,5,5,5,5,5,5,5,5
2004,481679,1,1,0,0,0,0,0,0,0,0,0,0
2004,481680,1,1,0,0,0,17,0,0,18,7,0,0
2004,481681,1,1,24,31,0,0,0,13,20,0,0,0