YEAR,ST_CASE,veh_no,per_no,P1,P2,P3,P4,P5,P6,P7,P8,P9,P10
2004,481952,2,1,0,0,0,0,0,0,0,0,0,0
2004,481953,1,1,0,0,0,0,0,0,0,0,0,0
2004,481954,1,1,24,10,15,18,10,22,16,36,9,30
2004,481955,0,1,30,10,0,0,0,0,22,23,0,0
2004,481955,1,1,0,0,0,0,0,0,0,15,0,20
2004,481956,1,1,0,3,18,31,0,0,17,11,0,16
2004,481957,1,1,0,0,0,0,0,0,0,0,0,0
2004,481957,2,1,0,0,0,0,0,0,0,0,0,0
2004,481957,3,1,0,17,2,0,0,0,0,0,0,0
2004,481957,4,1,0,0,0,0,0,0,0,0,0,0
2004,481957,5,1,0,10,0,0,0,0,0,0,0,0
2004,481958,1,1,8,0,0,0,0,0,0,0,15,0
2004,481958,2,1,0,0,0,0,0,0,0,0,0,0
2004,481958,3,1,0,0,0,0,0,0,0,0,0,0
2004,481958,4,1,0,0,0,0,0,0,0,0,0,0
2004,481959,1,1,0,0,0,0,0,0,0,0,0,0
2004,481960,1,1,0,0,0,0,0,0,0,0,0,0
2004,481961,1,1,0,0,0,0,0,0,0,0,0,0
2004,481962,0,1,20,20,20,20,20,20,20,20,20,20
2004,481962,1,1,28,22,0,0,0,0,0,0,0,21
2004,481963,1,1,18,18,18,18,18,18,18,18,18,18
2004,481964,1,1,16,16,16,16,16,16,16,16,16,16
2004,481965,1,1,0,0,0,0,0,0,0,0,0,0
2004,481965,2,1,0,0,0,0,0,0,0,0,0,0
2004,481966,1,1,20,20,20,20,20,20,20,20,20,20
2004,481967,1,1,0,0,0,0,0,0,0,0,0,0
2004,481967,2,1,0,0,0,0,0,0,0,0,0,0
2004,481967,3,1,0,0,0,0,0,16,0,0,0,0
2004,481967,4,1,0,0,0,0,0,0,0,0,0,0
2004,481967,5,1,0,0,0,0,0,0,0,0,0,0
2004,481967,6,1,0,0,0,0,0,0,0,0,0,0
2004,481967,7,1,0,0,0,0,0,0,0,0,0,0
2004,481968,1,1,0,0,0,0,0,0,0,0,0,0
2004,481968,2,1,0,0,0,0,0,0,0,0,0,0
2004,481969,1,1,0,0,0,0,0,0,0,0,0,0
2004,481970,1,1,34,34,34,34,34,34,34,34,34,34
2004,481971,1,1,0,0,0,0,0,0,0,0,0,0
2004,481972,1,1,30,30,30,30,30,30,30,30,30,30
2004,481972,2,1,0,10,9,0,21,0,0,12,0,0
2004,481972,3,1,0,0,0,0,0,0,9,0,0,0
2004,481972,4,1,0,0,0,5,3,6,0,0,20,19
2004,481973,1,1,6,6,6,6,6,6,6,6,6,6
2004,481974,0,1,0,0,0,0,0,0,0,0,0,0
2004,481974,1,1,0,0,0,17,0,0,0,11,0,0
2004,481975,0,1,0,0,0,0,0,0,0,0,0,0
2004,481975,1,1,8,8,4,0,0,0,0,0,0,11
2004,481976,1,1,10,10,10,10,10,10,10,10,10,10
2004,481977,1,1,19,11,3,22,18,25,4,29,20,4
2004,481978,1,1,0,0,0,0,0,0,0,0,0,0
2004,481978,2,1,0,0,0,0,0,0,0,0,0,0
2004,481979,1,1,0,0,0,0,0,0,0,0,0,0
2004,481979,2,1,0,0,0,0,0,0,0,0,0,0
2004,481979,3,1,0,0,0,0,0,0,0,0,0,0
2004,481980,1,1,16,0,0,0,0,0,0,0,0,0
2004,481980,2,1,17,11,31,6,9,0,0,24,0,0
2004,481981,1,1,15,15,15,15,15,15,15,15,15,15
2004,481982,1,1,0,0,0,0,0,0,0,0,0,0
2004,481983,1,1,28,28,28,28,28,28,28,28,28,28
2004,481984,1,1,0,0,0,0,0,0,0,0,0,0
2004,481984,2,1,0,0,0,0,0,0,0,0,0,0
2004,481985,0,1,0,0,0,0,0,0,0,0,0,0
2004,481985,1,1,0,0,0,0,0,0,0,0,0,0
2004,481986,1,1,0,0,0,0,0,0,0,0,0,0
2004,481987,0,1,0,0,0,0,0,0,0,0,0,0
2004,481987,1,1,0,0,0,0,0,0,0,0,0,0
2004,481988,0,1,0,0,0,0,0,0,0,0,0,0
2004,481988,1,1,0,0,0,0,14,0,0,0,0,5
2004,481989,1,1,12,12,12,12,12,12,12,12,12,12
2004,481990,1,1,0,0,0,0,0,0,0,0,0,0
2004,481990,2,1,0,0,0,0,0,0,0,14,0,0
2004,481991,1,1,0,0,0,0,0,0,0,0,0,0
2004,481991,2,1,0,0,0,0,0,0,0,0,0,0
2004,481992,1,1,0,0,0,0,0,0,0,0,0,0
2004,481992,2,1,0,0,0,0,0,0,0,0,0,0
2004,481993,1,1,0,0,0,0,0,0,0,0,0,0
2004,481994,0,1,17,0,0,22,0,0,0,0,0,4
2004,481994,1,1,0,0,0,0,0,15,0,0,0,0
2004,481995,1,1,27,27,27,27,27,27,27,27,27,27
2004,481995,2,1,0,0,4,0,4,0,0,0,0,0
2004,481996,1,1,0,0,0,0,0,0,0,0,0,0
2004,481996,2,1,0,0,0,0,0,12,0,0,0,0
2004,481997,0,1,18,18,18,18,18,18,18,18,18,18
2004,481997,1,1,14,11,25,9,9,15,17,0,0,0
2004,481998,1,1,0,0,0,0,0,0,0,20,0,0
2004,481998,2,1,0,0,0,0,0,0,0,0,0,0
2004,481999,0,1,0,0,0,0,0,0,0,0,0,0
2004,481999,1,1,0,0,0,0,0,0,0,0,0,0
2004,482000,0,1,21,0,9,0,0,34,26,23,17,8
2004,482000,1,1,0,23,34,0,0,0,17,0,0,0
2004,482001,1,1,22,22,22,22,22,22,22,22,22,22
2004,482002,1,1,19,4,0,24,8,25,0,0,0,0
2004,482003,0,1,0,22,0,26,10,0,24,0,13,34
2004,482003,1,1,0,0,0,0,0,0,12,0,0,0
2004,482003,2,1,0,0,0,11,6,0,0,0,0,12
2004,482003,3,1,0,24,0,0,0,0,0,0,0,0
2004,482004,1,1,9,9,9,9,9,9,9,9,9,9
2004,482005,1,1,20,20,20,20,20,20,20,20,20,20
2004,482006,0,1,0,0,0,0,0,0,0,0,0,0
2004,482006,1,1,15,15,15,15,15,15,15,15,15,15
2004,482007,1,1,0,0,0,0,0,0,0,0,0,0
2004,482007,2,1,0,0,7,0,0,0,0,8,0,0
2004,482007,3,1,0,0,0,0,0,4,0,9,0,0
2004,482008,1,1,0,0,0,0,0,0,0,0,0,0
2004,482009,0,1,27,50,36,19,19,42,33,38,9,29
2004,482009,1,1,6,18,0,0,0,0,16,0,0,8
2004,482010,1,1,22,22,22,22,22,22,22,22,22,22
2004,482011,1,1,15,15,15,15,15,15,15,15,15,15
2004,482012,1,1,21,21,21,21,21,21,21,21,21,21
2004,482012,2,1,0,0,0,0,0,0,0,0,0,0
2004,482013,0,1,0,0,28,0,9,23,15,16,7,38
2004,482013,1,1,4,4,4,4,4,4,4,4,4,4
2004,482014,1,1,12,12,12,12,12,12,12,12,12,12
2004,482014,2,1,0,0,0,0,14,0,0,0,0,25
2004,482015,1,1,6,6,6,6,6,6,6,6,6,6
2004,482016,1,1,0,7,0,0,0,0,15,0,0,0
2004,482016,2,1,0,0,0,0,0,0,0,0,0,0
2004,482017,0,1,0,0,0,0,0,0,0,0,0,0
2004,482017,1,1,0,0,0,0,0,0,0,0,0,0
2004,482018,1,1,37,37,37,37,37,37,37,37,37,37
2004,482019,1,1,9,9,9,9,9,9,9,9,9,9
2004,482020,1,1,0,9,0,0,0,0,0,24,2,16
2004,482021,1,1,0,0,0,0,0,0,0,0,0,0
2004,482021,2,1,0,0,0,0,0,0,0,0,0,0
2004,482021,3,1,0,0,0,0,0,0,0,0,0,0
2004,482022,1,1,18,18,18,18,18,18,18,18,18,18
2004,482022,2,1,0,0,23,9,0,0,12,0,0,0
2004,482023,1,1,22,25,23,0,13,20,22,29,13,17
2004,482024,1,1,16,27,26,15,30,0,0,0,0,0
2004,482025,1,1,0,0,0,0,0,0,0,0,0,0
2004,482026,0,1,0,0,0,0,0,0,0,0,0,0
2004,482026,1,1,0,0,0,0,0,0,0,0,0,0
2004,482027,0,1,0,0,20,23,24,15,14,8,2,0
2004,482027,0,2,29,12,10,3,34,28,0,0,0,0
2004,482027,1,1,0,0,0,0,0,0,0,0,0,0
2004,482028,1,1,0,0,0,0,0,0,0,0,0,0
2004,482029,1,1,0,0,0,0,0,0,0,0,0,0
2004,482030,1,1,0,0,0,0,0,0,0,0,0,0
2004,482030,2,1,0,0,0,0,0,0,0,0,0,0
2004,482031,1,1,0,0,0,0,0,0,0,0,0,0
2004,482031,2,1,0,0,0,0,0,0,0,0,0,0
2004,482031,3,1,0,0,0,0,0,0,0,0,0,0
2004,482031,4,1,0,0,0,0,0,0,0,0,0,0
2004,482032,1,1,0,0,0,0,0,8,0,15,19,0
2004,482032,2,1,0,0,0,0,0,0,0,0,0,0
2004,482033,1,1,0,0,0,0,0,15,0,0,0,0
2004,482033,2,1,0,0,0,0,0,0,0,0,0,0
2004,482034,1,1,0,0,0,0,0,0,0,0,0,0
2004,482035,1,1,15,22,4,20,4,23,4,32,16,15
2004,482035,2,1,0,28,0,0,9,0,0,3,0,15
2004,482036,0,1,0,0,0,0,0,0,0,0,0,0
2004,482036,1,1,11,0,0,0,0,20,0,0,12,0
2004,482037,1,1,0,9,0,0,0,0,0,0,0,0
2004,482038,1,1,0,0,0,0,0,0,0,0,0,0
2004,482038,2,1,0,0,0,0,0,0,0,0,0,0
2004,482038,3,1,0,0,0,0,0,0,0,0,0,0
2004,482039,0,1,0,0,0,0,0,0,0,0,0,0
2004,482039,1,1,0,0,0,0,0,0,0,0,13,0
2004,482040,0,1,0,0,0,0,0,0,0,0,0,0
2004,482040,1,1,0,0,0,0,0,0,0,0,0,0
2004,482041,1,1,0,0,0,0,0,0,0,0,0,0
2004,482041,2,1,0,0,0,9,0,0,0,0,0,0
2004,482042,1,1,6,0,8,0,0,0,0,0,0,0
2004,482043,1,1,0,0,0,0,0,0,0,0,0,0
2004,482043,2,1,0,0,0,0,0,0,0,0,0,0
2004,482044,1,1,0,0,0,0,0,0,0,0,0,0
2004,482045,1,1,25,25,25,25,25,25,25,25,25,25
2004,482045,2,1,13,13,13,13,13,13,13,13,13,13
2004,482046,1,1,0,0,0,0,0,30,11,19,0,0
2004,482047,1,1,5,0,0,28,0,0,0,12,0,0
2004,482048,1,1,22,22,22,22,22,22,22,22,22,22
2004,482048,2,1,0,9,0,10,0,11,15,0,0,0
2004,482049,1,1,13,13,13,13,13,13,13,13,13,13
2004,482050,1,1,0,0,0,0,0,0,0,0,0,0
2004,482050,2,1,0,0,0,0,0,0,0,0,0,0
2004,482051,1,1,23,23,23,23,23,23,23,23,23,23
2004,482052,1,1,11,11,11,11,11,11,11,11,11,11
2004,482053,1,1,24,24,24,24,24,24,24,24,24,24
2004,482054,1,1,0,0,0,0,0,0,0,0,0,0
2004,482055,0,1,0,0,0,0,0,0,0,0,0,0
2004,482055,1,1,0,0,0,0,0,37,0,0,0,0
2004,482056,1,1,0,0,0,14,0,0,0,0,0,0
2004,482056,2,1,0,0,0,9,0,0,0,0,0,9
2004,482057,1,1,0,0,0,0,0,0,9,0,0,28
2004,482057,2,1,0,0,0,0,0,0,0,0,0,0
2004,482058,1,1,0,0,0,0,0,0,0,0,0,0
2004,482058,2,1,0,0,0,0,0,0,0,0,0,0
2004,482059,1,1,21,21,22,0,21,0,0,19,15,24
2004,482060,1,1,0,0,0,0,0,0,0,0,0,0
2004,482061,1,1,7,0,0,0,0,10,0,0,0,11
2004,482061,2,1,0,0,0,0,0,0,0,0,0,0
2004,482062,0,1,18,10,17,28,18,0,0,5,28,8
2004,482062,1,1,17,0,0,13,0,0,30,0,12,13
2004,482063,1,1,0,0,0,0,0,0,0,0,0,0
2004,482064,1,1,0,0,0,0,0,0,0,0,0,0
2004,482064,2,1,0,0,0,0,0,0,0,0,0,0
2004,482065,0,1,0,0,0,0,0,0,0,0,0,0
2004,482065,1,1,0,0,0,0,0,0,0,0,0,0
2004,482066,1,1,1,1,1,1,1,1,1,1,1,1
2004,482067,1,1,0,0,0,0,0,0,0,0,0,0
2004,482068,0,1,6,6,6,6,6,6,6,6,6,6
2004,482068,1,1,21,17,19,20,11,22,20,4,4,6
2004,482068,2,1,7,14,0,0,0,0,0,0,0,0
2004,482069,1,1,0,0,0,0,0,0,0,11,0,0
2004,482070,1,1,0,0,0,0,0,0,12,0,0,0
2004,482070,2,1,0,0,0,0,0,0,0,0,0,0
2004,482071,1,1,32,32,32,32,32,32,32,32,32,32
2004,482071,2,1,0,0,0,0,0,5,0,0,0,0
2004,482072,1,1,27,29,26,20,2,14,27,11,13,8
2004,482072,2,1,0,0,0,0,9,0,0,0,0,0
2004,482073,1,1,0,0,0,0,0,8,0,0,0,0
2004,482073,2,1,0,0,0,0,0,0,0,0,0,0
2004,482074,1,1,0,0,0,0,0,0,0,0,0,0
2004,482075,1,1,0,19,21,18,10,13,17,29,18,13
2004,482076,1,1,0,0,0,0,0,0,0,0,0,0
2004,482077,1,1,0,12,0,0,13,16,5,0,0,20
2004,482077,2,1,0,0,0,0,11,0,0,5,0,0
2004,482078,1,1,18,18,18,18,18,18,18,18,18,18
2004,482078,2,1,0,0,0,0,0,0,0,0,0,0
2004,482079,0,1,0,0,0,0,0,0,0,0,0,0
2004,482079,1,1,0,0,0,0,0,0,0,0,0,0
2004,482080,1,1,0,0,0,0,0,0,0,0,0,0
2004,482080,2,1,15,0,0,0,0,0,0,15,0,0
2004,482080,3,1,6,0,0,0,0,0,0,0,8,0
2004,482081,1,1,19,19,19,19,19,19,19,19,19,19
2004,482082,1,1,0,7,0,0,23,0,0,0,0,0
2004,482083,1,1,0,0,0,0,0,0,0,0,0,0
2004,482084,1,1,0,0,0,0,0,0,0,10,0,0
2004,482085,1,1,16,0,14,0,0,0,0,0,9,7
2004,482085,2,1,0,0,0,0,0,0,0,0,0,0
2004,482086,1,1,26,26,26,26,26,26,26,26,26,26
2004,482087,1,1,19,8,18,0,24,16,24,18,0,19
2004,482088,1,1,0,0,0,0,0,0,0,0,0,0
2004,482088,2,1,0,7,0,9,0,0,0,0,0,0
2004,482089,1,1,23,23,23,23,23,23,23,23,23,23
2004,482089,2,1,15,0,0,14,8,9,0,11,4,12
2004,482089,3,1,0,0,0,0,0,0,0,0,0,0
2004,482090,1,1,0,0,0,0,0,0,0,0,0,0
2004,482090,2,1,0,0,0,14,0,0,0,11,0,0
2004,482091,1,1,2,2,2,2,2,2,2,2,2,2
2004,482091,2,1,14,0,0,0,8,0,0,14,28,0
2004,482092,1,1,0,0,0,0,0,0,13,0,0,0
2004,482093,1,1,0,0,0,0,6,16,30,21,0,0
2004,482094,0,1,23,23,23,23,23,23,23,23,23,23
2004,482094,1,1,10,10,10,10,10,10,10,10,10,10
2004,482095,0,1,0,0,0,0,0,0,0,0,0,0
2004,482095,1,1,15,15,0,0,0,18,21,0,10,21
2004,482096,1,1,0,0,0,0,0,0,0,0,0,0
2004,482096,2,1,0,0,0,0,0,0,0,0,0,0
2004,482097,1,1,12,12,12,12,12,12,12,12,12,12
2004,482098,1,1,12,12,12,12,12,12,12,12,12,12
2004,482099,1,1,0,0,0,0,12,0,0,0,0,0
2004,482099,2,1,0,0,0,0,0,0,0,0,0,0
2004,482100,1,1,0,0,0,0,0,0,0,0,0,0
2004,482101,1,1,0,0,9,0,0,10,0,15,0,15
2004,482102,1,1,0,0,0,0,0,0,0,0,0,0
2004,482103,1,1,0,0,0,0,0,0,0,0,0,0
2004,482103,2,1,0,0,0,0,0,0,0,0,0,0
2004,482104,1,1,20,20,20,20,20,20,20,20,20,20
2004,482105,0,1,0,0,0,0,0,0,0,0,0,12
2004,482105,1,1,0,0,0,0,0,0,0,0,0,0
2004,482106,1,1,0,0,0,0,0,0,0,0,0,0
2004,482107,1,1,0,0,0,0,0,0,0,0,0,0
2004,482108,1,1,0,0,0,0,0,0,0,0,16,0
2004,482108,2,1,0,0,0,0,0,0,0,19,0,12
2004,482108,3,1,0,0,0,16,0,0,0,0,0,0
2004,482109,1,1,0,0,0,0,0,0,0,0,0,0
2004,482109,2,1,0,0,0,0,0,11,0,0,0,0
2004,482110,0,1,23,28,53,12,17,53,22,48,26,13
2004,482110,1,1,0,0,17,0,0,0,0,0,15,0
2004,482111,1,1,0,0,0,0,0,0,0,0,0,0
2004,482111,2,1,20,0,19,8,0,0,0,0,42,0
2004,482112,0,1,9,9,9,9,9,9,9,9,9,9
2004,482112,1,1,0,0,0,0,0,0,0,0,0,0
2004,482113,1,1,0,0,0,0,0,0,0,0,0,0
2004,482113,2,1,0,0,0,0,0,0,0,0,0,0
2004,482113,3,1,0,0,0,0,0,0,0,0,0,0
2004,482114,0,1,0,0,0,0,0,0,0,0,0,0
2004,482114,1,1,0,0,0,0,0,0,0,0,0,0
2004,482115,1,1,0,0,0,0,0,0,0,0,0,0
2004,482116,1,1,0,0,0,0,24,0,0,0,0,0
2004,482117,1,1,25,25,25,25,25,25,25,25,25,25
2004,482118,1,1,26,26,26,26,26,26,26,26,26,26
2004,482119,1,1,22,11,29,12,21,27,8,0,28,26
2004,482120,1,1,3,3,3,3,3,3,3,3,3,3
2004,482121,0,1,0,0,0,0,0,0,0,3,0,0
2004,482121,1,1,0,0,0,0,0,0,0,0,0,0
2004,482122,1,1,11,11,11,11,11,11,11,11,11,11
2004,482123,1,1,3,3,3,3,3,3,3,3,3,3
2004,482124,1,1,0,0,0,0,0,0,0,0,0,0
2004,482124,2,1,0,0,0,0,0,0,0,0,14,0
2004,482125,1,1,0,0,0,0,0,0,0,0,0,0
2004,482126,1,1,18,20,17,20,27,6,19,20,22,20
2004,482126,2,1,0,0,0,0,0,0,0,0,0,0
2004,482126,3,1,0,13,26,0,0,2,0,0,0,0
2004,482127,1,1,4,0,0,0,0,0,0,9,0,0
2004,482127,2,1,0,0,0,0,0,0,0,0,0,0
2004,482128,1,1,22,22,22,22,22,22,22,22,22,22
2004,482129,1,1,15,15,15,15,15,15,15,15,15,15
2004,482130,1,1,13,13,13,13,13,13,13,13,13,13
2004,482132,1,1,4,4,4,4,4,4,4,4,4,4
2004,482132,2,1,0,0,0,0,0,0,0,0,0,0
2004,482133,1,1,0,0,0,0,0,0,0,0,0,0
2004,482133,2,1,0,0,0,0,0,0,0,0,0,0
2004,482134,1,1,0,0,0,0,0,0,0,0,0,0
2004,482134,2,1,0,0,0,0,0,0,0,0,0,0
2004,482134,3,1,0,0,0,0,0,0,14,0,0,0
2004,482135,1,1,8,20,19,0,3,5,0,4,0,0
2004,482136,0,1,6,0,24,9,0,34,28,0,0,19
2004,482136,1,1,9,0,15,14,10,12,24,11,11,26
2004,482137,1,1,14,0,7,6,12,12,17,9,13,16
2004,482138,0,1,22,22,22,22,22,22,22,22,22,22
2004,482138,1,1,0,0,16,0,0,0,0,0,0,7
2004,482139,1,1,0,0,0,0,0,0,0,0,0,0
2004,482139,2,1,0,11,0,0,0,0,0,0,14,0
2004,482140,1,1,5,5,5,5,5,5,5,5,5,5
2004,482141,1,1,0,0,0,0,0,0,0,9,0,0
2004,482141,2,1,0,0,0,0,0,0,0,0,0,0
2004,482142,1,1,0,0,0,0,0,0,0,0,0,0
2004,482142,2,1,0,0,0,0,0,0,0,0,0,0
2004,482143,1,1,0,10,18,0,0,0,12,19,0,12
2004,482144,1,1,0,0,0,0,12,0,0,0,0,0
2004,482144,2,1,0,0,0,0,24,0,17,0,19,0
2004,482145,1,1,5,5,5,5,5,5,5,5,5,5
2004,482146,1,1,4,4,4,4,4,4,4,4,4,4
2004,482147,1,1,2,2,2,2,2,2,2,2,2,2
2004,482148,1,1,22,22,22,22,22,22,22,22,22,22
2004,482149,1,1,4,4,4,4,4,4,4,4,4,4
2004,482150,1,1,0,0,0,0,0,0,0,0,10,0
2004,482150,2,1,0,0,0,0,0,0,0,16,0,0
2004,482151,1,1,0,0,0,0,0,0,0,3,0,7
2004,482151,2,1,3,3,3,3,3,3,3,3,3,3
2004,482151,3,1,0,0,0,0,0,0,0,0,0,0
2004,482151,4,1,0,0,0,0,0,0,0,0,0,0
2004,482152,1,1,0,0,23,0,0,10,31,0,12,23
2004,482153,1,1,18,0,0,0,0,0,23,19,0,15
2004,482154,0,1,0,0,0,0,0,0,0,0,0,0
2004,482154,1,1,0,0,5,0,0,0,0,0,0,0
2004,482155,1,1,16,22,24,17,17,14,16,26,18,24
2004,482155,2,1,0,0,0,0,0,0,0,0,0,0
2004,482156,1,1,0,0,0,0,0,0,0,0,0,0
2004,482156,2,1,0,0,0,0,0,0,0,0,0,0
2004,482157,1,1,0,0,0,0,0,0,0,0,0,0
2004,482157,2,1,3,3,3,3,3,3,3,3,3,3
2004,482158,1,1,1,1,1,1,1,1,1,1,1,1
2004,482158,2,1,0,4,0,0,0,0,0,0,0,12
2004,482159,1,1,22,22,22,22,22,22,22,22,22,22
2004,482160,0,1,0,0,0,0,0,6,12,2,0,0
2004,482160,2,1,0,0,0,0,0,0,0,10,0,0
2004,482161,1,1,0,0,0,0,0,0,0,0,0,0
2004,482161,2,1,0,0,0,0,0,0,0,0,0,0
2004,482162,1,1,15,15,15,15,15,15,15,15,15,15
2004,482162,2,1,0,20,0,0,0,0,0,0,0,16
2004,482163,1,1,0,0,0,0,0,0,12,0,0,0
2004,482163,2,1,0,0,0,0,0,0,0,0,0,0
2004,482164,1,1,0,0,0,0,0,0,0,0,0,0
2004,482165,1,1,0,0,0,0,0,0,0,0,0,0
2004,482166,1,1,0,0,0,0,0,0,0,0,0,0
2004,482166,2,1,0,0,0,0,0,0,11,0,0,0
2004,482167,1,1,0,0,0,0,0,0,0,0,0,0
2004,482167,2,1,0,0,0,0,0,0,0,0,0,0
2004,482167,3,1,0,0,0,0,0,0,4,0,0,0
2004,482168,1,1,0,18,0,0,20,0,0,0,0,0
2004,482169,1,1,0,0,0,0,0,0,0,0,0,0
2004,482169,2,1,0,0,0,0,0,0,0,0,0,0
2004,482169,3,1,0,0,0,0,0,0,0,0,0,0
2004,482169,4,1,16,9,0,0,0,11,0,0,0,0
2004,482170,1,1,0,0,0,18,0,0,0,0,0,0
2004,482171,1,1,14,0,17,0,0,18,24,13,0,27
2004,482172,1,1,16,0,0,0,12,0,13,10,0,0
2004,482173,0,1,0,0,0,0,0,0,0,0,0,0
2004,482173,0,2,3,0,0,0,0,0,0,0,0,17
2004,482173,1,1,13,9,7,31,0,0,0,0,17,13
2004,482174,1,1,28,0,0,0,0,0,0,0,0,0
2004,482175,0,1,15,17,0,9,0,0,0,0,0,0
2004,482175,1,1,0,0,0,0,0,0,0,0,0,0
2004,482176,1,1,0,0,0,0,0,0,0,0,0,0
2004,482176,2,1,0,0,0,0,0,0,0,0,0,0
2004,482177,1,1,24,24,24,24,24,24,24,24,24,24
2004,482177,2,1,0,0,0,0,0,0,0,0,0,0
2004,482177,3,1,0,0,0,0,0,0,0,0,14,0
2004,482177,4,1,0,0,0,0,0,0,0,0,0,0
2004,482178,1,1,0,0,0,0,0,0,0,0,0,0
2004,482178,2,1,0,0,0,0,0,0,0,0,0,0
2004,482179,0,1,0,0,31,0,14,18,0,11,12,19
2004,482179,1,1,0,0,0,0,0,0,0,0,2,0
2004,482180,1,1,0,12,2,0,15,0,7,0,20,9
2004,482181,1,1,24,24,24,24,24,24,24,24,24,24
2004,482182,1,1,0,0,0,0,0,0,0,0,0,0
2004,482182,2,1,1,1,1,1,1,1,1,1,1,1
2004,482183,1,1,10,16,18,0,0,0,0,13,0,0
2004,482183,2,1,0,0,0,0,7,11,12,8,0,0
2004,482184,1,1,0,0,0,0,0,0,0,0,0,0
2004,482184,2,1,13,10,0,0,0,0,15,0,0,18
2004,482185,1,1,26,26,26,26,26,26,26,26,26,26
2004,482185,2,1,0,0,0,0,0,0,0,0,0,0
2004,482185,3,1,0,0,20,0,0,0,9,7,0,13
2004,482186,1,1,23,0,0,0,0,0,0,0,0,0
2004,482187,1,1,15,0,0,0,0,3,0,0,0,0
2004,482187,2,1,20,0,6,0,25,13,7,0,0,12
2004,482188,1,1,16,0,25,0,0,0,0,0,0,0
2004,482189,1,1,0,0,0,0,0,0,0,0,0,0
2004,482189,2,1,0,0,0,0,0,0,0,0,0,0
2004,482190,1,1,8,11,17,21,0,0,10,5,15,13
2004,482191,1,1,0,0,0,0,0,13,0,0,23,13
2004,482192,0,1,0,0,0,0,0,0,0,0,0,0
2004,482192,0,2,0,0,0,0,0,0,0,0,0,0
2004,482192,1,1,0,0,0,0,0,8,0,0,0,0
2004,482193,0,1,0,0,0,0,0,0,0,0,0,0
2004,482193,1,1,0,0,0,0,0,0,0,0,0,0
2004,482194,1,1,0,0,0,0,0,16,0,0,0,0
2004,482194,2,1,0,0,0,0,0,0,0,0,0,0
2004,482195,1,1,23,0,0,11,8,0,0,2,0,0
2004,482196,1,1,8,23,20,22,0,23,0,36,8,28
2004,482197,1,1,0,0,0,0,0,0,0,0,0,0
2004,482197,2,1,0,0,0,0,0,0,0,0,0,0
2004,482198,1,1,0,0,0,0,8,10,0,0,0,0
2004,482199,1,1,0,0,0,0,0,0,0,0,0,0
2004,482199,2,1,0,0,0,0,0,0,0,0,0,0
2004,482200,1,1,24,19,12,17,26,0,16,11,22,17
2004,482201,1,1,30,23,13,13,24,18,22,26,11,11
2004,482202,0,1,0,26,18,0,38,0,19,15,0,16
2004,482202,1,1,0,0,0,15,0,0,0,0,19,0
2004,482203,1,1,12,12,12,12,12,12,12,12,12,12
2004,482203,2,1,0,0,0,0,0,0,0,0,0,0
2004,482204,1,1,31,31,31,31,31,31,31,31,31,31
2004,482205,0,1,14,0,0,0,0,7,0,0,14,0
2004,482205,1,1,0,0,0,0,0,26,0,0,0,17
2004,482206,1,1,20,11,0,0,16,0,0,0,0,24
2004,482207,1,1,19,19,19,19,19,19,19,19,19,19
2004,482208,1,1,14,14,14,14,14,14,14,14,14,14
2004,482208,2,1,0,0,0,0,0,0,0,0,0,0
2004,482208,3,1,0,24,10,16,0,0,0,5,0,0
2004,482209,1,1,0,0,0,0,0,0,0,0,0,0
2004,482210,0,1,0,0,25,0,0,35,0,0,0,0
2004,482210,0,2,2,0,0,0,0,8,0,0,0,9
2004,482210,1,1,0,0,0,0,2,0,6,0,3,0
2004,482211,1,1,31,15,11,22,32,16,0,10,5,18
2004,482211,2,1,0,29,7,0,22,25,4,0,0,0
2004,482212,1,1,0,0,0,0,0,0,0,0,0,0
2004,482213,1,1,0,0,0,0,0,0,0,0,0,0
2004,482214,1,1,4,4,4,4,4,4,4,4,4,4
2004,482215,1,1,0,11,18,17,24,19,10,29,25,13
2004,482216,0,1,22,22,22,22,22,22,22,22,22,22
2004,482216,1,1,6,0,0,0,0,0,0,0,0,0
2004,482217,1,1,28,28,28,28,28,28,28,28,28,28
2004,482218,1,1,13,13,13,13,13,13,13,13,13,13
2004,482219,1,1,0,0,0,0,0,0,0,0,0,0
2004,482219,2,1,0,0,0,0,0,0,0,0,0,0
2004,482220,0,1,0,0,0,0,0,0,0,0,0,0
2004,482220,1,1,0,0,0,13,0,0,27,0,0,0
2004,482220,2,1,0,0,0,0,0,0,0,10,0,0
2004,482220,3,1,0,0,0,0,0,0,0,0,13,0
2004,482221,1,1,0,0,0,0,0,0,0,0,0,0
2004,482222,1,1,0,0,0,0,0,0,0,0,0,0
2004,482222,2,1,0,0,0,0,0,0,0,0,0,0
2004,482223,1,1,0,0,0,0,0,0,0,0,0,0
2004,482223,2,1,0,0,0,9,0,0,0,0,0,0