YEAR,ST_CASE,veh_no,per_no,P1,P2,P3,P4,P5,P6,P7,P8,P9,P10
2004,482484,1,1,11,11,11,11,11,11,11,11,11,11
2004,482484,2,1,19,0,0,0,4,0,0,0,0,0
2004,482485,1,1,0,0,0,0,0,0,0,0,0,0
2004,482485,2,1,0,0,0,0,0,0,0,0,0,0
2004,482486,1,1,0,0,0,21,0,4,0,0,0,10
2004,482487,1,1,0,23,0,0,0,0,24,0,26,0
2004,482488,1,1,16,16,16,16,16,16,16,16,16,16
2004,482489,0,1,20,0,0,0,0,0,0,0,0,0
2004,482489,1,1,0,0,0,0,0,0,0,0,0,0
2004,482490,1,1,0,0,0,0,0,0,0,0,0,0
2004,482490,2,1,0,0,0,0,0,0,0,0,0,0
2004,482491,1,1,18,0,30,0,0,14,0,9,11,0
2004,482492,1,1,14,0,0,0,0,0,0,0,0,0
2004,482492,2,1,0,0,0,0,0,0,0,17,0,0
2004,482493,0,1,0,0,15,0,0,0,0,0,0,0
2004,482493,1,1,0,0,0,0,0,0,0,0,0,0
2004,482494,0,1,19,19,19,19,19,19,19,19,19,19
2004,482494,1,1,9,0,11,0,32,0,0,0,0,31
2004,482495,1,1,0,0,0,0,0,0,0,0,0,0
2004,482496,1,1,5,19,31,0,23,47,23,24,28,14
2004,482497,1,1,19,19,19,19,19,19,19,19,19,19
2004,482497,2,1,0,0,0,0,0,0,0,0,0,0
2004,482498,1,1,0,0,0,0,0,0,0,0,0,0
2004,482498,2,1,27,27,27,27,27,27,27,27,27,27
2004,482499,1,1,0,0,0,0,0,0,0,0,0,0
2004,482499,2,1,0,0,0,0,0,0,0,0,0,0
2004,482500,1,1,0,0,0,0,16,0,0,0,0,0
2004,482500,2,1,0,0,0,0,15,0,0,0,0,0
2004,482501,1,1,34,34,34,34,34,34,34,34,34,34
2004,482502,1,1,0,0,0,0,0,0,0,0,0,0
2004,482502,2,1,0,0,0,0,0,0,0,0,0,0
2004,482503,1,1,22,22,22,22,22,22,22,22,22,22
2004,482504,0,1,0,0,0,0,0,0,0,0,0,0
2004,482504,1,1,0,0,0,0,0,0,0,0,0,0
2004,482505,1,1,31,31,31,31,31,31,31,31,31,31
2004,482506,1,1,16,16,16,16,16,16,16,16,16,16
2004,482507,1,1,24,12,2,24,22,30,14,3,5,15
2004,482508,1,1,0,0,0,0,0,0,0,0,0,0
2004,482509,1,1,0,0,0,0,0,0,0,0,0,0
2004,482510,1,1,0,0,0,22,36,0,0,0,0,0
2004,482511,1,1,0,0,0,0,0,0,0,0,0,0
2004,482511,2,1,0,0,8,0,0,0,0,0,0,0
2004,482512,1,1,0,0,0,7,0,0,0,8,0,0
2004,482513,1,1,0,0,0,0,0,0,0,0,0,0
2004,482513,2,1,0,0,0,0,0,0,0,0,0,5
2004,482514,1,1,0,9,0,18,0,0,0,0,0,0
2004,482516,1,1,0,0,0,0,0,0,0,0,0,0
2004,482516,2,1,0,0,0,0,0,0,0,0,0,0
2004,482517,1,1,22,0,0,0,0,0,0,0,0,0
2004,482517,2,1,0,0,0,0,0,0,0,0,0,0
2004,482517,3,1,0,2,0,0,0,0,19,0,0,0
2004,482518,1,1,18,18,18,18,18,18,18,18,18,18
2004,482519,1,1,0,0,0,0,0,0,0,0,0,0
2004,482519,2,1,0,0,0,0,38,0,18,0,0,0
2004,482520,1,1,0,0,0,0,0,0,0,0,0,0
2004,482521,1,1,0,0,0,0,0,0,0,0,0,0
2004,482521,2,1,0,0,0,0,0,0,0,0,0,0
2004,482522,1,1,0,0,0,0,0,0,0,0,0,0
2004,482522,2,1,0,0,0,0,0,0,0,0,0,0
2004,482523,1,1,20,0,0,39,13,0,7,16,17,21
2004,482524,1,1,20,20,20,20,20,20,20,20,20,20
2004,482524,2,1,0,23,0,12,0,0,0,0,0,0
2004,482525,1,1,18,18,18,18,18,18,18,18,18,18
2004,482526,1,1,21,21,21,21,21,21,21,21,21,21
2004,482526,2,1,30,23,0,0,17,0,0,11,0,19
2004,482527,0,1,7,21,6,9,18,0,7,0,15,0
2004,482527,1,1,0,23,0,0,4,5,0,0,17,13
2004,482528,1,1,4,9,13,20,16,17,11,9,22,7
2004,482528,2,1,0,9,4,0,0,14,0,7,8,0
2004,482528,3,1,0,12,0,0,0,0,13,11,0,0
2004,482529,0,1,0,0,0,0,0,0,0,0,0,0
2004,482529,1,1,0,0,0,0,0,0,0,0,0,0
2004,482530,1,1,0,0,0,0,0,0,0,0,0,0
2004,482531,1,1,0,0,0,0,14,0,0,0,15,0
2004,482532,0,1,31,0,12,0,47,49,32,20,24,35
2004,482532,1,1,13,0,0,0,0,0,0,0,11,0
2004,482533,1,1,0,0,0,0,0,0,0,0,0,0
2004,482533,2,1,0,3,0,0,0,0,0,0,0,0
2004,482534,1,1,19,19,19,19,19,19,19,19,19,19
2004,482534,2,1,0,0,0,0,0,0,0,0,0,0
2004,482535,1,1,0,5,15,7,0,0,12,15,0,17
2004,482536,1,1,12,12,12,12,12,12,12,12,12,12
2004,482536,2,1,0,0,0,0,0,0,0,0,0,0
2004,482537,1,1,17,17,17,17,17,17,17,17,17,17
2004,482537,2,1,12,0,0,0,0,0,0,0,0,0
2004,482538,1,1,15,15,11,17,19,24,11,22,12,11
2004,482539,1,1,0,0,0,0,0,0,0,0,0,0
2004,482539,2,1,0,0,0,0,0,0,0,0,0,0
2004,482540,1,1,12,12,12,12,12,12,12,12,12,12
2004,482541,1,1,19,0,0,0,0,0,16,0,0,7
2004,482542,1,1,0,0,0,0,0,0,0,0,0,0
2004,482543,1,1,0,0,0,0,0,0,0,0,0,0
2004,482543,2,1,14,14,14,14,14,14,14,14,14,14
2004,482544,1,1,0,0,0,0,0,0,0,0,0,0
2004,482544,2,1,0,0,0,0,0,0,0,0,0,0
2004,482545,1,1,0,0,0,0,0,0,0,0,0,0
2004,482545,2,1,0,0,0,0,0,0,0,0,0,0
2004,482546,1,1,0,0,0,0,0,0,0,0,0,0
2004,482546,2,1,0,0,19,0,0,0,9,0,0,0
2004,482547,1,1,12,12,12,12,12,12,12,12,12,12
2004,482547,2,1,8,0,0,0,0,0,0,0,0,16
2004,482548,1,1,0,0,0,0,0,0,0,0,0,0
2004,482548,2,1,0,0,0,0,0,0,0,0,0,0
2004,482548,3,1,0,0,0,0,0,0,0,0,0,0
2004,482548,4,1,0,0,0,0,0,0,0,0,0,0
2004,482549,1,1,0,0,0,0,0,0,0,0,0,0
2004,482549,2,1,0,0,0,0,0,0,0,0,0,0
2004,482550,1,1,14,11,0,0,0,11,0,0,9,0
2004,482551,1,1,0,0,0,0,0,0,0,0,0,0
2004,482552,1,1,0,0,0,0,0,0,0,14,0,0
2004,482553,1,1,3,3,3,3,3,3,3,3,3,3
2004,482554,0,1,0,0,0,0,0,0,0,0,0,0
2004,482554,1,1,0,21,0,0,0,0,0,0,0,0
2004,482555,1,1,0,0,0,0,0,0,0,0,0,0
2004,482555,2,1,4,4,4,4,4,4,4,4,4,4
2004,482556,1,1,0,0,0,0,0,0,0,0,0,0
2004,482556,2,1,0,0,0,12,0,0,0,0,0,0
2004,482557,1,1,16,16,16,16,16,16,16,16,16,16
2004,482558,1,1,20,0,15,0,18,24,17,22,11,13
2004,482559,1,1,0,0,0,0,0,0,0,0,29,0
2004,482560,1,1,0,0,0,0,0,0,0,0,0,0
2004,482561,1,1,0,0,0,0,0,0,0,0,0,0
2004,482561,2,1,0,0,0,0,15,0,0,0,0,0
2004,482562,1,1,12,12,12,12,12,12,12,12,12,12
2004,482563,1,1,0,0,17,0,0,0,0,0,0,0
2004,482563,2,1,0,0,0,0,0,0,0,0,0,0
2004,482564,0,1,0,0,0,0,0,0,0,0,0,0
2004,482564,1,1,0,0,0,0,13,0,0,0,0,0
2004,482565,1,1,0,0,0,0,0,0,0,0,0,0
2004,482565,2,1,0,0,0,0,0,0,0,0,0,0
2004,482566,1,1,0,0,0,0,0,0,0,0,11,0
2004,482566,2,1,16,0,0,0,0,0,0,0,0,0
2004,482567,1,1,22,22,22,22,22,22,22,22,22,22
2004,482568,1,1,0,0,0,0,0,0,0,0,0,0
2004,482568,2,1,0,0,0,0,0,0,0,0,0,0
2004,482569,1,1,0,21,4,8,0,14,18,0,32,12
2004,482569,2,1,12,14,27,36,0,0,13,0,0,0
2004,482570,1,1,14,14,14,14,14,14,14,14,14,14
2004,482570,2,1,0,0,0,0,0,0,0,0,0,0
2004,482571,1,1,0,0,9,0,0,0,8,0,17,0
2004,482571,2,1,0,0,0,0,0,0,0,0,0,0
2004,482572,0,1,30,7,19,49,12,0,0,0,0,0
2004,482572,1,1,0,0,0,0,0,0,0,0,0,0
2004,482573,1,1,0,0,0,0,0,0,0,0,0,0
2004,482573,2,1,26,26,26,26,26,26,26,26,26,26
2004,482573,3,1,0,0,0,0,0,0,0,0,0,0
2004,482574,1,1,0,0,0,0,0,0,0,0,0,0
2004,482575,1,1,16,16,16,16,16,16,16,16,16,16
2004,482575,2,1,0,0,0,0,0,0,0,0,0,0
2004,482576,0,1,0,0,0,0,0,0,0,0,0,0
2004,482576,0,2,0,0,0,0,0,27,0,0,0,0
2004,482576,1,1,23,23,23,23,23,23,23,23,23,23
2004,482577,1,1,10,13,18,20,7,26,18,5,4,6
2004,482577,2,1,0,0,0,0,0,0,0,0,0,0
2004,482578,1,1,20,20,20,20,20,20,20,20,20,20
2004,482579,1,1,21,24,8,6,0,13,26,22,17,0
2004,482580,0,1,0,0,0,0,0,0,0,0,0,0
2004,482580,1,1,0,0,0,0,0,0,24,12,0,0
2004,482581,1,1,10,0,0,0,0,0,0,0,0,0
2004,482581,2,1,0,0,0,0,0,0,0,0,0,0
2004,482582,1,1,0,0,0,0,0,0,0,0,0,0
2004,482582,2,1,2,0,0,0,23,10,0,0,0,0
2004,482583,1,1,18,15,12,15,40,10,20,0,29,21
2004,482583,2,1,17,0,33,0,0,3,6,0,0,0
2004,482584,1,1,0,0,0,0,0,0,0,0,0,0
2004,482584,2,1,0,0,0,0,0,6,0,12,19,0
2004,482585,1,1,0,0,0,0,15,0,0,0,0,0
2004,482586,1,1,0,0,0,0,0,0,12,0,0,0
2004,482586,2,1,13,15,10,24,2,0,7,19,24,0
2004,482586,3,1,0,0,0,0,0,0,0,0,0,0
2004,482587,1,1,0,0,0,0,0,0,0,0,0,0
2004,482588,0,1,0,0,24,27,0,23,9,0,7,0
2004,482588,1,1,13,14,0,0,0,5,9,28,0,20
2004,482589,0,1,16,0,0,0,0,0,31,16,16,0
2004,482589,1,1,0,0,0,18,0,0,0,0,24,0
2004,482590,1,1,0,0,0,0,28,0,0,0,0,0
2004,482591,1,1,0,0,0,0,0,0,0,0,0,0
2004,482592,0,1,0,20,0,0,36,14,0,25,0,21
2004,482592,1,1,0,0,0,0,0,0,0,0,0,0
2004,482593,1,1,0,0,14,0,0,0,0,0,2,0
2004,482593,2,1,0,0,0,0,0,0,0,0,0,0
2004,482594,1,1,17,0,0,0,8,0,0,0,0,0
2004,482595,1,1,29,29,29,29,29,29,29,29,29,29
2004,482596,0,1,0,0,0,0,0,0,0,0,0,0
2004,482596,1,1,0,0,0,0,0,0,0,0,0,0
2004,482597,1,1,0,23,0,0,29,21,0,0,0,17
2004,482598,1,1,0,0,0,0,0,0,0,0,0,0
2004,482598,2,1,0,0,0,0,0,0,0,0,0,0
2004,482599,1,1,0,0,0,0,0,0,0,0,0,0
2004,482600,1,1,0,0,0,0,0,0,0,0,0,0
2004,482601,1,1,15,15,15,15,15,15,15,15,15,15
2004,482602,0,1,1,1,1,1,1,1,1,1,1,1
2004,482602,1,1,0,0,0,0,0,0,0,0,0,0
2004,482603,1,1,0,0,0,0,0,0,0,0,0,0
2004,482603,2,1,0,0,0,0,0,0,0,0,0,0
2004,482604,1,1,5,0,0,14,0,13,16,0,10,0
2004,482605,1,1,5,5,5,5,5,5,5,5,5,5
2004,482605,2,1,14,14,14,14,14,14,14,14,14,14
2004,482606,1,1,15,51,0,0,18,19,0,21,0,0
2004,482607,0,1,0,0,0,0,0,0,0,0,0,0
2004,482607,1,1,0,0,0,0,0,0,0,0,0,0
2004,482608,1,1,0,0,0,0,0,0,0,0,0,0
2004,482608,2,1,16,0,0,0,0,0,10,0,0,25
2004,482608,3,1,0,15,13,0,11,0,13,2,0,0
2004,482608,4,1,2,0,0,4,4,0,0,17,17,17
2004,482608,5,1,0,0,8,0,0,0,9,0,0,0
2004,482608,6,1,0,0,0,10,0,0,0,38,0,0
2004,482609,1,1,15,15,15,15,15,15,15,15,15,15
2004,482610,1,1,17,17,17,17,17,17,17,17,17,17
2004,482611,1,1,7,25,34,32,14,19,8,13,12,20
2004,482612,1,1,5,15,0,26,0,7,16,14,13,31
2004,482612,2,1,0,0,0,0,0,0,0,0,0,0
2004,482613,1,1,23,23,23,23,23,23,23,23,23,23
2004,482613,2,1,0,0,0,11,16,0,0,0,0,18
2004,482614,1,1,16,16,16,16,16,16,16,16,16,16
2004,482615,1,1,0,35,31,29,0,17,26,7,17,0
2004,482616,1,1,0,0,0,0,0,0,0,0,0,0
2004,482617,1,1,5,5,5,5,5,5,5,5,5,5
2004,482617,2,1,0,0,0,0,0,0,0,0,0,0
2004,482618,1,1,0,0,0,0,0,0,0,0,11,0
2004,482618,2,1,0,0,0,0,0,0,0,0,0,0
2004,482619,1,1,11,0,0,0,16,13,10,0,0,0
2004,482619,2,1,0,0,12,0,6,0,0,0,0,0
2004,482620,1,1,17,3,11,12,27,0,16,16,19,14
2004,482621,1,1,0,15,0,9,6,0,0,0,0,0
2004,482622,1,1,29,29,29,29,29,29,29,29,29,29
2004,482622,2,1,0,0,0,0,0,0,0,0,0,0
2004,482623,1,1,9,0,0,32,0,0,0,0,0,16
2004,482623,2,1,6,6,6,6,6,6,6,6,6,6
2004,482624,1,1,29,0,0,0,0,0,0,0,9,0
2004,482625,1,1,0,0,0,0,0,0,0,0,0,0
2004,482625,2,1,14,0,2,0,0,0,10,0,0,0
2004,482626,1,1,17,17,17,17,17,17,17,17,17,17
2004,482627,1,1,15,14,28,27,18,27,25,17,0,16
2004,482628,1,1,0,0,0,0,0,0,0,0,0,0
2004,482629,0,1,13,13,13,13,13,13,13,13,13,13
2004,482629,1,1,10,0,0,0,0,0,0,0,0,0
2004,482629,2,1,0,5,0,0,0,0,0,7,17,0
2004,482629,3,1,0,0,0,19,0,8,0,33,0,0
2004,482630,1,1,0,0,0,0,0,0,0,0,0,0
2004,482631,1,1,0,0,0,0,0,0,0,0,0,0
2004,482631,2,1,0,0,0,0,0,0,0,0,0,0
2004,482632,1,1,0,0,0,0,0,0,0,0,0,0
2004,482632,2,1,0,0,0,0,0,0,0,0,0,0
2004,482633,1,1,0,0,0,0,0,0,0,0,0,0
2004,482634,0,1,35,35,35,35,35,35,35,35,35,35
2004,482634,1,1,0,0,0,12,0,0,0,0,0,0
2004,482635,1,1,0,0,0,0,0,11,9,15,18,12
2004,482635,2,1,0,0,0,0,0,0,0,0,0,0
2004,482636,1,1,0,0,0,0,0,0,0,0,0,0
2004,482636,2,1,0,0,0,0,0,0,0,0,0,0
2004,482636,3,1,0,0,0,0,0,0,0,0,0,0
2004,482636,4,1,0,0,0,0,0,0,0,0,0,0
2004,482636,5,1,0,0,0,0,0,0,0,0,0,0
2004,482637,1,1,0,0,0,0,0,0,0,0,0,0
2004,482637,2,1,0,0,0,21,15,0,0,0,0,0
2004,482638,1,1,0,0,0,0,0,0,0,0,0,0
2004,482639,1,1,10,0,0,0,0,0,0,0,0,0
2004,482639,2,1,0,0,0,0,0,0,0,0,0,0
2004,482640,1,1,0,0,0,0,0,0,0,0,0,0
2004,482640,2,1,0,0,0,0,0,0,0,0,0,0
2004,482641,1,1,0,0,0,0,0,0,0,0,0,0
2004,482641,2,1,0,0,0,0,0,0,0,0,0,0
2004,482642,1,1,0,4,0,0,0,20,0,0,0,0
2004,482642,2,1,0,0,0,0,0,0,0,0,0,0
2004,482643,0,1,0,0,0,0,0,0,0,0,0,0
2004,482643,1,1,0,0,0,0,0,0,0,0,0,0
2004,482644,0,1,0,0,0,0,0,0,0,0,0,0
2004,482644,1,1,0,0,0,0,0,0,12,0,0,0
2004,482645,1,1,15,15,15,15,15,15,15,15,15,15
2004,482646,1,1,0,25,0,10,0,0,0,0,13,0
2004,482646,2,1,0,0,0,0,0,0,0,0,0,0
2004,482646,3,1,0,12,0,0,0,0,0,0,0,0
2004,482647,0,1,0,21,0,0,0,0,0,8,0,0
2004,482647,1,1,0,0,0,0,0,0,0,0,0,0
2004,482648,1,1,0,0,0,0,0,0,0,9,0,0
2004,482648,2,1,0,0,0,0,0,0,0,0,0,0
2004,482649,1,1,0,0,0,0,0,0,0,0,0,0
2004,482649,2,1,0,0,0,0,0,0,0,6,0,0
2004,482650,0,1,0,0,0,0,14,0,0,0,0,0
2004,482651,1,1,27,4,23,10,0,12,0,0,19,0
2004,482652,1,1,0,0,0,0,0,0,0,0,0,0
2004,482652,2,1,21,21,21,21,21,21,21,21,21,21
2004,482653,0,1,0,18,14,0,26,25,19,0,11,14
2004,482653,1,1,0,0,17,0,0,16,0,0,0,0
2004,482654,1,1,0,0,0,0,0,0,0,0,0,0
2004,482654,2,1,0,0,0,0,0,0,0,0,0,0
2004,482655,1,1,13,18,20,18,16,21,25,29,23,39
2004,482656,0,1,0,0,0,0,0,0,0,0,0,0
2004,482656,0,2,14,0,0,0,12,23,25,0,0,9
2004,482656,1,1,21,21,21,21,21,21,21,21,21,21
2004,482657,1,1,11,27,0,0,8,0,0,0,0,0
2004,482658,0,1,0,0,0,0,0,0,0,0,0,0
2004,482658,1,1,0,7,14,6,0,0,26,9,24,0
2004,482659,0,1,27,0,0,0,0,15,0,15,0,0
2004,482659,1,1,0,0,0,0,0,0,0,10,11,18
2004,482660,1,1,0,0,0,0,0,0,0,0,0,0
2004,482660,2,1,0,0,0,0,0,0,0,0,0,0
2004,482661,1,1,0,0,0,0,0,6,0,0,15,6
2004,482661,2,1,0,0,0,0,0,0,0,0,0,0
2004,482662,1,1,0,0,0,0,0,0,0,0,0,0
2004,482663,1,1,0,0,0,0,0,0,0,5,2,20
2004,482664,1,1,25,25,25,25,25,25,25,25,25,25
2004,482664,2,1,0,0,0,0,0,0,0,0,0,0
2004,482665,1,1,0,0,0,0,0,0,0,0,0,0
2004,482665,2,1,0,0,0,0,0,0,0,0,0,0
2004,482666,1,1,0,0,0,0,0,0,0,0,0,0
2004,482666,2,1,0,0,0,0,0,0,0,0,0,0
2004,482667,1,1,15,15,15,15,15,15,15,15,15,15
2004,482668,1,1,8,16,8,18,0,24,0,11,8,19
2004,482669,0,1,28,28,28,28,28,28,28,28,28,28
2004,482669,1,1,0,0,0,0,0,0,0,0,0,0
2004,482670,1,1,0,0,0,0,0,0,0,0,0,0
2004,482670,2,1,16,16,16,16,16,16,16,16,16,16
2004,482671,1,1,0,0,0,0,0,0,0,0,0,0
2004,482671,2,1,0,0,0,0,0,0,0,0,0,0
2004,482672,1,1,39,39,39,39,39,39,39,39,39,39
2004,482672,2,1,0,0,0,0,5,0,9,11,13,30
2004,482673,1,1,13,13,13,13,13,13,13,13,13,13
2004,482674,1,1,0,0,0,0,34,0,0,0,0,0
2004,482674,2,1,0,0,0,0,0,0,0,0,0,3
2004,482675,1,1,0,0,0,0,0,0,0,0,0,0
2004,482676,1,1,0,0,0,0,0,0,0,0,0,0
2004,482676,2,1,0,0,0,0,0,21,0,0,0,0
2004,482677,1,1,4,0,0,0,0,0,0,0,0,0
2004,482677,2,1,0,0,0,0,0,0,0,0,0,0
2004,482678,1,1,16,16,16,16,16,16,16,16,16,16
2004,482679,1,1,29,29,29,29,29,29,29,29,29,29
2004,482679,2,1,0,0,0,0,0,0,0,0,0,0
2004,482680,1,1,0,0,0,0,0,0,0,0,0,0
2004,482681,1,1,0,0,17,5,0,10,16,0,0,0
2004,482681,2,1,0,0,0,16,0,0,0,0,0,15
2004,482682,1,1,0,0,0,0,0,0,0,0,0,0
2004,482683,0,1,0,0,0,0,0,0,0,0,0,0
2004,482683,1,1,0,0,0,28,0,0,10,39,5,4
2004,482684,0,1,0,0,0,0,12,0,19,0,0,15
2004,482684,1,1,0,0,0,0,12,0,0,0,0,0
2004,482685,1,1,0,0,0,0,0,0,0,0,0,0
2004,482686,1,1,0,0,0,0,0,0,0,0,0,0
2004,482686,2,1,0,0,0,0,0,0,0,0,0,0
2004,482687,1,1,0,4,6,0,0,0,0,0,0,0
2004,482687,2,1,0,0,0,0,0,0,0,0,0,0
2004,482687,3,1,0,0,0,0,0,0,0,0,0,0
2004,482688,1,1,17,17,17,17,17,17,17,17,17,17
2004,482689,1,1,0,0,0,0,0,0,0,0,0,5
2004,482690,0,1,30,30,30,30,30,30,30,30,30,30
2004,482690,1,1,8,0,0,14,0,0,0,0,0,0
2004,482691,1,1,16,16,16,16,16,16,16,16,16,16
2004,482692,1,1,14,14,14,14,14,14,14,14,14,14
2004,482693,1,1,15,14,6,33,35,3,31,20,31,15
2004,482694,1,1,0,15,0,0,0,0,0,0,0,0
2004,482694,2,1,3,3,3,3,3,3,3,3,3,3
2004,482695,1,1,5,5,5,5,5,5,5,5,5,5
2004,482696,0,1,0,0,0,0,0,0,0,0,0,0
2004,482696,1,1,0,0,0,0,18,0,0,0,0,0
2004,482697,1,1,0,13,0,0,0,0,0,0,26,0
2004,482698,1,1,21,0,24,11,14,26,0,8,0,0
2004,482698,2,1,0,0,0,0,0,0,0,0,0,0
2004,482699,1,1,10,10,10,10,10,10,10,10,10,10
2004,482700,1,1,0,0,0,0,0,0,0,0,0,0
2004,482701,1,1,22,0,0,0,0,0,0,0,0,0
2004,482701,2,1,0,0,0,0,12,0,0,0,0,0
2004,482702,0,1,0,0,0,0,0,0,0,0,0,0
2004,482702,1,1,11,11,11,11,11,11,11,11,11,11
2004,482703,1,1,0,0,0,0,0,0,0,0,0,0
2004,482703,2,1,0,0,0,15,0,27,0,0,0,0
2004,482704,1,1,0,0,0,0,0,0,0,0,0,0
2004,482704,2,1,0,0,0,6,0,14,14,0,0,0
2004,482705,1,1,18,18,18,18,18,18,18,18,18,18
2004,482706,1,1,14,14,14,14,14,14,14,14,14,14
2004,482706,2,1,18,18,18,18,18,18,18,18,18,18
2004,482707,1,1,1,1,1,1,1,1,1,1,1,1
2004,482708,1,1,19,19,19,19,19,19,19,19,19,19
2004,482709,1,1,0,19,14,0,0,29,0,0,9,21
2004,482709,2,1,0,0,0,0,0,0,0,0,0,0
2004,482710,1,1,0,0,0,0,0,0,0,0,0,0
2004,482711,1,1,0,0,0,0,11,0,5,0,13,0
2004,482711,2,1,0,14,0,10,0,0,8,0,14,0
2004,482712,1,1,0,0,0,0,0,0,0,0,0,0
2004,482712,2,1,0,0,0,0,0,0,0,0,0,0
2004,482713,1,1,0,0,14,18,10,21,22,0,0,0
2004,482714,1,1,22,22,22,22,22,22,22,22,22,22
2004,482714,2,1,0,0,0,0,0,0,0,0,0,0
2004,482715,1,1,0,0,0,0,0,0,0,0,0,0
2004,482715,2,1,0,0,0,0,0,0,0,0,0,0
2004,482716,1,1,18,18,18,18,18,18,18,18,18,18
2004,482716,2,1,15,14,26,7,0,11,20,15,14,20
2004,482717,1,1,0,7,0,0,0,0,0,0,0,0
2004,482717,2,1,0,0,0,0,0,0,3,0,12,0
2004,482718,1,1,24,24,24,24,24,24,24,24,24,24
2004,482719,1,1,0,0,0,0,0,14,0,0,0,12
2004,482719,2,1,0,0,0,0,0,0,0,0,0,0
2004,482720,0,1,0,0,0,0,0,0,0,0,0,0
2004,482720,1,1,0,0,0,33,0,24,12,0,35,0
2004,482721,1,1,0,0,0,8,0,0,0,0,4,0
2004,482722,1,1,26,26,26,26,26,26,26,26,26,26
2004,482722,2,1,0,0,0,0,0,0,0,0,0,0
2004,482723,1,1,0,0,0,0,0,0,0,0,0,0
2004,482723,2,1,0,0,0,0,0,0,0,16,0,0
2004,482724,1,1,0,0,0,0,0,0,0,0,0,0
2004,482724,2,1,0,0,0,0,0,0,0,0,0,0
2004,482725,1,1,26,26,26,26,26,26,26,26,26,26
2004,482726,1,1,0,0,0,0,0,0,0,0,0,0
2004,482726,2,1,0,0,0,0,0,0,0,0,0,0
2004,482727,1,1,0,0,9,0,0,31,0,3,0,13
2004,482728,1,1,0,0,0,0,0,0,0,0,0,0
2004,482729,1,1,0,0,0,0,12,0,0,0,0,0
2004,482729,2,1,23,0,19,0,0,0,23,0,0,0
2004,482730,1,1,0,0,0,0,0,0,0,0,15,0
2004,482730,2,1,0,0,0,0,0,0,0,0,9,0
2004,482731,1,1,0,0,0,0,0,0,0,0,0,0
2004,482732,1,1,0,0,0,0,0,0,0,0,0,0
2004,482733,1,1,20,20,20,20,20,20,20,20,20,20
2004,482734,1,1,0,0,0,10,0,16,0,12,23,0
2004,482734,2,1,0,0,0,0,0,3,0,0,0,0
2004,482735,1,1,21,21,21,21,21,21,21,21,21,21
2004,482736,0,1,0,18,0,0,22,0,0,0,0,0
2004,482736,1,1,12,0,0,15,0,23,0,0,0,0
2004,482737,1,1,0,0,3,11,0,11,0,0,0,0
2004,482737,2,1,0,0,0,13,0,0,25,0,0,0
2004,482738,1,1,16,0,0,0,17,10,0,0,0,0
2004,482739,1,1,0,0,0,0,0,0,0,0,0,0
2004,482739,2,1,0,0,0,11,0,8,0,0,11,0
2004,482740,1,1,0,0,0,0,26,23,0,0,0,0
2004,482741,0,1,6,0,0,0,0,0,11,0,19,7
2004,482741,1,1,13,0,0,0,0,0,4,0,9,0
2004,482742,1,1,0,0,0,0,0,16,0,0,0,0
2004,482742,2,1,0,0,0,0,0,0,0,0,0,0
2004,482743,1,1,0,0,0,0,0,0,0,0,0,0
2004,482743,2,1,0,0,0,0,0,0,0,0,0,0
2004,482744,1,1,0,0,0,0,0,0,0,0,0,0
2004,482744,2,1,19,19,19,19,19,19,19,19,19,19
2004,482745,1,1,19,19,19,19,19,19,19,19,19,19
2004,482746,1,1,34,17,16,19,20,13,12,8,13,11
2004,482747,1,1,12,28,15,21,14,0,0,4,9,12
2004,482747,2,1,25,0,0,0,0,0,0,15,0,0
2004,482748,1,1,6,9,0,0,0,0,0,17,0,0
2004,482749,1,1,0,0,0,0,0,35,0,0,0,0
2004,482749,2,1,0,0,0,12,0,0,0,0,0,0
2004,482750,1,1,34,0,27,0,24,25,13,0,0,35
2004,482751,1,1,23,23,23,23,23,23,23,23,23,23
2004,482752,1,1,0,0,0,0,0,0,0,0,0,0
2004,482753,0,1,0,0,0,0,0,0,0,0,0,0
2004,482753,1,1,23,23,23,23,23,23,23,23,23,23
2004,482754,1,1,0,0,0,0,0,0,0,0,0,0
2004,482754,2,1,0,16,0,0,0,0,0,0,0,0
2004,482755,0,1,0,0,0,0,0,0,0,0,0,0
2004,482755,1,1,0,0,0,0,0,0,0,0,0,0
2004,482756,1,1,0,0,0,0,0,0,0,0,0,0
2004,482756,2,1,0,0,0,0,0,0,0,0,0,0
2004,482756,3,1,0,0,0,0,0,0,0,0,0,0
2004,482757,1,1,0,0,0,0,0,0,0,0,0,0
2004,482758,1,1,0,0,0,0,0,0,0,0,0,0
2004,482758,2,1,0,0,10,0,0,0,0,0,0,0
2004,482759,1,1,13,0,0,0,0,11,3,16,0,0