YEAR,ST_CASE,veh_no,per_no,P1,P2,P3,P4,P5,P6,P7,P8,P9,P10
2004,482759,2,1,0,0,0,0,0,0,0,0,0,0
2004,482760,1,1,0,0,0,0,0,0,0,0,0,0
2004,482761,0,1,0,0,0,0,0,0,0,0,0,0
2004,482761,1,1,0,0,0,0,0,0,0,0,0,0
2004,482762,1,1,18,18,18,18,18,18,18,18,18,18
2004,482762,2,1,0,0,0,0,0,0,0,0,0,0
2004,482763,1,1,22,22,22,22,22,22,22,22,22,22
2004,482764,1,1,0,0,0,0,0,0,0,0,0,0
2004,482765,1,1,19,9,11,25,25,33,28,18,26,12
2004,482766,1,1,0,0,0,0,0,0,0,0,0,16
2004,482766,2,1,16,16,16,16,16,16,16,16,16,16
2004,482767,0,1,0,0,0,0,0,0,0,0,0,0
2004,482767,1,1,0,0,0,0,0,0,0,0,0,0
2004,482768,0,1,12,12,12,12,12,12,12,12,12,12
2004,482768,1,1,0,0,0,0,0,0,0,0,0,0
2004,482769,0,1,16,16,16,16,16,16,16,16,16,16
2004,482769,1,1,0,0,0,0,0,0,0,0,0,0
2004,482770,1,1,0,0,0,0,14,0,0,0,0,0
2004,482770,2,1,0,0,0,0,0,0,0,0,21,0
2004,482771,1,1,0,0,0,0,0,0,0,0,0,0
2004,482771,2,1,0,0,0,0,0,0,0,0,0,0
2004,482772,1,1,17,17,17,17,17,17,17,17,17,17
2004,482772,2,1,7,7,7,7,7,7,7,7,7,7
2004,482773,1,1,0,0,0,0,0,0,0,0,11,0
2004,482773,2,1,0,0,0,0,0,0,0,0,0,0
2004,482774,0,1,38,38,38,38,38,38,38,38,38,38
2004,482774,1,1,3,0,0,0,10,14,0,0,0,0
2004,482775,0,1,10,0,0,0,0,8,0,34,11,0
2004,482775,1,1,0,0,0,0,21,0,0,0,0,0
2004,482776,1,1,0,0,0,0,0,0,0,0,0,0
2004,482776,2,1,21,21,21,21,21,21,21,21,21,21
2004,482777,0,1,0,0,0,0,0,0,0,0,0,0
2004,482777,0,2,0,0,0,0,0,0,0,0,0,0
2004,482777,1,1,0,0,0,0,0,0,0,0,0,0
2004,482778,1,1,0,0,18,0,3,12,0,0,0,0
2004,482779,1,1,0,0,0,0,0,0,0,0,0,20
2004,482779,2,1,0,0,0,0,0,0,0,0,0,0
2004,482780,1,1,11,27,0,14,25,18,5,6,18,14
2004,482781,1,1,25,25,25,25,25,25,25,25,25,25
2004,482781,2,1,0,0,0,0,0,0,0,0,0,0
2004,482782,1,1,24,24,24,24,24,24,24,24,24,24
2004,482783,0,1,21,0,0,0,0,0,0,0,0,0
2004,482783,1,1,0,0,0,0,0,0,0,0,0,0
2004,482784,1,1,0,0,0,0,0,19,11,0,0,0
2004,482784,2,1,0,0,0,0,0,0,0,0,0,0
2004,482785,1,1,0,0,0,0,0,0,0,0,0,0
2004,482786,1,1,0,0,0,0,0,0,0,0,0,0
2004,482786,2,1,17,17,17,17,17,17,17,17,17,17
2004,482787,1,1,0,0,0,0,0,0,0,0,0,0
2004,482788,1,1,0,0,0,0,0,0,0,0,0,0
2004,482788,2,1,0,0,0,0,0,0,0,0,0,0
2004,482788,3,1,0,0,0,0,22,25,0,0,0,0
2004,482788,4,1,0,0,0,0,0,0,0,0,0,0
2004,482788,5,1,0,0,0,0,0,0,0,0,0,0
2004,482788,6,1,7,0,0,0,0,0,0,0,0,0
2004,482788,7,1,0,0,0,0,0,0,0,0,0,0
2004,482788,8,1,0,0,0,0,0,0,0,0,0,0
2004,482788,9,1,0,0,0,0,0,0,0,0,0,0
2004,482789,1,1,0,0,0,0,0,0,0,0,0,0
2004,482789,2,1,0,0,0,0,0,0,0,0,0,0
2004,482790,1,1,14,14,14,14,14,14,14,14,14,14
2004,482790,2,1,0,13,0,0,9,0,10,0,0,0
2004,482791,0,1,6,31,50,11,35,13,0,32,16,36
2004,482791,1,1,0,0,9,0,0,0,0,0,0,13
2004,482792,1,1,0,0,0,0,0,0,0,0,0,0
2004,482792,2,1,0,0,12,0,0,0,0,0,16,0
2004,482793,1,1,0,0,0,0,0,0,0,0,0,8
2004,482793,2,1,0,0,0,0,0,0,0,0,0,0
2004,482794,1,1,23,23,23,23,23,23,23,23,23,23
2004,482794,2,1,0,0,0,0,4,28,27,0,0,0
2004,482795,1,1,2,0,4,0,0,0,0,0,18,12
2004,482795,2,1,14,14,14,14,14,14,14,14,14,14
2004,482796,1,1,0,7,23,0,11,0,5,0,13,19
2004,482796,2,1,0,8,0,0,0,0,6,0,0,0
2004,482797,1,1,0,0,0,0,0,0,0,0,0,0
2004,482797,2,1,0,0,0,0,0,0,0,0,0,0
2004,482798,0,1,0,12,0,0,12,0,0,0,8,27
2004,482798,1,1,0,0,0,0,0,0,0,0,0,0
2004,482799,0,1,0,0,40,0,26,29,0,0,21,0
2004,482799,0,2,0,0,0,17,0,0,14,16,8,32
2004,482799,1,1,0,7,0,0,0,0,22,0,0,0
2004,482800,1,1,0,0,0,0,0,0,0,0,0,0
2004,482800,2,1,0,0,0,0,0,0,0,0,0,0
2004,482801,0,1,21,35,0,0,0,0,0,0,0,0
2004,482801,1,1,0,0,0,14,0,0,0,0,0,0
2004,482801,2,1,0,0,0,0,0,0,0,0,0,0
2004,482802,0,1,8,8,8,8,8,8,8,8,8,8
2004,482802,1,1,0,0,0,0,0,0,0,0,0,0
2004,482803,0,1,28,28,28,28,28,28,28,28,28,28
2004,482803,1,1,0,0,0,0,0,0,15,0,0,13
2004,482804,1,1,16,12,19,17,24,14,18,9,18,21
2004,482805,1,1,0,0,0,0,0,0,0,2,0,3
2004,482805,2,1,11,11,11,11,11,11,11,11,11,11
2004,482806,1,1,19,19,19,19,19,19,19,19,19,19
2004,482807,1,1,0,0,0,0,0,0,0,0,0,10
2004,482807,2,1,13,0,0,0,0,0,0,0,0,0
2004,482808,1,1,0,0,0,0,0,0,0,0,0,0
2004,482808,2,1,0,0,0,0,0,0,0,0,0,16
2004,482809,1,1,0,0,0,0,0,0,0,0,0,0
2004,482809,2,1,4,4,4,4,4,4,4,4,4,4
2004,482810,1,1,37,37,37,37,37,37,37,37,37,37
2004,482811,1,1,19,19,19,19,19,19,19,19,19,19
2004,482812,1,1,26,26,26,26,26,26,26,26,26,26
2004,482813,0,1,36,36,36,36,36,36,36,36,36,36
2004,482813,1,1,0,0,0,0,0,0,0,0,0,0
2004,482814,1,1,0,0,0,0,0,0,0,0,0,0
2004,482814,2,1,19,19,19,19,19,19,19,19,19,19
2004,482815,1,1,0,0,0,0,0,0,0,22,0,4
2004,482816,0,1,0,0,0,0,0,0,0,0,0,0
2004,482816,0,2,26,0,0,21,25,0,19,11,11,0
2004,482816,1,1,17,0,0,40,0,0,0,25,23,0
2004,482817,1,1,0,0,0,0,0,0,0,0,0,0
2004,482817,2,1,0,0,0,0,0,0,0,0,0,0
2004,482818,1,1,18,18,18,18,18,18,18,18,18,18
2004,482819,1,1,0,13,0,0,19,0,22,0,0,0
2004,482819,2,1,0,0,0,11,0,0,0,18,0,0
2004,482820,1,1,19,19,19,19,19,19,19,19,19,19
2004,482820,2,1,0,0,0,0,0,0,0,0,0,0
2004,482821,1,1,30,28,14,26,9,10,20,28,22,15
2004,482821,2,1,28,0,0,0,0,14,20,23,0,12
2004,482822,1,1,16,16,16,16,16,16,16,16,16,16
2004,482823,1,1,0,0,10,0,0,16,0,0,26,0
2004,482824,1,1,0,0,0,14,24,22,0,0,0,14
2004,482824,2,1,0,0,0,0,0,0,0,0,0,0
2004,482825,0,1,16,16,16,16,16,16,16,16,16,16
2004,482825,1,1,0,18,29,0,0,0,0,0,0,0
2004,482826,1,1,0,0,16,0,0,0,0,0,0,0
2004,482827,1,1,23,6,15,20,26,28,22,26,19,4
2004,482828,1,1,0,0,0,0,0,0,0,0,0,0
2004,482828,2,1,0,0,0,0,0,0,0,0,0,0
2004,482828,3,1,0,0,0,0,0,0,0,0,0,0
2004,482829,1,1,0,0,0,0,0,0,0,0,0,0
2004,482829,2,1,0,0,0,10,0,0,0,0,13,0
2004,482830,1,1,0,0,0,0,0,0,0,0,0,0
2004,482831,1,1,0,25,0,0,0,0,0,0,0,0
2004,482832,1,1,0,0,0,0,0,0,0,0,0,0
2004,482833,1,1,0,0,0,0,19,0,0,0,7,0
2004,482833,2,1,11,0,0,0,0,0,0,7,0,0
2004,482834,0,1,0,0,0,0,0,0,0,0,0,0
2004,482834,1,1,0,0,0,0,0,0,0,0,10,0
2004,482835,1,1,0,12,0,0,0,0,0,6,0,8
2004,482836,0,1,13,13,13,13,13,13,13,13,13,13
2004,482836,1,1,9,0,0,0,0,0,0,12,0,0
2004,482837,1,1,26,26,26,26,26,26,26,26,26,26
2004,482838,1,1,0,0,10,0,0,0,0,0,0,0
2004,482838,2,1,0,0,0,0,0,0,0,0,0,0
2004,482839,1,1,0,0,0,0,0,0,0,0,0,0
2004,482839,2,1,0,16,0,0,0,0,0,0,0,0
2004,482840,1,1,0,0,0,0,0,0,0,0,0,0
2004,482840,2,1,0,0,25,0,0,0,0,21,0,0
2004,482841,1,1,21,0,19,0,18,19,24,0,0,0
2004,482842,1,1,36,36,36,36,36,36,36,36,36,36
2004,482842,2,1,0,0,0,0,0,0,0,0,0,0
2004,482843,0,1,0,0,0,0,0,0,0,0,0,0
2004,482843,1,1,0,15,0,0,0,0,0,0,0,0
2004,482844,1,1,0,0,0,0,0,0,0,0,0,0
2004,482845,1,1,0,0,0,0,0,0,0,0,0,0
2004,482845,2,1,0,0,0,0,0,0,0,0,0,0
2004,482847,1,1,0,0,0,0,0,0,0,0,0,0
2004,482847,2,1,0,8,0,13,0,0,0,0,0,0
2004,482848,1,1,21,21,0,0,11,36,20,15,26,0
2004,482849,1,1,0,0,0,0,0,0,0,0,20,10
2004,482849,2,1,0,9,0,0,11,17,0,0,0,23
2004,482850,1,1,0,0,0,34,0,0,0,10,3,17
2004,482850,2,1,0,0,0,0,0,0,0,0,0,0
2004,482851,1,1,30,0,7,0,14,0,0,17,0,0
2004,482852,1,1,0,0,0,0,0,0,0,0,0,0
2004,482852,2,1,0,0,0,0,0,0,0,0,0,0
2004,482853,1,1,19,19,19,19,19,19,19,19,19,19
2004,482853,2,1,0,0,0,0,0,0,0,0,0,0
2004,482854,1,1,0,0,0,0,0,0,0,0,0,0
2004,482854,2,1,0,0,0,0,0,0,0,0,0,0
2004,482855,1,1,24,24,24,24,24,24,24,24,24,24
2004,482855,2,1,0,0,0,0,0,0,0,0,0,0
2004,482856,1,1,0,0,0,0,0,0,0,0,0,0
2004,482856,2,1,0,0,0,0,0,0,0,0,0,0
2004,482857,0,1,0,0,0,0,0,0,0,0,0,0
2004,482857,1,1,0,26,0,0,0,0,0,0,0,0
2004,482857,2,1,22,0,0,0,0,0,0,0,10,17
2004,482858,1,1,0,0,0,0,0,0,0,0,0,0
2004,482858,2,1,0,0,0,0,0,0,0,0,0,0
2004,482858,3,1,0,0,0,0,0,0,27,0,0,0
2004,482859,1,1,8,8,8,8,8,8,8,8,8,8
2004,482860,0,1,0,0,0,0,0,0,0,0,0,0
2004,482860,1,1,0,0,0,0,0,0,0,0,0,0
2004,482861,1,1,0,0,0,0,0,0,0,0,0,0
2004,482862,1,1,10,0,0,17,16,18,6,0,0,0
2004,482862,2,1,0,0,0,0,0,0,0,0,0,0
2004,482863,1,1,0,0,0,0,0,0,0,0,0,0
2004,482863,2,1,0,0,0,0,0,0,0,0,0,0
2004,482864,0,1,0,0,0,0,0,0,0,0,0,0
2004,482864,1,1,0,0,0,0,0,0,0,0,0,0
2004,482865,1,1,21,21,21,21,21,21,21,21,21,21
2004,482866,0,1,0,0,0,0,0,0,0,0,0,0
2004,482866,1,1,0,0,0,0,0,0,0,0,0,0
2004,482867,0,1,0,0,0,0,0,0,0,0,0,0
2004,482867,1,1,0,0,0,0,0,26,0,0,0,0
2004,482868,1,1,7,7,7,7,7,7,7,7,7,7
2004,482869,1,1,0,0,0,0,0,0,0,0,0,0
2004,482870,1,1,0,0,0,0,0,0,0,10,0,0
2004,482870,2,1,0,0,0,0,0,0,0,0,0,0
2004,482871,1,1,26,26,26,26,26,26,26,26,26,26
2004,482871,2,1,0,0,0,4,0,0,0,0,0,0
2004,482872,1,1,12,12,12,12,12,12,12,12,12,12
2004,482873,1,1,22,22,22,22,22,22,22,22,22,22
2004,482874,1,1,25,25,25,25,25,25,25,25,25,25
2004,482874,2,1,5,5,5,5,5,5,5,5,5,5
2004,482875,1,1,0,0,8,0,5,20,11,13,8,10
2004,482876,1,1,0,0,0,0,0,0,0,0,0,0
2004,482877,1,1,24,24,24,24,24,24,24,24,24,24
2004,482878,1,1,0,0,0,0,0,0,0,0,0,0
2004,482879,1,1,17,17,17,17,17,17,17,17,17,17
2004,482879,2,1,0,0,20,0,0,0,0,0,0,0
2004,482880,1,1,18,18,18,18,18,18,18,18,18,18
2004,482881,1,1,0,24,0,0,0,0,6,13,15,0
2004,482881,2,1,0,0,0,0,0,0,0,0,0,0
2004,482882,1,1,24,0,0,0,24,0,0,0,0,0
2004,482882,2,1,0,0,0,0,0,0,0,0,0,0
2004,482883,1,1,1,1,1,1,1,1,1,1,1,1
2004,482883,2,1,0,0,0,0,0,0,0,0,0,0
2004,482884,1,1,0,0,0,0,0,0,0,0,0,0
2004,482884,2,1,0,0,0,0,0,0,0,0,0,0
2004,482885,1,1,0,0,0,0,0,0,0,0,0,0
2004,482885,2,1,0,0,0,0,5,0,0,0,0,0
2004,482886,1,1,12,12,12,12,12,12,12,12,12,12
2004,482887,1,1,0,0,0,0,0,0,0,0,0,0
2004,482887,2,1,0,0,0,0,0,0,0,0,0,0
2004,482888,1,1,0,0,0,19,0,0,16,16,0,17
2004,482888,2,1,0,0,0,0,26,0,0,0,0,0
2004,482889,1,1,0,0,0,0,0,0,0,0,0,0
2004,482889,2,1,0,0,0,0,0,0,0,0,0,0
2004,482889,3,1,0,0,0,16,0,0,0,0,0,0
2004,482889,4,1,0,0,0,0,0,0,0,0,0,23
2004,482890,1,1,25,14,15,38,17,12,10,12,22,7
2004,482891,1,1,0,0,11,0,0,0,0,0,0,0
2004,482892,1,1,19,15,27,19,0,0,35,7,21,0
2004,482893,1,1,0,0,0,11,0,0,0,0,0,0
2004,482893,2,1,0,0,0,0,0,0,0,0,0,0
2004,482893,3,1,0,0,0,19,0,0,0,14,0,0
2004,482894,1,1,0,0,0,0,0,0,0,0,0,0
2004,482894,2,1,0,0,0,0,0,0,0,0,0,0
2004,482895,1,1,0,0,0,0,0,0,0,0,0,0
2004,482895,2,1,0,0,22,0,0,0,0,0,0,24
2004,482896,1,1,0,0,0,0,0,0,0,0,0,0
2004,482896,2,1,0,0,0,0,0,0,0,0,0,0
2004,482897,1,1,0,0,0,8,0,0,0,0,0,0
2004,482898,1,1,13,0,24,19,12,12,0,5,0,19
2004,482899,1,1,8,0,32,16,0,0,5,12,21,44
2004,482900,1,1,8,8,8,8,8,8,8,8,8,8
2004,482900,2,1,0,19,11,0,10,13,0,11,0,13
2004,482901,1,1,0,0,0,0,0,0,0,0,0,0
2004,482901,2,1,0,0,0,0,0,0,0,0,0,0
2004,482902,1,1,0,0,0,0,0,0,0,0,0,0
2004,482902,2,1,0,0,0,0,0,0,0,0,0,0
2004,482903,1,1,0,0,0,0,0,0,0,0,0,0
2004,482904,0,6,0,0,0,0,0,0,14,0,0,0
2004,482904,0,7,0,0,0,0,0,0,0,0,0,0
2004,482904,1,1,24,24,24,24,24,24,24,24,24,24
2004,482905,0,1,30,0,0,35,11,0,0,0,0,0
2004,482905,1,1,0,0,0,0,0,0,0,0,0,0
2004,482906,1,1,16,30,0,26,14,27,20,9,16,17
2004,482907,1,1,17,17,17,17,17,17,17,17,17,17
2004,482908,1,1,16,21,23,28,16,19,16,0,0,0
2004,482909,1,1,0,0,0,0,0,0,0,0,0,0
2004,482909,2,1,0,0,0,0,0,0,0,0,0,0
2004,482910,0,1,0,0,32,26,0,0,0,17,18,0
2004,482910,1,1,0,0,20,0,0,0,0,22,19,8
2004,482911,1,1,0,0,0,0,0,0,0,0,0,0
2004,482912,1,1,10,17,16,9,29,0,24,13,20,24
2004,482913,1,1,3,3,3,3,3,3,3,3,3,3
2004,482913,2,1,0,0,6,9,0,0,0,0,0,0
2004,482914,1,1,25,25,25,25,25,25,25,25,25,25
2004,482915,1,1,16,0,0,3,0,0,0,0,0,26
2004,482916,1,1,0,0,0,0,0,18,0,9,22,0
2004,482917,1,1,28,28,28,28,28,28,28,28,28,28
2004,482918,1,1,0,0,0,0,0,0,0,0,0,0
2004,482919,1,1,12,11,10,34,15,13,20,18,13,26
2004,482920,1,1,19,0,14,0,0,7,0,0,0,0
2004,482920,2,1,0,0,0,0,14,0,0,0,0,0
2004,482921,1,1,0,0,0,0,9,15,0,0,0,0
2004,482921,2,1,0,11,0,0,0,0,0,0,0,13
2004,482921,3,1,0,0,0,0,0,0,0,0,0,0
2004,482922,1,1,23,23,23,23,23,23,23,23,23,23
2004,482923,1,1,0,0,0,0,0,0,0,0,0,0
2004,482923,2,1,0,0,0,0,0,0,0,0,0,0
2004,482923,3,1,0,0,0,0,0,0,0,0,0,0
2004,482923,4,1,0,0,0,13,0,0,0,0,0,0
2004,482923,5,1,6,0,0,0,0,0,0,10,0,0
2004,482923,6,1,0,0,16,0,0,0,0,0,0,9
2004,482924,1,1,0,0,0,0,0,0,0,0,0,0
2004,482924,2,1,0,0,0,0,0,0,0,0,0,0
2004,482924,3,1,0,0,0,0,0,0,0,0,0,0
2004,482925,1,1,0,0,0,0,0,0,0,0,0,0
2004,482925,2,1,0,0,0,0,0,0,0,0,0,10
2004,482926,1,1,13,13,13,13,13,13,13,13,13,13
2004,482926,2,1,0,0,0,0,0,5,0,0,0,10
2004,482927,1,1,11,11,11,11,11,11,11,11,11,11
2004,482927,2,1,0,0,11,0,14,0,0,0,0,0
2004,482928,1,1,0,0,0,0,0,0,0,0,0,0
2004,482928,2,1,0,0,0,0,0,0,0,0,0,0
2004,482929,1,1,0,0,0,0,0,0,0,12,0,0
2004,482929,2,1,0,0,0,0,0,0,0,0,0,15
2004,482930,1,1,14,14,14,14,14,14,14,14,14,14
2004,482930,2,1,0,0,0,0,0,0,0,0,0,0
2004,482931,1,1,12,16,9,14,16,4,9,14,9,18
2004,482932,1,1,0,0,0,0,0,18,0,0,17,0
2004,482933,1,1,24,24,24,24,24,24,24,24,24,24
2004,482933,2,1,0,0,0,0,0,0,0,0,0,0
2004,482934,0,1,23,0,0,10,0,0,0,0,31,0
2004,482934,1,1,0,0,0,0,0,0,0,0,0,0
2004,482935,1,1,0,0,0,0,0,0,0,0,0,0
2004,482936,1,1,28,0,0,14,20,0,2,0,0,0
2004,482937,1,1,7,7,7,7,7,7,7,7,7,7
2004,482938,1,1,25,25,25,25,25,25,25,25,25,25
2004,482939,1,1,10,8,29,15,0,0,0,0,0,6
2004,482940,1,1,17,17,17,17,17,17,17,17,17,17
2004,482941,1,1,0,17,14,11,15,48,0,0,0,17
2004,482942,1,1,0,0,0,0,0,0,0,0,0,0
2004,482943,1,1,0,0,0,0,0,0,0,0,0,0
2004,482944,1,1,0,0,0,0,0,0,0,0,0,0
2004,482944,2,1,0,0,0,0,0,0,0,0,0,0
2004,482945,1,1,0,0,0,0,0,0,0,0,0,0
2004,482946,1,1,0,0,0,0,0,0,0,0,0,0
2004,482946,2,1,0,0,0,0,0,0,0,0,0,0
2004,482947,1,1,4,4,4,4,4,4,4,4,4,4
2004,482947,2,1,0,0,0,0,0,0,0,0,0,0
2004,482948,1,1,0,42,0,0,0,0,0,10,0,0
2004,482948,2,1,0,0,0,0,0,0,0,0,0,0
2004,482949,1,1,0,22,0,0,0,0,0,0,0,0
2004,482950,0,1,26,31,23,19,24,18,45,14,20,19
2004,482950,1,1,0,0,0,0,0,0,0,0,0,0
2004,482951,1,1,0,0,0,0,0,0,0,0,0,0
2004,482951,2,1,0,0,0,0,0,0,0,0,0,0
2004,482952,1,1,0,0,8,0,0,0,0,0,0,0
2004,482953,1,1,0,0,0,0,0,0,0,0,0,0
2004,482954,1,1,0,0,0,0,0,0,0,0,0,0
2004,482954,2,1,7,11,0,17,8,14,6,13,14,16
2004,482955,0,1,0,0,0,0,19,0,0,0,0,0
2004,482955,1,1,0,0,10,0,0,0,0,0,0,0
2004,482956,1,1,0,0,0,0,0,0,0,0,0,0
2004,482957,1,1,0,0,0,0,0,0,0,0,0,0
2004,482957,2,1,0,0,0,0,0,0,0,0,0,0
2004,482958,1,1,0,0,0,0,0,0,0,0,7,0
2004,482958,2,1,0,0,0,0,0,0,0,0,0,0
2004,482958,3,1,0,12,17,0,0,0,0,0,0,0
2004,482959,1,1,0,0,0,0,0,0,0,0,0,0
2004,482959,2,1,0,0,0,0,0,0,0,0,0,0
2004,482960,1,1,0,0,0,0,16,0,22,0,16,27
2004,482961,0,1,0,0,8,5,0,0,14,0,13,5
2004,482961,1,1,23,23,23,23,23,23,23,23,23,23
2004,482962,1,1,13,13,13,13,13,13,13,13,13,13
2004,482963,1,1,5,5,5,5,5,5,5,5,5,5
2004,482964,0,1,32,32,32,32,32,32,32,32,32,32
2004,482964,1,1,0,18,0,0,9,18,0,0,0,14
2004,482964,2,1,0,16,29,0,0,6,0,23,0,0
2004,482965,1,1,0,25,0,4,23,14,7,27,0,13
2004,482965,2,1,0,0,0,0,0,0,0,0,0,0
2004,482966,1,1,17,17,17,17,17,17,17,17,17,17
2004,482966,2,1,0,16,16,15,6,9,11,0,12,18
2004,482967,0,1,32,32,32,32,32,32,32,32,32,32
2004,482967,1,1,0,0,0,0,0,0,0,0,0,0
2004,482967,2,1,0,0,0,0,0,12,0,0,24,18
2004,482968,1,1,0,21,0,19,25,25,0,10,0,13
2004,482969,0,1,0,0,10,0,20,0,0,0,14,0
2004,482969,1,1,0,13,8,14,18,13,0,6,7,0
2004,482969,2,1,0,0,11,0,0,0,0,0,0,0
2004,482970,1,1,0,16,8,19,22,25,7,0,27,34
2004,482971,1,1,0,0,0,0,0,0,0,0,0,0
2004,482971,2,1,0,0,0,0,0,0,0,0,0,0
2004,482972,1,1,22,22,22,22,22,22,22,22,22,22
2004,482972,2,1,0,0,0,0,0,0,25,0,17,0
2004,482973,1,1,12,14,14,10,26,15,22,48,8,23
2004,482974,1,1,0,0,0,0,0,0,0,0,0,0
2004,482975,1,1,0,0,0,0,0,0,0,0,0,0
2004,482976,1,1,0,0,0,0,0,0,0,0,0,0
2004,482977,1,1,2,2,2,2,2,2,2,2,2,2
2004,482978,1,1,0,0,0,0,0,0,0,0,9,0
2004,482979,1,1,0,0,0,0,0,0,0,0,0,0
2004,482981,1,1,0,0,0,0,0,0,19,0,0,0
2004,482981,2,1,18,18,18,18,18,18,18,18,18,18
2004,482982,0,1,0,0,0,0,0,0,0,0,0,0
2004,482982,1,1,12,9,8,0,6,21,0,0,9,21
2004,482983,1,1,0,0,0,0,0,0,0,0,0,0
2004,482983,2,1,0,15,0,0,0,11,0,0,0,0
2004,482984,1,1,0,0,14,14,0,0,10,0,0,0
2004,482985,1,1,0,0,0,0,0,0,0,0,0,0
2004,482985,2,1,0,0,0,0,10,0,0,4,0,0
2004,482986,1,1,0,0,0,0,0,0,0,0,0,0
2004,482986,2,1,0,7,0,0,0,0,0,0,0,0
2004,482986,3,1,0,2,0,0,0,0,0,0,0,15
2004,482987,1,1,0,0,0,0,0,0,0,0,0,0
2004,482987,2,1,0,0,0,0,0,0,0,0,0,0
2004,482988,0,1,0,0,0,0,0,0,0,0,0,0
2004,482988,1,1,0,0,0,21,0,0,0,0,0,0
2004,482989,1,1,0,0,0,0,0,0,0,0,0,0
2004,482989,2,1,0,6,14,0,0,26,0,22,0,0
2004,482990,1,1,12,13,13,0,14,10,9,24,37,8
2004,482991,1,1,0,0,0,0,0,0,0,0,0,0
2004,482991,2,1,0,0,16,0,11,0,0,0,0,0
2004,482992,1,1,0,0,0,0,0,0,20,0,0,0
2004,482992,2,1,0,0,0,12,0,0,0,0,0,0
2004,482992,3,1,0,0,0,0,0,0,0,0,0,0
2004,482993,1,1,30,30,30,30,30,30,30,30,30,30
2004,482994,1,1,0,0,0,0,0,0,0,0,0,0
2004,482995,1,1,0,0,0,0,0,0,0,0,0,0
2004,482995,2,1,0,0,0,0,13,0,9,0,0,0
2004,482996,1,1,0,0,0,0,0,0,0,0,0,0
2004,482996,2,1,0,0,0,27,0,0,0,0,0,0
2004,482997,1,1,7,7,7,7,7,7,7,7,7,7
2004,482997,2,1,0,0,10,0,0,0,6,0,0,0
2004,482998,1,1,0,0,0,0,0,27,0,0,0,0
2004,482999,1,1,0,0,0,0,0,0,0,0,0,0
2004,482999,2,1,8,8,8,8,8,8,8,8,8,8
2004,483000,0,1,0,0,0,0,0,0,0,0,0,0
2004,483000,1,1,0,0,0,15,0,0,0,0,0,0
2004,483001,1,1,0,0,0,10,0,0,30,18,0,0
2004,483002,1,1,24,24,24,24,24,24,24,24,24,24
2004,483003,1,1,0,0,0,0,0,0,0,0,0,0
2004,483003,2,1,0,0,0,0,0,0,0,0,0,0
2004,483003,3,1,0,0,0,0,0,0,0,0,0,0
2004,483003,4,1,0,0,0,0,0,0,0,0,0,0
2004,483004,1,1,14,20,29,12,22,0,32,28,32,0
2004,483005,1,1,0,0,0,0,0,0,0,0,0,0
2004,483006,1,1,1,1,1,1,1,1,1,1,1,1
2004,483007,1,1,0,0,0,0,0,0,0,0,0,0
2004,483007,2,1,0,0,0,0,0,0,0,0,0,0
2004,483008,0,1,0,0,0,0,0,0,0,0,0,0
2004,483008,1,1,0,0,0,0,0,12,0,0,0,0
2004,483009,0,1,0,0,0,0,0,0,0,0,0,15
2004,483009,1,1,0,0,0,0,16,0,0,0,0,0
2004,483010,1,1,0,0,0,0,0,0,0,0,0,0
2004,483010,2,1,0,0,0,0,0,0,0,0,0,0
2004,483010,3,1,0,0,0,0,0,0,0,0,0,0
2004,483010,4,1,0,0,0,0,0,0,19,0,0,0
2004,483011,1,1,16,12,12,21,17,14,22,17,18,18
2004,483012,1,1,0,0,0,0,0,0,0,0,0,0
2004,483012,2,1,0,0,0,0,0,0,0,0,0,0
2004,483013,1,1,0,0,0,0,0,0,0,0,0,0
2004,483013,2,1,0,0,0,0,0,0,0,0,0,0
2004,483014,1,1,25,25,25,25,25,25,25,25,25,25
2004,483014,2,1,21,0,4,0,0,0,0,0,0,0
2004,483014,3,1,0,0,0,0,0,0,14,0,0,0
2004,483015,1,1,28,19,22,11,15,18,0,15,9,11
2004,483016,1,1,5,22,0,0,22,0,0,21,7,25
2004,483017,1,1,0,0,0,20,28,0,0,0,16,0
2004,483017,2,1,0,0,0,0,0,0,0,0,0,0
2004,483018,1,1,0,0,0,0,0,0,0,0,0,0
2004,483018,2,1,0,0,11,0,0,0,0,0,0,0
2004,483019,1,1,22,22,22,22,22,22,22,22,22,22
2004,483020,1,1,0,0,0,0,0,0,0,0,0,0
2004,483021,1,1,0,0,15,0,0,0,7,0,16,0
2004,483022,1,1,0,0,0,0,0,0,0,0,0,0
2004,483023,1,1,16,16,16,16,16,16,16,16,16,16
2004,483023,2,1,9,0,6,0,0,0,0,0,0,0
2004,483024,1,1,15,15,15,15,15,15,15,15,15,15
2004,483024,2,1,0,0,0,0,0,0,0,0,0,0