YEAR,ST_CASE,veh_no,per_no,P1,P2,P3,P4,P5,P6,P7,P8,P9,P10
2004,483025,1,1,24,24,24,24,24,24,24,24,24,24
2004,483025,2,1,0,0,0,0,0,0,0,0,0,0
2004,483026,1,1,0,0,0,0,0,0,0,0,0,0
2004,483027,1,1,0,0,0,0,0,0,0,0,0,0
2004,483027,2,1,0,0,0,0,0,0,9,0,0,0
2004,483028,1,1,0,0,5,29,0,0,0,0,20,0
2004,483029,1,1,5,18,0,0,0,0,28,0,0,0
2004,483030,1,1,0,22,0,0,0,11,0,0,0,0
2004,483031,1,1,15,15,15,15,15,15,15,15,15,15
2004,483031,2,1,0,0,0,0,0,15,0,0,0,0
2004,483032,1,1,0,0,0,0,0,41,0,0,0,0
2004,483033,1,1,0,0,0,0,0,0,0,0,0,0
2004,483034,1,1,15,11,0,0,0,19,0,13,0,0
2004,483035,0,1,0,0,0,0,0,0,0,0,0,0
2004,483035,1,1,0,0,0,0,0,0,0,0,0,0
2004,483036,1,1,0,0,0,0,0,0,0,0,0,0
2004,483037,1,1,23,23,23,23,23,23,23,23,23,23
2004,483037,2,1,0,0,0,20,0,0,0,0,8,0
2004,483038,1,1,0,0,0,31,21,0,0,16,13,8
2004,483039,1,1,0,0,0,0,0,0,0,0,0,0
2004,483040,1,1,16,32,6,0,19,19,15,34,27,7
2004,483041,1,1,13,13,13,13,13,13,13,13,13,13
2004,483041,2,1,0,0,0,0,0,27,10,0,0,0
2004,483042,1,1,18,18,18,18,18,18,18,18,18,18
2004,483042,2,1,0,0,0,18,0,0,0,0,0,0
2004,483043,0,1,21,21,21,21,21,21,21,21,21,21
2004,483043,1,1,0,18,0,0,0,0,0,0,0,0
2004,483044,1,1,13,22,0,34,11,15,22,11,31,19
2004,483045,1,1,0,0,0,0,0,0,0,0,0,0
2004,483045,2,1,0,0,0,0,2,0,0,0,0,0
2004,483046,1,1,0,0,0,0,0,0,0,0,0,0
2004,483047,1,1,0,31,23,16,18,25,23,28,25,14
2004,483048,0,1,27,0,0,0,0,0,0,0,15,11
2004,483048,2,1,0,0,0,0,11,0,0,0,0,0
2004,483049,1,1,55,55,55,55,55,55,55,55,55,55
2004,483049,2,1,0,0,0,0,0,0,0,0,0,15
2004,483050,1,1,0,0,0,0,0,0,0,0,0,0
2004,483051,1,1,0,23,10,16,0,13,25,11,19,6
2004,483052,0,1,12,0,19,27,0,0,32,8,0,16
2004,483052,1,1,0,0,0,0,0,0,0,0,0,0
2004,483053,1,1,0,0,0,0,0,0,0,0,0,0
2004,483053,2,1,0,0,0,0,11,0,0,0,0,0
2004,483053,3,1,0,0,0,0,0,0,0,0,21,0
2004,483054,0,1,11,11,11,11,11,11,11,11,11,11
2004,483054,1,1,10,0,0,0,0,0,0,0,0,0
2004,483055,1,1,11,0,0,4,0,22,11,0,12,17
2004,483056,1,1,0,0,0,0,0,0,0,0,0,0
2004,483056,2,1,0,0,0,0,0,0,0,0,0,0
2004,483057,1,1,0,4,0,0,0,0,0,0,0,0
2004,483058,1,1,0,0,0,0,0,0,0,0,0,0
2004,483059,1,1,0,0,0,0,0,0,0,0,0,0
2004,483060,0,1,20,20,20,20,20,20,20,20,20,20
2004,483060,1,1,0,0,0,0,0,0,0,0,0,0
2004,483061,1,1,0,0,0,0,0,0,0,0,0,0
2004,483061,2,1,0,0,0,0,0,0,0,0,0,0
2004,483062,1,1,10,17,18,27,17,0,20,21,20,20
2004,483063,1,1,16,32,12,19,34,35,21,17,12,14
2004,483064,1,1,26,18,15,19,16,0,17,17,0,8
2004,483065,1,1,24,11,23,0,15,0,10,11,16,0
2004,483065,2,1,0,0,0,0,0,0,0,0,0,0
2004,483066,0,1,20,0,0,17,20,0,0,0,0,0
2004,483066,1,1,0,0,0,0,0,8,0,0,0,0
2004,483067,1,1,0,0,0,0,0,10,26,14,0,0
2004,483068,1,1,0,0,0,0,0,0,0,0,0,0
2004,483069,0,1,25,25,25,25,25,25,25,25,25,25
2004,483069,1,1,0,0,0,0,0,0,17,0,0,0
2004,483069,2,1,0,18,0,0,7,0,14,11,0,0
2004,483070,1,1,0,0,0,0,0,0,0,0,0,0
2004,483070,2,1,0,0,0,0,0,0,0,0,0,0
2004,483071,1,1,5,0,0,0,0,0,0,0,0,16
2004,483071,2,1,0,0,0,0,0,0,0,0,0,0
2004,483072,0,1,0,0,0,0,24,0,22,0,0,0
2004,483072,1,1,0,0,0,0,0,0,0,0,0,0
2004,483073,1,1,0,0,0,0,0,0,0,0,0,0
2004,483073,2,1,0,0,0,0,0,0,0,0,0,0
2004,483074,1,1,0,0,0,19,40,0,0,0,25,20
2004,483075,1,1,0,0,0,9,0,0,0,19,0,0
2004,483075,2,1,0,0,0,0,0,0,0,0,0,0
2004,483076,1,1,18,18,18,18,18,18,18,18,18,18
2004,483077,0,1,0,32,0,5,0,13,0,0,0,0
2004,483077,1,1,0,0,0,0,0,0,0,0,18,0
2004,483078,1,1,0,0,0,0,0,0,0,20,0,0
2004,483079,1,1,0,0,0,0,0,0,0,0,0,0
2004,483079,2,1,0,0,0,0,0,0,0,0,0,0
2004,483080,1,1,0,0,0,0,0,0,0,0,0,0
2004,483081,1,1,2,2,2,2,2,2,2,2,2,2
2004,483082,1,1,21,21,21,21,21,21,21,21,21,21
2004,483083,1,1,0,0,0,0,0,0,0,0,0,0
2004,483083,2,1,0,0,0,0,0,0,0,0,0,0
2004,483084,1,1,0,29,0,0,21,39,28,0,20,0
2004,483085,1,1,16,13,28,0,18,13,24,0,5,16
2004,483085,2,1,26,26,26,26,26,26,26,26,26,26
2004,483086,1,1,0,0,0,0,0,0,0,0,0,0
2004,483086,2,1,0,0,0,0,0,0,0,2,0,0
2004,483087,1,1,0,11,0,0,0,0,0,0,0,0
2004,483087,2,1,0,0,0,0,0,0,0,0,0,0
2004,483088,1,1,0,22,0,0,0,0,0,0,0,0
2004,483089,1,1,0,20,0,0,0,0,0,0,0,12
2004,483089,2,1,0,0,0,0,0,0,28,0,0,0
2004,483090,0,1,0,0,14,0,22,13,0,23,0,13
2004,483090,1,1,0,0,0,7,0,0,0,10,0,6
2004,483091,1,1,0,0,0,0,0,0,0,0,0,0
2004,483091,2,1,0,0,0,0,0,0,0,0,0,0
2004,483091,3,1,0,0,0,0,0,0,0,0,0,0
2004,483092,1,1,0,0,0,0,4,0,0,14,15,0
2004,483093,0,1,20,21,45,0,22,21,23,10,23,20
2004,483093,1,1,0,0,11,24,0,0,0,0,0,0
2004,483094,0,1,0,0,0,0,0,0,0,0,0,0
2004,483094,2,1,15,0,0,0,0,0,11,8,0,0
2004,483095,0,1,14,14,14,14,14,14,14,14,14,14
2004,483095,1,1,0,14,0,0,0,0,0,0,0,0
2004,483096,1,1,0,0,0,0,0,0,0,0,0,0
2004,483097,1,1,0,0,0,21,0,0,8,20,19,0
2004,483097,2,1,4,4,4,4,4,4,4,4,4,4
2004,483098,1,1,0,0,0,0,0,0,0,0,0,0
2004,483099,1,1,8,8,8,8,8,8,8,8,8,8
2004,483099,2,1,5,5,5,5,5,5,5,5,5,5
2004,483100,1,1,0,0,11,19,0,0,28,16,13,0
2004,483101,1,1,19,19,19,19,19,19,19,19,19,19
2004,483102,1,1,13,13,13,13,13,13,13,13,13,13
2004,483103,1,1,22,0,14,9,11,8,11,13,9,3
2004,483103,2,1,0,0,0,0,0,0,0,0,0,17
2004,483104,1,1,0,0,0,0,0,0,0,0,0,0
2004,483105,1,1,0,0,0,0,0,0,0,21,0,0
2004,483106,1,1,10,0,7,0,16,20,19,0,8,18
2004,483107,0,1,0,0,0,0,0,0,0,0,0,0
2004,483107,1,1,0,0,0,0,0,0,0,0,0,0
2004,483108,0,1,14,0,0,0,0,0,0,0,0,0
2004,483108,1,1,0,0,0,0,0,0,0,0,0,18
2004,483109,1,1,3,0,0,0,0,0,0,0,0,0
2004,483110,1,1,22,22,22,22,22,22,22,22,22,22
2004,483111,1,1,4,4,4,4,4,4,4,4,4,4
2004,483112,1,1,0,0,0,0,0,0,0,5,0,0
2004,483113,1,1,0,0,0,0,0,0,0,0,0,0
2004,483113,2,1,0,0,0,0,0,0,0,0,0,12
2004,483114,1,1,0,0,0,0,0,0,0,0,0,0
2004,483115,1,1,0,0,0,0,0,19,0,0,0,0
2004,483116,0,1,13,13,13,13,13,13,13,13,13,13
2004,483116,1,1,7,0,0,0,33,0,20,22,0,11
2004,483117,0,1,0,0,11,0,0,0,0,0,0,0
2004,483117,1,1,0,0,0,0,0,0,12,0,0,12
2004,483118,1,1,13,13,13,13,13,13,13,13,13,13
2004,483118,2,1,0,13,0,0,0,0,0,0,0,5
2004,483120,1,1,0,0,0,0,0,0,0,0,0,0
2004,483120,2,1,0,0,0,0,0,0,0,0,0,0
2004,483121,1,1,20,20,20,20,20,20,20,20,20,20
2004,483122,1,1,33,33,33,33,33,33,33,33,33,33
2004,483123,1,1,0,0,0,0,0,0,0,0,0,0
2004,483123,2,1,0,0,0,0,0,0,0,0,0,0
2004,483124,1,1,0,0,0,0,0,0,0,0,0,0
2004,483125,1,1,24,24,24,24,24,24,24,24,24,24
2004,483126,1,1,0,0,0,0,0,0,0,0,0,0
2004,483126,2,1,16,16,16,16,16,16,16,16,16,16
2004,483127,1,1,41,16,19,9,24,17,16,16,18,17
2004,483128,0,1,14,13,0,12,19,16,21,11,29,0
2004,483128,1,1,0,10,0,11,0,0,0,0,0,0
2004,483129,1,1,28,28,28,28,28,28,28,28,28,28
2004,483130,1,1,0,0,0,0,0,0,0,0,0,0
2004,483131,1,1,24,24,24,24,24,24,24,24,24,24
2004,483132,1,1,23,23,23,23,23,23,23,23,23,23
2004,483133,0,1,0,0,28,0,0,0,0,0,21,0
2004,483133,1,1,0,0,0,0,7,0,0,0,0,0
2004,483134,1,1,0,0,0,0,0,0,0,0,0,0
2004,483135,1,1,0,0,10,0,0,0,0,0,0,0
2004,483135,2,1,0,0,0,0,0,0,0,9,0,0
2004,483136,0,1,14,19,28,29,27,34,0,24,56,34
2004,483136,1,1,0,22,0,12,0,0,0,0,0,0
2004,483137,1,1,1,1,1,1,1,1,1,1,1,1
2004,483137,2,1,9,9,9,9,9,9,9,9,9,9
2004,483138,0,1,0,0,0,0,0,0,0,0,0,0
2004,483138,1,1,12,12,29,11,32,13,13,19,15,6
2004,483139,1,1,0,0,0,0,0,0,0,0,0,0
2004,483139,2,1,0,0,0,0,0,0,0,0,0,0
2004,483140,1,1,0,0,0,0,0,0,0,0,0,0
2004,483140,2,1,0,0,0,0,0,0,0,0,0,0
2004,483141,1,1,0,15,0,0,0,0,0,0,0,0
2004,483141,2,1,0,0,0,0,0,0,0,0,6,0
2004,483142,1,1,8,0,0,0,0,0,0,0,0,0
2004,483143,1,1,0,0,0,0,0,0,0,0,0,0
2004,483143,2,1,0,0,0,0,0,0,0,0,0,0
2004,483144,1,1,0,0,0,0,0,0,0,0,8,1
2004,483144,2,1,0,0,0,0,0,0,0,0,0,0
2004,483145,0,1,0,10,33,11,10,7,22,18,8,12
2004,483145,1,1,0,0,0,0,0,0,0,0,8,0
2004,483146,1,1,11,35,0,16,0,19,0,0,0,12
2004,483147,1,1,0,0,0,0,0,0,0,0,0,0
2004,483147,2,1,0,0,0,0,0,0,0,0,0,0
2004,483147,3,1,0,0,0,0,0,0,0,0,0,0
2004,483148,1,1,0,0,0,0,0,0,0,0,0,0
2004,483148,2,1,0,0,20,0,38,8,0,0,22,0
2004,483149,1,1,30,30,30,30,30,30,30,30,30,30
2004,483150,1,1,17,17,17,17,17,17,17,17,17,17
2004,483150,2,1,10,0,4,0,14,0,0,13,7,0
2004,483151,1,1,7,0,0,2,0,0,16,18,4,0
2004,483152,0,1,0,0,0,0,0,0,0,0,0,0
2004,483152,1,1,0,0,10,0,0,0,9,0,9,0
2004,483153,1,1,0,0,0,0,0,0,0,5,0,0
2004,483153,2,1,0,0,0,0,0,31,0,20,0,0
2004,483153,3,1,0,0,0,0,0,0,0,0,0,11
2004,483153,4,1,0,0,14,0,0,0,0,0,0,0
2004,483154,1,1,0,0,0,0,18,0,17,13,0,0
2004,483154,2,1,0,0,0,0,0,0,0,0,0,0
2004,483155,1,1,18,15,16,3,18,13,11,20,9,24
2004,483155,2,1,0,0,0,0,0,0,0,0,0,0
2004,483156,1,1,0,0,0,0,0,0,0,0,0,0
2004,483156,2,1,12,0,0,0,0,0,9,0,0,0
2004,483156,3,1,0,0,0,0,0,0,0,0,0,0
2004,483157,0,1,0,0,0,0,0,0,0,0,0,0
2004,483157,0,2,0,0,0,0,0,0,0,0,0,0
2004,483157,1,1,0,0,0,0,0,0,0,0,0,0
2004,483158,1,1,0,15,0,0,20,20,0,20,0,9
2004,483158,2,1,0,0,0,0,0,0,0,0,0,0
2004,483159,1,1,22,22,22,22,22,22,22,22,22,22
2004,483159,2,1,0,0,0,0,0,0,0,0,0,0
2004,483160,1,1,32,32,32,32,32,32,32,32,32,32
2004,483161,1,1,9,0,0,0,0,0,0,0,15,19
2004,483161,2,1,0,0,19,0,0,0,0,7,19,0
2004,483162,1,1,5,5,5,5,5,5,5,5,5,5
2004,483162,2,1,0,0,0,0,0,0,19,13,0,0
2004,483163,1,1,0,0,0,0,0,0,0,0,0,0
2004,483164,1,1,19,0,0,0,12,0,0,0,0,26
2004,483165,1,1,37,37,37,37,37,37,37,37,37,37
2004,483166,1,1,0,0,0,0,0,0,0,0,0,0
2004,483167,1,1,0,0,0,0,0,0,0,0,0,0
2004,483168,1,1,0,0,0,0,11,18,0,0,0,0
2004,483169,1,1,19,19,19,19,19,19,19,19,19,19
2004,483169,2,1,0,0,0,0,0,0,0,0,0,13
2004,483170,1,1,13,5,15,8,31,6,11,13,0,0
2004,483171,1,1,0,0,0,0,0,0,0,0,0,0
2004,483171,2,1,10,0,0,27,19,0,0,0,0,0
2004,483172,1,1,0,0,3,19,0,11,8,13,0,0
2004,483173,1,1,0,0,0,0,0,0,0,0,0,0
2004,483173,2,1,8,8,8,8,8,8,8,8,8,8
2004,483174,0,1,21,28,0,0,0,0,0,0,0,0
2004,483174,1,1,0,0,0,0,0,0,0,0,0,0
2004,483175,1,1,0,0,5,0,0,0,27,13,0,21
2004,483175,2,1,0,0,11,0,0,0,0,0,0,0
2004,483176,0,1,0,0,0,0,0,0,0,32,0,0
2004,483176,1,1,6,0,0,0,0,0,0,0,0,0
2004,483177,0,1,0,0,32,14,19,0,0,0,9,17
2004,483177,1,1,0,0,0,0,0,0,0,0,0,6
2004,483177,2,1,4,0,0,0,0,14,0,0,0,0
2004,483178,1,1,0,0,0,0,0,0,0,0,0,0
2004,483178,2,1,0,0,0,0,0,0,0,0,0,0
2004,483179,0,1,0,0,0,0,0,0,0,0,0,0
2004,483179,1,1,0,0,0,0,0,0,0,0,0,0
2004,483180,0,1,0,0,0,0,0,0,0,0,0,0
2004,483180,1,1,0,0,0,0,0,9,0,0,0,0
2004,483181,1,1,0,0,0,0,0,0,0,0,0,18
2004,483181,2,1,0,0,0,0,0,0,0,0,0,0
2004,483182,1,1,8,12,28,9,12,25,8,0,0,17
2004,483183,1,1,0,0,11,0,0,0,0,0,0,0
2004,483183,2,1,0,0,0,0,0,0,0,0,0,0
2004,483184,0,1,0,0,0,0,0,0,0,0,0,0
2004,483184,1,1,0,0,0,0,0,0,0,0,13,0
2004,483185,1,1,0,0,0,0,0,0,0,0,0,0
2004,483185,2,1,0,0,0,0,11,0,16,0,0,0
2004,483186,1,1,0,0,0,0,0,0,0,0,0,0
2004,483186,2,1,0,0,0,0,0,0,0,0,0,0
2004,483186,3,1,0,0,0,0,0,0,0,0,0,0
2004,483187,0,1,0,0,0,0,0,0,0,0,0,0
2004,483187,1,1,0,13,0,0,0,0,9,9,0,0
2004,483188,1,1,17,17,17,17,17,17,17,17,17,17
2004,483188,2,1,21,21,21,21,21,21,21,21,21,21
2004,483189,1,1,0,0,0,0,0,0,0,0,0,0
2004,483190,0,1,0,0,0,0,0,0,0,0,0,0
2004,483190,1,1,0,0,0,0,0,4,0,0,0,15
2004,483191,1,1,0,0,12,0,17,17,0,19,0,29
2004,483192,1,1,0,0,0,0,0,0,0,0,0,0
2004,483192,2,1,0,0,0,0,0,0,0,0,0,0
2004,483193,1,1,0,0,0,0,0,0,0,0,0,0
2004,483193,2,1,13,0,0,0,0,0,10,0,0,0
2004,483194,1,1,14,0,0,0,0,11,0,0,0,0
2004,483195,1,1,0,0,0,0,0,0,0,0,0,0
2004,483196,1,1,0,0,0,0,0,0,0,0,0,0
2004,483197,1,1,0,0,0,0,0,0,0,0,0,0
2004,483197,2,1,0,0,0,0,0,0,0,0,0,0
2004,483198,1,1,0,0,0,0,0,0,0,0,0,0
2004,483198,2,1,0,0,11,0,0,0,0,0,0,0
2004,483199,1,1,0,0,0,0,0,0,0,0,0,0
2004,483199,2,1,0,0,0,0,0,16,0,0,0,0
2004,483200,1,1,0,0,0,0,0,0,0,0,0,0
2004,483200,2,1,0,0,0,0,0,0,0,0,0,0
2004,483201,1,1,18,18,18,18,18,18,18,18,18,18
2004,483201,2,1,0,0,0,0,0,0,27,0,0,0
2004,483202,0,1,0,0,0,0,0,0,0,0,0,0
2004,483202,1,1,0,0,0,0,0,0,0,0,8,0
2004,483203,1,1,20,20,20,20,20,20,20,20,20,20
2004,483204,1,1,11,27,0,0,0,0,0,0,0,0
2004,483204,2,1,0,0,0,0,0,0,0,0,0,0
2004,483205,1,1,0,0,0,0,0,0,0,0,0,0
2004,483205,2,1,0,0,0,0,0,0,0,0,0,0
2004,483206,1,1,3,6,0,0,0,0,0,0,0,0
2004,483206,2,1,11,0,0,19,0,0,0,0,0,0
2004,483207,1,1,0,18,0,0,0,0,0,0,0,0
2004,483207,2,1,0,0,0,0,0,0,0,0,0,0
2004,483208,0,1,0,0,0,0,0,0,0,0,0,0
2004,483208,1,1,0,0,0,0,0,0,0,0,0,0
2004,483209,1,1,0,0,0,0,0,0,0,20,0,0
2004,483210,1,1,0,0,0,0,0,0,0,0,0,0
2004,483210,2,1,0,0,0,0,0,9,0,0,0,0
2004,483211,1,1,17,0,0,0,17,0,0,34,10,0
2004,483212,1,1,0,0,0,0,0,0,0,0,0,0
2004,483212,2,1,2,2,2,2,2,2,2,2,2,2
2004,483212,3,1,0,0,0,0,0,0,0,0,0,0
2004,483213,0,1,0,5,20,0,16,33,25,12,0,21
2004,483213,1,1,0,0,0,0,8,0,0,0,0,0
2004,483214,1,1,0,0,0,0,0,0,0,0,0,0
2004,483214,2,1,0,0,0,39,0,0,0,0,0,0
2004,483215,1,1,12,23,38,11,14,20,13,6,21,28
2004,483216,1,1,0,0,0,0,0,0,0,0,0,0
2004,483216,2,1,0,0,0,0,0,0,0,0,0,0
2004,483216,3,1,0,0,0,0,0,11,0,0,0,0
2004,483217,1,1,0,0,0,0,0,0,0,0,0,0
2004,483217,2,1,0,0,0,0,0,0,0,0,0,0
2004,483218,1,1,20,14,6,0,0,0,0,11,0,0
2004,483219,1,1,0,0,26,20,0,0,0,39,0,29
2004,483219,2,1,0,0,0,0,0,0,0,0,0,0
2004,483220,1,1,17,0,0,0,0,0,0,0,0,0
2004,483220,2,1,0,0,0,0,0,18,0,0,0,0
2004,483221,1,1,0,0,0,0,0,0,0,0,0,0
2004,483221,2,1,0,0,0,0,0,0,0,0,0,0
2004,483221,3,1,0,0,0,0,0,0,0,0,0,0
2004,483221,4,1,0,0,0,0,0,0,0,0,0,0
2004,483222,0,1,0,0,0,0,0,0,0,0,0,0
2004,483222,1,1,0,0,0,0,0,0,0,0,0,0
2004,483223,1,1,26,26,26,26,26,26,26,26,26,26
2004,483224,1,1,0,19,0,0,0,0,0,17,0,0
2004,483224,2,1,19,0,0,22,29,0,0,0,0,0
2004,483225,1,1,14,12,10,23,20,17,13,24,11,18
2004,483226,1,1,0,0,0,0,0,0,0,0,0,0
2004,483226,2,1,0,0,0,0,0,0,0,0,0,0
2004,483227,1,1,0,0,0,4,0,0,0,0,0,0
2004,483227,2,1,0,0,0,0,0,0,0,0,0,0
2004,483228,0,1,12,28,41,39,12,0,0,30,0,18
2004,483228,0,2,0,42,36,0,0,36,0,28,25,13
2004,483228,1,1,0,20,7,0,19,0,0,0,0,0
2004,483228,2,1,4,0,0,0,0,0,0,0,0,5
2004,483229,1,1,0,0,0,0,0,0,0,8,10,12
2004,483230,0,1,0,0,0,0,0,0,0,0,0,0
2004,483230,1,1,0,0,0,0,0,0,0,0,0,0
2004,483231,1,1,0,18,0,0,15,0,0,14,15,0
2004,483232,0,1,0,0,0,0,0,0,0,0,0,0
2004,483232,1,1,0,0,0,0,7,0,0,0,0,0
2004,483233,1,1,0,0,7,0,35,0,0,0,0,0
2004,483234,0,1,0,0,0,0,0,0,0,0,0,0
2004,483234,1,1,0,0,0,0,6,0,0,0,0,0
2004,483234,3,1,0,0,0,0,8,0,0,0,27,0
2004,483234,4,1,0,0,0,0,0,0,12,0,0,0
2004,483234,5,1,0,0,0,0,0,0,0,0,0,0
2004,483235,1,1,0,0,0,0,0,0,0,0,0,0
2004,483235,2,1,0,0,0,0,0,0,0,0,0,0
2004,483235,3,1,0,0,0,0,0,0,0,0,0,0
2004,483236,0,1,0,8,36,0,10,0,0,0,0,0
2004,483236,1,1,23,0,0,15,0,0,0,17,0,7
2004,483237,1,1,10,10,10,10,10,10,10,10,10,10
2004,483237,2,1,0,0,0,0,0,0,0,0,0,0
2004,483238,0,1,24,24,24,24,24,24,24,24,24,24
2004,483238,1,1,0,12,0,0,0,21,0,17,0,0
2004,483239,1,1,0,0,0,0,0,0,0,0,0,0
2004,483239,2,1,0,0,0,0,0,0,0,0,0,0
2004,483240,0,1,30,28,28,11,37,35,20,25,20,31
2004,483240,1,1,12,12,12,12,12,12,12,12,12,12
2004,483241,1,1,13,13,13,13,13,13,13,13,13,13
2004,483242,1,1,0,0,0,8,0,9,0,0,0,0
2004,483242,2,1,0,0,0,3,0,0,0,0,0,0
2004,483243,1,1,0,9,0,0,0,0,0,0,0,0
2004,483243,2,1,0,0,0,16,0,0,0,19,14,0
2004,483244,1,1,0,0,0,0,0,0,0,0,0,0
2004,483245,0,1,0,0,0,0,0,0,0,0,0,0
2004,483245,1,1,0,0,0,0,0,0,0,0,0,0
2004,483246,1,1,0,0,10,9,0,0,0,0,11,0
2004,483247,1,1,12,9,0,16,0,0,0,11,25,0
2004,483248,1,1,17,17,17,17,17,17,17,17,17,17
2004,483248,2,1,0,0,0,0,0,0,0,0,0,0
2004,483248,3,1,7,0,0,0,0,0,0,0,0,0
2004,483248,4,1,0,0,0,0,0,0,0,0,0,0
2004,483249,1,1,0,0,0,0,24,0,0,0,0,0
2004,483250,1,1,20,0,14,0,19,0,0,0,0,0
2004,483250,2,1,0,0,0,0,0,0,0,0,0,0
2004,483251,1,1,19,19,19,19,19,19,19,19,19,19
2004,483252,1,1,0,0,0,0,0,0,0,0,0,0
2004,483252,2,1,0,0,0,0,0,0,0,0,0,0
2004,483253,1,1,17,0,14,12,15,0,29,24,4,5
2004,483253,2,1,0,0,0,0,0,0,0,0,0,0
2004,483253,3,1,0,0,0,0,0,0,0,0,0,0
2004,483254,1,1,0,0,0,0,0,0,0,0,0,0
2004,483254,2,1,3,20,0,0,0,10,0,0,0,20
2004,483254,3,1,22,16,0,13,0,10,7,9,15,0
2004,483255,0,1,0,0,0,0,0,0,0,0,0,0
2004,483255,1,1,29,0,0,0,0,0,0,0,7,0
2004,483256,1,1,0,15,13,0,0,0,26,17,0,0
2004,483257,1,1,0,0,0,0,0,0,0,0,0,0
2004,483257,2,1,0,0,0,15,0,0,0,0,0,0
2004,483257,3,1,0,0,0,0,0,0,0,0,0,0
2004,483258,1,1,0,0,0,0,0,0,0,0,0,0
2004,483258,2,1,0,0,0,0,0,0,0,0,0,0
2004,483259,1,1,4,4,4,4,4,4,4,4,4,4
2004,483259,2,1,0,0,0,0,0,0,0,0,0,0
2004,483259,3,1,18,0,0,0,0,18,0,0,29,0
2004,483260,1,1,0,0,0,0,0,0,0,0,0,0
2004,483260,2,1,0,0,0,0,0,0,0,0,12,0
2004,483261,1,1,16,0,0,0,11,0,0,0,0,0
2004,483262,1,1,0,0,0,0,0,0,0,0,0,0
2004,483262,2,1,0,0,0,0,0,0,0,0,0,0
2004,483263,1,1,9,0,9,0,0,0,0,0,0,0
2004,483264,1,1,0,0,0,0,0,0,0,0,0,0
2004,483264,2,1,0,0,0,0,0,0,0,17,0,0
2004,483265,1,1,0,0,0,0,0,0,0,0,0,0
2004,483265,2,1,0,0,0,0,0,0,0,0,0,0
2004,483266,1,1,0,0,0,0,0,0,0,0,0,0
2004,483266,2,1,0,0,0,0,0,0,0,0,0,0
2004,483267,1,1,0,0,0,0,0,0,0,0,0,0
2004,483268,0,1,24,0,0,0,0,15,0,0,25,0
2004,483268,1,1,0,0,0,0,0,0,0,0,0,0
2004,483269,0,1,45,15,0,0,25,0,0,21,13,23
2004,483269,1,1,0,0,0,39,0,0,0,0,0,0
2004,483270,1,1,16,11,11,0,12,17,37,0,15,20
2004,483271,1,1,10,0,0,13,0,0,14,0,15,0
2004,483271,2,1,10,0,0,0,0,22,0,15,0,0
2004,483272,1,1,0,0,0,0,0,0,0,0,0,0
2004,483272,2,1,0,0,0,0,0,0,0,0,0,0
2004,483273,0,1,0,0,24,0,0,0,0,0,0,0
2004,483273,1,1,0,0,0,0,0,0,0,0,0,0
2004,483274,0,1,4,4,4,4,4,4,4,4,4,4
2004,483274,1,1,0,0,0,0,0,0,0,0,0,0
2004,483275,1,1,0,0,0,0,8,19,0,0,0,0
2004,483276,1,1,0,0,0,0,0,0,0,0,0,0
2004,483276,2,1,0,0,0,0,0,0,0,0,0,0
2004,483276,3,1,0,0,0,0,0,0,0,0,0,0
2004,483276,4,1,0,0,0,0,0,0,0,0,29,0
2004,483277,1,1,29,24,8,16,18,19,20,23,40,14
2004,483278,1,1,0,0,0,0,0,0,0,0,0,0
2004,483278,2,1,0,33,0,0,0,0,0,0,10,0
2004,483279,0,1,12,0,0,9,12,23,0,18,0,0
2004,483279,1,1,14,20,5,13,9,13,7,0,0,0
2004,483280,1,1,0,0,0,0,0,11,10,0,0,0
2004,483280,2,1,0,0,0,0,0,0,0,0,0,0
2004,483281,1,1,0,0,0,0,0,0,0,0,0,0
2004,490001,1,1,0,0,0,0,0,0,0,0,0,0
2004,490001,2,1,0,0,0,0,0,0,0,0,0,0
2004,490002,1,1,0,0,0,0,0,0,0,0,0,0
2004,490002,2,1,0,0,0,0,0,0,0,0,0,0
2004,490003,1,1,0,0,0,0,0,0,0,0,0,0
2004,490003,2,1,0,0,0,0,0,0,0,0,0,0
2004,490003,3,1,0,0,0,0,0,0,0,0,0,0
2004,490004,0,1,0,0,0,0,0,0,0,0,0,0
2004,490004,1,1,0,0,0,0,0,0,0,0,0,0
2004,490005,1,1,0,0,0,0,0,0,0,0,0,0
2004,490005,2,1,0,0,0,0,0,0,0,0,0,0
2004,490006,1,1,0,0,0,0,0,0,0,0,0,0
2004,490006,2,1,0,0,0,0,0,0,0,0,0,0
2004,490006,3,1,0,0,0,0,0,0,26,0,0,0
2004,490007,1,1,0,0,20,0,0,0,0,0,0,0
2004,490008,0,1,24,0,0,0,0,0,13,0,0,0
2004,490008,1,1,0,0,0,0,0,0,0,0,0,0
2004,490009,1,1,0,0,0,0,0,0,0,0,0,0
2004,490009,2,1,0,0,0,0,0,0,0,0,0,0
2004,490011,1,1,9,0,0,0,0,0,0,0,0,0
2004,490011,2,1,0,0,0,0,0,0,0,0,0,0
2004,490012,1,1,23,23,23,23,23,23,23,23,23,23