YEAR,ST_CASE,veh_no,per_no,P1,P2,P3,P4,P5,P6,P7,P8,P9,P10
2004,490013,1,1,0,0,0,0,0,0,0,0,0,0
2004,490013,2,1,11,0,0,0,0,0,0,0,0,0
2004,490015,1,1,16,16,16,16,16,16,16,16,16,16
2004,490015,2,1,0,0,0,0,0,0,0,0,0,0
2004,490016,1,1,0,0,0,0,0,0,0,0,0,0
2004,490016,2,1,0,0,0,0,0,0,0,0,0,0
2004,490017,1,1,0,0,0,0,0,0,0,0,0,0
2004,490018,1,1,0,0,0,0,0,0,0,0,0,0
2004,490018,2,1,0,0,0,0,0,0,0,0,0,0
2004,490019,1,1,0,0,0,0,0,0,0,19,0,0
2004,490019,2,1,0,0,0,0,0,0,0,18,8,0
2004,490020,0,1,0,0,0,0,0,0,0,0,0,0
2004,490020,1,1,0,0,0,0,0,0,0,0,0,0
2004,490021,1,1,17,17,17,17,17,17,17,17,17,17
2004,490021,2,1,0,0,0,0,0,0,0,0,0,0
2004,490022,1,1,0,0,0,0,0,0,0,0,0,0
2004,490022,2,1,0,0,0,0,0,0,0,0,0,0
2004,490023,1,1,0,0,0,4,0,0,0,0,0,0
2004,490024,1,1,23,23,23,23,23,23,23,23,23,23
2004,490024,2,1,0,0,0,0,0,0,0,0,0,0
2004,490024,3,1,0,0,0,0,0,0,0,0,0,20
2004,490025,0,1,0,0,0,0,0,0,0,0,0,0
2004,490025,1,1,0,0,0,0,0,0,0,0,0,0
2004,490026,1,1,0,0,0,0,0,0,0,0,0,0
2004,490026,2,1,0,0,0,0,0,0,0,0,0,0
2004,490027,1,1,18,18,18,18,18,18,18,18,18,18
2004,490028,1,1,0,0,0,0,0,0,0,0,0,21
2004,490028,2,1,0,0,0,0,0,0,0,0,0,0
2004,490029,0,1,0,0,0,5,0,0,0,0,0,0
2004,490029,0,2,0,0,0,0,0,0,0,0,0,0
2004,490029,1,1,0,0,0,0,0,0,0,0,0,0
2004,490030,1,1,13,13,13,13,13,13,13,13,13,13
2004,490031,1,1,0,0,0,0,0,0,0,0,0,0
2004,490031,2,1,0,0,0,0,0,0,0,0,0,0
2004,490032,0,1,0,0,0,0,0,0,0,0,0,0
2004,490032,1,1,0,0,0,0,0,0,0,0,0,0
2004,490033,1,1,0,23,0,0,0,0,0,0,22,0
2004,490034,1,1,19,19,19,19,19,19,19,19,19,19
2004,490035,1,1,0,0,0,0,0,0,0,0,0,0
2004,490035,2,1,0,0,0,0,0,0,0,0,0,0
2004,490036,1,1,27,27,27,27,27,27,27,27,27,27
2004,490037,1,1,0,0,0,0,0,0,0,0,0,0
2004,490037,2,1,0,0,0,0,0,0,0,0,0,0
2004,490038,1,1,0,0,0,0,0,0,0,0,0,0
2004,490039,1,1,0,0,0,0,0,0,0,0,0,0
2004,490039,2,1,0,0,0,0,0,0,0,0,0,0
2004,490040,1,1,10,10,10,10,10,10,10,10,10,10
2004,490040,2,1,0,0,0,0,0,0,0,0,0,0
2004,490041,1,1,0,0,0,0,13,0,16,0,7,0
2004,490042,1,1,0,0,0,0,0,0,0,0,0,0
2004,490042,2,1,0,0,0,0,0,0,0,0,0,0
2004,490043,1,1,0,2,0,0,0,0,0,0,0,0
2004,490044,1,1,0,0,5,0,10,11,8,0,0,0
2004,490045,1,1,0,0,0,0,0,0,0,0,0,0
2004,490045,2,1,0,0,0,0,0,0,0,0,0,0
2004,490046,1,1,0,0,0,0,0,0,0,0,0,0
2004,490047,1,1,0,0,0,0,0,0,0,0,0,0
2004,490047,2,1,0,0,0,0,0,0,0,0,0,0
2004,490048,0,1,0,0,0,0,0,0,0,0,0,0
2004,490048,1,1,0,0,0,0,0,0,0,0,0,0
2004,490049,1,1,0,0,0,0,0,0,0,0,0,0
2004,490049,2,1,0,0,0,0,0,0,0,0,0,0
2004,490050,1,1,0,0,0,0,0,0,0,0,0,0
2004,490051,1,1,0,0,0,0,0,0,0,0,0,0
2004,490052,1,1,0,0,0,0,0,0,0,0,0,0
2004,490052,2,1,0,0,0,0,0,0,0,0,0,0
2004,490053,1,1,0,0,0,0,0,0,0,0,0,0
2004,490054,1,1,0,0,0,0,0,0,0,0,0,0
2004,490054,2,1,0,0,0,0,0,0,0,0,0,0
2004,490054,3,1,0,0,0,0,0,0,0,0,7,0
2004,490055,1,1,0,0,0,0,0,0,0,0,0,0
2004,490056,1,1,0,0,0,0,0,0,0,0,0,0
2004,490056,2,1,0,0,0,0,0,0,0,0,0,0
2004,490057,1,1,0,0,0,0,0,0,0,0,0,0
2004,490057,2,1,0,0,0,0,0,0,0,0,8,0
2004,490058,1,1,8,8,8,8,8,8,8,8,8,8
2004,490058,2,1,0,0,0,0,5,0,0,0,0,6
2004,490059,1,1,0,0,0,0,0,0,0,0,0,0
2004,490060,1,1,0,0,0,0,0,0,0,0,0,0
2004,490060,2,1,0,0,0,0,0,0,0,0,0,0
2004,490060,3,1,0,0,0,0,0,0,0,0,0,0
2004,490061,1,1,0,0,12,0,0,0,0,0,0,0
2004,490062,1,1,0,0,0,0,0,0,0,0,0,0
2004,490062,2,1,0,0,0,0,0,0,0,0,0,0
2004,490063,0,1,0,0,0,0,0,0,0,0,0,0
2004,490063,0,2,25,0,0,0,6,0,0,9,4,0
2004,490063,1,1,0,0,0,0,0,0,0,0,0,0
2004,490064,1,1,0,0,0,0,0,0,0,0,0,0
2004,490065,1,1,0,0,0,0,0,0,0,0,0,0
2004,490065,2,1,0,0,0,0,0,0,0,0,0,0
2004,490066,1,1,0,0,0,0,0,0,0,0,0,0
2004,490067,1,1,12,12,12,12,12,12,12,12,12,12
2004,490068,1,1,0,0,0,0,0,0,0,0,0,0
2004,490069,0,1,0,0,0,0,0,0,0,0,0,0
2004,490069,1,1,0,0,0,10,0,8,0,0,0,0
2004,490070,1,1,0,0,26,0,0,0,0,0,0,0
2004,490071,1,1,29,20,0,0,0,5,0,24,0,11
2004,490072,1,1,18,18,18,18,18,18,18,18,18,18
2004,490073,1,1,0,0,0,0,0,0,7,0,24,0
2004,490074,1,1,18,18,18,18,18,18,18,18,18,18
2004,490075,1,1,0,0,0,0,0,0,0,0,0,0
2004,490076,1,1,0,0,0,0,0,0,0,0,0,0
2004,490077,1,1,0,0,0,0,0,0,0,0,0,0
2004,490078,1,1,0,0,0,0,0,0,0,0,0,0
2004,490079,1,1,0,0,0,0,0,0,0,0,0,0
2004,490080,0,1,0,0,0,0,0,0,0,0,0,0
2004,490080,1,1,0,0,0,0,0,0,0,0,0,0
2004,490081,1,1,13,13,13,13,13,13,13,13,13,13
2004,490082,0,1,36,36,36,36,36,36,36,36,36,36
2004,490082,1,1,0,0,0,0,0,0,0,0,0,0
2004,490083,1,1,0,0,0,0,0,0,0,0,0,0
2004,490084,1,1,0,0,0,0,0,0,0,0,0,0
2004,490085,1,1,0,0,0,0,0,0,0,0,0,0
2004,490086,1,1,0,0,0,0,0,0,0,0,0,0
2004,490087,1,1,0,20,0,18,0,0,17,0,27,0
2004,490088,1,1,0,0,0,0,0,0,0,0,0,0
2004,490089,1,1,15,15,15,15,15,15,15,15,15,15
2004,490090,1,1,0,0,0,0,0,0,0,0,0,0
2004,490091,1,1,16,0,0,20,0,9,0,5,0,0
2004,490092,1,1,0,17,0,13,0,0,0,0,0,0
2004,490093,1,1,0,0,25,0,0,0,4,0,0,0
2004,490094,1,1,0,0,0,0,0,0,0,0,0,0
2004,490095,1,1,0,0,0,0,0,0,0,0,0,0
2004,490096,1,1,0,0,0,0,0,0,0,0,0,0
2004,490097,1,1,0,0,0,0,0,0,0,0,0,0
2004,490098,1,1,0,0,0,0,0,0,0,0,0,0
2004,490099,1,1,14,14,14,14,14,14,14,14,14,14
2004,490100,1,1,0,0,7,6,0,7,0,0,0,0
2004,490101,1,1,14,14,14,14,14,14,14,14,14,14
2004,490102,1,1,0,0,0,0,0,0,0,0,0,0
2004,490103,1,1,0,0,0,0,0,0,0,0,0,0
2004,490103,2,1,0,0,0,0,0,0,0,0,0,0
2004,490103,3,1,0,0,0,0,0,0,0,0,0,0
2004,490104,1,1,0,0,0,0,0,0,0,0,0,0
2004,490104,2,1,0,0,0,0,0,0,0,0,0,0
2004,490105,1,1,0,0,0,0,0,0,0,0,0,0
2004,490105,2,1,0,0,0,0,0,0,0,0,0,0
2004,490106,1,1,9,9,9,9,9,9,9,9,9,9
2004,490107,1,1,8,8,8,8,8,8,8,8,8,8
2004,490108,1,1,0,0,0,0,0,0,0,0,0,0
2004,490108,2,1,0,0,0,0,0,0,0,18,0,0
2004,490109,1,1,0,0,0,0,0,0,0,0,0,0
2004,490109,2,1,0,0,0,0,0,0,0,0,0,0
2004,490110,1,2,0,0,0,0,0,0,0,0,0,0
2004,490110,2,1,0,0,0,0,0,0,0,0,0,0
2004,490111,1,1,0,0,0,0,0,0,0,0,0,0
2004,490111,2,1,0,0,0,0,0,0,0,0,0,0
2004,490112,1,1,0,0,0,0,0,0,0,0,0,0
2004,490112,2,1,0,0,0,0,0,0,0,0,0,0
2004,490112,3,1,0,0,0,0,0,0,0,0,0,0
2004,490113,0,1,9,9,9,9,9,9,9,9,9,9
2004,490113,1,1,0,0,0,0,0,0,0,0,0,0
2004,490114,1,1,12,12,12,12,12,12,12,12,12,12
2004,490115,1,1,4,23,0,20,22,11,0,7,22,0
2004,490116,1,1,14,14,14,14,14,14,14,14,14,14
2004,490117,1,1,19,19,19,19,19,19,19,19,19,19
2004,490118,1,1,0,0,0,0,12,0,0,0,0,0
2004,490119,1,1,21,21,21,21,21,21,21,21,21,21
2004,490120,1,1,0,0,0,0,0,0,0,0,0,0
2004,490121,1,1,29,29,29,29,29,29,29,29,29,29
2004,490122,1,1,0,0,0,0,0,0,0,0,0,0
2004,490123,1,1,9,9,9,9,9,9,9,9,9,9
2004,490124,1,1,0,0,0,0,0,0,0,0,0,0
2004,490125,1,1,0,0,0,0,0,0,0,0,0,5
2004,490126,1,1,10,10,10,10,10,10,10,10,10,10
2004,490127,1,1,16,0,18,0,0,0,0,15,29,0
2004,490128,1,1,18,18,18,18,18,18,18,18,18,18
2004,490128,2,1,0,0,0,0,0,0,0,0,0,0
2004,490129,1,1,0,0,0,0,0,0,0,0,0,0
2004,490130,1,1,0,0,0,0,0,0,0,0,0,0
2004,490131,0,1,0,0,0,0,0,0,0,0,0,0
2004,490131,1,1,0,0,0,0,0,0,0,0,0,0
2004,490132,1,1,13,13,13,13,13,13,13,13,13,13
2004,490133,1,1,0,0,0,0,0,0,0,0,0,0
2004,490134,1,1,0,0,27,0,0,0,0,0,0,0
2004,490135,1,1,16,16,16,16,16,16,16,16,16,16
2004,490136,0,1,0,0,0,0,0,0,0,0,0,0
2004,490136,1,1,0,0,0,0,0,0,0,0,0,0
2004,490137,1,1,0,0,0,0,0,0,0,0,0,0
2004,490138,1,1,0,0,0,0,0,0,0,0,0,0
2004,490138,2,1,6,0,0,0,0,0,0,0,0,0
2004,490139,1,1,0,9,0,0,0,0,0,0,0,0
2004,490139,2,1,0,0,0,0,0,0,0,0,0,0
2004,490140,1,1,22,12,15,17,11,10,21,29,19,18
2004,490141,1,1,8,8,8,8,8,8,8,8,8,8
2004,490142,1,1,0,0,0,0,0,0,0,0,0,0
2004,490143,0,1,0,0,0,0,0,0,0,0,0,0
2004,490143,1,1,0,0,0,0,0,0,0,0,0,0
2004,490144,1,1,0,0,0,20,0,0,0,0,0,0
2004,490145,1,1,0,0,0,0,0,0,0,0,0,15
2004,490146,0,1,0,24,0,24,0,0,0,0,0,0
2004,490146,1,1,0,0,0,0,0,0,0,0,0,0
2004,490147,1,1,0,0,0,0,0,0,0,0,0,0
2004,490148,1,1,0,0,0,0,0,0,0,0,0,0
2004,490149,1,1,0,0,14,0,0,0,0,0,0,0
2004,490150,1,1,22,22,22,22,22,22,22,22,22,22
2004,490151,1,1,0,0,0,31,0,0,0,0,0,0
2004,490152,1,1,0,0,0,0,0,0,0,0,0,0
2004,490153,1,1,0,0,0,0,0,0,32,0,0,0
2004,490154,1,1,16,16,16,16,16,16,16,16,16,16
2004,490155,1,2,0,0,0,0,14,0,0,0,0,12
2004,490156,1,1,14,14,14,14,14,14,14,14,14,14
2004,490157,1,1,0,0,0,0,0,18,21,0,0,0
2004,490158,1,1,24,24,24,24,24,24,24,24,24,24
2004,490159,0,1,0,0,0,9,6,0,0,0,0,0
2004,490159,1,1,0,0,0,0,0,0,0,0,0,0
2004,490160,1,1,0,0,0,0,0,23,12,0,0,0
2004,490161,1,1,0,0,0,0,0,0,0,0,0,0
2004,490162,0,1,0,0,0,0,0,0,0,0,0,0
2004,490162,1,1,0,0,0,0,0,0,0,0,0,0
2004,490163,1,1,0,0,0,0,0,0,0,0,0,0
2004,490164,1,1,0,0,0,15,0,0,0,16,0,0
2004,490165,0,1,0,0,0,0,0,0,0,0,0,0
2004,490165,1,1,0,0,0,0,0,0,0,0,0,0
2004,490166,1,1,0,0,0,15,0,0,0,0,0,0
2004,490167,1,1,0,2,10,0,0,0,0,0,0,0
2004,490168,1,1,0,0,0,0,0,0,0,0,0,0
2004,490168,2,1,0,0,0,0,0,0,0,0,0,0
2004,490169,1,1,0,0,0,0,0,0,0,0,0,0
2004,490170,1,1,0,0,0,0,0,0,18,0,0,0
2004,490171,1,1,0,15,16,0,0,0,0,0,0,10
2004,490172,1,1,0,0,0,0,0,0,0,0,0,0
2004,490173,1,1,8,0,18,0,0,31,0,0,8,16
2004,490174,1,1,0,0,0,0,0,0,0,0,0,0
2004,490175,1,1,18,18,18,18,18,18,18,18,18,18
2004,490176,1,1,7,0,0,0,0,0,0,0,0,8
2004,490177,0,1,0,0,0,0,0,0,0,0,0,0
2004,490177,1,1,0,0,0,0,0,0,0,0,0,0
2004,490178,1,1,0,0,0,0,0,0,0,0,0,0
2004,490180,1,1,0,0,0,0,22,0,0,0,0,0
2004,490181,1,1,0,0,0,0,0,0,0,0,0,0
2004,490181,2,1,0,0,0,0,0,0,0,0,0,0
2004,490181,3,1,0,0,0,0,0,0,0,0,0,0
2004,490181,4,1,0,0,0,0,0,0,0,0,0,0
2004,490182,1,1,0,0,0,0,0,0,0,10,0,0
2004,490182,2,1,0,0,0,0,0,0,0,0,8,0
2004,490183,1,1,0,0,0,0,0,0,0,0,0,0
2004,490183,2,1,0,0,0,0,0,0,0,0,0,0
2004,490184,1,1,0,0,0,0,0,0,0,0,0,0
2004,490184,2,1,0,0,0,0,0,0,0,0,0,0
2004,490185,1,1,0,0,0,0,0,0,0,0,0,0
2004,490186,1,1,0,0,0,0,0,0,0,0,0,0
2004,490186,2,1,0,0,0,0,0,0,0,0,0,0
2004,490187,0,1,0,0,0,0,0,18,0,18,0,0
2004,490187,1,1,0,0,0,0,0,0,0,0,0,0
2004,490188,0,1,0,0,0,0,0,0,0,0,0,0
2004,490188,1,1,0,0,0,0,0,0,0,0,0,0
2004,490189,1,1,0,0,0,0,0,0,0,0,0,0
2004,490191,1,1,0,0,0,0,0,0,0,0,0,0
2004,490191,2,1,0,0,0,0,0,0,0,0,0,0
2004,490192,1,1,0,0,0,0,0,0,0,0,0,0
2004,490192,2,1,0,0,0,0,0,0,0,0,0,0
2004,490193,1,1,0,0,0,0,0,0,0,0,0,0
2004,490194,1,1,0,7,11,31,20,0,9,0,0,0
2004,490195,1,1,9,9,9,9,9,9,9,9,9,9
2004,490196,1,1,0,0,0,0,0,0,0,0,0,0
2004,490197,1,1,0,0,0,0,0,0,0,0,0,0
2004,490197,2,1,0,0,0,0,0,0,0,0,0,0
2004,490198,1,1,0,0,0,0,0,0,0,0,0,0
2004,490198,2,1,0,0,0,0,0,0,0,0,0,0
2004,490199,1,1,18,18,18,18,18,18,18,18,18,18
2004,490200,1,1,13,12,0,0,0,0,0,0,0,0
2004,490202,0,1,0,0,0,14,0,0,0,0,0,0
2004,490202,1,1,20,20,20,20,20,20,20,20,20,20
2004,490203,1,1,0,0,0,0,0,0,0,0,0,0
2004,490203,2,1,0,0,0,0,0,0,0,0,0,0
2004,490204,1,1,0,0,0,0,0,0,0,0,0,0
2004,490204,2,1,0,0,0,0,0,0,0,0,0,0
2004,490205,1,1,0,0,0,0,0,0,0,0,0,0
2004,490205,2,1,0,0,0,0,0,0,0,0,0,0
2004,490206,1,1,21,21,21,21,21,21,21,21,21,21
2004,490206,2,1,0,0,0,0,0,0,0,0,0,0
2004,490207,0,1,0,0,0,0,0,0,0,0,0,0
2004,490207,1,1,0,0,0,0,0,0,0,0,0,0
2004,490208,1,1,0,0,0,0,0,0,0,0,0,0
2004,490208,2,1,0,0,0,0,0,0,0,0,0,0
2004,490209,1,1,0,0,0,0,0,0,0,0,0,0
2004,490210,1,1,0,0,0,0,0,0,0,0,0,0
2004,490211,1,1,0,0,0,0,0,0,0,0,0,0
2004,490212,1,1,14,14,14,14,14,14,14,14,14,14
2004,490213,1,1,0,13,0,0,0,29,0,31,19,26
2004,490214,1,1,16,16,16,16,16,16,16,16,16,16
2004,490215,0,1,0,0,0,0,0,0,0,0,0,0
2004,490215,1,1,0,0,0,0,0,0,0,0,0,0
2004,490216,0,1,0,0,0,0,0,0,0,0,0,0
2004,490216,1,1,0,0,0,0,0,0,0,0,0,0
2004,490217,0,1,0,0,0,0,0,0,0,0,0,0
2004,490217,1,1,0,0,0,0,0,0,0,0,0,0
2004,490218,1,1,0,0,0,0,0,0,0,0,0,0
2004,490218,2,1,0,0,0,0,0,0,0,0,0,0
2004,490219,1,1,0,0,0,0,0,0,21,0,0,0
2004,490220,1,1,0,0,0,0,0,0,0,0,0,0
2004,490220,2,1,0,0,0,0,0,0,0,0,0,0
2004,490222,1,1,0,0,0,0,0,0,0,0,0,0
2004,490222,2,1,0,0,0,0,0,0,0,0,0,0
2004,490223,1,1,0,0,0,0,0,0,0,0,0,0
2004,490223,2,1,0,0,0,0,0,0,0,0,0,0
2004,490224,1,1,0,0,0,0,0,0,0,0,0,0
2004,490224,2,1,0,0,0,0,0,0,0,0,0,0
2004,490225,1,1,0,0,0,0,0,0,0,0,0,0
2004,490225,2,1,0,0,0,0,0,0,0,0,0,0
2004,490226,1,1,0,0,0,0,0,0,0,0,0,0
2004,490226,2,1,0,0,0,0,0,0,0,0,0,0
2004,490226,3,1,0,0,0,0,0,0,0,0,0,0
2004,490227,1,1,22,22,22,22,22,22,22,22,22,22
2004,490227,2,1,0,0,0,0,0,0,0,0,0,0
2004,490228,1,1,0,0,0,0,0,0,0,0,0,0
2004,490228,2,1,0,0,0,0,0,0,0,0,0,0
2004,490229,1,1,0,0,0,0,0,0,0,0,0,0
2004,490229,2,1,0,0,0,0,0,0,0,0,0,0
2004,490230,1,1,0,0,0,0,0,0,0,0,0,0
2004,490230,2,1,0,0,0,0,0,0,0,0,0,0
2004,490231,1,1,0,0,0,0,0,0,0,0,0,0
2004,490232,1,1,0,0,0,0,0,0,0,0,0,0
2004,490232,2,1,0,0,0,0,0,0,0,0,0,0
2004,490233,1,1,0,0,0,0,0,0,0,0,0,0
2004,490233,2,1,0,0,0,0,0,0,0,0,0,0
2004,490233,3,1,0,0,0,0,0,0,0,0,0,18
2004,490234,1,1,0,0,0,0,0,0,0,0,0,0
2004,490235,1,1,0,5,0,0,0,0,0,0,0,0
2004,490236,1,1,22,22,22,22,22,22,22,22,22,22
2004,490237,0,1,14,14,14,14,14,14,14,14,14,14
2004,490237,1,1,0,0,0,0,0,0,0,0,0,0
2004,490238,1,1,23,23,23,23,23,23,23,23,23,23
2004,490238,2,1,0,0,0,0,0,0,0,0,0,0
2004,490238,3,1,0,0,0,0,0,0,0,0,0,0
2004,490239,1,1,22,22,22,22,22,22,22,22,22,22
2004,490239,2,1,0,0,0,0,0,0,0,0,0,13
2004,490239,3,1,0,0,0,0,0,6,0,0,0,0
2004,490240,1,1,13,0,21,0,0,0,28,0,0,0
2004,490241,1,1,0,0,0,0,0,0,0,0,0,0
2004,490241,2,1,0,0,0,0,0,0,0,0,0,0
2004,490241,3,1,0,0,0,0,0,0,0,0,0,0
2004,490242,1,1,0,0,0,0,0,0,0,0,0,0
2004,490242,2,1,0,0,0,0,0,0,0,0,0,0
2004,490243,1,1,0,3,0,0,0,0,0,0,0,0
2004,490243,2,1,0,0,0,0,0,0,0,0,0,0
2004,490244,1,1,0,0,0,0,0,0,0,0,0,0
2004,490244,2,1,0,0,0,0,0,0,0,0,0,0
2004,490245,1,1,0,0,0,5,0,0,0,0,3,0
2004,490245,2,1,0,0,0,0,0,0,0,0,0,23
2004,490246,0,1,0,0,20,0,0,0,25,0,0,0
2004,490246,1,1,0,0,0,0,0,0,0,0,0,0
2004,490246,2,1,0,0,0,0,0,0,0,0,0,0
2004,490247,1,1,18,18,18,18,18,18,18,18,18,18
2004,490247,2,1,0,0,0,0,0,0,0,0,0,0
2004,490248,1,1,0,0,0,0,0,0,0,0,0,0
2004,490248,2,1,0,0,0,0,0,0,0,0,0,0
2004,490249,1,1,18,18,18,18,18,18,18,18,18,18
2004,490249,2,1,0,0,0,0,0,0,0,0,8,0
2004,490250,1,1,10,10,10,10,10,10,10,10,10,10
2004,490250,2,1,0,0,0,0,0,0,0,0,0,0
2004,490251,1,1,8,0,1,0,0,0,0,0,0,0
2004,490251,2,1,0,0,0,9,0,0,0,0,0,0
2004,490252,1,1,0,6,0,0,0,0,0,0,0,0
2004,490252,2,1,0,0,0,0,0,0,0,0,0,0
2004,490253,1,1,0,0,0,0,0,0,0,0,0,0
2004,490253,2,1,0,0,0,0,0,0,0,0,0,0
2004,490254,1,1,0,0,0,0,6,0,0,0,0,0
2004,490254,2,1,0,0,0,0,0,0,0,0,0,0
2004,490255,1,1,0,0,0,0,0,0,0,0,0,0
2004,490255,2,1,0,0,0,0,0,0,0,0,0,0
2004,490255,3,1,0,0,0,0,0,0,0,0,0,0
2004,490255,4,1,0,0,0,0,0,0,0,0,0,0
2004,490255,5,1,0,0,0,0,0,0,0,0,0,0
2004,490256,1,1,0,0,0,0,0,0,0,0,0,0
2004,490256,2,1,0,0,0,0,0,0,0,0,0,0
2004,490257,1,1,0,0,0,0,0,0,0,0,0,0
2004,490257,2,1,0,0,0,0,0,0,0,0,0,0
2004,490258,1,1,0,0,0,0,0,0,0,0,0,0
2004,490259,0,1,0,7,0,0,0,0,0,0,0,9
2004,490259,1,1,0,0,0,0,0,0,0,0,0,0
2004,490260,0,1,9,9,9,9,9,9,9,9,9,9
2004,490260,1,1,0,0,0,21,0,0,0,0,0,0
2004,490261,1,1,0,22,0,0,0,0,0,0,0,0
2004,490261,2,1,0,0,0,0,0,0,0,0,0,0
2004,490262,1,1,13,13,13,13,13,13,13,13,13,13
2004,490263,1,1,32,32,32,32,32,32,32,32,32,32
2004,490264,1,1,0,0,0,0,0,0,0,0,0,0
2004,490264,2,1,0,0,0,0,0,0,0,0,0,0
2004,490264,3,1,0,0,0,12,0,0,0,0,0,0
2004,490265,1,1,0,0,0,0,0,16,0,0,0,0
2004,490265,2,1,0,0,0,0,0,0,0,0,0,0
2004,490266,1,1,0,0,0,0,0,0,0,0,0,0
2004,500001,1,1,22,22,22,22,22,22,22,22,22,22
2004,500002,1,1,0,0,0,0,0,0,0,0,0,0
2004,500003,0,1,0,0,0,0,0,0,0,0,0,0
2004,500003,1,1,0,0,0,0,0,0,0,0,0,0
2004,500004,1,1,0,0,0,0,0,0,0,0,0,0
2004,500004,2,1,0,0,0,0,0,0,0,0,0,0
2004,500005,1,1,0,0,0,0,0,0,0,0,0,0
2004,500006,1,1,0,0,0,0,0,0,0,0,0,0
2004,500006,2,1,0,0,0,0,0,0,0,0,0,0
2004,500007,1,1,7,7,7,7,7,7,7,7,7,7
2004,500007,2,1,0,0,0,0,0,0,0,0,0,0
2004,500007,3,1,0,0,0,0,0,0,0,0,0,21
2004,500008,1,1,0,0,0,0,0,0,0,0,0,0
2004,500008,2,1,0,0,0,0,0,0,0,0,0,0
2004,500009,1,1,0,0,0,0,0,0,0,0,0,0
2004,500009,2,1,0,5,0,0,0,0,0,0,0,0
2004,500010,1,1,0,0,0,0,0,0,0,0,0,0
2004,500011,0,1,0,0,0,0,0,0,0,0,0,0
2004,500011,1,1,0,0,0,0,11,0,0,7,0,0
2004,500012,1,1,17,17,17,17,17,17,17,17,17,17
2004,500013,1,1,0,0,0,0,0,0,0,0,0,0
2004,500013,2,1,3,3,3,3,3,3,3,3,3,3
2004,500014,1,1,0,0,0,0,0,0,0,0,0,0
2004,500014,2,1,0,0,0,0,0,0,0,0,0,0
2004,500015,1,1,0,0,0,0,0,0,0,0,0,0
2004,500016,1,1,0,0,0,0,0,0,0,0,0,0
2004,500017,1,1,0,0,0,0,0,0,0,0,0,0
2004,500017,2,1,0,0,0,0,0,0,0,0,0,0
2004,500018,0,1,19,19,19,19,19,19,19,19,19,19
2004,500018,1,1,0,0,0,0,0,0,0,0,0,0
2004,500019,1,1,0,0,0,0,0,0,0,0,0,0
2004,500019,2,1,0,0,0,0,0,0,0,0,0,0
2004,500020,1,1,0,0,0,0,0,0,0,0,0,0
2004,500020,2,1,0,0,0,0,0,0,0,0,0,0
2004,500021,1,1,0,0,0,0,0,0,0,0,0,0
2004,500021,2,1,0,0,0,0,0,0,0,0,0,0
2004,500022,1,1,17,17,17,17,17,17,17,17,17,17
2004,500023,1,1,20,20,20,20,20,20,20,20,20,20
2004,500024,1,1,0,0,0,0,0,0,0,0,0,0
2004,500025,0,1,0,0,0,0,0,0,0,0,0,0
2004,500025,1,1,0,0,0,0,0,0,0,0,0,0
2004,500026,1,1,0,0,0,0,0,0,0,0,0,0
2004,500026,2,1,0,0,0,0,0,0,0,0,0,0
2004,500027,1,1,2,2,2,2,2,2,2,2,2,2
2004,500028,1,1,0,0,16,18,16,0,0,0,0,0
2004,500029,1,1,19,19,19,19,19,19,19,19,19,19
2004,500029,2,1,2,2,2,2,2,2,2,2,2,2
2004,500030,1,1,0,0,0,0,0,0,0,0,0,0
2004,500030,2,1,0,0,0,0,0,0,0,0,0,0
2004,500031,1,1,8,14,8,25,12,13,4,16,8,0
2004,500031,2,1,0,14,0,0,13,5,21,17,7,17
2004,500032,1,1,14,14,14,14,14,14,14,14,14,14
2004,500033,1,1,7,7,7,7,7,7,7,7,7,7
2004,500034,1,1,0,0,0,0,0,0,0,0,0,0
2004,500034,2,1,0,0,0,0,0,0,0,0,0,0
2004,500034,3,1,0,0,0,0,0,0,0,0,0,4
2004,500035,1,1,0,0,0,0,0,0,0,0,0,0
2004,500036,0,1,0,0,0,0,0,0,0,0,0,0
2004,500036,1,1,0,0,0,0,0,0,0,0,0,0
2004,500037,0,1,0,0,0,0,0,0,0,0,0,0
2004,500037,1,1,0,0,0,0,0,0,0,0,0,0
2004,500038,1,1,0,0,0,0,0,0,0,0,0,0
2004,500039,1,1,0,0,0,0,0,0,0,0,0,0
2004,500039,2,1,0,0,0,0,0,0,0,0,0,0
2004,500040,1,1,0,0,0,0,0,0,0,0,0,0
2004,500041,1,1,14,14,14,14,14,14,14,14,14,14
2004,500042,1,1,0,0,0,0,0,0,0,0,0,0
2004,500042,2,1,0,0,0,0,0,0,0,0,0,0
2004,500043,1,1,0,0,0,0,14,0,0,0,0,0
2004,500043,2,1,0,0,0,0,0,0,0,0,0,0
2004,500043,3,1,0,0,0,0,0,0,0,0,0,0
2004,500044,1,1,0,0,0,0,0,0,0,0,0,0
2004,500044,2,1,2,2,2,2,2,2,2,2,2,2
2004,500045,1,1,0,0,0,0,0,0,0,0,0,0
2004,500045,2,1,0,0,0,0,0,0,0,0,0,0
2004,500046,1,1,0,0,10,10,0,0,0,0,0,0
2004,500047,1,1,4,4,4,4,4,4,4,4,4,4
2004,500048,1,1,0,0,0,0,0,0,0,0,0,0
2004,500048,2,1,0,0,0,0,0,0,0,0,0,0
2004,500049,1,1,10,10,10,10,10,10,10,10,10,10
2004,500050,1,1,0,0,0,0,0,0,0,0,0,0
2004,500051,1,1,0,0,0,0,0,0,0,0,0,0
2004,500052,1,1,1,1,1,1,1,1,1,1,1,1
2004,500053,1,1,24,24,24,24,24,24,24,24,24,24
2004,500054,1,1,20,20,20,20,20,20,20,20,20,20