YEAR,ST_CASE,veh_no,per_no,P1,P2,P3,P4,P5,P6,P7,P8,P9,P10
2004,500055,1,1,0,0,0,0,0,0,0,0,0,0
2004,500055,2,1,0,0,0,0,0,0,0,0,0,0
2004,500056,1,1,0,0,0,0,0,0,0,0,15,0
2004,500056,2,1,1,1,1,1,1,1,1,1,1,1
2004,500057,1,1,23,23,23,23,23,23,23,23,23,23
2004,500058,1,1,31,31,31,31,31,31,31,31,31,31
2004,500058,2,1,0,0,0,0,0,0,0,0,0,0
2004,500059,1,1,12,12,12,12,12,12,12,12,12,12
2004,500060,1,1,0,0,0,0,0,0,0,0,0,0
2004,500060,2,1,0,0,0,0,0,0,0,0,0,0
2004,500061,1,1,12,0,0,0,0,0,0,0,0,0
2004,500062,1,1,0,0,0,0,0,0,0,0,0,0
2004,500062,2,1,0,0,0,0,0,0,0,0,0,0
2004,500063,1,1,14,14,14,14,14,14,14,14,14,14
2004,500064,1,1,0,0,0,0,0,0,0,0,0,0
2004,500064,2,1,0,0,0,0,0,0,0,0,0,0
2004,500065,1,1,0,0,0,0,0,0,0,0,0,0
2004,500066,1,1,0,0,0,0,0,0,0,0,0,0
2004,500067,0,1,0,0,0,0,0,0,0,0,0,0
2004,500067,1,1,0,0,0,0,0,0,0,0,0,0
2004,500068,1,1,26,26,26,26,26,26,26,26,26,26
2004,500069,1,1,0,0,0,0,0,0,0,0,0,0
2004,500070,1,1,0,0,0,0,0,0,0,0,0,0
2004,500071,1,1,10,8,6,0,5,13,9,16,21,0
2004,500072,1,1,23,23,23,23,23,23,23,23,23,23
2004,500073,1,1,0,0,0,0,0,0,0,0,0,0
2004,500073,2,1,0,0,0,0,0,0,0,0,0,0
2004,500074,1,1,0,0,0,0,0,0,0,0,0,0
2004,500074,2,1,0,0,0,0,0,0,0,0,0,0
2004,500075,1,1,0,0,0,0,0,0,0,0,0,0
2004,500075,2,1,0,0,0,0,0,0,0,0,0,0
2004,500076,1,1,0,0,0,0,0,0,0,0,0,0
2004,500076,2,1,0,0,0,0,0,0,0,0,0,0
2004,500077,1,1,0,0,0,0,0,0,0,0,0,0
2004,500078,1,1,0,0,0,0,0,0,0,0,0,0
2004,500078,2,1,0,0,0,11,0,0,0,0,0,0
2004,500079,0,1,0,0,0,0,0,0,0,0,0,0
2004,500079,1,1,0,0,0,0,0,0,0,0,0,0
2004,500080,1,1,0,0,0,0,0,0,0,0,0,0
2004,500080,2,1,0,0,0,0,0,0,0,0,0,0
2004,500081,1,1,0,0,0,0,0,0,0,0,0,0
2004,500082,1,1,0,0,0,0,0,0,0,0,0,0
2004,500082,2,1,0,0,0,0,0,0,0,0,0,0
2004,500082,3,1,0,0,0,0,0,0,0,0,0,0
2004,500084,1,1,0,0,0,0,0,0,0,0,0,0
2004,500084,2,1,1,1,1,1,1,1,1,1,1,1
2004,500085,1,1,0,0,0,0,0,0,0,0,0,0
2004,500085,2,1,0,0,0,0,0,0,0,0,0,0
2004,510001,1,1,0,0,0,0,0,11,0,19,0,17
2004,510001,2,1,0,0,0,0,0,0,0,0,0,0
2004,510002,1,1,36,36,36,36,36,36,36,36,36,36
2004,510003,1,1,10,22,9,18,8,12,21,24,11,4
2004,510004,1,1,2,2,2,2,2,2,2,2,2,2
2004,510005,0,1,0,0,0,0,0,0,0,0,0,0
2004,510005,1,1,21,0,0,0,14,0,14,0,0,0
2004,510006,1,1,0,0,0,0,0,0,0,0,0,0
2004,510006,2,1,0,0,0,0,0,0,0,0,0,0
2004,510007,1,1,0,0,0,0,0,0,0,9,0,0
2004,510007,2,1,0,0,0,0,0,0,0,0,0,0
2004,510008,1,1,8,0,7,5,0,25,14,13,7,13
2004,510008,2,1,0,0,0,0,0,0,0,0,0,0
2004,510009,1,1,25,25,25,25,25,25,25,25,25,25
2004,510009,2,1,0,0,0,0,0,0,0,0,0,0
2004,510010,1,1,0,0,0,0,0,0,0,0,0,0
2004,510010,2,1,0,0,0,0,0,0,0,0,0,0
2004,510011,1,1,13,15,0,9,0,7,23,0,7,8
2004,510012,1,1,0,0,0,0,0,0,0,0,0,0
2004,510012,2,1,0,0,0,0,0,0,0,0,0,0
2004,510013,1,1,0,22,22,27,31,18,18,21,18,29
2004,510014,1,1,13,13,13,13,13,13,13,13,13,13
2004,510015,1,1,0,0,0,0,0,0,0,0,0,0
2004,510015,2,1,0,0,0,0,0,0,0,0,0,0
2004,510016,1,1,0,0,23,29,15,13,19,28,14,17
2004,510017,1,1,0,0,0,0,0,0,0,0,0,0
2004,510018,1,1,0,0,0,0,0,0,0,0,0,0
2004,510018,2,1,0,0,0,0,0,0,0,0,0,0
2004,510019,1,1,19,19,19,19,19,19,19,19,19,19
2004,510020,1,1,22,12,10,37,9,9,8,30,9,14
2004,510021,1,1,24,0,20,17,0,12,16,22,9,0
2004,510021,2,1,0,0,0,0,0,0,0,0,0,0
2004,510022,1,1,21,21,21,21,21,21,21,21,21,21
2004,510023,1,1,0,0,0,0,0,0,0,0,0,0
2004,510024,1,1,0,0,0,0,0,0,0,0,0,0
2004,510024,2,1,0,0,0,0,0,0,0,0,0,0
2004,510025,1,1,13,13,13,13,13,13,13,13,13,13
2004,510026,1,1,21,13,16,17,11,7,13,13,17,0
2004,510027,0,1,35,35,35,35,35,35,35,35,35,35
2004,510027,1,1,7,0,13,21,0,12,0,27,14,19
2004,510027,2,1,0,0,0,0,5,0,0,17,0,9
2004,510028,1,1,0,0,0,0,0,0,0,0,0,0
2004,510028,2,1,0,0,0,0,0,0,0,0,0,0
2004,510028,3,1,0,0,0,0,0,0,0,0,0,0
2004,510029,1,1,0,0,0,0,0,0,0,0,0,0
2004,510030,1,1,74,74,74,74,74,74,74,74,74,74
2004,510031,0,1,0,0,0,0,0,0,0,0,0,0
2004,510031,1,1,0,0,0,0,0,0,0,0,0,0
2004,510032,0,1,7,7,7,7,7,7,7,7,7,7
2004,510032,1,1,0,0,0,0,0,0,20,0,0,0
2004,510033,1,1,0,0,0,0,0,0,0,0,0,0
2004,510033,2,1,0,0,0,0,0,0,0,0,0,0
2004,510033,3,1,6,0,0,0,0,0,0,0,0,0
2004,510034,1,1,0,0,0,0,0,0,0,0,0,0
2004,510034,2,1,0,0,0,0,0,0,0,0,0,0
2004,510034,3,1,0,0,0,0,0,0,0,0,2,0
2004,510035,1,1,23,23,23,23,23,23,23,23,23,23
2004,510035,2,1,23,23,23,23,23,23,23,23,23,23
2004,510036,1,1,0,0,0,0,0,0,0,0,0,0
2004,510037,1,1,0,0,0,0,0,0,0,0,0,0
2004,510037,2,1,0,0,0,0,0,0,0,0,0,0
2004,510038,0,1,29,29,29,29,29,29,29,29,29,29
2004,510038,1,1,0,0,0,0,13,0,0,0,0,0
2004,510039,1,1,16,31,47,33,16,29,12,30,5,18
2004,510040,1,1,0,0,0,0,0,0,0,0,0,0
2004,510041,1,1,21,21,21,21,21,21,21,21,21,21
2004,510042,1,1,0,0,24,0,0,15,0,0,0,0
2004,510042,2,1,0,0,0,0,0,0,0,0,0,0
2004,510043,1,1,0,0,0,15,0,0,0,0,0,0
2004,510044,1,1,8,0,24,0,0,21,14,19,36,23
2004,510045,1,1,0,0,0,0,0,0,0,0,0,0
2004,510046,1,1,0,0,0,0,0,0,0,0,0,0
2004,510047,1,1,12,19,16,0,0,0,23,13,6,26
2004,510048,1,1,0,0,0,0,0,0,0,0,0,0
2004,510049,0,1,18,18,18,18,18,18,18,18,18,18
2004,510049,1,1,0,0,0,0,0,0,0,0,0,0
2004,510050,1,1,0,0,0,0,0,0,0,0,0,0
2004,510050,2,1,0,0,0,0,0,0,0,4,0,0
2004,510051,1,1,17,17,17,17,17,17,17,17,17,17
2004,510051,2,1,0,0,0,0,0,0,0,0,0,0
2004,510052,1,1,0,0,0,0,0,0,0,0,0,0
2004,510052,2,1,0,0,0,0,0,0,15,0,0,0
2004,510053,0,1,0,0,0,0,0,0,0,0,0,0
2004,510053,1,1,0,0,0,0,0,0,0,0,0,0
2004,510054,1,1,0,0,0,0,0,0,0,0,0,0
2004,510054,2,1,0,0,0,0,0,0,0,0,0,0
2004,510055,1,1,18,18,18,18,18,18,18,18,18,18
2004,510056,1,1,21,21,21,21,21,21,21,21,21,21
2004,510057,1,1,0,0,0,0,0,0,0,0,0,0
2004,510058,1,1,0,0,0,12,0,0,0,14,0,0
2004,510059,1,1,16,0,15,31,0,31,0,0,20,0
2004,510060,1,1,1,1,1,1,1,1,1,1,1,1
2004,510061,1,1,0,0,0,0,0,0,0,0,0,0
2004,510061,2,1,0,0,0,0,0,0,0,0,16,0
2004,510062,1,1,5,5,5,5,5,5,5,5,5,5
2004,510063,1,1,0,0,0,0,0,0,0,0,0,0
2004,510063,2,1,0,0,0,0,0,0,0,0,0,0
2004,510064,1,1,0,0,0,0,0,0,0,26,0,0
2004,510065,1,7,0,0,0,0,0,0,0,0,0,0
2004,510066,1,1,0,0,0,0,0,0,0,0,0,0
2004,510066,2,1,0,0,0,0,0,0,0,0,0,0
2004,510067,1,1,0,0,0,0,0,0,0,0,0,0
2004,510067,2,1,0,0,21,0,0,15,0,0,0,0
2004,510068,1,1,0,0,13,0,0,0,0,0,13,0
2004,510069,0,1,0,0,0,0,0,0,0,0,0,0
2004,510069,1,1,0,0,5,6,17,0,0,0,13,35
2004,510070,1,1,0,0,0,0,0,0,0,0,0,0
2004,510071,1,1,0,0,0,0,0,0,0,0,0,0
2004,510071,2,1,0,0,0,0,0,0,0,0,20,0
2004,510072,1,1,0,0,0,0,0,0,0,0,0,0
2004,510073,1,1,0,0,0,0,0,0,0,0,0,0
2004,510074,1,1,13,13,13,13,13,13,13,13,13,13
2004,510075,1,1,0,0,0,0,0,0,0,0,0,0
2004,510076,1,1,0,0,0,0,0,0,0,0,5,0
2004,510076,2,1,20,20,20,20,20,20,20,20,20,20
2004,510077,1,1,0,0,0,0,0,0,0,0,0,0
2004,510078,1,1,0,3,0,0,0,0,7,0,0,0
2004,510078,2,1,0,0,0,0,0,0,0,0,0,0
2004,510079,1,1,0,0,0,0,0,0,0,0,0,0
2004,510079,2,1,0,0,0,0,0,0,0,0,0,0
2004,510080,1,1,0,0,0,30,0,0,0,0,0,0
2004,510081,1,1,17,17,17,17,17,17,17,17,17,17
2004,510081,2,1,0,0,0,0,0,8,0,0,0,13
2004,510082,1,1,0,0,0,0,0,0,0,0,0,0
2004,510082,2,1,0,0,10,0,0,0,12,0,0,0
2004,510083,0,1,0,0,0,0,0,0,0,0,0,0
2004,510083,1,1,0,0,13,0,0,0,0,10,0,0
2004,510084,0,1,1,1,1,1,1,1,1,1,1,1
2004,510084,1,1,0,0,0,9,0,0,0,0,0,0
2004,510085,2,1,0,0,0,0,0,0,0,0,0,0
2004,510086,1,1,27,27,27,27,27,27,27,27,27,27
2004,510087,1,1,0,0,0,0,0,0,0,0,0,0
2004,510088,1,1,18,18,18,18,18,18,18,18,18,18
2004,510089,1,1,0,0,0,0,0,0,22,0,0,14
2004,510090,1,1,0,0,0,0,0,6,0,0,0,0
2004,510091,0,1,13,13,13,13,13,13,13,13,13,13
2004,510091,1,1,0,0,0,0,0,0,0,0,0,0
2004,510092,1,1,21,14,16,22,9,11,15,8,35,6
2004,510093,1,1,28,28,28,28,28,28,28,28,28,28
2004,510094,1,1,0,0,0,0,0,0,0,0,0,0
2004,510094,2,1,0,0,0,0,0,0,0,0,0,0
2004,510095,1,1,17,18,14,13,22,30,14,13,5,12
2004,510095,2,1,0,0,0,0,0,0,0,0,0,0
2004,510096,1,1,0,0,0,0,0,0,0,0,0,0
2004,510097,0,1,0,0,0,0,0,0,0,0,0,0
2004,510097,1,1,0,0,0,0,0,0,0,0,0,0
2004,510098,1,1,0,0,0,0,0,0,0,0,0,0
2004,510098,2,1,0,0,0,16,0,0,0,0,0,0
2004,510099,1,1,0,0,0,0,0,0,0,0,0,0
2004,510099,2,1,0,0,0,0,0,0,0,0,0,0
2004,510100,1,1,0,0,0,0,0,0,0,0,0,0
2004,510101,1,1,0,17,17,0,0,16,0,0,0,12
2004,510102,1,1,0,0,0,0,0,0,0,0,0,0
2004,510102,2,1,0,0,0,0,0,0,0,0,0,0
2004,510103,1,1,0,0,0,0,0,0,0,0,0,0
2004,510103,2,1,0,0,0,0,0,0,0,0,0,0
2004,510104,1,1,18,18,18,18,18,18,18,18,18,18
2004,510105,1,1,0,0,0,0,0,0,0,0,0,0
2004,510106,1,1,0,0,0,0,0,0,0,0,0,0
2004,510107,1,1,4,4,4,4,4,4,4,4,4,4
2004,510108,1,1,0,0,0,0,0,0,0,0,0,21
2004,510109,1,1,9,9,9,9,9,9,9,9,9,9
2004,510110,1,1,5,5,5,5,5,5,5,5,5,5
2004,510111,1,1,0,0,0,0,0,0,0,0,0,0
2004,510111,2,1,0,0,0,0,0,0,0,0,0,0
2004,510112,1,1,0,0,0,0,0,0,0,0,0,0
2004,510113,1,1,20,20,20,20,20,20,20,20,20,20
2004,510114,1,1,0,0,0,0,0,0,0,0,0,0
2004,510115,1,1,23,23,23,23,23,23,23,23,23,23
2004,510116,1,1,0,0,0,0,0,0,0,0,0,0
2004,510117,1,1,0,0,0,0,0,0,0,0,0,0
2004,510118,1,1,0,0,0,0,0,0,0,0,0,0
2004,510118,2,1,0,0,0,0,0,0,0,0,0,0
2004,510119,1,1,37,37,37,37,37,37,37,37,37,37
2004,510120,1,1,0,0,0,0,0,0,0,0,0,0
2004,510120,2,1,12,12,12,12,12,12,12,12,12,12
2004,510121,0,1,8,8,8,8,8,8,8,8,8,8
2004,510121,1,1,20,16,8,21,9,28,19,19,17,20
2004,510122,1,1,11,11,11,11,11,11,11,11,11,11
2004,510123,1,1,0,0,0,0,0,0,0,0,0,0
2004,510124,0,1,0,0,0,0,0,0,0,0,0,0
2004,510124,1,1,0,8,0,34,21,28,0,32,12,0
2004,510125,1,1,0,0,0,0,0,0,0,0,0,0
2004,510126,1,1,32,19,16,7,24,20,32,20,14,26
2004,510127,1,1,0,0,0,0,0,0,0,0,0,0
2004,510127,2,1,3,3,3,3,3,3,3,3,3,3
2004,510128,1,1,6,5,13,9,12,8,9,6,9,23
2004,510128,2,1,0,0,0,0,0,0,0,0,0,0
2004,510129,1,1,0,0,0,0,0,0,0,0,0,0
2004,510129,2,1,0,0,0,4,0,0,0,0,0,0
2004,510129,3,1,0,4,21,9,0,15,0,0,0,0
2004,510130,0,1,0,0,0,0,0,0,0,0,0,0
2004,510130,1,1,0,0,0,0,0,0,0,0,0,0
2004,510131,1,1,5,9,32,16,14,23,10,0,22,16
2004,510132,1,1,15,15,15,15,15,15,15,15,15,15
2004,510133,1,1,0,0,0,0,0,0,0,0,0,0
2004,510134,1,1,0,0,0,0,0,0,0,0,0,0
2004,510135,1,1,0,0,0,0,0,0,0,0,0,0
2004,510135,2,1,0,0,0,0,0,0,0,0,0,0
2004,510135,3,1,0,0,0,0,0,0,0,0,0,0
2004,510136,1,1,0,0,0,0,0,0,0,0,0,0
2004,510137,1,1,23,23,23,23,23,23,23,23,23,23
2004,510138,1,1,0,0,0,0,0,0,0,0,0,0
2004,510139,1,1,0,0,0,0,0,0,0,0,0,0
2004,510139,2,1,0,0,0,0,0,0,0,0,0,0
2004,510140,0,1,0,0,0,0,0,0,0,0,0,0
2004,510140,1,1,0,0,0,0,0,0,0,0,0,0
2004,510141,0,1,0,0,0,0,0,0,0,0,0,0
2004,510141,1,1,0,0,0,0,0,0,0,0,0,0
2004,510142,1,1,10,10,10,10,10,10,10,10,10,10
2004,510143,1,1,5,12,24,4,4,20,9,0,26,13
2004,510144,1,1,11,7,20,17,5,10,2,16,18,18
2004,510145,1,1,10,13,38,0,9,11,0,17,14,0
2004,510146,1,1,26,26,26,26,26,26,26,26,26,26
2004,510147,1,1,0,0,0,0,0,0,0,0,10,0
2004,510147,2,1,0,0,0,7,0,0,0,0,0,0
2004,510148,1,1,0,0,0,0,0,0,0,0,0,0
2004,510149,1,1,0,0,16,0,0,0,0,0,0,0
2004,510150,1,1,0,0,0,0,0,0,0,0,0,0
2004,510150,2,1,0,0,0,0,0,0,0,0,0,0
2004,510151,1,1,0,0,0,0,0,0,0,0,0,0
2004,510152,1,1,0,0,0,0,0,0,0,0,0,0
2004,510152,2,1,0,0,0,0,0,0,0,0,0,0
2004,510153,1,1,13,13,13,13,13,13,13,13,13,13
2004,510154,1,1,0,38,7,12,28,23,0,0,17,24
2004,510155,1,1,0,0,0,0,0,0,0,0,8,0
2004,510155,2,1,0,0,0,0,0,0,0,0,0,0
2004,510156,1,1,23,23,23,23,23,23,23,23,23,23
2004,510157,1,1,0,0,0,0,0,0,0,0,0,0
2004,510157,2,1,0,0,0,0,0,0,0,0,0,0
2004,510158,1,1,0,0,0,0,0,0,0,0,0,0
2004,510159,1,1,0,0,0,0,0,0,14,0,0,0
2004,510159,2,1,0,0,0,0,0,0,0,0,0,0
2004,510160,1,1,0,0,19,26,0,0,11,0,0,0
2004,510161,1,1,0,0,0,0,6,0,0,20,0,0
2004,510162,1,1,15,16,4,21,12,13,11,21,28,3
2004,510163,0,1,0,0,0,0,0,0,0,0,0,0
2004,510163,1,1,0,11,0,0,12,0,0,0,0,0
2004,510164,1,1,14,10,10,0,24,6,5,29,23,15
2004,510165,1,1,28,28,28,28,28,28,28,28,28,28
2004,510166,1,1,0,0,0,0,0,0,0,0,0,0
2004,510166,2,1,0,0,0,0,0,0,0,0,0,0
2004,510166,3,1,0,0,0,0,0,0,0,0,0,0
2004,510166,4,1,0,0,0,0,0,0,0,0,0,0
2004,510166,5,1,0,0,0,0,0,0,0,0,0,0
2004,510167,1,2,0,0,0,0,0,0,0,0,0,0
2004,510168,1,1,0,22,30,0,20,27,5,18,23,15
2004,510169,1,1,0,0,0,0,0,0,0,0,0,0
2004,510169,2,1,0,0,0,0,0,0,0,0,0,0
2004,510170,1,1,15,15,15,15,15,15,15,15,15,15
2004,510171,0,1,2,14,47,15,30,12,13,24,12,16
2004,510171,1,1,0,0,0,0,0,19,0,0,0,0
2004,510172,1,1,12,9,26,15,9,9,15,15,18,26
2004,510173,0,1,0,0,0,0,0,0,0,0,0,0
2004,510173,1,1,26,26,26,26,26,26,26,26,26,26
2004,510174,1,1,0,0,0,0,0,0,0,0,0,0
2004,510174,2,1,0,0,0,0,0,0,0,0,0,0
2004,510174,3,1,0,0,0,0,0,0,0,0,0,0
2004,510175,1,1,0,0,0,0,0,0,0,0,0,0
2004,510176,1,1,0,0,0,0,0,0,0,0,0,0
2004,510178,1,1,27,32,11,25,0,24,0,16,18,11
2004,510179,1,1,11,16,11,13,7,4,4,14,7,4
2004,510179,2,1,0,0,0,0,0,0,0,0,0,0
2004,510180,0,1,37,37,37,37,37,37,37,37,37,37
2004,510180,1,1,0,0,0,14,27,0,0,0,0,0
2004,510180,2,1,0,0,0,0,0,0,0,0,0,0
2004,510181,1,1,16,16,16,16,16,16,16,16,16,16
2004,510182,1,1,15,11,15,14,4,11,24,3,7,6
2004,510183,1,1,6,10,6,7,18,8,25,27,16,19
2004,510184,1,1,0,0,0,0,0,0,0,0,0,0
2004,510184,2,1,0,0,0,0,0,0,0,0,0,0
2004,510185,0,1,19,19,19,19,19,19,19,19,19,19
2004,510185,0,2,10,18,27,37,0,14,18,6,9,32
2004,510185,1,1,0,0,5,0,0,0,0,0,0,0
2004,510186,1,1,7,7,7,7,7,7,7,7,7,7
2004,510186,2,1,0,13,12,0,4,25,0,0,7,0
2004,510186,3,1,0,0,0,0,0,0,0,0,0,0
2004,510186,4,1,0,11,0,0,0,0,0,0,0,22
2004,510187,1,1,0,0,0,0,0,0,0,0,0,0
2004,510188,1,1,0,0,0,0,0,0,0,0,0,0
2004,510188,2,1,0,0,0,0,0,0,0,0,0,0
2004,510189,1,1,0,0,0,0,0,0,0,0,0,0
2004,510189,2,1,0,0,0,0,0,0,0,0,0,0
2004,510190,1,1,0,0,0,0,0,0,0,0,0,0
2004,510190,2,1,0,0,0,0,0,0,0,0,0,0
2004,510191,1,1,25,25,25,25,25,25,25,25,25,25
2004,510193,1,1,6,6,6,6,6,6,6,6,6,6
2004,510194,1,1,0,0,0,0,0,0,0,0,0,0
2004,510195,0,1,0,0,0,0,0,0,0,0,0,0
2004,510195,1,1,0,0,0,0,0,0,0,0,0,9
2004,510196,1,1,0,31,0,0,0,0,0,0,0,0
2004,510197,1,1,0,0,0,0,0,0,0,0,0,0
2004,510198,1,1,11,11,11,11,11,11,11,11,11,11
2004,510199,1,1,50,50,50,50,50,50,50,50,50,50
2004,510200,1,1,16,24,4,5,8,3,11,12,17,15
2004,510201,1,1,0,0,0,0,0,0,0,0,0,0
2004,510201,2,1,13,13,13,13,13,13,13,13,13,13
2004,510202,0,1,16,16,16,16,16,16,16,16,16,16
2004,510202,1,1,0,0,0,0,6,0,12,5,15,0
2004,510203,1,1,0,0,0,0,0,0,0,0,0,0
2004,510203,2,1,0,0,0,0,0,0,0,0,0,0
2004,510204,1,1,13,11,20,12,6,9,8,0,11,7
2004,510204,2,1,0,21,8,0,14,6,15,0,0,8
2004,510205,1,1,15,15,15,15,15,15,15,15,15,15
2004,510206,1,1,0,0,0,0,0,0,0,0,0,13
2004,510207,1,1,0,0,0,0,0,0,0,0,0,0
2004,510208,1,1,0,0,0,0,0,0,0,0,0,0
2004,510208,2,1,0,0,0,0,0,0,0,0,0,0
2004,510209,1,1,0,0,0,0,0,0,0,0,0,0
2004,510209,2,1,0,0,0,11,0,20,0,19,0,0
2004,510210,0,1,0,0,0,0,0,0,0,0,0,0
2004,510210,1,1,0,0,0,0,0,0,0,0,0,0
2004,510211,1,1,0,0,16,18,23,17,5,14,16,11
2004,510211,2,1,0,0,0,0,0,0,0,0,0,0
2004,510212,1,1,18,18,18,18,18,18,18,18,18,18
2004,510213,1,1,22,22,22,22,22,22,22,22,22,22
2004,510214,1,1,23,23,23,23,23,23,23,23,23,23
2004,510215,1,1,0,0,0,0,0,0,0,0,0,0
2004,510216,0,1,0,0,0,0,0,0,0,0,0,0
2004,510216,1,1,0,0,0,18,0,0,0,0,0,0
2004,510217,1,1,23,23,23,23,23,23,23,23,23,23
2004,510218,1,1,24,24,24,24,24,24,24,24,24,24
2004,510218,2,1,0,0,0,0,0,0,0,14,0,0
2004,510219,1,1,0,0,0,0,0,0,0,0,0,0
2004,510219,2,1,0,0,0,0,0,0,0,0,0,0
2004,510220,1,1,0,0,0,0,0,0,0,0,0,0
2004,510220,2,1,0,0,0,0,0,0,0,0,0,0
2004,510221,1,1,15,4,16,11,11,17,8,9,0,11
2004,510222,1,1,0,0,0,0,0,0,0,0,0,0
2004,510222,2,1,0,0,0,0,0,0,0,0,0,0
2004,510223,1,1,17,17,17,17,17,17,17,17,17,17
2004,510224,1,1,0,0,0,0,0,0,0,0,10,0
2004,510224,2,1,0,0,0,0,0,0,0,0,0,0
2004,510225,1,1,0,0,0,0,0,0,0,0,0,0
2004,510225,2,1,14,18,9,0,0,0,17,10,20,16
2004,510226,1,1,38,38,38,38,38,38,38,38,38,38
2004,510227,1,1,0,0,0,0,0,0,0,0,0,0
2004,510228,0,1,0,0,0,0,0,0,0,0,0,0
2004,510228,1,1,0,0,0,0,0,0,0,0,0,0
2004,510230,1,1,8,0,20,11,18,5,28,24,0,28
2004,510231,1,1,0,0,0,0,0,0,0,0,0,0
2004,510232,1,1,0,0,0,0,0,0,0,0,0,0
2004,510232,2,1,0,0,0,0,0,0,0,0,0,0
2004,510233,1,1,0,0,0,0,0,0,0,0,25,15
2004,510234,1,1,0,0,0,0,0,0,0,0,0,0
2004,510235,1,1,18,18,18,18,18,18,18,18,18,18
2004,510236,1,1,9,9,9,9,9,9,9,9,9,9
2004,510237,1,1,0,0,10,0,0,0,0,3,0,17
2004,510238,1,1,22,22,22,22,22,22,22,22,22,22
2004,510239,1,1,0,0,0,0,0,0,0,0,0,0
2004,510239,2,1,0,0,0,0,0,0,0,0,0,0
2004,510240,1,1,0,0,0,0,0,0,0,0,0,0
2004,510240,2,1,0,0,0,0,0,0,0,0,0,0
2004,510241,1,1,0,0,0,0,0,0,0,0,0,0
2004,510242,1,1,23,23,23,23,23,23,23,23,23,23
2004,510242,2,1,0,0,11,0,10,0,0,0,0,27
2004,510242,3,1,0,0,0,0,0,0,0,0,0,0
2004,510243,0,1,0,0,0,0,0,0,0,0,0,0
2004,510244,1,1,0,0,0,0,0,0,0,0,0,0
2004,510246,1,1,0,7,0,0,9,0,14,0,0,20
2004,510246,2,1,0,0,0,0,0,0,0,0,0,0
2004,510247,1,1,0,0,0,0,0,0,0,0,0,0
2004,510247,2,1,0,0,0,0,0,0,0,0,0,0
2004,510248,1,1,14,10,0,22,31,34,8,29,7,39
2004,510249,0,1,4,30,26,16,14,9,21,25,13,32
2004,510249,1,1,0,0,0,0,0,0,0,0,0,0
2004,510250,1,1,0,0,0,0,0,0,0,0,0,0
2004,510250,2,1,0,0,0,0,0,0,0,0,0,0
2004,510251,1,1,1,1,1,1,1,1,1,1,1,1
2004,510251,2,1,8,0,0,0,0,0,0,4,0,0
2004,510252,1,1,19,19,19,19,19,19,19,19,19,19
2004,510253,1,1,8,8,8,8,8,8,8,8,8,8
2004,510253,2,1,0,0,0,0,0,0,0,0,0,0
2004,510253,3,1,0,0,0,0,0,0,0,0,0,0
2004,510254,1,1,0,0,0,0,0,0,0,0,0,0
2004,510254,2,1,0,0,12,0,0,0,0,0,0,0
2004,510255,1,1,16,16,16,16,16,16,16,16,16,16
2004,510256,1,1,0,0,0,0,0,0,0,0,0,0
2004,510257,1,1,18,18,18,18,18,18,18,18,18,18
2004,510258,1,1,0,0,0,0,0,0,0,0,0,0
2004,510258,2,1,0,0,0,0,0,0,0,0,0,0
2004,510259,1,1,0,0,0,0,0,0,0,0,0,0
2004,510260,1,1,0,0,13,0,0,0,0,7,0,0
2004,510260,2,1,0,0,0,0,0,0,0,0,0,0
2004,510261,1,1,0,0,13,0,0,0,0,0,0,0
2004,510262,1,1,0,0,0,0,0,0,0,0,0,0
2004,510262,2,1,0,0,0,0,0,0,0,0,0,0
2004,510263,1,1,0,0,0,0,0,0,0,0,0,0
2004,510263,2,1,0,0,0,0,16,0,0,0,0,0
2004,510264,1,1,0,0,0,0,0,0,0,0,0,0
2004,510264,2,1,0,0,0,0,0,0,0,0,0,0
2004,510264,3,1,0,0,0,0,0,0,0,0,0,0
2004,510265,0,1,0,0,0,0,0,0,0,0,0,0
2004,510265,1,1,0,14,26,0,0,14,0,0,30,0
2004,510266,1,1,11,11,11,11,11,11,11,11,11,11
2004,510267,1,1,22,22,22,22,22,22,22,22,22,22
2004,510268,1,1,33,33,10,7,19,25,24,4,21,2
2004,510269,1,1,0,0,0,0,0,0,0,0,18,0
2004,510270,1,1,0,0,0,0,0,0,0,0,0,0
2004,510270,2,1,0,0,0,0,0,0,0,0,0,0
2004,510271,1,1,0,0,0,20,0,0,0,0,0,0
2004,510271,2,1,0,0,0,0,0,0,0,0,0,0
2004,510271,3,1,3,0,0,0,0,0,0,0,0,0
2004,510272,1,1,0,0,0,0,0,0,0,0,0,0
2004,510272,2,1,0,0,0,0,0,0,0,0,0,0
2004,510273,1,1,0,0,0,0,0,0,0,0,0,0
2004,510273,2,1,0,0,0,0,0,0,0,0,0,0
2004,510274,1,1,31,31,31,31,31,31,31,31,31,31
2004,510275,1,1,18,12,0,0,0,11,0,17,0,0