YEAR,ST_CASE,veh_no,per_no,P1,P2,P3,P4,P5,P6,P7,P8,P9,P10
2004,510275,2,1,9,0,18,0,20,20,16,9,17,14
2004,510276,1,1,0,0,0,10,0,0,0,0,0,0
2004,510277,1,1,0,0,0,0,0,0,0,0,0,0
2004,510277,2,1,0,0,0,0,0,0,0,0,0,0
2004,510278,1,1,0,0,0,0,0,0,0,0,0,0
2004,510279,1,1,28,28,28,28,28,28,28,28,28,28
2004,510280,1,1,2,2,2,2,2,2,2,2,2,2
2004,510281,1,1,11,11,11,11,11,11,11,11,11,11
2004,510282,1,1,5,5,5,5,5,5,5,5,5,5
2004,510282,2,1,0,0,0,0,0,0,0,0,0,0
2004,510283,1,1,0,0,0,0,0,0,0,0,0,0
2004,510283,2,1,0,0,0,0,0,0,0,0,0,0
2004,510284,1,1,0,0,0,0,0,0,0,0,0,0
2004,510285,1,1,0,0,0,0,0,0,0,0,0,0
2004,510286,1,1,0,0,0,0,0,0,0,0,0,0
2004,510286,2,1,0,0,0,0,0,0,0,0,0,0
2004,510287,1,1,0,0,0,0,0,0,0,0,0,0
2004,510287,2,1,0,19,0,0,0,7,0,0,0,18
2004,510288,1,1,0,0,0,0,0,0,0,0,0,0
2004,510289,1,1,0,0,0,0,0,0,0,0,0,0
2004,510289,2,1,0,0,0,0,0,0,0,0,0,0
2004,510290,1,1,0,0,0,0,0,0,0,0,0,0
2004,510290,2,1,0,0,0,0,0,0,0,0,0,0
2004,510290,3,1,0,0,0,0,0,0,0,0,0,0
2004,510291,0,1,11,11,11,11,11,11,11,11,11,11
2004,510291,1,1,0,12,29,0,0,0,19,0,15,0
2004,510292,1,1,0,27,12,0,22,0,0,30,8,12
2004,510293,1,1,24,19,17,14,9,28,28,23,6,23
2004,510294,1,1,0,0,0,0,0,0,0,0,0,0
2004,510294,2,1,0,0,0,0,17,0,0,0,0,0
2004,510295,1,1,0,0,0,0,0,0,0,0,0,0
2004,510296,1,1,0,0,0,0,0,0,0,0,0,0
2004,510296,2,1,0,0,0,0,0,0,0,0,0,0
2004,510297,1,1,18,17,11,24,6,3,31,14,15,17
2004,510298,1,1,0,0,0,0,0,0,0,0,0,0
2004,510298,2,1,0,0,0,0,0,0,0,0,0,0
2004,510299,1,1,0,0,0,0,0,0,0,0,0,0
2004,510299,2,1,0,0,0,0,0,0,0,0,0,0
2004,510299,3,1,0,0,0,0,0,0,0,0,0,0
2004,510300,1,1,0,0,0,0,20,0,0,0,0,0
2004,510300,2,1,0,0,0,0,0,0,0,0,0,0
2004,510301,1,1,7,0,0,0,0,0,0,0,0,0
2004,510302,1,1,0,0,0,0,0,0,16,0,0,0
2004,510302,2,1,0,0,0,0,0,0,0,0,0,0
2004,510303,1,1,25,25,25,25,25,25,25,25,25,25
2004,510304,1,1,0,0,0,0,0,0,0,0,0,0
2004,510304,2,1,0,0,0,0,0,0,0,0,0,0
2004,510305,1,1,0,0,0,0,0,0,0,0,0,0
2004,510305,2,1,0,0,0,0,0,0,0,0,0,0
2004,510306,1,1,12,12,12,12,12,12,12,12,12,12
2004,510307,1,1,0,0,0,0,0,0,0,0,0,0
2004,510308,0,1,0,0,0,0,0,0,0,0,0,0
2004,510308,1,1,9,0,8,0,0,12,0,0,0,0
2004,510308,2,1,0,0,0,0,4,0,0,0,0,0
2004,510309,1,1,0,0,0,0,0,0,0,0,0,0
2004,510310,1,1,0,0,0,0,0,0,0,0,0,0
2004,510310,2,1,0,3,0,14,0,12,0,0,0,0
2004,510311,1,1,0,0,18,0,0,0,29,23,12,6
2004,510312,0,1,14,14,14,14,14,14,14,14,14,14
2004,510312,1,1,0,0,0,0,0,0,0,0,0,23
2004,510313,1,1,0,0,0,0,0,0,0,0,0,0
2004,510314,0,1,0,0,0,0,0,0,0,0,0,0
2004,510314,1,1,0,0,0,0,0,0,0,0,0,0
2004,510315,0,1,0,0,0,0,0,0,0,0,0,0
2004,510315,0,2,0,0,0,0,0,0,0,0,0,0
2004,510315,1,1,0,0,0,0,13,0,0,0,0,0
2004,510316,1,1,22,25,19,24,21,24,15,22,22,17
2004,510317,1,1,7,22,31,8,23,9,12,8,16,6
2004,510318,1,1,0,0,0,0,0,0,0,0,0,0
2004,510319,1,1,21,0,0,0,14,0,38,0,0,0
2004,510319,2,1,0,0,0,0,0,0,0,0,0,0
2004,510320,1,1,16,32,26,28,14,14,20,13,16,31
2004,510321,1,1,0,0,0,14,7,0,0,0,17,0
2004,510321,2,1,16,0,0,0,0,0,0,0,0,0
2004,510322,1,1,0,0,0,0,0,0,0,0,0,0
2004,510323,1,1,0,0,0,0,0,0,0,0,0,0
2004,510324,1,1,0,0,0,0,0,0,0,0,0,0
2004,510325,0,1,0,0,0,0,0,0,0,0,0,0
2004,510325,1,1,30,29,13,9,14,25,13,16,20,11
2004,510326,1,1,0,0,0,0,0,0,0,0,0,0
2004,510326,2,1,14,10,0,0,0,0,0,0,0,0
2004,510327,1,1,0,0,0,0,0,0,0,0,0,0
2004,510328,1,1,10,10,10,21,14,6,18,14,9,11
2004,510328,2,1,0,0,0,0,0,16,0,0,0,0
2004,510329,1,1,0,0,0,0,0,0,0,0,0,0
2004,510330,1,1,0,0,0,0,0,0,0,0,0,0
2004,510331,1,1,8,8,8,8,8,8,8,8,8,8
2004,510332,1,1,8,7,11,21,17,9,8,12,7,32
2004,510332,2,1,0,0,0,6,0,0,0,0,13,8
2004,510333,1,1,0,0,0,0,0,0,0,0,0,0
2004,510333,2,1,0,0,0,0,0,0,0,0,0,0
2004,510334,1,1,0,0,0,0,0,0,0,0,0,0
2004,510334,2,1,0,0,0,0,0,0,0,0,0,0
2004,510335,1,1,0,8,0,0,0,0,38,0,0,0
2004,510336,1,1,16,8,10,13,24,0,6,17,18,23
2004,510337,1,1,27,0,8,10,18,11,14,22,20,7
2004,510338,1,1,0,0,0,0,0,0,0,0,0,0
2004,510339,1,1,0,0,0,0,0,0,0,0,15,0
2004,510339,2,1,0,0,0,0,0,0,0,0,0,0
2004,510340,1,1,0,0,0,0,0,0,0,0,0,0
2004,510341,1,1,0,16,9,0,23,0,0,15,4,0
2004,510342,0,1,22,22,22,22,22,22,22,22,22,22
2004,510342,1,1,0,0,0,18,21,0,11,17,0,40
2004,510343,1,1,0,0,0,0,0,0,0,0,0,0
2004,510343,2,1,0,0,0,0,0,0,0,0,0,0
2004,510344,0,1,18,18,18,18,18,18,18,18,18,18
2004,510344,1,1,0,0,0,0,0,0,3,0,0,0
2004,510344,2,1,0,0,0,0,0,0,0,0,0,0
2004,510345,1,1,0,0,0,0,0,0,0,0,0,0
2004,510346,1,1,35,26,26,14,18,8,29,16,32,26
2004,510347,1,1,0,0,0,0,0,0,0,0,0,0
2004,510347,2,1,0,0,0,0,0,0,0,0,0,0
2004,510348,1,1,21,21,21,21,21,21,21,21,21,21
2004,510349,1,1,20,20,20,20,20,20,20,20,20,20
2004,510350,0,1,0,0,0,0,0,0,0,0,0,0
2004,510350,1,1,0,0,0,0,0,0,0,0,0,0
2004,510351,1,1,15,16,8,23,26,4,15,4,13,2
2004,510351,2,1,0,0,0,0,0,0,0,0,0,0
2004,510352,1,1,24,22,25,9,11,27,23,29,9,19
2004,510353,1,1,0,0,30,31,18,0,4,7,0,23
2004,510354,1,1,0,0,0,0,0,0,0,0,0,0
2004,510354,2,1,0,0,0,0,0,15,0,0,14,0
2004,510355,1,1,0,0,0,0,0,0,0,0,0,0
2004,510355,2,1,5,5,5,5,5,5,5,5,5,5
2004,510356,1,1,0,0,0,0,0,0,0,0,0,0
2004,510357,1,1,0,0,0,0,0,0,0,0,0,0
2004,510358,1,1,21,30,17,17,13,9,33,21,23,14
2004,510359,1,1,0,0,0,0,0,0,0,0,0,0
2004,510359,2,1,0,0,29,0,0,0,0,0,0,0
2004,510360,1,1,0,0,7,12,0,18,0,15,0,7
2004,510361,1,2,0,0,0,0,0,0,0,0,0,0
2004,510362,1,1,0,0,0,0,0,0,0,0,0,0
2004,510363,1,1,3,3,3,3,3,3,3,3,3,3
2004,510364,1,1,0,0,0,0,0,0,0,0,0,0
2004,510365,1,1,18,21,13,9,2,15,17,7,10,11
2004,510365,2,1,7,14,13,3,30,4,19,26,19,16
2004,510366,1,1,0,0,0,0,0,0,18,0,0,0
2004,510366,2,1,0,0,0,0,0,0,0,0,0,0
2004,510367,0,1,41,41,41,41,41,41,41,41,41,41
2004,510367,1,1,0,0,0,0,0,0,0,0,0,0
2004,510368,1,1,25,25,25,25,25,25,25,25,25,25
2004,510369,1,1,23,23,23,23,23,23,23,23,23,23
2004,510370,1,1,0,0,0,0,0,0,0,0,0,0
2004,510371,1,1,0,0,0,0,0,0,0,0,0,0
2004,510372,1,1,27,27,27,27,27,27,27,27,27,27
2004,510373,1,1,0,0,0,0,0,17,0,0,0,0
2004,510374,0,1,0,0,0,0,0,0,0,0,0,0
2004,510374,1,1,0,0,0,0,0,0,0,0,0,0
2004,510375,1,1,0,0,0,0,0,0,0,0,0,0
2004,510376,1,1,0,0,0,0,0,0,0,0,0,0
2004,510376,2,1,0,0,0,0,0,0,0,0,0,0
2004,510377,1,1,0,0,0,0,0,0,0,0,0,0
2004,510377,2,1,5,19,7,0,0,16,15,13,0,16
2004,510378,1,1,27,27,27,27,27,27,27,27,27,27
2004,510379,0,1,0,0,12,0,0,0,0,0,0,27
2004,510379,1,1,0,0,0,0,0,0,0,0,0,0
2004,510380,1,1,15,17,25,0,17,11,0,6,13,13
2004,510380,2,1,0,0,0,0,0,0,0,0,0,0
2004,510381,1,1,0,0,0,0,0,0,0,0,0,0
2004,510381,2,1,0,0,0,0,0,7,0,0,0,0
2004,510382,1,1,0,0,0,0,0,0,0,0,0,0
2004,510382,2,1,0,0,0,0,0,0,0,0,0,0
2004,510382,3,1,0,0,0,0,0,0,0,0,0,26
2004,510383,0,1,0,0,0,0,0,0,0,0,0,0
2004,510383,1,1,0,0,0,0,0,0,0,0,0,0
2004,510384,1,1,0,0,0,0,0,0,0,0,0,0
2004,510385,1,1,0,0,0,0,0,0,0,0,0,0
2004,510385,2,1,0,0,0,0,0,0,0,0,0,0
2004,510386,0,1,0,0,0,0,0,0,0,0,0,0
2004,510386,1,1,0,0,0,0,0,0,0,0,0,0
2004,510387,1,1,0,0,0,0,0,0,0,0,0,0
2004,510387,2,1,14,14,14,14,14,14,14,14,14,14
2004,510388,1,1,0,0,0,0,0,0,0,0,0,0
2004,510389,1,1,0,0,0,0,0,0,0,0,0,0
2004,510389,2,1,0,0,0,0,0,0,0,0,0,0
2004,510390,0,1,21,21,21,21,21,21,21,21,21,21
2004,510390,1,1,13,0,0,19,0,0,0,0,0,0
2004,510391,1,1,8,8,8,8,8,8,8,8,8,8
2004,510392,0,1,12,33,0,20,11,0,16,0,0,20
2004,510392,1,1,0,0,0,0,0,0,0,0,0,0
2004,510393,1,1,0,0,0,0,0,0,0,0,0,0
2004,510394,0,1,0,0,0,0,0,0,0,0,0,0
2004,510394,1,1,0,0,0,0,0,0,0,0,0,0
2004,510395,0,1,0,0,0,0,0,0,0,0,0,0
2004,510395,1,1,15,0,0,0,0,0,0,0,0,0
2004,510396,1,1,0,0,10,0,0,0,0,0,0,0
2004,510396,2,1,0,0,0,10,0,0,0,0,0,12
2004,510397,0,1,15,23,0,6,0,0,0,0,0,0
2004,510397,1,1,0,0,0,0,0,0,0,0,0,0
2004,510398,1,1,0,0,0,0,11,0,3,20,0,0
2004,510399,1,1,0,0,0,0,0,0,0,0,0,0
2004,510399,2,1,0,0,0,0,0,0,0,0,0,0
2004,510400,1,1,0,0,0,0,0,0,0,0,0,0
2004,510400,2,1,0,0,0,0,12,0,0,0,0,0
2004,510400,3,1,15,15,15,15,15,15,15,15,15,15
2004,510401,1,1,0,0,0,0,0,0,0,0,0,0
2004,510402,1,1,6,0,0,0,8,27,30,11,10,20
2004,510402,2,1,0,0,0,0,0,0,0,0,0,6
2004,510403,1,1,25,25,25,25,25,25,25,25,25,25
2004,510404,1,1,0,0,0,0,0,0,0,0,0,0
2004,510404,2,1,0,0,0,0,0,0,0,0,0,0
2004,510404,3,1,0,0,0,0,0,0,0,0,0,0
2004,510404,4,1,0,0,0,0,0,0,0,0,0,0
2004,510405,0,1,0,0,0,0,0,0,0,0,0,0
2004,510405,1,1,0,0,0,0,0,0,0,0,0,0
2004,510406,1,1,0,0,0,0,0,0,0,0,0,0
2004,510407,1,1,0,0,0,0,0,0,0,0,0,0
2004,510407,2,1,0,0,0,0,0,0,0,0,0,0
2004,510408,1,1,21,15,0,0,22,0,20,0,8,0
2004,510409,1,1,0,0,26,13,0,12,0,0,0,0
2004,510410,1,1,0,0,0,0,0,0,0,0,0,0
2004,510410,2,1,0,0,0,0,0,0,0,0,0,0
2004,510411,1,1,0,0,0,0,0,0,0,0,0,0
2004,510412,1,1,22,22,22,22,22,22,22,22,22,22
2004,510412,2,1,0,0,0,0,0,0,0,0,0,0
2004,510413,1,1,14,0,0,0,19,0,0,0,25,0
2004,510414,1,1,19,19,19,19,19,19,19,19,19,19
2004,510414,2,1,0,0,0,0,10,0,0,0,0,0
2004,510415,1,1,0,0,0,0,0,0,0,0,0,0
2004,510415,2,1,0,0,0,0,0,0,0,0,0,0
2004,510416,0,1,27,27,27,27,27,27,27,27,27,27
2004,510416,1,1,0,0,0,0,0,0,0,0,0,6
2004,510417,1,1,0,0,0,0,0,0,0,0,0,0
2004,510417,2,1,0,0,0,0,0,0,0,0,0,0
2004,510418,1,1,0,0,0,0,0,0,0,0,0,0
2004,510419,1,1,13,0,0,40,7,22,16,21,36,18
2004,510420,1,1,0,0,0,0,0,0,0,0,0,0
2004,510420,2,1,0,0,0,0,0,0,0,12,0,0
2004,510421,1,1,0,0,0,0,0,0,0,0,0,0
2004,510421,2,1,0,0,0,0,0,0,0,0,0,0
2004,510422,1,1,0,0,0,0,0,0,0,0,0,0
2004,510422,2,1,0,0,0,0,0,0,0,0,0,0
2004,510422,3,1,21,0,0,0,0,0,0,0,0,0
2004,510423,1,1,0,0,0,0,0,0,0,0,0,0
2004,510423,2,1,9,0,0,0,0,4,11,0,0,0
2004,510424,1,1,0,0,0,0,0,0,0,0,0,0
2004,510425,1,1,17,17,17,17,17,17,17,17,17,17
2004,510426,1,1,0,0,0,0,0,0,0,0,0,0
2004,510427,1,1,0,0,0,0,0,0,0,0,0,0
2004,510428,1,1,8,8,8,8,8,8,8,8,8,8
2004,510429,1,1,0,0,0,0,0,0,0,0,0,0
2004,510429,2,1,0,0,0,0,0,0,0,0,0,0
2004,510430,1,1,0,0,0,0,0,0,0,0,0,0
2004,510431,1,1,16,16,16,16,16,16,16,16,16,16
2004,510432,1,1,0,0,0,0,0,0,0,0,0,0
2004,510433,1,1,0,0,0,0,0,0,0,0,0,0
2004,510433,2,1,0,0,0,0,0,0,0,0,0,0
2004,510433,3,1,0,0,0,0,0,0,0,0,0,0
2004,510434,1,1,0,0,0,0,0,0,0,0,0,0
2004,510434,2,1,0,0,0,0,0,0,0,0,0,0
2004,510435,1,1,0,0,0,0,0,0,0,0,0,0
2004,510436,1,1,0,0,0,0,0,0,0,0,0,0
2004,510437,1,1,0,0,0,0,0,0,0,0,0,0
2004,510437,2,1,0,0,0,0,0,0,0,0,0,0
2004,510438,1,1,0,0,0,0,0,0,0,0,0,0
2004,510438,2,1,0,0,0,0,0,0,0,0,0,0
2004,510439,1,1,12,12,12,12,12,12,12,12,12,12
2004,510439,2,1,0,0,0,0,0,0,0,0,0,0
2004,510440,0,1,0,0,0,0,0,0,0,0,0,23
2004,510440,1,1,0,0,0,0,0,0,0,0,0,0
2004,510441,0,1,0,0,0,0,0,0,0,0,0,0
2004,510441,1,1,0,0,0,0,0,0,0,0,0,0
2004,510442,1,1,0,0,0,0,0,0,0,0,0,0
2004,510442,2,1,0,0,0,0,0,0,0,0,0,0
2004,510443,1,1,0,0,0,0,0,0,0,0,0,0
2004,510443,2,1,0,0,0,0,0,0,0,0,0,0
2004,510444,1,1,0,0,0,0,0,0,0,0,0,0
2004,510444,2,1,0,0,0,0,0,0,0,0,0,0
2004,510445,1,1,0,0,26,0,0,0,0,0,0,0
2004,510445,2,1,0,0,0,0,0,0,0,0,0,0
2004,510446,1,1,0,4,0,0,0,0,0,0,0,0
2004,510446,2,1,0,0,0,0,0,0,0,0,0,0
2004,510447,1,1,15,7,0,26,13,21,23,39,24,19
2004,510448,1,1,0,0,0,0,13,0,0,0,0,0
2004,510448,2,1,0,0,0,0,0,0,0,0,0,0
2004,510448,3,1,0,0,0,0,0,0,0,0,0,0
2004,510449,1,1,0,0,0,0,0,0,0,0,0,0
2004,510449,2,1,0,0,0,0,0,0,0,0,0,0
2004,510450,1,1,0,0,0,0,0,0,0,0,0,0
2004,510450,2,1,0,0,0,0,0,0,0,0,0,0
2004,510451,1,1,0,0,0,0,0,0,0,0,0,0
2004,510451,2,1,0,0,0,12,0,0,0,0,0,0
2004,510452,1,1,0,0,0,0,0,0,0,0,0,0
2004,510452,2,1,0,0,0,0,0,0,0,0,0,0
2004,510453,1,1,0,0,0,0,0,0,0,0,0,0
2004,510453,2,1,0,17,0,0,0,0,0,0,0,0
2004,510454,1,1,0,0,0,0,0,0,0,0,0,0
2004,510455,1,1,0,0,0,0,0,0,0,0,0,0
2004,510456,1,1,0,0,0,0,0,0,0,0,0,0
2004,510456,2,1,0,0,0,0,0,0,0,0,0,0
2004,510457,0,1,0,0,0,0,0,0,0,0,0,0
2004,510457,1,1,0,0,0,0,0,0,0,0,0,0
2004,510458,1,1,0,0,0,0,0,0,0,0,0,0
2004,510458,2,1,0,0,0,0,0,0,0,16,0,0
2004,510459,1,1,0,6,9,0,0,18,17,21,10,18
2004,510460,1,1,0,0,0,8,0,0,0,0,0,0
2004,510461,1,1,0,8,0,0,23,0,0,0,0,0
2004,510461,2,1,0,0,0,0,0,0,0,0,0,0
2004,510462,1,1,15,8,24,0,40,21,9,12,34,21
2004,510463,1,1,0,0,0,0,0,0,0,0,0,0
2004,510464,1,1,2,2,2,2,2,2,2,2,2,2
2004,510465,1,1,0,7,0,0,0,5,0,0,0,28
2004,510465,2,1,8,8,8,8,8,8,8,8,8,8
2004,510466,1,1,15,0,22,20,10,30,7,0,10,15
2004,510467,1,1,0,0,0,0,0,0,0,0,0,0
2004,510467,2,1,0,0,0,0,0,0,0,0,0,0
2004,510468,1,1,0,0,0,0,0,0,0,0,0,0
2004,510468,2,1,13,0,0,0,0,0,0,0,0,0
2004,510469,1,1,16,15,0,0,31,0,12,0,0,19
2004,510470,1,1,0,0,0,0,0,0,0,0,0,0
2004,510470,2,1,0,0,0,0,0,0,0,0,0,0
2004,510471,1,1,17,8,12,6,21,25,4,11,9,24
2004,510472,1,1,19,19,19,19,19,19,19,19,19,19
2004,510473,1,1,21,18,12,19,3,22,16,17,0,20
2004,510474,1,1,20,20,20,20,20,20,20,20,20,20
2004,510475,1,1,19,11,8,5,28,18,18,9,13,14
2004,510476,1,1,0,0,0,0,0,0,0,0,0,0
2004,510477,0,1,0,0,0,0,0,0,0,0,0,0
2004,510477,1,1,0,0,0,0,0,0,0,0,0,0
2004,510478,1,1,0,0,0,0,0,0,0,0,0,0
2004,510478,2,1,0,0,0,0,0,0,0,0,0,0
2004,510479,1,1,12,12,12,12,12,12,12,12,12,12
2004,510480,1,1,25,17,0,12,12,21,18,13,7,16
2004,510481,1,1,0,0,0,0,0,0,0,19,0,0
2004,510481,2,1,0,0,0,0,0,0,0,0,0,0
2004,510481,3,1,0,0,0,0,0,0,0,0,0,0
2004,510482,1,1,0,0,0,0,0,0,0,0,0,0
2004,510482,2,1,0,0,0,0,10,0,15,0,0,0
2004,510483,1,1,0,0,0,0,0,0,0,0,0,0
2004,510483,2,1,0,0,0,0,13,0,0,0,0,0
2004,510484,1,1,11,0,9,14,0,6,0,18,16,14
2004,510485,1,1,0,0,18,0,0,0,0,0,0,0
2004,510486,0,1,0,0,0,0,0,0,0,0,0,0
2004,510486,1,1,0,0,0,0,0,0,0,0,0,0
2004,510487,1,1,27,14,0,12,25,0,17,9,28,0
2004,510488,0,1,0,0,0,0,0,0,0,0,0,5
2004,510488,1,1,0,0,0,0,0,0,0,0,0,0
2004,510489,1,1,0,0,0,0,0,0,0,0,0,0
2004,510490,1,1,21,32,9,18,16,14,16,10,13,16
2004,510491,1,1,0,0,10,20,0,7,0,0,0,0
2004,510491,2,1,18,18,25,21,14,17,9,8,17,15
2004,510492,1,1,11,11,11,11,11,11,11,11,11,11
2004,510493,1,1,6,6,6,6,6,6,6,6,6,6
2004,510494,1,1,0,15,0,0,0,0,0,0,0,0
2004,510495,1,1,18,18,18,18,18,18,18,18,18,18
2004,510496,1,1,0,0,0,12,0,0,0,0,0,0
2004,510497,1,1,0,0,0,0,0,0,0,0,0,0
2004,510497,2,1,0,0,0,0,0,0,0,0,0,0
2004,510498,1,1,0,0,0,0,0,0,0,0,0,0
2004,510498,2,1,0,0,0,0,0,0,0,0,0,0
2004,510499,1,1,0,0,0,0,0,0,0,0,0,0
2004,510500,1,1,5,0,0,0,0,0,21,16,6,0
2004,510501,0,1,0,0,0,0,0,0,0,0,0,0
2004,510501,0,2,19,0,18,19,31,0,0,21,0,0
2004,510501,1,1,0,0,0,0,0,0,0,0,0,0
2004,510501,2,1,0,0,0,0,0,0,0,0,0,0
2004,510502,1,1,6,6,6,6,6,6,6,6,6,6
2004,510503,1,1,10,10,7,24,19,29,11,10,16,21
2004,510504,1,1,15,15,15,15,15,15,15,15,15,15
2004,510505,1,1,0,0,0,0,0,0,0,0,0,0
2004,510506,1,1,0,0,0,0,0,0,0,0,0,0
2004,510507,1,1,0,0,0,0,0,0,0,0,0,0
2004,510508,1,1,0,0,0,0,0,0,0,0,0,0
2004,510508,2,1,0,0,0,0,0,0,0,0,0,0
2004,510509,1,1,0,0,0,0,0,0,0,0,0,0
2004,510509,2,1,0,9,14,0,0,0,0,0,0,0
2004,510509,3,1,0,0,0,0,0,0,0,0,0,0
2004,510510,1,1,0,0,0,0,0,0,0,0,0,0
2004,510510,2,1,0,0,0,0,0,0,0,0,15,0
2004,510511,1,1,10,0,0,0,0,9,0,0,0,0
2004,510512,1,1,4,7,15,26,8,16,10,12,8,17
2004,510513,1,1,0,0,0,0,0,0,0,0,0,0
2004,510514,1,1,0,0,0,0,0,0,0,0,0,5
2004,510515,1,1,0,0,0,0,21,0,0,0,0,0
2004,510515,2,1,0,0,0,0,0,0,0,0,0,0
2004,510516,1,1,0,0,0,0,11,8,0,0,0,22
2004,510517,1,1,0,15,7,19,0,0,6,19,17,8
2004,510518,1,1,0,0,0,0,0,0,0,16,0,0
2004,510518,2,1,0,0,0,0,0,0,0,0,0,0
2004,510519,0,1,0,0,0,0,0,0,0,0,0,0
2004,510519,1,1,15,0,0,0,0,0,0,0,0,0
2004,510519,2,1,0,0,0,0,0,0,0,0,0,0
2004,510519,3,1,7,0,0,0,0,0,0,0,0,0
2004,510520,1,1,0,0,0,0,0,0,0,0,0,0
2004,510521,1,1,0,0,0,0,0,0,0,0,0,0
2004,510521,2,1,0,0,0,0,0,0,0,0,0,0
2004,510522,0,1,18,18,0,0,25,0,28,26,0,0
2004,510522,1,1,0,16,0,0,0,0,0,10,0,0
2004,510523,1,1,27,25,0,17,17,0,22,0,0,7
2004,510524,1,1,0,0,0,0,0,0,0,0,0,0
2004,510524,2,1,0,0,0,0,0,0,0,0,0,0
2004,510525,1,1,9,9,9,9,9,9,9,9,9,9
2004,510526,1,1,0,0,0,0,0,0,0,0,0,0
2004,510526,2,1,0,0,0,0,0,0,0,0,0,0
2004,510527,1,1,0,0,0,0,0,0,0,0,0,0
2004,510527,2,1,0,0,0,0,0,0,0,0,0,0
2004,510528,1,1,7,17,0,0,19,0,0,15,0,0
2004,510529,1,1,0,0,0,0,0,0,0,0,0,0
2004,510529,2,1,0,0,0,0,0,0,0,0,0,0
2004,510529,3,1,0,0,0,0,0,0,0,0,0,0
2004,510530,1,1,8,0,0,0,0,0,0,28,10,0
2004,510530,2,1,0,9,0,18,0,9,8,10,0,0
2004,510530,3,1,0,0,0,0,0,0,0,0,0,0
2004,510531,1,1,0,0,0,0,0,0,0,0,0,15
2004,510531,2,1,9,5,8,12,14,18,16,10,17,10
2004,510532,1,1,21,18,7,25,23,26,21,28,15,29
2004,510533,1,1,0,0,0,0,0,0,0,0,0,0
2004,510534,1,1,0,11,24,30,0,11,15,22,17,6
2004,510535,0,1,0,0,0,0,0,0,0,0,0,0
2004,510535,1,1,0,0,0,0,0,0,0,0,0,0
2004,510536,0,1,0,0,0,0,0,0,0,0,0,0
2004,510536,1,1,0,0,0,0,0,0,0,0,0,0
2004,510537,1,1,6,25,31,0,19,29,0,35,5,15
2004,510538,1,1,0,0,0,0,0,0,0,0,0,0
2004,510538,2,1,0,0,0,0,0,0,0,0,0,0
2004,510539,1,1,0,0,0,0,0,0,0,0,0,0
2004,510540,1,1,0,0,0,0,0,0,0,0,0,0
2004,510540,2,1,0,0,0,0,0,0,0,0,0,0
2004,510541,1,1,0,0,0,0,0,0,0,0,0,0
2004,510541,2,1,12,25,0,0,0,0,0,0,0,0
2004,510542,1,1,0,0,0,0,0,0,0,0,0,0
2004,510542,2,1,27,8,0,45,26,22,6,11,0,16
2004,510543,1,1,0,25,0,25,0,15,14,13,26,0
2004,510544,1,1,0,0,18,0,0,0,0,0,0,9
2004,510544,2,1,0,0,0,0,0,0,0,0,0,0
2004,510545,1,1,26,26,26,26,26,26,26,26,26,26
2004,510545,2,1,8,15,3,17,3,0,10,10,0,0
2004,510546,1,1,0,0,0,0,0,0,0,0,0,0
2004,510546,2,1,0,0,0,0,0,0,0,0,0,0
2004,510547,1,1,0,0,0,0,0,0,0,0,0,0
2004,510548,1,1,0,0,0,0,0,0,0,0,0,0
2004,510549,1,1,1,1,1,1,1,1,1,1,1,1
2004,510550,0,1,0,0,0,0,0,0,0,0,0,0
2004,510550,1,1,11,0,0,0,0,0,0,0,7,0
2004,510551,1,1,0,0,0,0,0,0,0,0,0,0
2004,510552,1,1,0,0,0,0,0,0,0,0,0,0
2004,510552,2,1,0,0,0,0,0,0,0,0,0,17
2004,510553,1,1,0,0,0,0,0,0,0,0,0,0
2004,510553,2,1,0,0,0,0,0,0,0,0,0,0
2004,510554,1,1,0,0,0,0,0,0,0,13,0,0
2004,510555,1,1,15,0,0,0,0,0,0,12,0,0
2004,510556,1,1,0,0,0,0,0,0,0,0,0,0
2004,510556,2,1,1,1,1,1,1,1,1,1,1,1
2004,510557,1,1,0,0,0,0,0,0,0,0,0,0
2004,510557,2,1,0,0,0,0,0,0,0,0,0,0
2004,510558,1,1,0,0,0,0,0,0,0,0,0,0
2004,510558,2,1,0,0,0,0,0,0,0,0,0,0
2004,510559,0,1,0,0,0,0,0,0,0,0,0,0
2004,510559,1,1,0,0,0,0,0,0,0,0,0,0
2004,510559,2,1,0,0,0,0,0,0,0,0,0,0
2004,510560,1,1,7,7,7,7,7,7,7,7,7,7
2004,510561,1,1,0,0,0,0,0,0,0,0,0,0
2004,510561,2,1,0,0,0,0,0,0,0,0,0,0
2004,510562,0,1,0,0,0,0,0,0,0,0,0,0
2004,510562,1,1,0,0,0,0,0,0,0,0,0,0
2004,510563,1,1,0,13,0,0,0,0,0,0,0,0
2004,510563,2,1,0,0,0,0,0,0,0,0,0,0
2004,510563,3,1,0,0,0,0,0,0,0,0,0,9
2004,510564,1,1,0,0,0,0,0,0,0,0,0,0
2004,510565,1,1,0,0,0,0,0,0,0,0,0,0
2004,510565,2,1,0,0,0,0,0,0,0,0,0,0
2004,510566,1,1,0,0,13,0,6,0,13,25,4,0
2004,510567,1,1,0,0,0,0,0,0,0,0,0,0
2004,510568,1,2,0,11,9,15,7,16,13,17,5,10
2004,510568,2,1,0,0,0,0,0,0,0,0,0,0
2004,510569,1,1,13,13,0,0,4,16,16,0,20,19