YEAR,ST_CASE,veh_no,per_no,P1,P2,P3,P4,P5,P6,P7,P8,P9,P10
2004,510570,1,1,24,26,16,8,15,5,25,0,33,22
2004,510570,2,1,11,0,0,0,0,0,0,11,0,0
2004,510571,1,1,0,0,0,0,0,0,0,0,0,0
2004,510571,2,1,0,0,0,0,0,0,0,0,0,0
2004,510572,1,1,0,0,0,0,0,0,17,0,0,25
2004,510573,1,1,0,7,0,0,0,0,3,0,0,5
2004,510574,1,1,0,0,17,0,0,0,0,0,0,0
2004,510574,2,1,0,0,0,17,0,0,0,0,0,0
2004,510575,1,1,24,11,36,32,31,20,27,29,10,17
2004,510576,1,1,0,0,0,0,0,0,0,0,0,0
2004,510577,0,1,0,0,0,0,0,0,0,0,0,0
2004,510577,1,1,0,0,0,0,0,0,0,0,0,0
2004,510578,1,1,0,0,0,0,5,17,0,11,0,8
2004,510578,2,1,0,0,0,0,0,0,0,0,0,0
2004,510578,3,1,0,0,0,0,0,0,0,0,12,0
2004,510579,1,1,0,0,0,0,0,0,0,0,0,0
2004,510580,1,1,18,23,17,20,19,15,0,32,36,25
2004,510581,1,1,0,0,0,0,0,0,0,0,0,0
2004,510582,1,1,0,0,0,0,0,0,0,0,0,0
2004,510582,2,1,0,0,0,0,0,0,0,0,0,0
2004,510582,3,1,0,0,0,0,0,0,0,0,0,0
2004,510583,1,1,0,0,0,0,0,0,0,0,0,0
2004,510584,1,1,0,0,0,0,0,0,0,0,0,0
2004,510585,1,1,0,0,5,0,0,0,21,0,0,0
2004,510585,2,1,0,0,0,0,0,0,0,0,0,0
2004,510586,1,1,6,0,0,0,0,0,0,0,0,0
2004,510586,2,1,0,0,23,0,0,13,0,0,0,0
2004,510587,1,1,0,0,0,0,0,0,0,0,0,0
2004,510587,2,1,0,0,0,0,0,0,0,0,0,0
2004,510588,0,1,0,32,0,21,0,0,24,0,0,0
2004,510588,1,1,0,0,0,0,0,0,0,0,0,0
2004,510589,0,1,0,0,0,0,0,0,0,0,0,0
2004,510589,1,1,0,0,0,0,0,0,0,0,0,0
2004,510590,0,1,0,0,18,0,0,7,41,0,0,17
2004,510590,1,1,14,29,19,15,23,10,18,7,20,2
2004,510591,1,1,9,26,19,24,30,30,12,28,10,23
2004,510592,1,1,11,0,0,9,0,0,0,0,12,0
2004,510593,1,1,0,0,0,0,0,0,0,0,0,0
2004,510593,2,1,0,0,0,0,0,0,0,0,0,0
2004,510594,1,1,0,0,0,0,0,0,23,0,0,6
2004,510595,1,1,13,33,21,10,33,46,18,35,30,22
2004,510596,1,1,10,0,14,0,22,10,26,23,14,16
2004,510596,2,1,21,0,0,18,0,0,4,5,21,0
2004,510597,1,1,0,0,0,0,0,0,23,0,0,0
2004,510597,2,1,0,0,0,0,0,0,0,0,0,0
2004,510598,1,1,18,13,29,20,15,12,17,31,18,20
2004,510599,1,1,30,18,16,25,8,31,7,9,20,21
2004,510600,1,1,0,0,0,0,0,0,0,0,0,0
2004,510601,1,1,22,29,23,17,23,22,20,13,0,20
2004,510602,1,1,14,14,28,15,26,20,0,11,26,31
2004,510603,1,1,24,22,13,20,5,16,23,38,13,24
2004,510604,1,1,27,0,0,0,0,0,0,0,0,0
2004,510604,2,1,0,0,0,0,0,0,0,0,0,0
2004,510605,1,1,0,0,0,0,0,0,0,0,0,0
2004,510605,2,1,0,0,0,0,0,0,0,0,0,0
2004,510606,1,1,0,30,0,0,13,0,0,15,0,0
2004,510607,1,1,0,0,0,0,0,22,0,9,0,0
2004,510607,2,1,0,0,0,0,0,0,0,0,0,0
2004,510608,1,1,0,0,0,0,0,0,0,0,0,0
2004,510608,2,1,0,0,0,0,0,0,0,0,0,0
2004,510609,1,1,12,15,18,7,14,17,16,5,11,24
2004,510609,2,1,0,19,0,21,19,7,14,11,9,20
2004,510610,1,1,0,0,0,0,0,0,0,0,0,0
2004,510610,2,1,31,30,10,12,16,12,22,10,5,21
2004,510611,1,1,0,0,0,0,0,0,8,0,0,0
2004,510611,2,1,0,0,0,0,0,0,0,0,0,0
2004,510612,1,1,0,19,12,0,15,16,15,16,3,9
2004,510613,1,1,0,0,0,0,0,0,0,0,0,0
2004,510614,1,1,0,0,0,0,0,0,0,0,0,0
2004,510615,1,1,0,0,0,0,0,0,0,0,0,0
2004,510615,2,1,0,0,0,0,0,0,0,0,0,0
2004,510616,1,1,0,0,0,0,0,0,0,0,13,0
2004,510617,1,1,0,10,17,17,2,18,22,6,3,7
2004,510618,1,1,0,0,0,0,0,0,0,0,0,0
2004,510618,2,1,0,0,0,0,0,0,0,0,0,0
2004,510619,1,1,0,0,0,0,0,0,0,0,0,0
2004,510620,1,1,0,0,0,0,0,0,0,0,0,0
2004,510621,1,1,0,26,0,29,25,8,20,15,18,15
2004,510621,2,1,0,0,0,0,5,8,12,0,23,0
2004,510622,0,1,0,0,0,0,0,0,0,0,0,0
2004,510622,1,1,0,0,0,0,0,0,0,0,0,0
2004,510623,1,1,0,0,0,10,0,0,0,0,0,0
2004,510624,1,1,0,0,0,0,9,0,0,0,0,0
2004,510624,2,1,0,0,0,0,0,0,0,0,0,19
2004,510625,1,1,15,15,0,4,15,17,16,24,0,23
2004,510626,1,1,31,15,35,16,21,25,11,7,24,15
2004,510627,1,1,0,0,11,0,0,0,0,0,0,0
2004,510627,2,1,0,0,0,0,0,0,0,0,0,0
2004,510628,1,1,0,0,0,0,0,0,0,0,0,0
2004,510628,2,1,0,0,0,10,14,0,0,30,20,0
2004,510628,3,1,0,0,0,0,0,0,0,0,0,0
2004,510629,1,1,0,0,0,0,0,0,0,0,0,0
2004,510629,2,1,0,13,0,0,0,0,0,0,0,0
2004,510630,1,1,0,0,0,0,0,0,0,0,0,0
2004,510630,2,1,0,0,0,0,0,0,0,0,0,0
2004,510631,1,1,0,0,3,0,0,0,9,0,0,23
2004,510632,1,1,0,0,0,0,0,8,0,0,0,9
2004,510632,2,1,0,0,0,0,0,0,0,0,0,0
2004,510633,0,1,0,0,0,0,0,0,0,0,0,0
2004,510633,1,1,0,0,0,0,0,0,0,0,0,0
2004,510634,0,1,0,0,0,34,16,3,0,0,0,24
2004,510634,1,1,0,0,0,0,0,0,0,0,0,0
2004,510635,1,1,0,0,0,0,0,0,8,4,0,0
2004,510636,1,1,2,11,23,12,25,14,15,8,20,30
2004,510637,1,1,0,0,0,9,16,0,0,13,0,0
2004,510638,1,1,0,0,0,0,0,0,0,0,0,0
2004,510638,2,1,0,0,0,0,0,0,0,0,0,0
2004,510639,1,1,0,0,0,0,0,0,0,0,0,0
2004,510639,2,1,0,0,0,0,0,0,0,0,0,0
2004,510640,1,1,0,0,0,0,0,0,0,0,0,0
2004,510640,2,1,0,0,0,0,0,0,0,0,0,0
2004,510641,1,1,0,0,0,0,0,0,0,0,0,0
2004,510641,2,1,0,0,0,0,0,0,0,0,0,0
2004,510642,1,1,0,0,0,0,0,0,15,0,0,0
2004,510642,2,1,0,10,0,0,0,0,0,0,0,0
2004,510643,1,1,0,0,0,0,0,0,0,0,0,0
2004,510643,2,1,0,0,0,0,0,0,0,0,0,0
2004,510643,3,1,0,0,0,0,0,0,0,0,0,0
2004,510644,1,1,0,0,0,0,0,0,0,0,0,0
2004,510644,2,1,0,0,0,0,0,0,0,0,0,0
2004,510645,1,1,18,26,21,36,20,22,19,20,15,27
2004,510646,1,1,0,0,0,0,0,0,0,0,0,0
2004,510647,1,1,0,0,0,19,0,18,4,0,0,0
2004,510648,1,1,0,0,0,0,0,0,0,0,0,0
2004,510648,2,1,0,0,0,0,0,0,0,0,0,0
2004,510649,1,1,0,0,0,0,0,0,0,0,0,0
2004,510649,2,1,0,0,0,0,0,0,0,0,0,0
2004,510650,0,1,30,30,30,30,30,30,30,30,30,30
2004,510650,1,1,0,0,0,0,0,0,0,0,0,0
2004,510651,1,1,0,0,0,0,0,0,0,0,0,0
2004,510651,2,1,0,0,0,0,0,0,0,0,0,0
2004,510652,1,1,18,0,7,13,9,12,10,15,19,15
2004,510653,1,1,0,0,0,0,0,0,12,8,0,0
2004,510654,1,1,0,0,0,0,4,0,0,0,0,0
2004,510654,2,1,0,0,0,0,0,0,0,0,0,0
2004,510655,1,1,0,0,0,0,28,0,16,0,0,0
2004,510655,2,1,0,0,0,0,0,0,0,0,0,0
2004,510655,3,1,0,0,0,0,0,0,0,14,0,0
2004,510656,1,1,11,0,0,0,0,0,0,0,0,0
2004,510657,1,1,0,0,0,3,0,0,0,0,0,13
2004,510658,1,1,0,13,0,0,7,0,17,0,11,0
2004,510659,1,1,0,0,0,0,0,0,10,0,0,0
2004,510659,2,1,0,0,0,0,0,0,0,0,0,0
2004,510660,1,1,0,0,0,0,0,0,0,0,5,0
2004,510661,1,1,0,0,0,0,0,0,0,0,0,0
2004,510662,1,1,7,0,0,0,0,0,20,0,0,0
2004,510662,2,1,14,0,0,0,0,0,0,0,0,0
2004,510663,0,1,0,0,0,0,0,0,0,0,0,0
2004,510663,1,1,0,0,0,0,0,0,0,0,0,0
2004,510664,1,1,10,28,15,0,8,21,12,8,23,23
2004,510664,2,1,0,7,0,15,12,0,0,13,10,14
2004,510665,0,1,0,12,0,0,18,0,3,0,14,0
2004,510665,1,1,0,13,0,0,0,0,11,0,0,0
2004,510666,1,1,0,0,0,0,0,0,0,0,0,0
2004,510666,2,1,0,0,0,0,0,0,0,6,0,0
2004,510667,1,1,0,0,0,0,13,0,0,27,11,0
2004,510668,1,1,19,14,19,23,15,0,0,28,0,23
2004,510669,1,1,10,0,0,0,0,0,12,0,0,0
2004,510670,1,1,10,7,15,6,24,22,12,30,19,19
2004,510671,0,1,4,0,29,21,10,0,0,23,0,0
2004,510671,1,1,0,0,0,0,0,0,0,0,0,0
2004,510672,1,1,0,13,16,6,9,17,9,12,15,23
2004,510673,1,1,22,18,19,11,12,9,11,21,0,12
2004,510674,1,1,0,0,0,16,0,19,26,12,0,0
2004,510675,1,1,21,15,30,0,0,11,27,14,0,21
2004,510676,0,1,18,29,8,0,34,0,35,0,12,32
2004,510676,0,2,16,19,16,0,27,15,16,28,27,13
2004,510676,1,1,0,0,0,0,0,0,0,0,0,0
2004,510677,1,1,0,0,0,0,0,0,0,0,0,0
2004,510678,1,1,0,0,0,0,13,0,17,0,24,27
2004,510679,1,1,0,0,0,0,13,0,0,0,0,21
2004,510679,2,1,0,0,0,0,14,0,0,0,0,13
2004,510680,1,1,0,0,0,0,0,0,0,0,0,0
2004,510681,1,1,0,0,0,0,0,0,0,0,0,0
2004,510681,2,1,0,0,0,0,0,0,0,0,0,0
2004,510682,1,1,0,0,0,7,8,0,0,0,0,0
2004,510682,2,1,0,0,0,0,0,0,0,0,0,0
2004,510683,1,1,0,0,0,0,0,0,0,0,0,0
2004,510683,2,1,0,0,12,0,0,0,0,0,0,0
2004,510684,1,1,0,0,0,0,0,0,0,0,0,0
2004,510685,1,1,0,0,0,0,0,0,0,0,0,0
2004,510685,2,1,0,19,0,0,2,0,0,0,0,2
2004,510686,1,1,0,0,0,0,0,0,0,0,0,0
2004,510686,2,1,0,0,0,0,0,0,0,0,0,21
2004,510687,0,1,29,0,17,5,33,0,27,43,5,0
2004,510687,1,1,0,0,0,0,0,0,0,0,0,0
2004,510688,1,1,0,0,0,0,0,0,0,0,0,0
2004,510689,1,1,0,0,0,0,0,0,0,0,0,14
2004,510689,2,1,0,0,20,0,0,0,0,0,0,11
2004,510690,1,1,0,14,0,0,0,7,0,0,0,0
2004,510691,1,1,0,0,0,0,0,0,0,0,26,0
2004,510692,1,1,0,0,0,0,0,0,0,0,0,0
2004,510693,1,1,12,0,0,0,0,10,0,0,0,0
2004,510693,2,1,0,0,0,0,0,0,0,0,0,0
2004,510694,1,1,0,7,0,29,0,15,0,18,0,0
2004,510695,1,1,17,17,17,17,17,17,17,17,17,17
2004,510696,1,1,0,0,4,0,0,0,0,0,0,0
2004,510696,2,1,0,0,0,0,0,0,0,0,0,0
2004,510697,0,1,0,0,0,0,0,0,0,0,0,0
2004,510698,0,1,0,8,0,11,0,17,0,0,21,0
2004,510698,0,2,0,17,0,24,0,0,10,0,0,0
2004,510698,1,1,0,0,0,9,0,0,0,0,0,0
2004,510698,2,1,0,28,20,0,9,15,0,24,19,0
2004,510698,3,1,5,28,20,14,17,0,10,11,12,27
2004,510699,0,1,19,19,19,19,19,19,19,19,19,19
2004,510699,1,1,0,0,0,0,0,0,0,0,0,24
2004,510700,1,1,0,23,12,9,6,9,0,14,0,21
2004,510701,1,1,11,26,0,0,0,0,0,0,0,0
2004,510702,1,1,22,0,0,9,6,13,29,9,14,5
2004,510703,1,1,38,19,0,22,15,12,11,0,25,17
2004,510704,1,1,0,0,0,0,0,0,0,0,0,15
2004,510705,0,1,0,0,0,0,0,0,0,0,0,0
2004,510705,1,1,0,25,0,0,0,0,9,0,0,0
2004,510706,0,1,0,0,0,0,0,0,0,0,0,0
2004,510706,1,1,0,0,0,0,0,0,0,0,0,0
2004,510707,1,2,0,0,0,15,21,0,29,38,18,26
2004,510708,1,1,0,0,0,0,0,23,13,0,0,0
2004,510709,1,1,0,0,0,0,0,0,0,0,0,0
2004,510709,2,1,0,0,0,0,0,0,0,13,0,0
2004,510710,1,1,16,20,48,17,16,15,8,49,20,0
2004,510711,1,1,0,0,0,0,23,0,0,0,0,0
2004,510712,1,1,19,19,19,19,19,19,19,19,19,19
2004,510713,1,1,0,0,0,0,0,0,0,0,0,0
2004,510713,2,1,0,0,0,0,0,0,0,0,0,0
2004,510714,1,1,0,0,0,0,0,0,0,0,0,0
2004,510715,1,1,0,0,0,0,0,0,0,0,0,0
2004,510715,2,1,0,0,0,0,0,0,0,0,0,0
2004,510716,1,1,0,0,0,0,0,0,0,0,0,22
2004,510716,2,1,0,0,0,0,0,0,0,0,0,0
2004,510717,1,1,4,0,0,0,15,0,0,0,0,0
2004,510717,2,1,0,0,0,0,0,0,0,0,0,0
2004,510718,1,1,0,0,0,0,0,0,0,0,0,0
2004,510719,1,1,0,0,11,0,0,0,0,0,0,0
2004,510719,2,1,0,0,0,0,0,0,0,0,0,0
2004,510719,3,1,0,0,0,0,0,0,0,0,0,0
2004,510720,0,1,0,0,0,0,0,0,0,0,0,0
2004,510720,1,1,0,0,0,0,0,0,0,0,0,0
2004,510721,1,1,1,1,1,1,1,1,1,1,1,1
2004,510721,2,1,0,0,0,0,0,0,0,0,0,0
2004,510722,1,1,4,10,9,3,18,0,17,18,2,8
2004,510722,2,1,0,0,0,0,0,0,0,0,0,0
2004,510723,0,1,0,0,0,0,0,9,0,0,0,25
2004,510723,1,1,0,0,0,0,0,0,0,0,0,0
2004,510724,1,1,0,0,0,0,0,0,0,0,0,0
2004,510725,1,1,0,15,6,19,19,24,22,12,12,9
2004,510726,1,1,24,17,28,23,13,21,14,10,14,16
2004,510727,1,1,0,20,19,0,11,29,23,0,24,25
2004,510728,1,1,0,0,0,10,0,0,0,0,23,0
2004,510729,1,1,29,0,0,0,0,20,0,0,0,0
2004,510730,1,1,0,0,0,0,0,0,0,0,0,0
2004,510731,1,1,15,30,21,30,11,16,10,12,27,15
2004,510732,1,1,0,0,0,0,0,0,0,0,0,0
2004,510733,1,1,0,0,0,0,0,0,0,0,0,0
2004,510733,2,1,0,0,0,0,0,0,0,0,0,0
2004,510734,1,1,12,38,4,13,18,14,20,13,9,13
2004,510734,2,1,0,0,23,0,0,0,0,0,0,0
2004,510734,3,1,0,0,0,0,0,0,0,0,0,0
2004,510735,1,1,5,20,0,13,12,19,18,17,19,9
2004,510736,1,1,7,0,6,8,0,14,11,22,14,23
2004,510737,1,1,21,0,0,0,6,15,30,0,15,0
2004,510738,1,1,0,0,0,0,0,0,0,0,0,0
2004,510738,2,1,0,0,0,0,0,0,0,0,0,0
2004,510739,1,1,0,0,0,0,0,0,0,0,0,0
2004,510739,2,1,0,0,0,0,0,0,0,0,0,0
2004,510740,1,1,0,0,0,0,0,0,0,0,0,0
2004,510740,2,1,0,0,0,0,0,0,0,0,0,0
2004,510741,1,1,0,0,0,0,0,0,0,0,0,0
2004,510742,1,1,0,0,0,0,0,0,0,0,0,0
2004,510742,2,1,0,0,0,0,0,0,0,0,0,0
2004,510743,1,1,10,9,16,0,0,3,4,17,26,21
2004,510743,2,1,0,0,0,0,0,0,0,0,0,0
2004,510744,1,1,0,31,9,0,0,12,11,0,17,7
2004,510744,2,1,0,0,0,0,0,0,0,18,0,0
2004,510745,1,1,0,0,0,14,0,0,0,0,6,23
2004,510746,1,1,0,0,0,0,0,0,0,0,0,0
2004,510747,0,1,0,30,0,0,0,15,0,0,12,0
2004,510747,1,1,8,0,0,0,0,0,17,10,0,0
2004,510748,1,1,0,0,0,0,0,0,0,0,0,0
2004,510748,2,1,0,0,0,0,0,0,0,0,0,0
2004,510749,1,1,0,0,0,0,5,0,0,0,0,7
2004,510750,1,1,1,1,1,1,1,1,1,1,1,1
2004,510750,2,1,0,0,0,0,0,0,0,0,0,0
2004,510751,1,1,0,0,0,0,0,0,0,0,0,0
2004,510751,2,1,0,0,0,0,0,0,0,0,0,0
2004,510751,3,1,0,0,0,0,0,0,0,0,0,0
2004,510752,1,1,32,0,14,0,0,25,0,0,0,23
2004,510753,1,1,0,0,0,0,0,0,0,0,0,20
2004,510754,1,1,0,0,0,0,0,0,0,0,0,0
2004,510755,1,1,33,0,0,0,0,0,0,0,0,0
2004,510756,1,1,0,0,0,0,0,0,0,0,0,0
2004,510757,1,1,13,0,32,10,0,0,0,0,15,0
2004,510758,0,1,0,0,0,0,15,0,0,0,0,0
2004,510758,1,1,0,0,0,0,0,0,0,0,0,0
2004,510759,0,1,0,0,0,0,0,0,0,0,0,0
2004,510759,1,1,0,0,0,0,0,0,0,0,0,0
2004,510760,1,1,0,0,0,0,0,0,0,0,0,0
2004,510761,0,1,0,0,13,0,0,0,0,0,0,0
2004,510761,1,1,17,0,0,7,0,0,0,0,0,0
2004,510762,1,1,0,0,0,0,0,0,0,0,0,0
2004,510762,2,1,0,0,0,0,0,0,18,0,0,0
2004,510763,1,1,20,11,21,19,11,12,12,23,23,17
2004,510763,2,1,0,0,0,0,0,0,0,0,0,0
2004,510764,1,1,0,0,0,0,0,0,0,0,0,0
2004,510764,2,1,0,0,0,0,0,0,0,0,0,0
2004,510764,3,1,0,0,0,0,0,0,0,0,0,0
2004,510764,4,1,0,0,0,0,0,0,0,0,0,0
2004,510765,1,1,7,0,0,0,0,0,0,0,0,0
2004,510766,1,1,21,27,32,9,13,15,13,20,23,29
2004,510767,0,1,21,21,21,21,21,21,21,21,21,21
2004,510767,1,1,0,0,0,0,0,0,0,0,0,0
2004,510768,1,1,0,0,0,0,0,0,5,0,0,0
2004,510768,2,1,0,0,0,0,0,0,0,0,0,0
2004,510769,1,1,17,17,17,17,17,17,17,17,17,17
2004,510770,1,1,0,0,0,0,0,0,0,0,0,0
2004,510770,2,1,0,0,0,0,0,0,0,0,0,0
2004,510771,1,1,16,5,19,10,0,24,13,9,18,29
2004,510771,2,1,0,0,0,0,0,0,0,0,0,0
2004,510772,1,1,0,0,0,0,24,0,0,0,0,0
2004,510772,2,1,0,7,10,9,0,8,0,6,8,9
2004,510772,3,1,0,0,0,0,0,0,0,0,0,0
2004,510773,1,1,7,0,0,19,0,0,0,0,0,0
2004,510774,1,1,0,14,0,0,18,10,17,6,0,7
2004,510775,1,1,0,0,0,0,0,0,0,0,0,26
2004,510776,1,1,24,14,6,0,0,17,0,8,0,17
2004,510777,1,1,0,0,0,0,0,0,0,0,0,0
2004,510778,1,1,12,0,0,0,0,0,0,0,0,0
2004,510779,1,1,17,18,0,18,9,20,24,25,17,13
2004,510779,2,1,0,0,0,0,0,0,0,0,0,0
2004,510780,1,1,0,0,0,0,0,0,0,0,0,0
2004,510780,2,1,0,0,0,0,0,0,0,0,0,11
2004,510781,1,1,0,0,0,0,0,0,0,0,0,10
2004,510781,2,1,10,16,8,14,16,7,0,20,15,9
2004,510782,1,1,0,0,0,0,0,0,0,0,0,13
2004,510782,2,1,0,0,0,0,0,0,0,0,0,0
2004,510783,1,1,0,0,0,0,0,0,0,0,0,0
2004,510783,2,1,0,0,0,19,0,0,0,0,0,0
2004,510783,3,1,0,0,0,0,0,0,0,0,0,0
2004,510783,4,1,0,0,0,0,0,0,0,0,0,0
2004,510784,1,1,0,0,0,0,0,0,0,0,0,0
2004,510784,2,1,0,0,0,0,0,0,0,0,0,0
2004,510784,3,1,7,0,0,0,0,0,0,0,0,0
2004,510785,1,1,0,0,0,0,0,0,0,0,0,0
2004,510785,2,1,0,0,0,0,0,0,12,0,0,0
2004,510786,1,1,0,0,0,0,0,0,0,0,0,0
2004,510786,2,1,0,0,0,0,0,0,0,0,0,0
2004,510787,1,1,4,12,0,0,0,0,0,8,0,0
2004,510788,1,1,14,8,18,5,26,22,11,12,13,18
2004,510788,2,1,0,6,16,0,9,21,11,2,9,9
2004,510789,0,1,27,25,29,39,21,32,29,0,16,0
2004,510789,1,1,0,0,0,0,0,0,0,0,0,20
2004,510790,1,1,0,0,0,0,0,0,0,13,0,0
2004,510790,2,1,0,0,0,0,0,0,0,0,0,0
2004,510791,1,1,0,0,0,0,0,0,0,0,19,0
2004,510792,1,1,0,0,0,0,0,0,0,0,0,20
2004,510793,1,1,18,16,15,6,13,18,15,21,8,5
2004,510794,1,1,0,0,0,21,0,0,0,20,0,0
2004,510795,0,1,24,24,24,24,24,24,24,24,24,24
2004,510795,1,1,0,0,0,25,0,0,0,0,0,11
2004,510796,1,1,0,0,0,0,0,0,0,0,0,0
2004,510796,2,1,0,0,0,0,0,0,0,0,0,0
2004,510797,1,1,0,0,14,0,19,0,0,0,0,0
2004,510797,2,1,0,0,0,43,22,0,11,0,13,0
2004,510798,1,1,0,0,0,0,0,0,0,0,0,0
2004,510798,2,1,0,0,0,0,0,0,0,0,0,0
2004,510799,0,1,7,44,24,0,0,38,0,19,0,0
2004,510799,1,1,0,12,0,0,0,0,0,0,0,0
2004,510800,1,1,9,22,9,6,17,33,0,2,10,21
2004,510801,1,1,0,11,10,14,14,9,16,3,0,21
2004,510801,2,1,0,0,8,7,0,13,6,26,9,14
2004,510802,1,1,0,0,0,0,0,0,0,0,0,0
2004,510803,1,1,0,0,0,0,0,0,0,0,0,0
2004,510803,2,1,0,0,0,0,0,0,0,0,0,0
2004,510804,1,1,0,0,0,0,0,0,0,0,0,0
2004,510804,2,1,0,19,0,0,0,0,0,0,0,0
2004,510805,1,1,0,0,0,0,0,0,0,0,0,0
2004,510805,2,1,0,0,0,0,0,9,0,19,0,0
2004,510806,1,1,0,0,0,7,0,0,0,0,0,0
2004,510806,2,1,20,14,3,11,0,9,17,6,14,0
2004,510807,1,1,0,0,0,0,0,0,0,0,0,0
2004,510808,1,1,0,0,0,0,0,0,0,0,10,0
2004,510809,1,1,0,0,0,0,0,0,0,0,0,0
2004,510809,2,1,0,0,0,0,0,0,0,0,0,0
2004,510810,1,1,0,0,0,0,0,0,0,0,0,0
2004,510811,1,1,0,0,0,0,0,0,0,0,0,0
2004,510811,2,1,0,0,0,0,0,0,0,0,0,0
2004,510812,1,1,0,0,0,0,0,0,0,0,0,0
2004,510812,2,1,0,0,0,0,0,0,0,0,0,0
2004,510813,0,1,0,0,0,0,0,0,0,0,0,0
2004,510813,1,1,0,0,0,0,0,0,0,0,0,0
2004,510814,1,1,0,0,0,0,0,0,0,0,0,0
2004,510814,2,1,0,0,0,0,0,0,0,0,0,0
2004,510815,1,1,13,21,41,4,10,13,9,23,14,10
2004,510816,1,1,0,0,0,0,0,0,0,0,0,0
2004,510817,1,1,12,7,35,22,20,33,36,0,7,13
2004,510817,2,1,0,0,0,0,0,0,0,0,0,0
2004,510818,1,1,16,18,26,17,27,16,22,24,23,15
2004,510819,1,1,0,0,0,0,0,0,0,0,0,0
2004,510819,2,1,0,0,0,0,0,0,0,0,0,0
2004,510820,1,1,0,0,0,0,0,0,12,16,0,0
2004,510821,1,1,0,0,0,0,0,0,0,0,0,0
2004,510821,2,1,0,0,14,0,0,0,0,0,0,0
2004,510822,1,1,0,0,0,0,0,0,0,0,0,0
2004,510822,2,1,0,0,0,0,0,0,0,0,0,0
2004,510822,3,1,0,0,0,0,0,0,0,0,0,0
2004,510823,1,1,41,26,18,26,24,22,20,28,10,9
2004,510824,1,1,0,0,0,0,0,0,0,0,0,0
2004,510824,2,1,0,0,0,0,0,0,0,0,0,0
2004,510825,1,1,10,13,18,28,17,22,9,13,18,0
2004,510825,2,1,6,0,0,0,0,0,0,0,0,0
2004,510826,1,1,22,22,22,22,22,22,22,22,22,22
2004,510827,0,1,14,23,0,0,0,46,25,0,17,17
2004,510827,1,1,0,0,0,0,0,0,0,0,0,0
2004,510828,1,1,0,0,0,0,0,0,0,0,0,0
2004,510828,2,1,0,0,0,0,0,0,0,0,0,0
2004,510828,3,1,0,0,0,0,0,0,0,0,0,0
2004,510829,1,1,6,13,20,17,0,14,9,0,22,16
2004,510830,1,1,0,0,0,0,0,0,0,0,0,0
2004,510830,2,1,0,9,0,0,0,28,0,11,12,0
2004,510830,3,1,0,14,0,0,0,0,0,0,5,0
2004,510831,1,1,1,1,1,1,1,1,1,1,1,1
2004,510832,1,1,0,14,0,41,0,0,15,27,0,15
2004,510833,1,1,14,14,14,14,14,14,14,14,14,14
2004,510833,2,1,0,0,0,0,0,0,0,0,0,0
2004,510834,1,1,15,15,15,15,15,15,15,15,15,15
2004,510835,1,1,0,0,0,0,0,0,0,0,0,0
2004,510835,2,1,0,16,15,0,0,0,0,0,9,0
2004,510836,1,1,30,0,0,0,0,0,0,0,0,0
2004,510837,1,1,0,0,0,0,0,0,0,0,0,0
2004,510838,0,1,0,0,0,0,0,3,0,0,0,0
2004,510838,1,1,0,0,0,0,0,24,0,0,0,0
2004,510839,1,1,22,12,13,19,32,17,14,24,31,29
2004,510840,0,1,13,21,0,0,22,43,20,10,23,21
2004,510840,1,1,23,15,31,20,15,27,10,19,14,0
2004,510841,1,1,32,24,18,22,14,22,17,52,17,18
2004,510842,0,1,0,0,0,0,0,0,0,0,0,0
2004,510842,1,1,0,20,0,0,0,0,0,0,0,0
2004,530001,1,1,15,15,15,15,15,15,15,15,15,15
2004,530002,1,1,0,0,0,0,0,0,0,0,0,0
2004,530003,0,1,0,0,0,0,0,0,0,0,0,0
2004,530003,1,1,0,0,0,0,0,0,0,0,0,0
2004,530004,1,1,0,0,0,0,0,0,0,0,0,0
2004,530004,2,1,0,0,0,0,0,0,0,0,0,0
2004,530005,1,1,21,21,21,21,21,21,21,21,21,21
2004,530006,1,1,0,0,0,0,0,0,0,0,0,0
2004,530007,1,1,0,0,0,0,0,0,0,0,0,0
2004,530007,2,1,0,0,0,0,0,0,0,0,0,0
2004,530008,1,1,0,0,0,0,19,19,0,0,12,15
2004,530009,1,1,0,0,0,0,0,0,0,0,0,0
2004,530010,0,1,0,0,0,0,0,0,0,0,0,0
2004,530010,0,2,0,0,0,0,0,0,0,0,0,0
2004,530010,1,1,0,0,0,0,0,0,0,0,0,0
2004,530011,1,1,13,13,13,13,13,13,13,13,13,13
2004,530012,1,1,0,0,0,0,0,0,0,0,0,0
2004,530013,1,1,31,31,31,31,31,31,31,31,31,31
2004,530014,1,1,18,18,18,18,18,18,18,18,18,18
2004,530014,2,1,0,0,0,0,0,0,0,0,0,0
2004,530015,1,1,0,0,0,0,21,0,0,0,0,0
2004,530016,1,1,26,26,26,26,26,26,26,26,26,26
2004,530016,2,1,11,11,11,11,11,11,11,11,11,11
2004,530017,1,1,23,23,23,23,23,23,23,23,23,23
2004,530018,1,1,0,0,0,0,0,0,0,0,0,0