YEAR,ST_CASE,veh_no,per_no,P1,P2,P3,P4,P5,P6,P7,P8,P9,P10
2004,530019,1,1,28,28,28,28,28,28,28,28,28,28
2004,530019,2,1,0,0,0,0,0,0,0,0,0,0
2004,530020,1,1,0,0,0,0,0,0,0,0,0,0
2004,530020,2,1,0,0,0,0,0,0,0,0,0,0
2004,530021,1,1,5,5,5,5,5,5,5,5,5,5
2004,530021,2,1,0,0,0,0,0,0,0,0,0,0
2004,530022,1,1,0,0,0,0,0,0,0,0,0,0
2004,530023,1,1,0,0,0,0,0,0,0,0,0,0
2004,530024,1,1,0,0,0,0,0,0,0,0,0,0
2004,530025,1,1,12,12,12,12,12,12,12,12,12,12
2004,530025,2,1,0,0,0,0,0,0,0,0,0,0
2004,530026,1,1,0,0,0,0,0,0,0,0,0,0
2004,530026,2,1,0,0,0,0,0,0,0,0,0,0
2004,530027,1,1,0,0,0,0,0,0,0,0,0,0
2004,530027,2,1,0,0,0,0,0,0,0,0,0,0
2004,530028,1,1,0,0,0,0,0,0,0,0,0,0
2004,530028,2,1,0,0,0,0,0,0,0,0,0,0
2004,530029,1,1,0,0,0,0,0,0,0,0,0,0
2004,530029,2,1,0,0,0,0,0,0,0,0,0,0
2004,530030,0,1,7,32,0,39,7,19,7,12,19,0
2004,530030,1,1,0,0,0,0,0,0,0,0,0,0
2004,530031,1,1,8,8,8,8,8,8,8,8,8,8
2004,530031,2,1,0,0,0,0,0,0,0,0,0,0
2004,530031,3,1,0,0,0,0,0,0,0,0,0,0
2004,530031,4,1,0,0,0,0,0,0,0,0,0,0
2004,530032,1,1,0,0,0,0,0,0,0,0,0,0
2004,530032,2,1,0,0,0,0,0,0,0,0,0,0
2004,530033,1,1,0,0,0,0,0,0,0,0,0,0
2004,530034,1,1,0,0,0,0,0,0,0,0,0,0
2004,530034,2,1,0,0,0,0,0,0,0,0,0,0
2004,530035,1,1,0,0,0,0,0,0,0,0,0,0
2004,530035,2,1,0,0,0,0,0,0,0,0,0,0
2004,530036,1,1,0,0,0,0,0,0,0,0,0,0
2004,530036,2,1,15,0,0,0,0,0,0,0,0,0
2004,530037,1,1,0,0,0,0,0,0,0,0,0,0
2004,530037,2,1,0,0,0,0,0,0,0,0,0,0
2004,530037,3,1,0,0,0,0,0,0,0,0,0,0
2004,530038,1,1,0,0,0,0,0,0,0,0,0,0
2004,530038,2,1,0,0,0,0,0,0,0,0,0,0
2004,530039,1,1,0,0,0,0,0,0,0,0,0,0
2004,530040,1,1,2,2,2,2,2,2,2,2,2,2
2004,530040,2,1,0,0,13,0,0,0,0,0,0,0
2004,530041,1,1,22,22,22,22,22,22,22,22,22,22
2004,530042,0,1,0,0,0,0,0,0,0,0,0,0
2004,530042,1,1,0,0,0,22,0,0,0,0,0,0
2004,530043,0,1,0,0,0,0,0,0,0,0,0,0
2004,530044,1,1,0,0,0,0,0,0,0,0,0,0
2004,530045,1,1,0,0,0,0,0,0,0,0,0,0
2004,530045,2,1,0,0,0,0,0,0,0,0,0,0
2004,530046,1,1,26,26,26,26,26,26,26,26,26,26
2004,530047,1,1,0,0,0,0,0,0,0,0,0,0
2004,530049,1,1,26,26,26,26,26,26,26,26,26,26
2004,530050,1,1,16,16,16,16,16,16,16,16,16,16
2004,530050,2,1,0,0,0,0,0,0,0,0,0,0
2004,530051,1,1,0,0,0,0,0,0,0,0,0,0
2004,530052,1,1,0,0,0,0,0,0,0,0,0,0
2004,530053,1,1,0,0,0,10,0,0,5,0,0,0
2004,530053,2,1,0,0,0,0,0,0,0,0,0,0
2004,530054,1,1,0,0,0,0,0,0,0,0,0,0
2004,530055,1,1,0,0,0,0,0,0,11,0,23,0
2004,530055,2,1,0,0,0,0,0,0,0,0,0,0
2004,530056,1,1,10,10,10,10,10,10,10,10,10,10
2004,530057,0,1,44,44,44,44,44,44,44,44,44,44
2004,530057,1,1,8,8,8,8,8,8,8,8,8,8
2004,530058,1,1,0,0,0,0,0,9,0,0,0,0
2004,530058,2,1,19,19,19,19,19,19,19,19,19,19
2004,530059,1,1,0,0,0,0,0,0,0,0,0,0
2004,530059,2,1,0,0,0,0,0,0,0,0,0,0
2004,530060,1,1,19,19,19,19,19,19,19,19,19,19
2004,530061,0,1,0,0,0,0,0,0,0,0,0,0
2004,530061,1,1,0,0,0,0,0,0,0,0,0,0
2004,530062,1,1,0,0,0,0,0,0,0,0,0,0
2004,530062,2,1,0,0,0,0,0,0,0,0,0,0
2004,530063,1,1,0,0,0,0,0,0,0,0,0,0
2004,530064,1,1,0,0,0,0,0,0,0,0,0,0
2004,530064,2,1,0,0,18,0,0,0,0,23,0,0
2004,530065,1,1,22,22,22,22,22,22,22,22,22,22
2004,530066,1,1,10,10,10,10,10,10,10,10,10,10
2004,530067,1,1,0,0,0,0,0,0,0,0,0,0
2004,530067,2,1,0,0,0,0,0,0,0,0,0,0
2004,530068,1,1,12,12,12,12,12,12,12,12,12,12
2004,530069,0,1,27,27,27,27,27,27,27,27,27,27
2004,530069,1,1,0,0,0,0,0,0,0,0,0,0
2004,530070,0,1,0,0,0,0,0,0,0,0,0,0
2004,530070,1,1,0,0,0,0,0,0,0,0,0,0
2004,530070,2,1,0,0,0,0,0,0,0,0,0,0
2004,530071,1,1,0,0,0,0,0,0,0,0,0,0
2004,530071,2,1,0,0,0,0,0,0,0,0,0,0
2004,530072,1,1,0,0,0,0,0,0,0,0,0,0
2004,530072,2,1,0,0,0,0,0,0,0,0,0,0
2004,530073,1,1,0,0,0,0,0,0,0,0,0,0
2004,530073,2,1,0,0,0,0,0,0,0,0,0,0
2004,530073,3,1,0,0,0,0,0,0,0,0,0,0
2004,530073,4,1,0,0,0,0,0,0,0,0,0,0
2004,530074,1,1,0,0,0,0,0,0,0,0,0,0
2004,530074,2,1,0,0,0,0,0,0,0,0,0,0
2004,530074,3,1,0,0,0,0,0,0,0,0,0,0
2004,530075,1,1,19,19,19,19,19,19,19,19,19,19
2004,530076,1,1,0,0,0,0,0,0,0,0,0,0
2004,530077,1,1,0,0,0,0,0,0,0,0,0,0
2004,530077,2,1,0,0,0,0,0,0,0,0,0,0
2004,530078,1,1,0,0,0,0,0,0,0,0,0,0
2004,530078,2,1,0,0,0,0,0,0,0,0,0,0
2004,530079,1,1,0,0,0,0,0,0,0,0,0,0
2004,530079,2,1,0,0,0,0,0,0,0,0,0,0
2004,530080,1,1,0,0,0,0,0,0,0,0,0,0
2004,530080,2,1,0,0,0,0,0,0,0,0,0,0
2004,530080,3,1,0,0,0,0,0,0,0,0,0,0
2004,530081,1,1,14,14,14,14,14,14,14,14,14,14
2004,530082,1,1,0,0,0,0,0,0,0,0,0,0
2004,530082,2,1,0,0,0,0,0,0,0,0,0,0
2004,530083,1,1,21,21,21,21,21,21,21,21,21,21
2004,530084,1,1,20,20,20,20,20,20,20,20,20,20
2004,530084,2,1,0,0,0,0,0,0,0,0,0,0
2004,530085,0,1,0,0,0,0,0,0,0,0,0,0
2004,530085,1,1,18,18,18,18,18,18,18,18,18,18
2004,530086,1,1,22,22,22,22,22,22,22,22,22,22
2004,530086,2,1,0,0,0,0,0,0,0,0,0,0
2004,530087,1,1,0,0,0,0,0,0,0,0,0,0
2004,530087,2,1,0,0,0,0,0,0,0,0,0,0
2004,530088,0,1,0,0,0,0,0,0,0,0,0,0
2004,530088,1,1,0,0,0,0,0,0,0,0,0,0
2004,530089,1,1,0,0,0,0,0,0,0,0,0,0
2004,530090,1,1,16,16,16,16,16,16,16,16,16,16
2004,530091,1,1,20,20,20,20,20,20,20,20,20,20
2004,530092,1,1,0,0,0,0,0,0,9,0,0,0
2004,530093,0,1,28,28,28,28,28,28,28,28,28,28
2004,530093,1,1,0,0,0,0,0,0,0,0,0,0
2004,530094,1,1,0,0,0,0,0,0,0,0,0,0
2004,530095,1,1,24,24,24,24,24,24,24,24,24,24
2004,530096,1,1,0,0,0,0,0,0,0,0,0,5
2004,530096,2,1,0,0,0,0,7,0,0,0,0,0
2004,530097,1,1,23,0,8,0,0,0,0,0,0,7
2004,530097,2,1,0,0,0,0,0,0,0,0,0,0
2004,530098,1,1,0,0,0,0,0,0,0,0,0,0
2004,530098,2,1,0,33,0,0,0,0,0,0,0,0
2004,530099,1,1,24,24,24,24,24,24,24,24,24,24
2004,530100,1,1,20,20,20,20,20,20,20,20,20,20
2004,530100,2,1,0,0,0,0,0,0,0,0,0,0
2004,530101,1,1,0,0,0,0,0,0,0,0,0,0
2004,530102,1,1,16,16,16,16,16,16,16,16,16,16
2004,530103,1,1,0,0,0,0,0,0,0,0,0,0
2004,530103,2,1,0,13,0,0,0,0,0,0,0,0
2004,530104,1,1,22,22,22,22,22,22,22,22,22,22
2004,530104,2,1,0,0,0,0,0,0,0,0,0,0
2004,530104,3,1,0,0,0,0,0,0,0,0,0,0
2004,530104,4,1,0,0,0,0,0,0,0,0,0,0
2004,530104,5,1,0,0,11,0,0,0,0,0,8,0
2004,530105,1,1,0,0,0,0,0,0,0,0,0,0
2004,530106,1,1,3,3,3,3,3,3,3,3,3,3
2004,530106,2,1,0,0,0,0,0,0,0,0,0,0
2004,530107,1,1,23,23,23,23,23,23,23,23,23,23
2004,530108,1,1,28,28,28,28,28,28,28,28,28,28
2004,530109,1,1,0,0,0,0,0,0,0,0,0,0
2004,530110,1,1,20,20,20,20,20,20,20,20,20,20
2004,530111,1,1,0,0,0,0,0,0,0,0,0,0
2004,530112,1,1,0,0,0,0,0,0,0,0,0,0
2004,530113,1,1,8,8,8,8,8,8,8,8,8,8
2004,530114,1,1,0,0,0,0,0,0,0,0,0,0
2004,530115,1,1,0,0,0,0,0,0,0,0,0,0
2004,530115,2,1,20,0,22,0,0,0,0,9,0,0
2004,530116,1,1,0,0,0,0,0,0,16,0,0,0
2004,530116,2,1,0,0,0,0,0,0,0,0,0,0
2004,530117,1,1,0,0,0,0,0,0,0,0,0,0
2004,530117,2,1,0,0,0,0,0,0,0,0,17,35
2004,530118,0,1,7,0,26,26,26,0,12,0,0,0
2004,530118,1,1,4,16,18,23,14,11,8,10,3,18
2004,530119,1,1,0,0,0,0,0,0,0,0,0,0
2004,530120,1,1,0,0,6,0,0,0,5,0,0,0
2004,530120,2,1,8,8,8,8,8,8,8,8,8,8
2004,530121,1,1,12,12,12,12,12,12,12,12,12,12
2004,530122,1,1,0,0,0,0,0,0,0,0,0,0
2004,530122,2,1,0,0,0,0,0,0,0,0,0,0
2004,530123,1,1,0,0,0,0,0,0,0,0,9,0
2004,530123,2,1,4,4,4,4,4,4,4,4,4,4
2004,530124,1,1,39,39,39,39,39,39,39,39,39,39
2004,530125,1,1,0,0,0,0,0,0,0,0,0,0
2004,530126,1,1,0,0,0,0,0,0,0,0,0,0
2004,530126,2,1,0,0,0,0,0,0,0,0,0,0
2004,530127,1,1,0,0,0,0,0,0,0,0,0,0
2004,530128,1,1,0,0,0,0,0,0,0,0,0,0
2004,530128,2,1,0,0,16,0,0,0,0,0,0,0
2004,530129,1,1,0,0,0,0,0,0,0,13,6,0
2004,530130,1,1,16,16,16,16,16,16,16,16,16,16
2004,530130,2,1,0,0,0,0,0,0,0,0,0,0
2004,530130,3,1,0,0,18,0,19,20,0,0,0,0
2004,530131,1,1,0,0,0,0,0,0,0,0,0,0
2004,530132,1,1,23,23,23,23,23,23,23,23,23,23
2004,530133,1,1,0,0,0,0,0,0,0,0,0,0
2004,530133,2,1,0,0,0,0,0,0,0,0,4,0
2004,530134,1,1,10,10,10,10,10,10,10,10,10,10
2004,530135,1,1,0,0,0,0,0,0,0,0,0,0
2004,530135,2,1,0,0,0,0,0,0,0,0,0,0
2004,530136,1,1,13,17,0,0,22,11,0,9,0,0
2004,530136,2,1,1,1,1,1,1,1,1,1,1,1
2004,530137,1,1,13,13,13,13,13,13,13,13,13,13
2004,530138,1,1,0,0,0,0,0,0,0,0,0,0
2004,530139,1,1,0,0,0,0,0,0,0,0,0,0
2004,530139,2,1,0,0,0,0,0,0,0,0,0,0
2004,530140,0,1,0,0,0,0,0,0,0,0,0,0
2004,530140,2,1,0,0,0,0,0,0,0,0,0,0
2004,530140,3,1,0,0,0,0,0,0,0,0,0,0
2004,530140,4,1,0,0,0,0,0,0,0,0,0,0
2004,530141,1,1,0,0,0,0,0,0,0,0,0,0
2004,530141,2,1,0,0,0,0,0,0,0,0,0,4
2004,530142,1,1,0,0,0,3,0,0,0,0,0,0
2004,530142,2,1,0,0,0,0,0,0,0,0,0,0
2004,530143,1,1,0,0,0,0,0,0,0,0,0,0
2004,530143,2,1,0,0,0,0,0,0,0,0,0,0
2004,530144,1,1,0,0,0,0,0,0,0,0,0,0
2004,530144,2,1,0,0,0,0,0,0,0,0,0,0
2004,530145,1,1,8,8,8,8,8,8,8,8,8,8
2004,530145,2,1,0,0,0,0,0,0,0,0,0,0
2004,530145,3,1,0,0,0,0,0,11,0,0,0,0
2004,530146,1,1,18,18,18,18,18,18,18,18,18,18
2004,530147,1,1,0,0,0,0,0,0,0,0,0,0
2004,530147,2,1,0,0,0,0,0,0,0,0,0,0
2004,530148,0,1,0,0,0,0,0,0,0,0,0,0
2004,530148,1,1,0,0,0,0,0,0,0,0,0,0
2004,530149,1,1,0,0,0,0,0,0,0,0,0,0
2004,530149,2,1,0,0,0,0,0,0,0,0,0,0
2004,530150,1,1,4,4,4,4,4,4,4,4,4,4
2004,530151,1,1,0,0,0,0,0,0,0,0,0,0
2004,530151,2,1,0,0,0,0,0,0,0,0,0,0
2004,530152,1,1,11,11,11,11,11,11,11,11,11,11
2004,530153,1,1,0,0,0,0,0,0,0,0,0,0
2004,530154,1,1,5,5,5,5,5,5,5,5,5,5
2004,530155,1,1,16,16,16,16,16,16,16,16,16,16
2004,530156,1,1,0,0,0,0,0,0,0,0,0,0
2004,530157,1,1,0,0,0,0,0,0,0,0,0,0
2004,530158,1,1,0,0,0,0,0,0,0,0,0,0
2004,530158,2,1,0,0,0,0,0,0,0,0,0,0
2004,530158,3,1,0,0,0,0,0,0,0,0,0,0
2004,530159,0,1,27,27,27,27,27,27,27,27,27,27
2004,530159,1,1,0,0,0,0,0,19,0,0,0,27
2004,530160,1,1,0,0,0,0,0,0,0,0,0,0
2004,530161,1,1,19,19,19,19,19,19,19,19,19,19
2004,530162,1,1,0,0,0,0,0,0,0,0,0,0
2004,530162,2,1,0,0,0,0,13,0,0,0,0,0
2004,530163,1,1,0,0,0,0,0,0,0,0,0,0
2004,530163,2,1,0,0,0,0,0,0,0,0,0,0
2004,530163,3,1,0,0,0,0,0,12,0,0,0,0
2004,530164,1,1,20,20,20,20,20,20,20,20,20,20
2004,530164,2,1,0,0,0,0,0,0,0,0,0,0
2004,530165,1,1,0,0,0,0,0,0,0,0,0,0
2004,530166,1,1,0,0,0,0,0,0,0,0,0,0
2004,530166,2,1,0,0,0,0,0,0,0,0,0,0
2004,530167,1,1,4,4,4,4,4,4,4,4,4,4
2004,530168,1,1,0,0,0,0,0,0,0,0,0,0
2004,530168,2,1,0,0,0,0,0,0,0,0,0,0
2004,530169,1,1,0,0,0,0,0,0,0,0,0,0
2004,530170,1,1,0,0,0,0,0,0,0,0,0,0
2004,530170,2,1,0,0,0,0,0,0,0,0,0,0
2004,530171,1,1,0,0,0,0,0,0,0,0,0,0
2004,530171,2,1,0,0,0,0,0,0,0,0,0,0
2004,530172,1,1,0,0,0,0,0,0,0,0,0,0
2004,530172,2,1,0,0,0,0,0,0,0,0,0,0
2004,530173,1,1,0,0,0,0,0,0,0,0,0,0
2004,530173,2,1,0,0,0,0,0,0,0,0,0,0
2004,530174,1,1,0,0,0,0,0,0,0,0,0,0
2004,530175,1,1,0,0,0,0,0,0,0,0,0,0
2004,530176,1,1,24,24,24,24,24,24,24,24,24,24
2004,530176,2,1,0,0,0,0,0,0,0,0,8,0
2004,530177,1,1,25,25,25,25,25,25,25,25,25,25
2004,530178,1,1,0,0,0,0,0,0,0,0,0,0
2004,530179,1,1,8,8,8,8,8,8,8,8,8,8
2004,530180,1,1,0,0,0,0,0,0,0,0,0,0
2004,530180,2,1,0,0,0,0,0,0,0,0,0,0
2004,530182,0,1,25,25,25,25,25,25,25,25,25,25
2004,530182,1,1,0,0,0,0,0,0,0,0,0,0
2004,530183,1,1,19,19,19,19,19,19,19,19,19,19
2004,530184,1,1,0,0,0,14,0,0,5,0,0,0
2004,530185,1,1,0,0,0,0,0,0,0,0,0,0
2004,530186,0,1,0,0,0,0,0,0,0,0,0,0
2004,530186,1,1,0,0,0,11,18,0,1,0,0,13
2004,530187,1,1,20,20,20,20,20,20,20,20,20,20
2004,530188,1,1,0,0,0,0,0,0,0,0,0,0
2004,530188,2,1,0,0,0,0,0,0,0,0,0,0
2004,530189,1,1,9,9,9,9,9,9,9,9,9,9
2004,530190,1,1,15,15,15,15,15,15,15,15,15,15
2004,530191,1,1,0,0,0,0,0,0,0,0,0,0
2004,530191,2,1,0,0,0,0,0,0,0,0,0,0
2004,530192,1,1,23,23,23,23,23,23,23,23,23,23
2004,530193,1,1,0,0,0,0,0,0,0,0,0,0
2004,530193,2,1,0,0,0,0,0,0,0,0,0,0
2004,530194,1,1,0,0,0,0,0,0,0,0,0,0
2004,530195,1,1,28,28,28,28,28,28,28,28,28,28
2004,530196,1,1,20,20,20,20,20,20,20,20,20,20
2004,530197,1,1,0,27,12,15,30,19,15,19,30,27
2004,530199,1,1,0,0,0,0,0,0,0,0,0,0
2004,530199,2,1,0,0,0,11,0,0,0,0,0,0
2004,530200,0,1,27,0,11,0,12,8,0,0,8,0
2004,530200,1,1,0,0,0,0,0,0,22,0,0,0
2004,530201,0,1,12,12,12,12,12,12,12,12,12,12
2004,530201,1,1,0,0,0,0,0,0,0,19,0,0
2004,530202,1,1,0,0,0,0,0,0,0,0,0,0
2004,530202,2,1,0,0,0,0,0,0,0,28,0,23
2004,530203,0,1,0,0,0,0,0,0,0,0,0,0
2004,530203,1,1,0,0,8,0,0,0,0,11,0,0
2004,530205,1,1,0,0,0,0,0,0,0,0,0,0
2004,530206,1,1,1,1,1,1,1,1,1,1,1,1
2004,530207,1,1,16,16,16,16,16,16,16,16,16,16
2004,530208,1,1,0,0,0,0,0,0,0,0,0,0
2004,530209,1,1,9,9,9,9,9,9,9,9,9,9
2004,530210,1,1,0,0,0,0,0,0,0,0,0,0
2004,530210,2,1,0,0,0,7,0,0,0,0,0,0
2004,530211,1,1,0,0,0,0,0,0,0,0,0,0
2004,530212,1,1,0,0,0,0,0,0,0,0,0,0
2004,530213,1,1,0,0,0,0,0,0,0,0,0,0
2004,530213,2,1,0,0,0,0,0,0,0,0,0,0
2004,530214,1,1,0,0,0,0,0,0,0,0,16,0
2004,530214,2,1,0,0,0,0,0,0,0,0,0,0
2004,530215,1,1,0,0,0,0,0,0,0,0,0,0
2004,530216,0,1,0,0,0,0,0,0,0,0,0,0
2004,530216,1,1,0,0,0,0,0,0,0,0,0,0
2004,530217,1,1,14,14,14,14,14,14,14,14,14,14
2004,530217,2,1,0,0,0,0,0,0,0,0,0,0
2004,530218,1,1,0,0,0,0,0,0,0,0,0,0
2004,530218,2,1,0,0,0,0,0,0,0,0,0,0
2004,530219,1,1,8,8,8,8,8,8,8,8,8,8
2004,530220,0,1,0,0,0,0,0,0,0,0,0,0
2004,530220,1,1,0,0,0,0,0,0,0,15,0,0
2004,530221,1,1,13,13,13,13,13,13,13,13,13,13
2004,530222,1,1,14,14,14,14,14,14,14,14,14,14
2004,530222,2,1,0,0,0,0,0,0,0,0,0,0
2004,530223,0,1,19,19,19,19,19,19,19,19,19,19
2004,530223,1,1,0,0,0,0,0,0,0,7,0,0
2004,530224,1,1,16,16,16,16,16,16,16,16,16,16
2004,530225,1,1,22,16,30,15,21,4,8,23,10,0
2004,530226,1,1,8,8,8,8,8,8,8,8,8,8
2004,530227,1,1,12,12,12,12,12,12,12,12,12,12
2004,530228,1,1,0,0,0,0,0,0,0,0,0,0
2004,530228,2,1,0,2,0,0,0,0,0,0,0,0
2004,530229,1,1,26,26,26,26,26,26,26,26,26,26
2004,530230,1,1,18,18,18,18,18,18,18,18,18,18
2004,530231,1,1,9,9,9,9,9,9,9,9,9,9
2004,530232,1,1,13,13,13,13,13,13,13,13,13,13
2004,530233,1,1,18,0,22,6,22,17,16,19,22,8
2004,530234,1,1,29,29,29,29,29,29,29,29,29,29
2004,530234,2,1,0,0,0,0,0,0,0,0,0,0
2004,530235,1,1,18,18,18,18,18,18,18,18,18,18
2004,530236,1,1,12,36,37,11,0,14,0,5,19,16
2004,530237,0,1,19,19,19,19,19,19,19,19,19,19
2004,530237,1,1,5,0,0,0,0,0,0,0,0,0
2004,530238,1,1,20,20,20,20,20,20,20,20,20,20
2004,530239,1,1,0,0,0,0,9,20,0,9,0,0
2004,530239,2,1,0,0,0,0,0,0,0,0,0,0
2004,530240,1,1,20,20,20,20,20,20,20,20,20,20
2004,530240,2,1,0,0,0,0,0,0,0,0,0,0
2004,530240,3,1,0,0,0,0,12,0,0,0,0,0
2004,530241,1,1,17,17,17,17,17,17,17,17,17,17
2004,530242,1,1,0,0,0,0,0,0,0,0,0,0
2004,530242,2,1,0,0,0,0,0,0,0,0,0,0
2004,530243,1,1,18,18,18,18,18,18,18,18,18,18
2004,530243,2,1,0,0,0,0,0,0,0,0,0,0
2004,530244,1,1,26,26,26,26,26,26,26,26,26,26
2004,530244,2,1,19,0,0,0,0,4,0,0,0,10
2004,530245,1,1,0,0,0,0,0,0,0,0,0,0
2004,530245,2,1,0,0,0,0,0,0,0,0,0,0
2004,530246,1,1,0,0,0,0,0,11,0,0,0,0
2004,530246,2,1,0,0,0,0,0,0,0,0,0,0
2004,530247,1,1,0,0,0,0,0,0,0,0,0,0
2004,530247,2,1,0,0,0,0,0,0,0,0,0,0
2004,530248,1,1,12,0,0,0,0,0,0,0,0,0
2004,530249,0,1,0,0,0,0,0,0,0,0,0,0
2004,530249,1,1,0,0,8,0,0,0,12,11,0,0
2004,530250,1,1,20,20,20,20,20,20,20,20,20,20
2004,530251,1,1,0,0,0,0,0,0,0,0,0,0
2004,530251,2,1,0,0,0,0,0,0,0,0,0,0
2004,530252,1,1,17,17,17,17,17,17,17,17,17,17
2004,530253,1,1,12,12,12,12,12,12,12,12,12,12
2004,530254,1,1,9,9,9,9,9,9,9,9,9,9
2004,530255,1,1,0,0,0,0,0,0,0,0,0,0
2004,530256,1,1,16,16,16,16,16,16,16,16,16,16
2004,530257,1,1,0,0,0,0,0,0,0,0,0,0
2004,530258,1,1,20,22,19,26,13,27,12,17,16,15
2004,530259,1,1,0,0,0,0,0,0,0,0,0,0
2004,530260,1,1,0,0,0,0,0,0,0,0,0,0
2004,530261,1,1,43,43,43,43,43,43,43,43,43,43
2004,530262,1,1,13,13,13,13,13,13,13,13,13,13
2004,530263,1,1,13,13,13,13,13,13,13,13,13,13
2004,530263,2,1,0,0,0,0,0,0,0,0,0,0
2004,530264,0,1,21,0,0,0,0,0,0,0,0,0
2004,530264,1,1,0,0,0,0,0,0,0,0,0,0
2004,530265,1,1,0,0,0,0,0,0,0,0,0,0
2004,530265,2,1,0,0,0,0,0,0,0,0,0,0
2004,530266,0,1,26,26,26,26,26,26,26,26,26,26
2004,530266,1,1,0,0,0,0,0,0,0,0,0,0
2004,530267,1,1,24,24,24,24,24,24,24,24,24,24
2004,530268,1,1,0,0,0,0,0,0,0,0,0,0
2004,530268,2,1,0,0,0,0,0,0,0,0,0,0
2004,530269,1,1,0,0,0,0,0,0,0,0,0,0
2004,530270,1,1,18,18,18,18,18,18,18,18,18,18
2004,530271,0,1,15,15,15,15,15,15,15,15,15,15
2004,530271,1,1,20,20,20,20,20,20,20,20,20,20
2004,530272,1,1,26,26,26,26,26,26,26,26,26,26
2004,530272,2,1,11,11,11,11,11,11,11,11,11,11
2004,530273,1,1,0,0,0,0,0,0,0,0,0,0
2004,530273,2,1,0,0,0,0,0,0,0,0,0,0
2004,530273,3,1,0,0,0,0,0,0,0,0,0,0
2004,530274,1,1,0,0,0,0,0,0,0,0,0,0
2004,530274,2,1,0,0,0,0,0,5,0,0,0,0
2004,530275,1,1,1,0,0,0,0,0,0,0,0,0
2004,530275,2,1,0,0,0,0,0,0,0,0,0,0
2004,530276,1,1,0,0,0,0,0,0,9,0,0,0
2004,530276,2,1,0,0,0,0,0,0,0,0,26,0
2004,530277,0,1,0,0,0,0,0,0,0,0,0,0
2004,530277,1,1,0,0,0,0,0,0,0,0,0,0
2004,530278,1,1,0,8,0,0,0,0,0,0,0,0
2004,530278,2,1,0,0,0,0,0,6,0,0,0,0
2004,530279,1,1,0,0,0,0,0,0,0,0,0,0
2004,530279,2,1,0,0,0,0,0,0,0,0,0,0
2004,530280,1,1,0,0,0,0,0,0,0,0,0,0
2004,530280,2,1,0,0,16,0,0,0,0,0,0,0
2004,530281,1,1,3,3,3,3,3,3,3,3,3,3
2004,530282,1,1,6,6,6,6,6,6,6,6,6,6
2004,530282,2,1,0,0,0,0,0,0,0,0,0,0
2004,530283,1,1,21,25,18,28,21,23,20,23,22,29
2004,530284,1,1,0,0,0,0,0,0,0,0,0,0
2004,530285,1,1,9,9,9,9,9,9,9,9,9,9
2004,530285,2,1,0,0,0,0,0,10,0,0,0,0
2004,530286,1,1,0,0,0,0,0,0,0,0,0,0
2004,530287,1,1,0,0,0,0,0,0,0,0,0,0
2004,530287,2,1,0,0,0,0,0,0,0,0,0,0
2004,530288,1,1,16,16,16,16,16,16,16,16,16,16
2004,530288,2,1,2,2,2,2,2,2,2,2,2,2
2004,530289,1,1,0,0,0,0,0,0,0,0,0,0
2004,530290,1,1,0,0,0,0,0,0,0,0,0,0
2004,530290,2,1,0,0,0,0,0,0,0,0,0,0
2004,530291,1,1,0,0,0,8,0,0,19,0,0,0
2004,530291,2,1,0,0,0,0,0,0,0,0,0,0
2004,530292,1,1,0,0,0,0,0,0,0,0,0,0
2004,530292,2,1,0,0,0,0,0,0,20,0,0,0
2004,530293,1,1,0,0,0,0,0,0,0,0,0,0
2004,530293,2,1,0,0,0,0,0,0,0,0,0,0
2004,530294,1,1,0,0,0,0,0,0,0,0,0,0
2004,530295,1,1,23,23,23,23,23,23,23,23,23,23
2004,530297,1,1,0,0,0,0,0,0,0,0,0,0
2004,530298,1,1,16,16,16,16,16,16,16,16,16,16
2004,530299,1,1,22,22,22,22,22,22,22,22,22,22
2004,530300,1,1,0,0,0,0,0,0,0,0,0,0
2004,530301,1,1,0,0,19,6,6,0,0,0,22,0
2004,530302,1,1,22,22,22,22,22,22,22,22,22,22
2004,530303,1,1,0,0,0,0,0,0,0,0,0,0
2004,530303,2,1,0,0,0,0,0,0,0,0,0,0
2004,530304,1,1,7,7,7,7,7,7,7,7,7,7
2004,530304,2,1,0,0,0,0,0,0,0,0,0,0
2004,530305,1,1,9,9,9,9,9,9,9,9,9,9
2004,530306,1,1,0,0,0,0,0,0,0,0,0,0
2004,530307,1,1,20,20,20,20,20,20,20,20,20,20
2004,530308,1,1,22,22,22,22,22,22,22,22,22,22
2004,530309,1,1,0,0,0,0,0,0,0,0,0,0
2004,530310,1,1,3,4,7,19,10,0,0,0,0,7
2004,530311,1,1,21,21,21,21,21,21,21,21,21,21
2004,530312,1,1,0,0,0,0,0,0,0,0,0,0
2004,530313,1,1,0,0,0,0,0,0,0,0,0,0
2004,530313,2,1,14,0,0,0,0,0,0,0,0,0
2004,530314,1,1,0,0,0,0,0,0,0,0,0,0