YEAR,ST_CASE,veh_no,per_no,P1,P2,P3,P4,P5,P6,P7,P8,P9,P10
2004,530314,2,1,0,0,0,0,0,0,0,0,0,0
2004,530315,1,1,4,4,4,4,4,4,4,4,4,4
2004,530315,2,1,0,2,9,0,0,0,0,0,7,0
2004,530316,1,1,10,0,24,0,0,0,0,0,0,0
2004,530317,1,1,0,0,0,0,0,0,0,0,0,0
2004,530319,1,1,8,8,8,8,8,8,8,8,8,8
2004,530320,1,1,0,0,0,0,0,0,0,0,0,0
2004,530320,2,1,0,0,0,0,0,0,0,0,0,0
2004,530321,1,1,0,0,0,0,0,0,0,0,0,0
2004,530321,2,1,0,0,0,0,0,0,0,0,0,0
2004,530322,1,1,29,29,29,29,29,29,29,29,29,29
2004,530322,2,1,0,0,0,0,21,0,0,0,0,0
2004,530323,1,1,0,0,0,0,0,0,0,0,0,0
2004,530323,2,1,0,0,0,0,0,0,0,0,0,0
2004,530324,0,1,30,30,30,30,30,30,30,30,30,30
2004,530324,1,1,0,0,0,0,13,0,0,0,0,0
2004,530325,1,1,8,8,8,8,8,8,8,8,8,8
2004,530326,1,1,9,9,9,9,9,9,9,9,9,9
2004,530326,2,1,0,0,0,0,0,3,0,0,0,0
2004,530327,1,1,0,0,0,0,0,0,0,0,0,0
2004,530327,2,1,0,0,0,0,0,0,0,0,0,0
2004,530328,1,1,20,20,20,20,20,20,20,20,20,20
2004,530328,2,1,0,0,0,0,0,0,0,0,0,0
2004,530329,1,1,0,0,0,0,0,0,0,0,0,0
2004,530329,2,1,0,0,0,0,0,0,0,0,0,0
2004,530330,0,1,13,13,13,13,13,13,13,13,13,13
2004,530330,1,1,0,0,0,0,0,0,0,0,0,0
2004,530330,2,1,0,31,0,0,0,0,0,0,0,0
2004,530331,0,1,0,0,0,0,0,0,0,0,0,0
2004,530331,0,2,0,0,0,0,0,0,7,0,0,20
2004,530331,0,3,0,0,0,0,9,0,0,0,0,0
2004,530331,1,1,0,0,0,0,0,0,0,0,0,0
2004,530332,1,1,0,0,0,0,0,0,16,0,0,0
2004,530332,2,1,0,0,0,0,0,0,11,0,0,0
2004,530332,3,1,0,0,0,0,0,0,0,0,0,0
2004,530333,1,1,0,18,0,0,0,0,0,0,0,0
2004,530333,2,1,0,0,0,0,0,0,0,0,0,0
2004,530334,1,1,20,20,20,20,20,20,20,20,20,20
2004,530335,1,1,11,11,11,11,11,11,11,11,11,11
2004,530336,1,1,17,17,17,17,17,17,17,17,17,17
2004,530337,1,1,0,0,0,0,0,0,0,0,0,0
2004,530338,1,1,11,11,11,11,11,11,11,11,11,11
2004,530339,1,1,6,7,3,21,12,14,0,4,0,7
2004,530340,1,1,0,0,0,0,0,0,0,5,0,0
2004,530340,2,1,0,0,0,0,0,0,0,0,0,0
2004,530341,1,1,0,0,0,0,0,0,0,0,0,0
2004,530341,2,1,0,0,0,0,0,0,0,0,0,0
2004,530342,1,1,5,5,5,5,5,5,5,5,5,5
2004,530343,1,1,18,18,18,18,18,18,18,18,18,18
2004,530344,1,1,12,0,10,0,0,0,11,0,0,0
2004,530345,1,1,0,0,0,0,0,0,0,0,0,0
2004,530345,2,1,0,0,0,0,0,0,0,0,0,0
2004,530345,3,1,0,0,0,0,0,0,0,0,0,0
2004,530346,1,1,0,0,0,0,0,0,0,0,0,0
2004,530346,2,1,0,0,0,0,0,0,0,0,0,0
2004,530347,1,1,0,0,0,0,0,0,0,0,0,0
2004,530347,2,1,0,0,0,0,0,0,0,0,0,0
2004,530348,1,1,18,18,18,18,18,18,18,18,18,18
2004,530349,1,1,0,0,0,0,0,0,0,0,0,0
2004,530350,1,1,20,0,28,0,0,0,8,10,0,5
2004,530351,1,1,0,0,0,0,0,0,0,0,0,0
2004,530352,1,1,0,0,0,0,0,0,0,0,0,0
2004,530353,0,1,0,0,0,0,0,0,0,0,0,0
2004,530353,1,1,0,0,0,0,0,0,0,0,0,0
2004,530354,1,1,5,10,9,17,2,7,4,22,12,30
2004,530355,1,1,0,0,0,0,0,0,0,0,0,0
2004,530355,2,1,0,0,0,0,0,0,0,0,0,0
2004,530356,1,1,5,22,26,13,29,14,25,24,48,11
2004,530356,2,1,0,0,0,0,0,0,0,0,0,0
2004,530357,1,1,10,0,0,0,11,0,0,0,4,0
2004,530357,2,1,0,0,0,0,0,0,0,0,0,0
2004,530358,1,1,0,0,0,0,0,0,0,0,0,0
2004,530358,2,1,0,0,0,0,0,0,0,0,0,0
2004,530358,3,1,0,0,0,0,0,0,0,0,0,0
2004,530359,1,1,0,0,0,0,0,0,0,0,0,0
2004,530360,1,1,20,20,20,20,20,20,20,20,20,20
2004,530361,1,1,0,0,0,11,0,17,0,0,17,0
2004,530362,1,1,9,9,9,9,9,9,9,9,9,9
2004,530363,1,1,20,20,20,20,20,20,20,20,20,20
2004,530364,1,1,11,11,11,11,11,11,11,11,11,11
2004,530365,0,1,0,0,0,0,0,0,0,0,0,0
2004,530365,1,1,39,0,22,0,0,0,9,0,0,0
2004,530366,1,1,0,0,0,0,0,0,0,0,0,0
2004,530367,1,1,0,0,0,0,0,0,0,0,0,0
2004,530368,1,1,0,19,0,0,0,15,0,0,0,24
2004,530368,2,1,0,13,0,0,0,0,16,14,10,0
2004,530369,1,1,0,0,0,0,0,0,0,0,0,0
2004,530369,2,1,0,0,0,0,0,0,0,0,0,0
2004,530370,1,1,15,15,15,15,15,15,15,15,15,15
2004,530371,1,1,0,0,0,0,0,0,0,0,0,0
2004,530372,1,1,0,0,0,0,0,4,0,0,0,0
2004,530373,1,1,0,0,0,0,0,0,0,0,0,0
2004,530373,2,1,0,0,0,0,0,0,0,0,0,0
2004,530374,1,1,0,9,0,9,0,26,19,9,17,21
2004,530375,1,1,0,10,0,0,0,0,0,6,0,0
2004,530376,1,1,0,0,0,0,0,0,0,0,0,0
2004,530376,2,1,0,0,0,0,0,0,0,22,0,0
2004,530377,1,1,0,0,0,0,0,0,0,0,0,0
2004,530377,2,1,0,0,0,16,0,0,0,0,0,0
2004,530377,3,1,0,0,0,0,0,0,0,0,0,0
2004,530377,4,1,0,0,0,0,0,0,0,0,0,0
2004,530377,5,1,0,0,0,0,0,0,0,0,0,0
2004,530378,1,1,0,0,0,0,0,0,0,0,0,0
2004,530378,2,1,0,0,0,0,0,0,0,0,0,0
2004,530379,1,1,0,0,0,0,0,9,0,0,0,0
2004,530379,2,1,0,0,0,0,0,0,0,0,0,0
2004,530379,3,1,0,0,0,0,0,0,0,0,0,0
2004,530380,0,1,33,33,33,33,33,33,33,33,33,33
2004,530380,1,1,0,0,0,0,0,0,0,0,0,0
2004,530381,1,1,0,0,0,0,0,0,0,0,0,0
2004,530381,2,1,0,0,0,0,0,0,0,0,0,0
2004,530382,0,1,0,0,2,0,0,0,0,0,0,0
2004,530382,1,1,0,0,0,0,0,0,0,0,0,0
2004,530383,0,1,0,0,0,0,0,0,0,0,0,0
2004,530383,1,1,0,0,0,0,0,0,0,0,0,0
2004,530384,1,1,15,15,15,15,15,15,15,15,15,15
2004,530385,1,1,21,14,16,29,11,18,28,27,19,16
2004,530386,1,1,0,0,0,12,16,0,0,16,18,13
2004,530387,1,1,13,13,13,13,13,13,13,13,13,13
2004,530388,1,1,0,0,0,0,0,0,0,0,0,0
2004,530388,2,1,0,0,0,0,0,0,0,0,0,0
2004,530389,1,1,0,0,0,0,0,0,0,0,0,0
2004,530390,0,1,0,0,0,0,0,0,0,0,0,0
2004,530390,1,1,0,0,0,0,0,0,0,0,0,0
2004,530391,1,1,0,0,0,0,0,0,0,0,0,0
2004,530391,2,1,0,0,0,0,0,0,0,0,0,0
2004,530392,1,1,0,0,0,0,0,0,0,0,0,0
2004,530393,1,1,18,18,18,18,18,18,18,18,18,18
2004,530394,1,1,0,0,0,0,0,0,0,0,0,0
2004,530394,2,1,0,0,0,0,0,0,0,0,0,0
2004,530394,3,1,0,0,0,0,0,0,0,13,0,0
2004,530394,4,1,0,0,0,0,0,0,0,0,0,0
2004,530395,1,1,0,0,0,0,0,0,0,0,0,0
2004,530395,2,1,18,18,18,18,18,18,18,18,18,18
2004,530396,1,1,0,0,0,0,0,0,0,0,0,0
2004,530396,2,1,0,0,0,0,0,0,0,0,0,0
2004,530397,1,1,18,18,18,18,18,18,18,18,18,18
2004,530398,1,1,30,30,30,30,30,30,30,30,30,30
2004,530398,2,1,0,0,0,0,0,0,0,0,0,0
2004,530398,3,1,0,0,0,0,0,0,0,0,0,0
2004,530399,1,1,0,0,0,0,0,0,0,0,0,0
2004,530399,2,1,0,0,0,0,0,0,0,0,0,0
2004,530401,0,1,14,14,14,14,14,14,14,14,14,14
2004,530401,1,1,0,0,0,0,0,0,0,0,0,0
2004,530402,0,1,0,0,0,0,0,0,0,0,0,0
2004,530402,1,1,0,0,0,0,0,0,0,0,0,0
2004,530403,1,1,16,0,0,0,0,0,0,0,5,0
2004,530403,2,1,0,0,0,0,0,0,0,0,0,0
2004,530404,1,1,15,15,15,15,15,15,15,15,15,15
2004,530404,2,1,0,0,0,0,0,0,0,0,0,0
2004,530405,0,1,0,0,0,0,0,0,0,0,0,0
2004,530405,1,1,0,0,0,0,0,0,0,0,0,0
2004,530406,1,1,0,0,0,0,0,0,0,0,0,0
2004,530406,2,1,0,0,0,0,0,20,0,0,0,0
2004,530407,1,1,0,0,0,0,0,0,0,0,0,0
2004,530407,2,1,0,0,0,0,0,0,0,0,0,0
2004,530408,0,1,0,24,4,13,0,0,0,15,28,0
2004,530408,0,2,0,12,0,0,0,0,15,0,0,0
2004,530408,0,3,0,0,0,0,0,0,0,0,0,0
2004,530408,1,1,21,21,21,21,21,21,21,21,21,21
2004,530409,1,1,0,0,0,0,0,0,0,0,0,0
2004,530410,1,1,0,0,0,0,0,0,0,0,0,0
2004,530411,0,1,0,0,0,0,0,0,0,0,0,0
2004,530411,1,1,0,0,0,0,0,0,0,0,0,0
2004,530412,0,1,0,0,0,0,0,0,0,0,0,0
2004,530412,1,1,0,0,0,0,11,0,0,0,0,0
2004,530413,1,1,17,17,17,17,17,17,17,17,17,17
2004,530413,2,1,0,0,0,5,0,0,0,0,0,0
2004,530414,1,1,0,0,0,0,0,0,0,0,0,0
2004,530414,2,1,0,0,0,0,0,0,0,0,0,0
2004,530415,0,1,22,22,22,22,22,22,22,22,22,22
2004,530415,1,1,0,0,0,0,0,0,0,0,0,0
2004,530416,0,1,14,14,14,14,14,14,14,14,14,14
2004,530416,1,1,0,0,0,0,0,0,0,0,0,0
2004,530417,1,1,15,15,15,15,15,15,15,15,15,15
2004,530418,1,1,14,14,14,14,14,14,14,14,14,14
2004,530419,1,1,17,17,17,17,17,17,17,17,17,17
2004,530419,2,1,0,0,0,0,0,0,0,0,0,0
2004,530420,1,1,16,19,0,0,0,0,15,11,0,0
2004,530421,1,1,0,0,0,0,0,0,0,0,0,0
2004,530421,2,1,0,0,0,0,0,0,0,0,0,0
2004,530422,1,1,0,0,0,0,0,0,0,0,0,0
2004,530422,2,1,0,0,0,0,0,0,0,0,0,0
2004,530423,1,1,22,22,22,22,22,22,22,22,22,22
2004,530424,1,1,0,0,0,0,0,0,0,0,0,0
2004,530425,1,1,0,0,0,0,0,0,0,0,0,0
2004,530426,1,1,15,15,15,15,15,15,15,15,15,15
2004,530427,1,1,29,25,3,9,10,19,8,13,18,9
2004,530428,1,1,15,0,0,0,0,0,0,0,0,0
2004,530429,1,1,22,22,22,22,22,22,22,22,22,22
2004,530429,2,1,0,0,0,0,0,0,0,3,0,0
2004,530429,3,1,0,0,0,0,0,0,0,0,0,0
2004,530430,1,1,0,0,0,0,0,0,0,0,0,0
2004,530430,2,1,0,0,0,0,0,0,0,0,0,0
2004,530431,1,1,6,0,0,0,0,0,15,0,0,0
2004,530432,0,1,0,0,0,0,0,0,0,0,5,0
2004,530433,1,1,31,36,22,19,6,13,20,31,0,13
2004,530434,1,1,17,17,17,17,17,17,17,17,17,17
2004,530435,1,1,25,25,25,25,25,25,25,25,25,25
2004,530436,1,1,0,0,0,0,0,0,0,0,0,0
2004,530436,2,1,0,0,7,0,0,0,0,0,0,0
2004,530436,3,1,0,0,0,0,0,0,0,0,0,0
2004,530437,1,1,24,8,22,9,16,16,13,0,23,0
2004,530438,1,1,18,18,18,18,18,18,18,18,18,18
2004,530439,1,1,26,26,26,26,26,26,26,26,26,26
2004,530440,0,1,0,0,0,0,0,0,0,0,0,0
2004,530440,1,1,0,0,0,0,0,0,0,0,0,0
2004,530441,1,1,0,0,0,0,0,0,0,0,0,0
2004,530442,1,1,0,0,0,0,0,0,0,0,0,0
2004,530443,1,1,0,0,0,0,0,0,0,0,0,0
2004,530444,0,1,0,0,0,0,0,0,0,0,0,0
2004,530444,1,1,0,0,0,0,0,0,0,0,0,0
2004,530445,0,1,0,0,0,0,0,0,0,0,0,0
2004,530445,1,1,0,0,0,0,0,0,0,0,0,0
2004,530446,1,1,0,0,0,0,0,0,0,0,0,0
2004,530447,0,1,7,35,31,22,26,0,26,17,0,25
2004,530447,1,1,0,0,6,0,10,0,0,0,0,0
2004,530448,1,1,0,0,0,0,0,0,0,0,0,0
2004,530448,2,1,0,0,0,0,0,0,0,0,0,0
2004,530449,1,1,0,0,0,0,0,0,0,0,0,0
2004,530449,2,1,0,0,0,0,0,0,0,0,0,0
2004,530450,1,1,19,19,19,19,19,19,19,19,19,19
2004,530451,1,1,0,0,0,0,0,0,0,0,0,0
2004,530451,2,1,0,0,0,0,0,0,0,0,0,0
2004,530452,0,1,26,26,26,26,26,26,26,26,26,26
2004,530452,0,2,13,13,13,13,13,13,13,13,13,13
2004,530452,1,1,0,0,0,0,0,0,0,0,0,0
2004,530453,1,1,0,0,0,0,0,0,0,0,0,0
2004,530453,2,1,0,0,0,0,0,0,0,0,0,0
2004,530454,1,1,0,0,0,0,0,0,0,0,0,0
2004,530455,1,1,0,0,0,0,0,0,0,0,0,0
2004,530456,1,1,16,16,16,16,16,16,16,16,16,16
2004,530457,1,1,0,0,0,0,0,0,0,0,0,0
2004,530458,1,1,0,0,0,0,0,0,0,0,0,0
2004,530459,1,1,0,0,0,0,0,0,0,0,0,0
2004,530459,2,1,0,0,0,0,0,0,0,0,0,0
2004,530460,1,1,25,25,25,25,25,25,25,25,25,25
2004,530461,1,1,9,9,9,9,9,9,9,9,9,9
2004,530463,1,1,13,13,13,13,13,13,13,13,13,13
2004,530464,0,1,0,0,0,0,0,0,0,0,0,0
2004,530464,1,1,0,0,0,0,0,0,0,0,0,0
2004,530465,1,1,20,20,20,20,20,20,20,20,20,20
2004,530465,2,1,0,0,0,0,0,0,0,0,0,0
2004,530466,0,1,0,0,0,0,3,0,0,0,0,3
2004,530466,1,1,0,0,0,0,0,0,0,0,0,0
2004,530467,1,1,0,20,0,0,0,0,0,9,0,0
2004,530467,2,1,0,0,0,0,0,0,0,0,0,0
2004,530468,1,1,0,0,0,0,0,17,10,17,0,14
2004,530469,1,1,4,4,4,4,4,4,4,4,4,4
2004,530469,2,1,0,0,0,0,0,0,0,0,0,0
2004,530470,1,1,0,0,0,0,0,0,0,0,0,0
2004,530470,2,1,0,0,0,0,0,0,0,0,0,0
2004,530471,0,1,0,0,0,0,0,0,0,0,0,0
2004,530471,1,1,0,0,0,0,0,0,0,0,0,0
2004,530472,0,1,28,28,28,28,28,28,28,28,28,28
2004,530472,1,1,0,0,23,0,0,0,7,0,0,0
2004,530473,0,1,19,19,19,19,19,19,19,19,19,19
2004,530473,1,1,0,0,0,0,0,0,0,0,0,0
2004,530474,1,1,0,0,0,0,0,0,0,0,0,0
2004,530474,2,1,0,0,0,0,0,0,0,0,0,0
2004,530475,1,1,20,20,20,20,20,20,20,20,20,20
2004,530475,2,1,0,0,0,0,0,0,0,0,0,0
2004,530476,1,1,0,0,0,0,0,0,0,0,0,0
2004,530477,0,1,32,32,32,32,32,32,32,32,32,32
2004,530477,1,1,24,0,0,0,0,0,0,0,5,0
2004,530478,1,1,0,14,0,0,0,0,0,0,0,0
2004,530479,1,1,0,0,0,0,0,0,0,0,0,0
2004,530479,2,1,0,0,0,0,0,0,0,0,0,0
2004,530480,1,1,0,4,0,0,0,0,0,3,0,0
2004,530481,0,1,0,0,0,0,0,0,0,0,0,0
2004,530481,1,1,0,0,23,0,0,0,0,0,0,0
2004,530482,1,1,0,0,0,0,0,0,0,0,0,0
2004,530483,1,1,0,0,0,0,0,0,0,0,0,0
2004,530483,2,1,0,0,0,0,0,0,0,0,0,0
2004,530484,1,1,0,0,0,20,0,0,0,0,0,0
2004,530485,1,1,0,16,0,0,0,0,31,0,8,0
2004,530486,1,1,8,8,8,8,8,8,8,8,8,8
2004,530487,0,1,0,0,0,0,0,0,0,0,0,0
2004,530487,1,1,18,0,0,0,0,0,16,0,0,7
2004,530488,1,1,6,6,6,6,6,6,6,6,6,6
2004,530488,2,1,0,0,0,0,0,0,0,0,0,0
2004,530489,0,1,0,0,0,0,0,0,0,0,0,0
2004,530489,1,1,0,0,0,0,0,0,0,0,0,0
2004,530490,1,1,9,9,9,9,9,9,9,9,9,9
2004,530491,1,1,0,0,0,0,9,0,0,0,0,0
2004,530491,2,1,0,0,0,0,0,0,0,0,0,0
2004,530492,1,1,11,0,0,0,0,0,0,0,0,0
2004,530492,2,1,0,0,0,0,0,0,0,0,0,8
2004,530493,1,1,15,15,15,15,15,15,15,15,15,15
2004,530494,1,1,0,0,0,0,0,0,0,0,0,0
2004,530495,0,1,0,0,0,0,0,0,0,0,0,10
2004,530495,1,1,12,0,0,0,0,0,0,0,0,0
2004,530496,1,1,9,9,9,9,9,9,9,9,9,9
2004,530496,2,1,0,0,0,0,0,0,0,0,0,0
2004,530497,1,1,14,7,19,15,14,0,12,16,0,13
2004,530498,1,1,0,0,0,0,0,0,0,0,0,0
2004,530498,2,1,0,0,0,0,0,0,0,0,0,0
2004,530498,3,1,0,0,0,0,0,0,0,0,0,0
2004,530499,1,1,16,16,16,16,16,16,16,16,16,16
2004,530499,2,1,0,0,0,0,0,0,0,0,0,0
2004,530499,3,1,0,0,0,0,0,0,0,0,0,0
2004,530499,4,1,0,0,0,0,0,0,0,0,0,0
2004,530500,1,1,0,0,0,0,0,0,0,0,0,0
2004,530501,1,1,16,11,8,0,0,0,0,15,0,0
2004,530502,1,1,0,24,0,0,0,0,0,0,0,0
2004,530503,1,1,12,12,12,12,12,12,12,12,12,12
2004,530504,1,1,0,0,0,0,0,0,0,0,0,0
2004,530504,2,1,0,0,0,0,0,0,0,0,0,0
2004,530504,3,1,0,0,0,0,0,0,0,0,0,0
2004,530504,4,1,0,0,0,0,0,0,0,0,0,0
2004,530505,0,1,0,0,0,0,0,0,0,0,0,0
2004,530505,1,1,0,0,0,0,0,0,0,0,0,0
2004,530505,2,1,0,0,23,0,11,0,0,0,0,0
2004,530506,1,1,0,0,0,0,0,0,0,0,0,0
2004,530506,2,1,0,0,0,0,0,0,0,0,9,0
2004,530507,1,1,0,0,0,0,0,0,0,0,0,0
2004,530507,2,1,0,0,0,0,0,0,0,0,0,0
2004,530508,1,1,0,0,0,0,0,0,0,0,0,0
2004,530508,2,1,0,0,0,10,0,0,0,0,0,0
2004,530508,3,1,0,0,0,0,0,0,0,0,0,0
2004,530508,4,1,0,0,0,0,0,0,0,0,0,0
2004,530509,1,1,0,19,0,0,0,0,0,0,7,0
2004,530509,2,1,0,0,7,0,0,0,0,0,0,0
2004,530510,1,1,0,0,0,0,0,0,0,0,0,0
2004,530510,2,1,0,0,0,0,0,0,0,0,0,0
2004,530510,3,1,0,0,0,0,0,0,0,0,0,0
2004,530511,1,1,13,13,13,13,13,13,13,13,13,13
2004,530511,2,1,0,0,8,17,0,0,0,0,0,0
2004,530511,3,1,0,0,0,0,0,0,0,0,8,0
2004,530512,1,1,0,0,0,0,0,0,0,0,0,0
2004,530512,2,1,0,0,0,0,0,0,0,0,0,0
2004,530513,1,1,0,0,0,0,0,0,0,0,0,0
2004,530514,1,1,0,0,0,0,0,0,0,0,0,0
2004,530514,2,1,0,0,0,0,0,0,0,0,0,0
2004,530515,0,1,0,21,18,32,27,21,16,9,17,7
2004,530515,1,1,0,0,0,0,0,0,0,0,0,0
2004,530516,1,1,22,22,22,22,22,22,22,22,22,22
2004,530517,0,1,0,0,0,0,0,0,0,0,0,0
2004,530517,1,1,0,0,0,0,0,0,0,0,0,0
2004,540001,1,1,15,15,15,15,15,15,15,15,15,15
2004,540002,1,1,0,0,0,0,0,0,0,0,0,0
2004,540002,2,1,0,0,0,0,0,0,0,0,0,0
2004,540003,1,1,0,0,0,0,0,0,0,0,0,0
2004,540003,2,1,0,0,0,0,0,0,0,0,0,0
2004,540004,1,1,0,0,0,0,0,0,0,0,0,0
2004,540004,2,1,0,0,0,0,0,0,0,0,0,0
2004,540005,1,1,0,0,0,0,0,0,0,0,0,0
2004,540005,2,1,0,0,0,0,0,13,0,0,15,0
2004,540006,1,1,0,0,0,0,0,0,0,0,0,16
2004,540006,2,1,8,0,11,0,0,13,0,10,0,0
2004,540007,1,1,29,29,29,29,29,29,29,29,29,29
2004,540008,1,1,0,0,0,0,0,0,0,0,0,0
2004,540008,2,1,0,0,0,0,0,0,0,0,0,0
2004,540009,1,1,7,7,7,7,7,7,7,7,7,7
2004,540011,1,1,0,0,0,0,0,0,0,0,0,0
2004,540011,2,1,0,0,0,0,0,0,0,0,0,0
2004,540012,1,1,40,40,40,40,40,40,40,40,40,40
2004,540013,1,1,0,0,15,0,0,0,0,0,0,0
2004,540013,2,1,0,0,0,0,0,0,0,0,0,0
2004,540014,1,1,32,32,32,32,32,32,32,32,32,32
2004,540014,2,1,13,13,13,13,13,13,13,13,13,13
2004,540015,1,1,0,0,0,0,0,0,0,0,0,0
2004,540016,1,1,0,0,0,0,0,0,0,0,0,0
2004,540016,2,1,0,0,0,0,0,0,0,0,0,0
2004,540017,1,1,0,0,0,0,0,0,0,0,0,0
2004,540017,2,1,0,3,0,0,0,15,0,0,0,0
2004,540018,1,1,0,0,0,0,0,0,0,0,0,0
2004,540018,2,1,0,0,0,0,0,0,0,0,0,0
2004,540019,0,1,23,23,23,23,23,23,23,23,23,23
2004,540019,1,1,0,0,16,0,0,14,0,0,0,0
2004,540020,1,1,0,0,0,0,0,0,0,0,0,0
2004,540021,1,1,19,19,19,19,19,19,19,19,19,19
2004,540022,1,1,0,0,0,0,0,0,0,0,0,0
2004,540022,2,1,14,12,23,9,22,13,23,20,14,5
2004,540023,1,1,3,3,3,3,3,3,3,3,3,3
2004,540023,2,1,0,0,0,0,0,0,0,0,0,0
2004,540024,1,1,0,0,0,0,0,0,0,0,0,0
2004,540024,2,1,0,0,0,0,0,0,0,0,0,26
2004,540024,3,1,0,0,0,0,0,0,0,0,0,0
2004,540024,4,1,0,0,0,0,0,0,0,0,0,0
2004,540024,5,1,0,0,0,0,0,0,0,0,0,0
2004,540025,1,1,0,0,0,0,0,0,0,0,0,0
2004,540026,1,1,8,0,0,0,0,0,28,0,0,0
2004,540026,2,1,0,0,0,0,0,0,0,0,0,0
2004,540027,1,1,0,0,0,0,0,0,0,0,0,0
2004,540027,2,1,0,0,0,0,0,9,0,0,0,0
2004,540028,1,1,0,0,0,0,0,0,0,0,0,0
2004,540028,2,1,0,0,0,0,0,0,0,0,0,0
2004,540029,1,1,0,0,0,0,0,0,0,0,0,0
2004,540029,2,1,0,0,0,0,0,0,0,0,0,0
2004,540029,3,1,0,0,0,0,0,0,0,0,0,0
2004,540030,1,1,0,0,0,0,0,0,0,0,0,0
2004,540031,1,1,0,0,0,0,0,0,14,0,0,0
2004,540032,1,1,0,0,0,0,0,0,0,0,0,0
2004,540032,2,1,0,0,0,0,0,0,0,0,0,0
2004,540033,1,1,0,0,0,0,0,0,0,0,0,0
2004,540034,1,1,0,0,29,0,0,0,0,0,32,0
2004,540034,2,1,0,0,0,0,0,0,0,0,0,0
2004,540035,1,1,35,35,35,35,35,35,35,35,35,35
2004,540036,1,1,16,16,16,16,16,16,16,16,16,16
2004,540036,2,1,0,0,0,0,0,0,0,0,0,0
2004,540037,1,1,23,23,23,23,23,23,23,23,23,23
2004,540037,2,1,0,0,38,0,0,0,0,0,0,0
2004,540038,1,1,21,21,21,21,21,21,21,21,21,21
2004,540039,1,1,0,0,0,0,0,0,0,0,0,0
2004,540039,2,1,0,0,0,0,0,0,0,0,0,0
2004,540040,1,1,18,18,18,18,18,18,18,18,18,18
2004,540041,1,1,18,18,18,18,18,18,18,18,18,18
2004,540042,1,1,0,0,0,0,0,0,0,0,0,0
2004,540042,2,1,0,0,0,0,0,0,0,0,0,0
2004,540043,1,1,14,14,14,14,14,14,14,14,14,14
2004,540043,2,1,0,0,0,0,0,0,0,0,0,0
2004,540044,1,1,0,0,0,0,0,0,0,0,0,0
2004,540045,1,1,1,1,1,1,1,1,1,1,1,1
2004,540046,1,1,0,0,0,0,0,0,0,0,0,0
2004,540046,2,1,0,0,0,0,0,0,0,0,0,0
2004,540047,1,1,0,0,0,0,0,0,0,0,0,0
2004,540048,1,1,0,0,0,0,0,0,0,0,0,0
2004,540048,2,1,0,0,0,0,0,5,0,0,0,0
2004,540049,1,1,0,0,0,0,0,0,0,0,0,0
2004,540049,2,1,0,0,0,0,0,0,0,0,0,0
2004,540050,1,1,0,0,0,0,0,0,0,0,0,0
2004,540051,0,1,24,24,24,24,24,24,24,24,24,24
2004,540051,1,1,2,2,2,2,2,2,2,2,2,2
2004,540052,1,1,0,0,0,0,0,0,0,0,0,0
2004,540052,2,1,0,0,0,0,0,0,0,0,0,0
2004,540053,1,1,0,0,10,0,0,0,0,0,0,0
2004,540053,2,1,0,0,0,0,0,0,0,0,0,0
2004,540054,1,1,0,0,0,0,0,0,0,0,0,0
2004,540055,1,1,0,0,0,0,0,0,0,0,0,0
2004,540056,1,1,28,28,28,28,28,28,28,28,28,28
2004,540056,2,1,0,0,0,0,0,0,0,0,0,0
2004,540057,1,1,34,34,34,34,34,34,34,34,34,34
2004,540058,1,1,10,10,10,10,10,10,10,10,10,10
2004,540059,1,1,0,15,0,10,0,26,0,0,20,23
2004,540059,2,1,42,42,42,42,42,42,42,42,42,42
2004,540060,1,1,0,0,0,0,0,0,0,0,0,0
2004,540061,1,1,15,15,15,15,15,15,15,15,15,15
2004,540062,1,1,0,0,23,0,0,0,0,0,0,0
2004,540063,1,1,0,0,0,0,0,0,0,0,0,0
2004,540063,2,1,0,0,0,0,0,0,0,0,0,0
2004,540064,1,1,0,0,0,0,0,0,0,0,0,0
2004,540065,1,1,0,0,0,0,0,0,0,0,0,0
2004,540065,2,1,0,0,0,0,0,0,0,0,0,0
2004,540066,1,1,0,0,0,0,0,0,0,0,0,0
2004,540066,2,1,0,0,0,0,0,0,0,0,0,0
2004,540067,1,1,0,0,0,0,0,0,0,0,0,0
2004,540068,1,1,26,26,26,26,26,26,26,26,26,26
2004,540069,1,1,0,0,0,0,0,0,0,0,0,0
2004,540070,1,1,0,0,0,0,0,0,17,0,20,0
2004,540071,1,1,0,0,0,0,0,0,0,0,0,0
2004,540071,2,1,0,0,0,0,0,0,0,0,0,0
2004,540072,1,1,14,14,14,14,14,14,14,14,14,14
2004,540073,1,1,0,0,0,0,0,0,0,0,0,0
2004,540074,1,1,0,0,0,0,0,0,0,0,0,0
2004,540075,1,1,0,0,0,0,0,0,0,0,0,0
2004,540075,2,1,0,0,0,0,0,0,0,0,0,0
2004,540076,1,1,0,0,0,0,0,0,0,0,0,0
2004,540077,0,1,0,0,0,0,0,0,0,0,0,0
2004,540078,1,1,0,0,0,0,0,0,0,0,0,0
2004,540079,0,1,18,18,18,18,18,18,18,18,18,18