YEAR,ST_CASE,veh_no,per_no,P1,P2,P3,P4,P5,P6,P7,P8,P9,P10
2004,540377,3,1,0,0,0,0,0,0,0,0,0,0
2004,540378,1,1,0,0,0,0,0,0,0,0,0,0
2004,540379,1,1,6,6,6,6,6,6,6,6,6,6
2004,540380,1,1,15,26,24,0,14,12,7,10,13,10
2004,540381,1,1,0,0,0,0,0,0,0,0,0,0
2004,540382,1,1,22,21,20,16,17,0,27,13,16,9
2004,540383,1,1,0,0,0,0,0,0,0,0,0,0
2004,540383,2,1,0,0,0,0,0,0,0,0,0,0
2004,550001,1,1,13,13,13,13,13,13,13,13,13,13
2004,550002,1,1,23,23,23,23,23,23,23,23,23,23
2004,550003,1,1,18,18,18,18,18,18,18,18,18,18
2004,550003,2,1,24,24,24,24,24,24,24,24,24,24
2004,550004,1,1,0,0,0,0,0,0,0,0,0,0
2004,550004,2,1,18,18,18,18,18,18,18,18,18,18
2004,550005,1,1,0,0,0,0,0,0,0,0,0,0
2004,550006,1,1,23,23,23,23,23,23,23,23,23,23
2004,550007,1,1,13,13,13,13,13,13,13,13,13,13
2004,550008,1,1,18,0,31,0,0,0,8,0,0,0
2004,550009,1,1,14,14,14,14,14,14,14,14,14,14
2004,550010,1,1,23,23,23,23,23,23,23,23,23,23
2004,550011,1,1,16,16,16,16,16,16,16,16,16,16
2004,550012,1,1,0,0,0,0,0,0,0,0,0,13
2004,550012,2,1,0,0,0,0,0,0,0,0,0,0
2004,550013,1,1,0,0,0,0,0,0,0,0,0,0
2004,550013,2,1,0,0,0,0,0,0,0,0,0,0
2004,550014,1,1,6,0,0,8,0,0,0,0,0,0
2004,550014,2,1,0,0,0,0,0,0,0,0,0,0
2004,550014,3,1,12,0,0,0,0,0,0,0,7,0
2004,550015,1,1,0,0,0,0,0,0,0,0,0,0
2004,550016,1,1,0,0,0,0,0,0,0,0,0,0
2004,550016,2,1,0,0,8,0,0,0,0,0,0,0
2004,550017,1,1,0,0,0,0,0,0,0,0,0,0
2004,550018,1,1,10,10,10,10,10,10,10,10,10,10
2004,550019,1,1,0,0,0,0,0,0,0,0,16,0
2004,550019,2,1,0,0,0,0,0,0,0,0,0,0
2004,550020,0,1,0,0,0,0,0,0,0,0,0,0
2004,550020,1,1,0,0,0,0,0,0,0,0,0,0
2004,550021,1,1,0,0,0,0,0,0,0,0,0,0
2004,550022,1,1,0,0,0,0,0,0,0,0,0,0
2004,550023,1,1,19,19,19,19,19,19,19,19,19,19
2004,550024,1,1,0,0,0,10,0,3,0,0,0,0
2004,550024,2,1,0,0,0,0,0,0,0,0,0,0
2004,550025,1,1,23,23,23,23,23,23,23,23,23,23
2004,550026,1,1,46,46,46,46,46,46,46,46,46,46
2004,550027,1,1,0,0,0,0,8,0,0,0,0,0
2004,550027,2,1,0,0,0,0,0,0,19,0,20,0
2004,550028,1,1,0,0,0,0,0,0,0,0,0,0
2004,550028,2,1,0,0,3,0,0,0,0,0,0,0
2004,550029,1,1,0,0,0,0,0,0,0,0,0,0
2004,550029,2,1,0,0,0,0,0,0,0,0,0,0
2004,550030,1,1,0,0,0,0,0,0,0,0,0,0
2004,550030,2,1,19,19,19,19,19,19,19,19,19,19
2004,550031,1,1,0,0,0,0,0,0,0,0,0,0
2004,550032,1,1,5,5,5,5,5,5,5,5,5,5
2004,550033,1,1,32,32,32,32,32,32,32,32,32,32
2004,550034,1,1,13,13,13,13,13,13,13,13,13,13
2004,550034,2,1,0,0,0,0,0,0,0,0,0,0
2004,550035,1,1,15,15,15,15,15,15,15,15,15,15
2004,550035,2,1,20,20,20,20,20,20,20,20,20,20
2004,550036,1,1,19,19,19,19,19,19,19,19,19,19
2004,550036,2,1,6,6,6,6,6,6,6,6,6,6
2004,550037,1,1,0,0,0,0,0,0,0,0,0,0
2004,550038,1,1,0,0,0,0,0,0,0,0,0,0
2004,550038,2,1,0,0,0,0,0,0,0,0,0,0
2004,550039,1,1,0,0,0,0,0,0,0,0,0,0
2004,550039,2,1,0,0,0,0,0,0,0,0,0,0
2004,550040,1,1,0,0,0,0,0,0,0,0,0,0
2004,550040,2,1,0,0,0,0,0,0,0,0,0,0
2004,550041,1,1,0,0,0,0,0,0,0,0,0,0
2004,550042,2,1,0,0,0,0,0,0,9,0,0,0
2004,550043,1,1,0,7,0,0,0,0,0,0,0,0
2004,550043,2,1,0,0,0,0,0,0,0,0,0,0
2004,550044,1,1,0,0,0,0,0,0,0,0,0,0
2004,550045,1,1,0,0,0,0,0,0,0,0,0,0
2004,550045,2,1,0,0,0,0,0,0,0,0,0,0
2004,550046,1,1,0,14,0,0,0,0,0,0,0,0
2004,550046,2,1,10,10,10,10,10,10,10,10,10,10
2004,550047,1,1,0,0,0,0,0,0,0,0,0,0
2004,550047,2,1,0,0,0,0,0,0,0,0,0,0
2004,550047,3,1,0,0,0,0,0,0,0,0,0,0
2004,550048,1,1,0,0,0,0,0,0,0,3,0,0
2004,550049,1,1,0,0,0,0,0,0,0,0,0,0
2004,550049,2,1,0,0,0,0,0,0,0,0,0,0
2004,550049,3,1,0,0,0,11,0,0,0,0,0,0
2004,550050,1,1,0,0,0,0,6,0,0,4,0,0
2004,550051,1,1,0,0,0,0,0,0,0,0,0,0
2004,550051,2,1,0,0,0,0,0,0,0,0,0,0
2004,550052,1,1,0,0,0,0,0,0,0,0,0,0
2004,550053,1,1,0,0,0,0,0,0,0,0,0,0
2004,550054,1,1,21,21,21,21,21,21,21,21,21,21
2004,550055,1,1,0,0,0,0,0,0,0,0,0,0
2004,550055,2,1,0,0,0,0,0,0,0,0,0,0
2004,550056,1,1,18,18,18,18,18,18,18,18,18,18
2004,550056,2,1,7,7,7,7,7,7,7,7,7,7
2004,550057,1,1,0,0,0,0,0,0,0,0,0,0
2004,550058,1,1,0,0,0,0,0,0,0,0,0,0
2004,550059,1,1,0,0,0,0,0,0,0,0,0,0
2004,550060,1,1,0,0,0,0,0,0,0,0,0,0
2004,550060,2,1,0,0,0,0,0,0,0,0,0,0
2004,550061,1,1,0,0,0,0,0,0,0,0,0,0
2004,550061,2,1,0,0,0,0,0,0,0,0,0,0
2004,550062,0,1,13,13,13,13,13,13,13,13,13,13
2004,550062,1,1,0,0,0,0,0,0,0,0,0,0
2004,550063,1,1,0,0,0,0,0,0,0,0,0,0
2004,550063,2,1,0,0,0,0,0,0,0,0,0,0
2004,550064,1,1,19,17,12,16,15,16,12,12,26,20
2004,550065,1,1,0,0,0,0,0,0,0,0,0,0
2004,550065,2,1,0,0,0,0,0,0,0,0,0,0
2004,550065,3,1,0,0,0,0,0,0,0,0,0,0
2004,550066,1,1,0,0,0,0,0,0,0,0,0,0
2004,550066,2,1,0,0,0,0,0,0,0,0,0,0
2004,550067,1,1,0,0,0,0,0,0,0,0,0,0
2004,550067,2,1,0,0,0,0,0,0,0,0,0,0
2004,550068,1,1,0,6,0,0,0,0,0,0,0,0
2004,550068,2,1,0,0,0,31,0,0,0,0,0,0
2004,550069,1,1,0,0,0,0,0,0,0,0,0,0
2004,550069,2,1,0,0,0,0,0,0,0,0,0,0
2004,550070,1,1,0,0,0,0,0,0,0,0,0,0
2004,550070,2,1,0,0,0,0,0,0,0,0,0,0
2004,550071,1,1,10,10,10,10,10,10,10,10,10,10
2004,550072,1,1,0,0,0,0,0,0,0,0,0,0
2004,550073,1,1,0,0,0,0,0,0,0,0,0,0
2004,550073,2,1,0,0,0,0,0,0,0,0,0,0
2004,550073,3,1,0,0,24,0,0,0,0,13,0,0
2004,550074,1,1,0,0,0,0,0,0,0,0,0,0
2004,550074,2,1,0,0,0,0,0,0,0,0,0,0
2004,550075,1,1,0,0,0,0,0,0,0,0,0,0
2004,550075,2,1,0,0,0,0,0,0,0,0,0,0
2004,550076,1,1,0,0,0,0,0,0,0,0,0,0
2004,550076,2,1,0,0,0,0,0,0,0,0,0,0
2004,550077,1,1,0,0,0,0,0,0,0,0,0,0
2004,550077,2,1,0,0,0,0,0,0,0,0,0,0
2004,550078,1,1,0,0,0,0,0,0,0,0,0,0
2004,550078,2,1,0,0,0,0,0,0,0,0,0,0
2004,550079,1,1,11,11,11,11,11,11,11,11,11,11
2004,550080,0,1,8,8,8,8,8,8,8,8,8,8
2004,550080,1,1,0,0,0,0,0,0,0,0,0,0
2004,550081,1,1,0,0,0,0,0,0,0,0,0,0
2004,550081,2,1,0,0,0,0,0,0,0,0,0,0
2004,550082,1,1,0,0,0,0,0,0,0,0,0,0
2004,550082,2,1,0,0,0,0,0,0,0,0,0,0
2004,550083,1,1,13,13,13,13,13,13,13,13,13,13
2004,550084,0,1,0,0,0,0,0,0,0,0,0,0
2004,550084,1,1,0,0,0,0,0,0,0,0,0,0
2004,550085,1,1,0,0,0,0,0,0,0,0,0,0
2004,550085,2,1,0,0,0,0,0,0,0,0,0,0
2004,550085,3,1,0,0,0,0,0,0,0,0,0,0
2004,550085,4,1,0,0,0,0,0,0,0,0,0,0
2004,550086,0,1,40,40,40,40,40,40,40,40,40,40
2004,550086,1,1,14,14,14,14,14,14,14,14,14,14
2004,550087,1,1,0,0,0,0,0,0,0,0,0,0
2004,550087,2,1,0,0,0,0,0,0,0,0,0,0
2004,550088,1,1,0,0,0,0,0,0,0,0,0,0
2004,550088,2,1,0,0,0,0,0,0,0,0,0,0
2004,550089,0,1,17,0,0,18,5,19,9,42,0,0
2004,550089,1,1,0,0,0,0,0,0,0,0,0,0
2004,550090,1,1,2,2,2,2,2,2,2,2,2,2
2004,550090,2,1,0,0,6,0,0,0,0,0,0,0
2004,550091,1,1,16,16,16,16,16,16,16,16,16,16
2004,550091,2,1,20,20,20,20,20,20,20,20,20,20
2004,550092,1,1,23,23,23,23,23,23,23,23,23,23
2004,550092,2,1,0,0,0,0,0,0,0,0,0,0
2004,550093,1,1,0,0,0,0,0,0,0,0,0,0
2004,550093,2,1,0,0,0,0,0,0,0,0,0,0
2004,550094,1,1,0,0,0,0,0,0,0,0,0,0
2004,550095,1,1,0,0,0,0,0,0,0,0,0,0
2004,550095,2,1,0,0,0,0,0,0,0,0,10,0
2004,550096,1,1,0,0,0,0,0,0,0,0,0,0
2004,550096,2,1,0,0,0,0,0,0,0,0,0,0
2004,550097,0,1,0,0,0,0,0,0,0,0,0,0
2004,550097,1,1,0,0,0,0,0,0,0,0,0,0
2004,550098,1,1,10,10,10,10,10,10,10,10,10,10
2004,550099,1,1,13,13,13,13,13,13,13,13,13,13
2004,550100,1,1,0,0,0,0,0,0,0,0,0,0
2004,550100,2,1,1,1,1,1,1,1,1,1,1,1
2004,550101,1,1,0,0,0,0,0,0,0,0,0,0
2004,550101,2,1,0,0,0,0,0,0,0,0,0,0
2004,550102,1,1,0,0,0,0,0,0,0,0,0,0
2004,550103,1,1,18,18,18,18,18,18,18,18,18,18
2004,550104,1,1,20,17,0,10,0,13,0,0,0,18
2004,550105,1,1,0,0,0,0,0,0,0,0,0,0
2004,550106,1,1,0,0,0,0,0,0,0,0,0,0
2004,550106,2,1,0,0,0,0,0,0,0,0,0,0
2004,550106,3,1,0,0,0,0,0,0,0,0,0,0
2004,550107,1,1,0,0,0,0,14,0,0,0,0,0
2004,550108,1,1,20,20,20,20,20,20,20,20,20,20
2004,550109,1,1,0,0,0,0,0,0,0,0,0,0
2004,550109,2,1,0,0,2,0,0,0,8,0,0,0
2004,550110,1,1,0,0,0,0,0,0,0,0,0,0
2004,550111,1,1,25,25,25,25,25,25,25,25,25,25
2004,550112,1,1,24,24,24,24,24,24,24,24,24,24
2004,550112,2,1,0,0,0,0,0,0,0,0,0,0
2004,550113,1,1,0,0,0,0,0,0,0,0,0,0
2004,550113,2,1,0,0,0,0,0,0,0,0,0,0
2004,550114,1,1,0,0,0,0,0,0,0,0,0,0
2004,550114,2,1,0,0,0,0,0,0,0,0,0,0
2004,550115,1,1,0,0,0,0,0,0,0,0,0,0
2004,550115,2,1,0,0,0,0,0,0,0,0,0,0
2004,550116,1,1,0,0,0,0,0,0,0,0,0,0
2004,550116,2,1,0,0,0,0,0,0,0,0,0,0
2004,550117,1,1,0,0,0,0,0,0,0,0,0,0
2004,550117,2,1,0,12,12,0,0,0,0,0,0,0
2004,550118,1,1,14,14,14,14,14,14,14,14,14,14
2004,550119,1,1,5,5,5,5,5,5,5,5,5,5
2004,550119,2,1,0,0,0,0,0,0,0,0,0,0
2004,550120,1,1,0,0,0,0,0,0,0,0,0,0
2004,550121,1,1,0,0,0,0,0,8,0,0,0,0
2004,550121,2,1,0,0,0,0,0,0,0,0,0,0
2004,550121,3,1,0,0,0,0,0,0,0,0,0,0
2004,550122,1,1,0,0,0,0,0,0,0,0,0,0
2004,550122,2,1,0,0,0,0,0,0,0,0,0,0
2004,550123,1,1,15,15,15,15,15,15,15,15,15,15
2004,550124,1,4,35,0,0,0,0,24,0,0,0,7
2004,550125,1,1,0,0,0,0,0,0,0,0,0,0
2004,550126,1,1,0,0,0,0,0,0,0,0,0,0
2004,550126,2,1,0,0,0,0,0,0,0,0,0,0
2004,550127,1,1,16,16,16,16,16,16,16,16,16,16
2004,550128,1,1,0,0,0,0,0,0,0,0,0,0
2004,550129,1,1,0,0,0,0,0,0,0,0,0,0
2004,550129,2,1,0,0,0,0,0,0,0,0,0,0
2004,550130,1,1,0,0,0,0,0,0,0,0,0,0
2004,550131,1,1,0,0,0,0,0,0,0,0,0,0
2004,550131,2,1,0,0,0,0,0,0,0,0,0,0
2004,550132,1,1,0,0,0,0,0,0,0,0,0,0
2004,550132,2,1,0,0,0,0,0,0,0,0,0,0
2004,550133,1,1,0,0,0,0,0,0,0,0,0,0
2004,550134,1,1,0,0,0,0,0,0,0,0,0,0
2004,550134,2,1,0,0,0,0,0,0,0,0,0,0
2004,550135,1,1,0,0,0,0,0,0,26,0,0,0
2004,550135,2,1,0,0,0,0,0,22,0,0,0,0
2004,550136,1,1,0,0,0,0,0,0,0,0,0,0
2004,550136,2,1,0,0,0,0,0,0,0,0,0,0
2004,550137,1,1,12,12,12,12,12,12,12,12,12,12
2004,550138,1,1,0,0,0,0,0,0,0,0,0,0
2004,550138,2,1,0,0,0,0,0,0,0,0,0,0
2004,550139,1,1,0,0,0,0,0,0,0,0,0,0
2004,550139,2,1,0,0,0,0,0,0,0,0,0,0
2004,550140,1,1,0,0,0,0,0,0,0,0,0,0
2004,550141,1,1,0,0,0,0,0,0,5,0,0,0
2004,550141,2,1,0,0,0,0,0,0,0,0,0,0
2004,550141,3,1,0,0,0,0,0,0,0,0,0,0
2004,550142,1,1,0,0,0,0,0,0,0,0,0,0
2004,550143,1,1,6,6,6,6,6,6,6,6,6,6
2004,550143,2,1,8,0,0,0,0,5,0,0,0,0
2004,550144,1,1,0,0,0,0,0,0,0,0,0,0
2004,550144,2,1,0,0,0,0,0,0,0,0,0,0
2004,550145,1,1,24,24,24,24,24,24,24,24,24,24
2004,550146,1,1,0,0,0,0,0,0,0,0,0,0
2004,550146,2,1,0,0,0,0,0,0,0,0,0,0
2004,550147,1,1,29,29,29,29,29,29,29,29,29,29
2004,550148,1,1,4,4,4,4,4,4,4,4,4,4
2004,550149,1,1,0,0,0,0,0,0,0,0,0,0
2004,550149,2,1,0,0,0,0,0,0,0,0,0,0
2004,550150,1,1,0,0,0,0,0,0,0,0,0,0
2004,550151,0,1,0,0,0,0,0,0,0,0,0,0
2004,550151,1,1,0,0,0,0,0,0,0,0,0,0
2004,550152,1,1,0,0,0,0,0,0,0,0,0,0
2004,550152,2,1,0,0,0,0,0,0,0,0,0,0
2004,550153,1,1,0,0,0,0,0,0,0,0,6,0
2004,550153,2,1,0,0,0,0,0,0,0,0,0,0
2004,550154,1,1,0,0,0,0,0,0,0,0,0,0
2004,550154,2,1,0,0,0,0,0,0,0,0,0,0
2004,550155,1,1,15,15,15,15,15,15,15,15,15,15
2004,550156,1,1,26,26,26,26,26,26,26,26,26,26
2004,550157,1,1,20,20,20,20,20,20,20,20,20,20
2004,550158,0,1,0,0,0,0,0,0,0,0,0,0
2004,550158,1,1,9,9,9,9,9,9,9,9,9,9
2004,550159,1,1,0,0,0,0,0,0,0,0,0,6
2004,550159,2,1,0,0,0,0,0,0,0,0,0,0
2004,550160,1,1,23,23,23,23,23,23,23,23,23,23
2004,550161,1,1,20,20,20,20,20,20,20,20,20,20
2004,550162,0,1,15,15,15,15,15,15,15,15,15,15
2004,550162,1,1,17,17,17,17,17,17,17,17,17,17
2004,550163,1,1,26,26,26,26,26,26,26,26,26,26
2004,550164,1,1,0,0,0,0,0,0,0,0,0,0
2004,550165,1,1,0,0,0,0,0,0,0,0,0,0
2004,550165,2,1,0,0,0,0,0,0,0,0,0,0
2004,550166,1,1,12,12,12,12,12,12,12,12,12,12
2004,550167,1,1,12,12,12,12,12,12,12,12,12,12
2004,550168,1,1,0,0,0,0,0,0,0,0,0,0
2004,550168,2,1,0,0,0,0,0,0,0,0,0,0
2004,550168,3,1,0,0,0,0,0,0,0,0,0,0
2004,550168,4,1,0,0,0,0,0,16,0,0,0,0
2004,550169,1,1,0,0,0,0,0,0,0,0,0,0
2004,550170,1,1,0,0,0,0,0,0,0,0,0,0
2004,550171,0,1,8,8,8,8,8,8,8,8,8,8
2004,550171,1,1,21,21,21,21,21,21,21,21,21,21
2004,550172,1,1,0,0,0,0,0,0,0,0,0,0
2004,550172,2,1,0,0,0,0,0,0,0,0,0,0
2004,550172,3,1,0,0,0,0,0,0,0,0,0,0
2004,550173,1,1,23,23,23,23,23,23,23,23,23,23
2004,550173,2,1,0,0,0,0,0,0,0,0,0,0
2004,550174,1,1,6,6,6,6,6,6,6,6,6,6
2004,550175,0,1,0,0,0,0,0,0,0,0,0,0
2004,550175,1,1,0,0,0,0,0,0,0,0,0,0
2004,550176,0,1,12,12,12,12,12,12,12,12,12,12
2004,550176,1,1,0,0,0,0,0,0,0,0,0,0
2004,550177,1,1,0,0,0,0,0,0,0,0,0,0
2004,550178,1,1,0,0,0,0,0,0,0,0,0,0
2004,550178,2,1,0,0,0,0,0,0,0,0,0,0
2004,550179,1,1,28,28,28,28,28,28,28,28,28,28
2004,550180,1,1,16,16,16,16,16,16,16,16,16,16
2004,550181,1,1,0,0,0,0,0,0,0,0,0,0
2004,550181,2,1,0,0,0,0,0,0,0,0,0,0
2004,550182,0,1,46,19,19,42,36,17,0,14,21,15
2004,550182,1,1,0,19,0,0,0,0,0,16,0,4
2004,550183,0,1,0,0,0,0,0,0,0,0,0,0
2004,550183,1,1,18,18,18,18,18,18,18,18,18,18
2004,550184,1,1,22,22,22,22,22,22,22,22,22,22
2004,550185,1,1,27,27,27,27,27,27,27,27,27,27
2004,550186,1,1,12,0,0,0,0,0,0,9,0,0
2004,550186,2,1,0,0,0,0,0,0,0,0,0,0
2004,550187,1,1,18,18,18,18,18,18,18,18,18,18
2004,550188,1,1,28,28,28,28,28,28,28,28,28,28
2004,550189,1,1,12,12,12,12,12,12,12,12,12,12
2004,550189,2,1,0,0,0,0,0,0,0,0,0,0
2004,550189,3,1,0,0,0,0,0,0,0,0,0,0
2004,550190,1,1,0,0,0,0,0,0,0,0,0,0
2004,550191,1,1,19,19,19,19,19,19,19,19,19,19
2004,550192,1,1,21,21,21,21,21,21,21,21,21,21
2004,550193,1,1,12,12,12,12,12,12,12,12,12,12
2004,550194,1,1,10,10,10,10,10,10,10,10,10,10
2004,550195,1,1,0,0,0,0,0,0,0,0,0,0
2004,550195,2,1,0,0,0,0,0,0,0,0,0,0
2004,550196,1,1,24,24,24,24,24,24,24,24,24,24
2004,550197,1,1,0,0,0,0,0,0,0,0,0,0
2004,550197,2,1,0,0,0,0,0,0,0,0,0,0
2004,550198,0,1,0,0,0,0,0,0,0,0,0,0
2004,550198,1,1,0,0,0,0,0,0,0,0,0,0
2004,550199,1,1,9,9,9,9,9,9,9,9,9,9
2004,550199,2,1,0,0,0,0,0,0,0,0,0,0
2004,550200,1,1,0,0,0,0,0,0,0,0,0,0
2004,550200,2,1,12,12,12,12,12,12,12,12,12,12
2004,550201,1,1,24,24,24,24,24,24,24,24,24,24
2004,550201,2,1,0,0,0,0,0,0,0,0,0,0
2004,550202,1,1,0,0,0,0,0,0,0,0,0,0
2004,550202,2,1,0,0,0,0,0,0,0,0,0,0
2004,550202,3,1,0,0,0,0,0,0,0,0,0,0
2004,550203,0,1,0,0,0,0,0,0,12,0,0,0
2004,550203,1,1,0,0,0,0,0,0,0,0,0,0
2004,550204,1,1,0,0,0,0,0,0,0,0,0,0
2004,550205,1,1,0,0,0,0,0,0,0,0,0,0
2004,550205,2,1,0,0,0,0,0,0,0,0,0,0
2004,550206,1,1,0,0,0,0,0,0,0,0,0,0
2004,550207,1,1,0,0,0,0,0,0,29,0,0,0
2004,550208,1,1,0,0,0,0,0,0,0,0,0,0
2004,550209,1,1,0,0,0,0,0,0,0,0,0,0
2004,550209,2,1,0,0,0,0,0,0,0,0,0,0
2004,550210,1,1,4,4,4,4,4,4,4,4,4,4
2004,550211,1,1,21,21,21,21,21,21,21,21,21,21
2004,550212,1,1,0,0,0,0,0,0,0,0,0,0
2004,550212,2,1,0,0,0,0,0,0,0,0,0,0
2004,550212,3,1,0,0,0,0,0,0,0,0,0,0
2004,550213,1,1,0,0,0,0,0,0,0,0,0,0
2004,550213,2,1,0,0,0,0,0,0,0,0,0,0
2004,550214,1,1,23,23,23,23,23,23,23,23,23,23
2004,550215,1,1,19,19,19,19,19,19,19,19,19,19
2004,550216,1,1,0,0,0,0,0,0,0,0,0,0
2004,550216,2,1,0,0,0,0,0,0,0,0,0,0
2004,550217,1,1,10,10,10,10,10,10,10,10,10,10
2004,550218,1,1,31,31,31,31,31,31,31,31,31,31
2004,550219,1,1,21,21,21,21,21,21,21,21,21,21
2004,550220,1,1,14,14,14,14,14,14,14,14,14,14
2004,550221,1,1,18,18,18,18,18,18,18,18,18,18
2004,550222,1,1,0,0,0,0,0,0,0,0,0,0
2004,550223,1,1,0,0,21,0,30,0,0,0,0,0
2004,550224,1,1,0,0,0,0,0,0,0,0,0,0
2004,550224,2,1,0,0,0,0,12,0,0,0,8,0
2004,550225,1,1,0,15,0,0,0,0,0,0,2,0
2004,550226,1,1,21,21,21,21,21,21,21,21,21,21
2004,550226,2,1,2,2,2,2,2,2,2,2,2,2
2004,550227,1,1,14,14,14,14,14,14,14,14,14,14
2004,550228,0,1,0,0,0,0,0,0,0,0,0,0
2004,550228,1,1,0,0,0,0,0,0,0,0,0,0
2004,550229,1,1,27,27,27,27,27,27,27,27,27,27
2004,550229,2,1,0,0,0,0,0,0,0,0,0,0
2004,550230,1,1,0,0,0,0,0,0,0,0,0,0
2004,550230,2,1,0,0,0,0,0,0,0,0,0,0
2004,550231,1,1,0,0,0,0,0,0,0,0,0,18
2004,550231,2,1,0,0,9,0,0,0,0,0,0,0
2004,550231,3,1,0,0,0,0,0,0,0,0,0,0
2004,550232,1,1,0,0,0,0,0,0,0,0,0,0
2004,550233,1,1,0,0,0,0,0,3,16,0,0,0
2004,550233,2,1,0,0,0,0,0,0,0,0,0,0
2004,550234,1,1,27,27,27,27,27,27,27,27,27,27
2004,550235,0,1,23,23,23,23,23,23,23,23,23,23
2004,550235,1,1,41,0,13,0,18,10,23,0,23,0
2004,550236,1,1,18,18,18,18,18,18,18,18,18,18
2004,550237,1,1,0,0,0,0,0,0,0,0,0,0
2004,550237,2,1,0,0,0,0,0,0,0,0,0,0
2004,550238,1,1,0,0,0,0,0,0,0,0,0,0
2004,550238,2,1,0,0,21,0,0,0,0,0,0,0
2004,550238,3,1,0,0,0,0,0,0,9,0,0,0
2004,550239,1,1,2,2,2,2,2,2,2,2,2,2
2004,550239,2,1,18,18,18,18,18,18,18,18,18,18
2004,550240,1,1,0,0,0,0,0,0,0,17,0,0
2004,550241,1,1,0,0,0,0,0,0,0,0,0,0
2004,550242,1,1,0,19,0,0,0,0,20,12,0,25
2004,550243,1,1,26,26,26,26,26,26,26,26,26,26
2004,550244,1,1,0,0,0,0,0,0,0,0,0,0
2004,550244,2,1,0,0,0,0,0,0,0,0,0,0
2004,550245,1,1,11,11,11,11,11,11,11,11,11,11
2004,550246,0,1,0,0,0,0,0,0,0,0,0,0
2004,550246,1,1,0,0,0,0,0,0,0,0,0,0
2004,550247,1,1,0,0,0,0,0,0,0,0,0,0
2004,550248,1,1,0,0,0,0,0,0,0,0,0,0
2004,550248,2,1,0,0,0,0,0,0,0,0,0,0
2004,550249,1,1,0,0,0,0,0,0,0,0,0,0
2004,550249,2,1,0,0,0,0,0,0,0,0,0,0
2004,550250,1,1,10,10,10,10,10,10,10,10,10,10
2004,550250,2,1,0,0,0,0,0,0,0,0,0,0
2004,550251,1,1,0,0,0,0,0,0,0,0,0,0
2004,550251,2,1,0,0,0,0,0,0,0,0,0,0
2004,550251,3,1,0,0,0,0,0,0,0,0,0,0
2004,550252,1,1,0,0,0,0,0,0,0,0,0,0
2004,550252,2,1,0,0,0,0,0,0,0,31,0,0
2004,550252,3,1,0,0,0,20,0,0,0,0,0,0
2004,550252,4,1,0,0,2,0,0,9,0,0,0,0
2004,550252,5,1,0,13,10,0,0,0,0,0,32,0
2004,550253,1,1,12,12,12,12,12,12,12,12,12,12
2004,550254,1,1,10,10,10,10,10,10,10,10,10,10
2004,550255,1,1,0,0,0,0,0,0,0,0,0,0
2004,550255,2,1,0,0,0,0,0,0,0,0,0,0
2004,550256,1,1,0,0,0,0,0,0,0,0,0,0
2004,550257,1,1,0,0,0,0,0,0,0,0,0,0
2004,550257,2,1,0,0,0,0,0,0,0,0,0,0
2004,550258,1,1,0,0,16,0,0,0,0,0,0,0
2004,550258,2,1,0,0,0,0,0,0,0,0,0,0
2004,550258,3,1,0,0,0,0,0,0,0,0,0,0
2004,550259,1,1,9,9,9,9,9,9,9,9,9,9
2004,550259,2,1,0,0,0,0,0,0,0,0,0,0
2004,550260,1,1,0,0,0,13,7,0,0,0,0,0
2004,550260,2,1,0,0,0,0,0,0,0,0,0,0
2004,550261,1,1,22,22,22,22,22,22,22,22,22,22
2004,550262,1,1,19,19,19,19,19,19,19,19,19,19
2004,550263,1,1,0,0,0,0,0,0,0,0,0,0
2004,550263,2,1,0,0,0,0,0,0,0,0,0,0
2004,550264,1,1,15,15,15,15,15,15,15,15,15,15
2004,550265,1,1,17,17,17,17,17,17,17,17,17,17
2004,550265,2,1,0,0,0,0,0,0,0,0,0,0
2004,550266,1,1,5,5,5,5,5,5,5,5,5,5
2004,550266,2,1,0,0,0,0,0,0,0,0,0,0
2004,550267,1,1,34,34,34,34,34,34,34,34,34,34
2004,550267,2,1,0,0,0,0,0,0,0,0,0,0
2004,550268,1,1,0,0,0,0,0,0,0,0,0,0
2004,550269,1,1,16,16,16,16,16,16,16,16,16,16
2004,550270,1,1,0,0,0,0,0,0,0,0,0,0
2004,550270,2,1,0,0,0,0,0,0,0,0,0,0
2004,550271,1,1,0,0,0,0,0,0,0,0,0,0
2004,550271,2,1,0,0,0,0,0,0,0,0,0,0
2004,550272,1,1,0,0,0,0,0,0,0,0,0,0
2004,550272,2,1,0,0,0,0,0,0,0,0,0,0
2004,550273,0,1,29,29,29,29,29,29,29,29,29,29
2004,550273,1,1,0,0,0,6,0,0,0,0,0,0
2004,550273,2,1,0,0,0,0,0,0,0,0,0,19
2004,550274,1,1,0,0,0,0,0,0,0,0,0,0
2004,550274,2,1,0,0,0,0,0,0,0,0,0,0