YEAR,ST_CASE,veh_no,per_no,P1,P2,P3,P4,P5,P6,P7,P8,P9,P10
2004,550570,1,1,0,0,0,0,0,0,0,0,0,0
2004,550570,2,1,28,28,28,28,28,28,28,28,28,28
2004,550571,1,1,19,19,19,19,19,19,19,19,19,19
2004,550572,1,1,0,0,0,0,0,0,0,0,0,0
2004,550572,2,1,0,0,0,0,0,0,0,0,0,0
2004,550573,0,1,24,24,24,24,24,24,24,24,24,24
2004,550573,1,1,0,0,0,0,0,0,0,0,0,0
2004,550574,0,1,25,25,25,25,25,25,25,25,25,25
2004,550574,1,1,0,0,0,0,0,0,0,0,0,0
2004,550575,0,1,0,0,0,0,0,0,0,0,0,0
2004,550575,1,1,0,0,0,0,0,0,0,0,0,0
2004,550576,1,1,0,0,0,0,0,0,0,0,0,0
2004,550576,2,1,0,0,0,0,0,0,0,0,0,0
2004,550577,0,1,0,0,0,0,0,0,0,0,0,0
2004,550577,1,1,0,0,0,0,0,0,0,0,0,0
2004,550578,1,1,0,0,0,0,0,0,0,0,0,0
2004,550579,1,1,23,23,23,23,23,23,23,23,23,23
2004,550579,2,1,0,0,0,0,0,0,0,0,0,0
2004,550580,0,1,29,29,29,29,29,29,29,29,29,29
2004,550580,1,1,14,14,14,14,14,14,14,14,14,14
2004,550581,1,1,27,27,27,27,27,27,27,27,27,27
2004,550582,1,1,25,25,25,25,25,25,25,25,25,25
2004,550583,1,1,0,0,0,0,0,0,26,11,9,0
2004,550583,2,1,0,0,0,0,0,9,0,0,0,0
2004,550584,1,1,17,17,17,17,17,17,17,17,17,17
2004,550585,1,1,0,0,0,0,0,0,0,0,0,0
2004,550586,1,1,16,16,16,16,16,16,16,16,16,16
2004,550587,1,1,8,8,8,8,8,8,8,8,8,8
2004,550588,1,1,0,0,0,0,0,0,0,0,0,0
2004,550588,2,1,0,0,0,0,0,0,0,0,0,0
2004,550589,1,1,0,0,0,0,0,0,0,0,0,0
2004,550589,2,1,0,0,0,0,0,0,0,0,0,0
2004,550590,1,1,14,14,14,14,14,14,14,14,14,14
2004,550591,1,1,31,31,31,31,31,31,31,31,31,31
2004,550592,1,1,0,0,0,0,0,0,0,0,0,0
2004,550592,2,1,0,0,0,0,0,0,0,0,0,0
2004,550592,3,1,0,0,0,0,0,0,0,0,0,0
2004,550593,1,1,0,0,0,0,0,0,0,0,0,0
2004,550593,2,1,0,0,0,0,0,0,0,0,0,0
2004,550594,1,1,0,0,0,0,0,0,0,0,0,0
2004,550595,1,1,0,0,0,0,0,0,0,0,0,0
2004,550595,2,1,0,0,0,0,0,0,0,0,0,0
2004,550596,0,1,0,0,0,0,0,0,0,0,0,0
2004,550596,0,2,0,0,0,0,0,0,0,25,27,0
2004,550596,1,1,0,0,0,0,0,0,0,0,0,0
2004,550597,1,1,21,21,21,21,21,21,21,21,21,21
2004,550597,2,1,7,0,0,0,0,0,0,0,0,0
2004,550597,3,1,0,0,0,0,0,0,0,0,0,0
2004,550598,1,1,10,0,40,0,0,0,0,33,0,27
2004,550599,1,1,21,21,21,21,21,21,21,21,21,21
2004,550599,2,1,0,0,0,0,0,0,0,0,0,0
2004,550600,1,1,30,30,30,30,30,30,30,30,30,30
2004,550601,1,1,22,22,22,22,22,22,22,22,22,22
2004,550602,1,1,13,13,13,13,13,13,13,13,13,13
2004,550603,1,1,7,7,7,7,7,7,7,7,7,7
2004,550604,0,1,16,16,16,16,16,16,16,16,16,16
2004,550604,1,1,0,0,0,0,0,0,0,20,0,0
2004,550605,0,1,0,0,0,0,0,0,0,0,0,0
2004,550605,1,1,0,0,0,0,0,0,0,16,0,0
2004,550606,1,1,20,20,20,20,20,20,20,20,20,20
2004,550607,1,1,25,25,25,25,25,25,25,25,25,25
2004,550608,1,1,0,0,0,0,0,0,0,0,0,0
2004,550608,2,1,0,0,0,0,0,0,0,0,0,0
2004,550609,0,1,27,27,27,27,27,27,27,27,27,27
2004,550609,1,1,5,5,5,5,5,5,5,5,5,5
2004,550610,1,1,25,25,25,25,25,25,25,25,25,25
2004,550611,1,1,1,1,1,1,1,1,1,1,1,1
2004,550611,2,1,0,0,0,0,0,0,0,0,0,0
2004,550612,1,1,0,0,0,0,0,0,0,0,0,0
2004,550612,2,1,0,0,0,0,0,0,0,0,0,0
2004,550613,1,1,10,10,10,10,10,10,10,10,10,10
2004,550614,1,1,39,39,39,39,39,39,39,39,39,39
2004,550615,1,1,8,8,8,8,8,8,8,8,8,8
2004,550616,1,2,18,26,0,0,36,0,0,12,0,26
2004,550617,1,1,0,0,0,0,0,0,0,0,0,0
2004,550618,1,1,0,0,0,0,0,0,0,0,0,0
2004,550618,2,1,0,0,0,0,0,0,0,0,0,0
2004,550619,1,1,33,33,33,33,33,33,33,33,33,33
2004,550620,1,1,15,15,15,15,15,15,15,15,15,15
2004,550620,2,1,0,0,0,0,0,0,0,0,0,0
2004,550621,1,1,0,0,0,0,0,0,0,0,0,0
2004,550621,2,1,0,0,0,0,0,0,0,10,0,0
2004,550622,1,1,0,0,0,0,0,0,0,0,0,0
2004,550622,2,1,0,0,0,0,0,0,0,0,0,0
2004,550623,1,1,31,24,14,32,26,15,31,19,10,18
2004,550624,0,1,13,13,13,13,13,13,13,13,13,13
2004,550624,1,1,24,24,24,24,24,24,24,24,24,24
2004,550625,1,1,17,17,17,17,17,17,17,17,17,17
2004,550626,1,1,0,0,0,0,0,0,0,0,0,0
2004,550627,1,1,0,0,0,0,0,0,0,0,0,0
2004,550627,2,1,13,13,13,13,13,13,13,13,13,13
2004,550628,1,1,1,1,1,1,1,1,1,1,1,1
2004,550628,2,1,0,0,0,0,0,0,0,0,0,0
2004,550628,3,1,0,0,0,0,0,0,0,0,0,0
2004,550628,4,1,0,0,0,0,0,0,0,0,0,0
2004,550629,1,1,0,0,0,0,0,0,0,0,0,0
2004,550630,1,1,18,18,18,18,18,18,18,18,18,18
2004,550631,1,1,0,2,0,0,0,0,0,0,0,0
2004,550631,2,1,0,0,0,0,0,0,0,0,0,0
2004,550631,3,1,0,0,0,0,0,0,0,0,0,0
2004,550631,4,1,0,0,0,0,0,0,0,0,0,0
2004,550631,5,1,0,0,0,0,0,0,0,0,0,0
2004,550632,1,1,0,0,0,0,0,0,0,0,0,0
2004,550632,2,1,1,1,1,1,1,1,1,1,1,1
2004,550632,3,1,0,0,0,0,0,0,0,0,0,0
2004,550633,1,1,0,0,0,0,0,0,0,0,0,0
2004,550633,2,1,0,0,0,0,0,0,0,0,0,0
2004,550634,1,1,11,11,11,11,11,11,11,11,11,11
2004,550635,1,1,0,0,0,0,0,0,0,0,0,0
2004,550635,2,1,0,0,0,0,0,0,0,0,0,0
2004,550636,1,1,16,16,16,16,16,16,16,16,16,16
2004,550637,1,1,15,17,7,12,26,28,15,22,0,0
2004,550638,1,1,0,0,0,0,0,0,0,0,0,0
2004,550638,2,1,0,0,0,0,0,0,18,0,0,0
2004,550638,3,1,0,0,0,0,0,0,0,0,0,0
2004,550639,1,1,0,0,6,17,0,26,10,0,0,21
2004,550640,1,1,0,0,0,0,0,0,0,0,0,0
2004,550640,2,1,0,0,0,0,0,0,0,0,0,0
2004,550641,1,1,12,17,11,30,25,21,3,14,17,16
2004,550642,1,1,0,0,0,0,0,0,0,0,0,0
2004,550642,2,1,0,0,19,0,0,9,0,0,0,0
2004,550642,3,1,0,0,20,0,0,0,0,0,0,0
2004,550643,1,1,0,0,0,42,14,0,0,0,0,20
2004,550644,1,1,0,0,0,0,0,0,0,0,0,0
2004,550644,2,1,0,0,0,0,0,0,0,0,0,0
2004,550645,1,1,0,0,12,0,25,0,0,0,0,0
2004,550646,1,1,0,0,0,0,0,0,0,0,0,0
2004,550647,1,1,0,0,0,0,0,0,0,0,0,0
2004,550647,2,1,0,0,0,0,0,0,0,0,0,0
2004,550648,1,1,0,0,0,0,0,0,0,0,0,0
2004,550648,2,1,34,34,34,34,34,34,34,34,34,34
2004,550649,1,1,24,24,24,24,24,24,24,24,24,24
2004,550650,1,1,0,0,0,0,0,0,0,0,0,0
2004,550650,2,1,0,0,0,0,0,0,0,0,0,0
2004,550651,1,1,0,0,0,0,0,0,0,0,0,6
2004,550651,2,1,0,0,0,0,0,0,0,0,0,0
2004,550651,3,1,0,0,0,0,0,0,0,0,0,19
2004,550652,1,1,0,0,0,0,0,0,0,0,0,0
2004,550653,0,1,0,0,0,0,0,0,0,0,0,0
2004,550653,1,1,0,0,0,0,0,0,0,0,0,0
2004,550654,1,1,0,0,0,0,0,0,0,0,0,0
2004,550655,1,1,22,22,22,22,22,22,22,22,22,22
2004,550655,2,1,4,4,4,4,4,4,4,4,4,4
2004,550656,1,1,0,0,0,0,0,0,23,26,0,0
2004,550657,1,1,0,0,0,0,11,0,0,0,0,0
2004,550658,1,1,0,0,0,0,0,0,0,0,0,0
2004,550659,1,1,13,13,13,13,13,13,13,13,13,13
2004,550660,0,1,15,15,15,15,15,15,15,15,15,15
2004,550660,1,1,0,0,0,0,0,0,0,0,0,0
2004,550661,1,1,13,13,13,13,13,13,13,13,13,13
2004,550662,1,1,0,0,0,0,0,0,0,0,0,0
2004,550663,1,1,16,16,16,16,16,16,16,16,16,16
2004,550664,1,1,9,9,9,9,9,9,9,9,9,9
2004,550665,1,1,0,0,0,0,0,0,0,0,0,0
2004,550665,2,1,0,0,0,0,0,0,0,0,0,0
2004,550666,1,1,34,34,34,34,34,34,34,34,34,34
2004,550667,1,1,25,25,25,25,25,25,25,25,25,25
2004,550668,1,1,0,0,0,0,0,0,0,0,0,0
2004,550669,0,1,0,0,0,0,0,0,0,0,0,0
2004,550669,1,1,0,0,0,0,0,0,0,0,0,0
2004,550670,0,1,12,15,12,24,33,0,19,14,19,0
2004,550670,1,1,0,0,0,0,0,0,0,0,0,0
2004,550671,1,1,0,0,0,0,0,0,0,0,0,0
2004,550672,1,1,0,0,0,0,0,0,0,0,0,0
2004,550673,0,1,0,0,0,0,0,0,0,0,0,0
2004,550673,1,1,0,0,0,0,0,0,0,0,0,0
2004,550674,1,1,5,5,5,5,5,5,5,5,5,5
2004,550675,1,1,23,23,23,23,23,23,23,23,23,23
2004,550676,1,1,20,20,20,20,20,20,20,20,20,20
2004,550677,1,1,0,0,0,0,0,0,0,0,0,0
2004,550677,2,1,0,0,0,0,0,0,0,0,0,0
2004,550678,1,1,0,0,0,0,0,0,0,0,0,0
2004,550678,2,1,0,0,0,0,0,0,0,0,0,0
2004,550679,1,1,21,21,21,21,21,21,21,21,21,21
2004,550679,2,1,0,0,0,0,0,0,0,0,0,21
2004,550680,1,1,0,0,0,0,0,0,0,0,0,0
2004,550680,2,1,0,0,0,0,0,0,0,0,0,0
2004,550681,1,1,0,0,27,0,0,0,0,0,0,0
2004,550682,1,1,0,0,0,0,0,0,0,0,0,0
2004,550683,1,1,0,0,0,0,0,0,0,0,0,0
2004,550683,2,1,0,0,0,0,0,0,0,0,0,0
2004,550684,1,1,0,0,0,0,0,0,0,18,0,0
2004,550684,2,1,0,0,0,0,0,0,0,0,0,0
2004,550684,3,1,0,0,0,0,19,0,0,0,0,0
2004,550685,0,1,18,34,21,0,41,27,20,9,23,27
2004,550685,0,2,16,16,16,16,16,16,16,16,16,16
2004,550685,1,1,0,0,0,0,0,0,0,0,0,0
2004,550686,1,1,0,0,0,0,0,0,0,0,0,0
2004,550686,2,1,0,0,0,0,0,0,0,0,0,0
2004,550687,1,1,24,24,24,24,24,24,24,24,24,24
2004,550688,1,1,0,0,0,0,0,0,0,0,0,0
2004,550689,1,1,21,21,21,21,21,21,21,21,21,21
2004,550690,0,1,0,0,11,0,0,6,0,0,0,13
2004,550690,1,1,0,0,0,0,0,0,0,0,0,0
2004,550691,1,1,1,1,1,1,1,1,1,1,1,1
2004,550691,2,1,0,0,0,0,0,0,0,0,0,0
2004,550692,1,1,0,0,0,0,0,0,0,0,0,0
2004,550692,2,1,0,0,0,0,0,0,0,0,0,0
2004,550693,1,1,16,16,16,16,16,16,16,16,16,16
2004,550694,1,1,0,0,0,0,0,0,0,0,0,0
2004,550694,2,1,0,0,0,0,0,0,0,0,0,0
2004,550695,1,1,21,21,21,21,21,21,21,21,21,21
2004,550696,1,1,18,18,18,18,18,18,18,18,18,18
2004,550697,1,1,18,18,18,18,18,18,18,18,18,18
2004,550698,1,1,14,14,14,14,14,14,14,14,14,14
2004,550699,1,1,0,0,0,0,0,0,0,0,0,0
2004,550699,2,1,0,0,0,0,0,0,0,0,0,0
2004,550700,1,1,17,17,17,17,17,17,17,17,17,17
2004,550701,1,1,0,0,0,0,0,0,0,0,0,0
2004,550702,1,1,0,0,0,0,0,0,0,0,0,0
2004,550702,2,1,0,0,0,0,0,0,0,0,0,0
2004,550703,1,1,0,0,0,0,0,0,0,0,0,0
2004,550703,2,1,0,9,0,0,0,0,0,0,0,0
2004,550703,3,1,0,0,0,0,0,0,0,0,0,0
2004,550704,1,1,18,18,18,18,18,18,18,18,18,18
2004,550705,1,1,14,14,14,14,14,14,14,14,14,14
2004,550705,2,1,0,0,0,0,0,0,0,0,0,0
2004,550706,1,1,0,0,0,0,0,0,0,0,0,0
2004,550707,1,1,36,0,0,0,0,7,0,0,16,0
2004,550708,1,1,0,0,0,0,0,0,0,0,0,0
2004,550709,1,1,0,0,0,0,0,0,0,0,0,0
2004,550709,2,1,0,0,0,0,0,0,0,0,0,0
2004,550709,3,1,0,0,0,0,0,0,0,0,0,0
2004,550710,1,1,0,0,0,0,0,0,0,0,0,0
2004,550710,2,1,0,0,0,0,0,0,0,0,0,0
2004,550711,0,1,0,0,0,0,0,0,0,0,0,0
2004,550711,1,1,0,0,0,0,0,0,0,0,0,0
2004,550712,1,1,0,0,0,0,0,0,0,0,0,0
2004,550712,2,1,0,0,0,0,0,0,0,0,0,0
2004,550712,3,1,0,0,0,0,0,0,0,0,0,0
2004,550713,1,1,0,0,0,0,0,0,0,0,0,0
2004,550714,0,1,0,0,0,0,0,0,0,0,0,0
2004,550714,1,1,0,0,0,0,0,0,0,0,0,0
2004,550715,1,1,0,0,0,0,0,0,0,0,0,0
2004,550716,1,1,13,16,15,28,28,7,11,32,27,12
2004,550717,1,1,10,10,10,10,10,10,10,10,10,10
2004,550718,1,1,15,0,0,0,0,0,0,0,0,0
2004,550719,1,1,20,21,27,0,31,12,33,6,12,22
2004,550719,2,1,0,0,0,0,0,0,0,0,0,0
2004,550720,1,1,0,0,0,0,0,0,0,11,0,0
2004,550721,1,1,0,0,0,0,12,0,0,0,0,17
2004,550722,1,1,0,0,0,0,0,0,0,0,0,0
2004,560001,1,1,0,0,0,0,0,0,2,0,0,0
2004,560001,2,1,0,0,0,0,0,0,0,0,0,0
2004,560002,1,1,7,7,7,7,7,7,7,7,7,7
2004,560003,1,1,0,0,0,0,0,0,0,0,0,0
2004,560003,2,1,0,0,0,0,0,0,0,0,0,0
2004,560004,1,1,0,0,0,0,0,0,0,0,0,0
2004,560005,1,1,0,0,0,0,0,0,0,0,0,0
2004,560006,1,1,0,0,0,0,0,0,0,0,0,0
2004,560006,2,1,0,0,0,0,0,0,0,0,0,0
2004,560007,1,1,16,16,16,16,16,16,16,16,16,16
2004,560007,2,1,0,0,0,0,0,0,0,0,0,0
2004,560008,1,1,0,0,0,0,0,0,0,0,0,0
2004,560008,2,1,0,0,0,14,0,0,0,0,0,0
2004,560009,1,1,0,0,0,0,0,0,0,0,0,0
2004,560010,0,1,17,22,18,0,11,0,0,0,23,0
2004,560010,1,1,0,0,0,0,0,0,0,0,0,0
2004,560010,2,1,0,0,0,0,0,0,0,0,0,0
2004,560011,0,1,0,0,0,11,0,0,0,0,0,0
2004,560011,1,1,0,0,0,0,0,0,0,0,0,0
2004,560011,2,1,0,0,0,0,0,0,0,0,0,0
2004,560011,3,1,0,0,0,0,0,0,0,0,0,0
2004,560011,4,1,11,0,0,0,0,0,0,0,0,0
2004,560012,1,1,0,0,0,0,0,0,0,0,0,0
2004,560012,2,1,0,0,0,0,0,0,0,0,0,0
2004,560012,3,1,0,0,0,0,2,0,1,0,0,0
2004,560013,1,1,0,0,0,0,0,0,0,0,0,0
2004,560013,2,1,0,0,0,0,0,0,0,0,0,0
2004,560014,1,1,0,0,0,0,0,0,0,0,0,0
2004,560015,1,1,0,0,0,0,0,0,0,0,0,0
2004,560015,2,1,0,0,0,0,0,0,0,0,0,0
2004,560016,1,1,16,0,0,14,0,18,0,16,0,0
2004,560017,1,1,0,0,0,0,0,0,0,0,0,0
2004,560018,1,1,18,18,18,18,18,18,18,18,18,18
2004,560018,2,1,4,0,0,0,0,0,0,0,0,0
2004,560019,1,1,0,0,0,0,0,0,0,0,0,0
2004,560019,2,1,0,0,0,0,0,0,0,0,0,0
2004,560020,1,1,0,0,0,0,0,0,0,0,0,0
2004,560021,1,1,15,15,15,15,15,15,15,15,15,15
2004,560021,2,1,2,2,2,2,2,2,2,2,2,2
2004,560022,1,1,16,16,16,16,16,16,16,16,16,16
2004,560023,1,1,0,0,0,0,0,0,0,0,0,0
2004,560023,2,1,0,0,0,0,0,0,0,0,0,0
2004,560024,1,1,20,20,20,20,20,20,20,20,20,20
2004,560024,2,1,0,0,0,0,0,0,0,0,0,0
2004,560025,1,1,0,0,0,0,0,0,0,0,0,0
2004,560025,2,1,0,0,0,0,0,0,0,0,0,0
2004,560026,1,1,15,15,15,15,15,15,15,15,15,15
2004,560027,1,1,26,26,26,26,26,26,26,26,26,26
2004,560028,1,1,0,0,7,0,0,0,0,0,0,9
2004,560029,1,1,19,19,19,19,19,19,19,19,19,19
2004,560030,1,1,29,29,29,29,29,29,29,29,29,29
2004,560031,1,1,17,17,17,17,17,17,17,17,17,17
2004,560032,1,1,20,20,20,20,20,20,20,20,20,20
2004,560033,1,1,31,31,31,31,31,31,31,31,31,31
2004,560034,1,1,27,27,27,27,27,27,27,27,27,27
2004,560035,1,1,11,11,11,11,11,11,11,11,11,11
2004,560036,1,1,0,0,24,0,0,0,0,7,0,36
2004,560037,1,1,0,0,0,0,0,0,0,0,0,0
2004,560038,1,1,0,0,0,0,0,0,21,0,12,0
2004,560039,1,1,0,0,0,0,0,0,0,0,0,0
2004,560040,1,1,0,0,0,0,0,0,0,0,0,0
2004,560041,1,1,0,0,0,0,0,0,0,0,0,0
2004,560041,2,1,0,0,0,0,0,0,0,0,0,0
2004,560042,1,1,14,14,14,14,14,14,14,14,14,14
2004,560043,1,1,26,26,26,26,26,26,26,26,26,26
2004,560044,1,1,12,12,12,12,12,12,12,12,12,12
2004,560045,1,1,0,0,0,0,0,0,0,0,0,0
2004,560046,1,1,0,0,0,0,0,0,0,0,0,0
2004,560046,2,1,0,0,0,0,0,0,0,0,0,0
2004,560047,1,1,0,0,0,0,22,0,0,0,11,0
2004,560048,1,1,0,0,0,0,0,0,0,0,0,0
2004,560048,2,1,0,0,0,0,0,0,0,0,0,0
2004,560049,1,1,0,0,0,0,0,0,0,0,37,0
2004,560050,1,1,0,0,0,0,0,0,0,0,0,0
2004,560050,2,1,0,0,0,0,0,0,0,0,0,0
2004,560051,1,1,0,0,0,7,0,0,0,12,0,0
2004,560052,1,1,4,4,4,4,4,4,4,4,4,4
2004,560053,1,1,0,0,0,0,0,0,0,0,0,0
2004,560053,2,1,0,0,4,0,0,0,0,0,0,0
2004,560053,3,1,0,0,0,0,0,0,0,0,0,0
2004,560054,1,1,0,0,0,0,0,0,0,0,0,0
2004,560055,1,1,0,0,0,0,0,0,0,0,0,0
2004,560056,1,1,0,0,0,0,0,47,0,0,0,0
2004,560057,1,1,21,21,21,21,21,21,21,21,21,21
2004,560057,2,1,0,0,0,0,0,0,0,0,0,0
2004,560058,1,1,0,0,0,0,0,0,0,0,0,0
2004,560059,1,1,0,0,0,0,0,0,0,0,0,0
2004,560060,1,1,12,12,12,12,12,12,12,12,12,12
2004,560061,1,1,0,0,0,0,0,0,0,0,0,0
2004,560062,1,1,0,0,0,0,0,0,0,0,0,0
2004,560062,2,1,0,0,0,0,0,0,0,0,0,0
2004,560063,1,1,0,0,0,0,0,0,0,0,0,0
2004,560064,1,1,0,0,8,0,0,0,0,0,0,0
2004,560064,2,1,0,7,0,0,0,0,0,0,0,0
2004,560065,1,1,1,1,1,1,1,1,1,1,1,1
2004,560065,2,1,0,0,0,0,0,0,0,0,0,0
2004,560066,0,1,24,24,24,24,24,24,24,24,24,24
2004,560066,1,1,0,0,0,0,0,0,0,0,0,0
2004,560067,1,1,0,0,0,0,0,0,0,5,0,0
2004,560068,1,1,0,0,0,0,0,0,0,0,0,0
2004,560068,2,1,0,0,0,0,0,0,0,0,0,0
2004,560069,1,1,0,0,0,0,0,0,0,0,0,0
2004,560069,2,1,0,0,0,0,0,0,0,0,0,0
2004,560070,1,1,12,12,12,12,12,12,12,12,12,12
2004,560071,1,1,0,0,0,0,0,18,0,0,0,0
2004,560072,1,1,28,28,28,28,28,28,28,28,28,28
2004,560073,1,1,26,0,0,0,0,0,0,0,0,0
2004,560074,1,1,23,23,23,23,23,23,23,23,23,23
2004,560075,1,1,24,24,24,24,24,24,24,24,24,24
2004,560076,1,1,0,0,0,0,0,0,0,0,0,0
2004,560077,1,1,0,0,0,0,0,0,0,0,0,0
2004,560078,1,1,0,0,0,0,0,0,0,0,0,0
2004,560078,2,1,0,0,0,0,0,0,0,0,0,0
2004,560079,1,1,0,0,0,0,0,0,0,0,0,0
2004,560079,2,1,0,0,9,0,0,0,0,0,0,0
2004,560080,1,1,13,13,13,13,13,13,13,13,13,13
2004,560081,1,1,0,0,26,0,0,23,0,0,34,0
2004,560082,1,1,0,0,0,0,0,0,7,0,0,0
2004,560083,1,1,0,0,0,0,0,0,0,0,0,0
2004,560084,1,1,0,0,0,0,0,0,0,0,0,0
2004,560085,1,1,20,20,20,20,20,20,20,20,20,20
2004,560086,1,1,0,0,0,0,0,0,0,0,0,0
2004,560087,1,1,0,0,0,0,0,0,0,0,0,0
2004,560088,1,1,22,22,22,22,22,22,22,22,22,22
2004,560089,1,1,0,0,0,0,0,0,0,0,0,0
2004,560090,1,1,0,0,0,0,0,0,0,0,0,0
2004,560090,2,1,0,0,0,0,0,0,0,0,0,14
2004,560090,3,1,0,0,0,0,0,0,0,0,0,0
2004,560090,4,1,0,0,0,0,0,0,0,0,0,0
2004,560090,5,1,0,0,0,0,0,0,0,0,0,0
2004,560090,6,1,0,0,0,0,0,0,0,0,0,0
2004,560090,7,1,0,0,0,0,0,0,0,0,0,0
2004,560090,8,1,0,0,0,0,0,0,0,0,0,0
2004,560090,9,1,0,0,0,0,0,0,0,0,0,0
2004,560090,10,1,0,0,0,0,0,0,0,0,0,0
2004,560090,11,1,0,0,0,0,0,0,0,0,0,0
2004,560090,12,1,3,0,0,0,0,0,0,0,0,0
2004,560090,13,1,0,0,0,0,0,0,0,0,0,0
2004,560090,14,1,0,0,0,0,0,0,0,0,0,0
2004,560090,15,1,0,0,0,0,0,0,0,0,0,0
2004,560090,16,1,0,0,0,0,0,0,0,0,0,0
2004,560091,1,1,0,0,0,0,0,0,0,0,0,0
2004,560092,1,1,0,0,0,0,0,0,0,0,0,0
2004,560093,1,1,17,17,17,17,17,17,17,17,17,17
2004,560094,1,1,2,2,2,2,2,2,2,2,2,2
2004,560095,1,1,15,15,15,15,15,15,15,15,15,15
2004,560095,2,1,0,0,0,0,0,0,0,0,0,0
2004,560096,1,1,0,0,0,0,0,0,0,0,0,0
2004,560097,1,1,0,0,0,0,0,0,0,0,0,0
2004,560097,2,1,0,0,0,0,0,0,0,0,0,0
2004,560098,1,1,17,17,17,17,17,17,17,17,17,17
2004,560099,1,1,0,0,0,0,0,0,0,9,0,10
2004,560100,1,1,20,17,0,0,18,3,21,6,0,15
2004,560101,1,1,20,20,20,20,20,20,20,20,20,20
2004,560102,1,1,12,12,12,12,12,12,12,12,12,12
2004,560103,1,1,0,0,0,0,0,0,0,0,0,0
2004,560104,1,1,28,28,28,28,28,28,28,28,28,28
2004,560105,1,1,0,0,0,0,0,0,0,10,0,0
2004,560105,2,1,0,0,0,0,0,0,0,0,0,0
2004,560106,1,1,0,0,0,0,0,0,0,0,0,0
2004,560106,2,1,0,0,0,0,0,0,0,0,0,0
2004,560107,1,1,0,0,0,0,0,0,0,0,0,0
2004,560108,1,1,0,0,0,0,0,0,0,0,0,0
2004,560109,1,1,0,0,0,0,0,0,0,0,0,0
2004,560110,1,1,0,0,0,0,0,0,0,0,0,0
2004,560111,1,1,10,10,10,10,10,10,10,10,10,10
2004,560112,1,1,0,0,0,0,0,0,0,0,0,0
2004,560112,2,1,0,0,0,0,0,0,0,0,0,0
2004,560113,1,1,21,21,21,21,21,21,21,21,21,21
2004,560114,1,1,19,19,19,19,19,19,19,19,19,19
2004,560115,1,1,17,17,17,17,17,17,17,17,17,17
2004,560116,1,1,0,0,0,0,0,0,0,0,0,0
2004,560116,2,1,11,11,11,11,11,11,11,11,11,11
2004,560116,3,1,0,0,0,0,0,0,0,0,0,0
2004,560117,1,1,0,0,0,0,0,0,0,0,0,0
2004,560118,1,1,0,0,0,0,0,0,9,0,0,0
2004,560118,2,1,0,0,0,0,0,0,0,0,0,0
2004,560119,1,1,0,0,0,0,0,0,0,0,0,0
2004,560120,0,1,24,24,24,24,24,24,24,24,24,24
2004,560120,1,1,0,0,0,0,0,0,0,0,0,0
2004,560121,1,1,14,14,14,14,14,14,14,14,14,14
2004,560122,1,1,0,0,0,0,0,0,0,0,0,0
2004,560123,1,1,0,0,0,0,0,0,0,0,0,0
2004,560123,2,1,0,0,0,0,0,0,0,0,0,0
2004,560124,1,1,28,28,28,28,28,28,28,28,28,28
2004,560125,1,1,0,0,0,0,0,0,0,0,0,0
2004,560126,1,1,0,0,0,0,0,0,0,0,0,0
2004,560126,2,1,0,0,0,0,0,0,0,0,0,0
2004,560127,1,1,0,0,0,0,0,0,0,22,0,0
2004,560127,2,1,0,0,0,0,0,0,0,0,0,0
2004,560127,3,1,0,0,0,0,0,0,0,0,0,0
2004,560128,1,1,0,0,0,0,0,0,0,0,0,0
2004,560129,1,1,0,0,0,0,0,0,0,0,0,0
2004,560129,2,1,0,0,0,0,0,0,0,0,0,0
2004,560129,3,1,0,0,0,0,0,0,0,0,0,0
2004,560130,1,1,18,18,18,18,18,18,18,18,18,18
2004,560131,1,1,0,0,0,0,0,0,0,0,0,0
2004,560132,1,1,18,18,18,18,18,18,18,18,18,18
2004,560133,1,1,37,21,20,15,4,15,20,29,31,18
2004,560134,1,1,0,0,0,0,0,0,0,0,0,0
2004,560135,1,1,33,33,33,33,33,33,33,33,33,33
2004,560136,1,1,0,0,12,0,0,0,0,0,0,0
2004,560137,1,1,11,11,11,11,11,11,11,11,11,11
2004,560138,1,1,0,0,0,0,0,0,0,0,0,0
2004,560138,2,1,0,0,0,0,0,0,0,0,0,0
2004,560139,1,1,0,0,0,0,0,0,0,0,0,0
2004,560140,1,1,0,0,9,0,0,0,0,0,0,0
2004,560140,2,1,0,0,0,0,0,0,0,0,0,0
2004,560141,1,1,0,0,0,0,0,0,0,0,0,0
2004,560141,2,1,0,0,9,0,0,0,0,0,0,0
2004,560142,1,1,0,0,0,0,0,0,0,0,19,0
2004,560142,2,1,0,0,0,0,10,0,0,0,0,0