YEAR,ST_CASE,veh_no,per_no,P1,P2,P3,P4,P5,P6,P7,P8,P9,P10
2004,60001,1,1,20,20,20,20,20,20,20,20,20,20
2004,60002,1,1,32,32,32,32,32,32,32,32,32,32
2004,60003,1,1,1,1,1,1,1,1,1,1,1,1
2004,60003,2,1,0,0,0,0,0,0,0,0,0,0
2004,60004,1,1,7,7,7,7,7,7,7,7,7,7
2004,60005,1,1,20,20,20,20,20,20,20,20,20,20
2004,60006,1,1,5,20,0,0,0,0,0,0,0,0
2004,60007,1,1,0,0,0,0,0,0,0,0,0,0
2004,60008,1,1,0,0,0,0,0,0,0,0,0,0
2004,60009,1,1,0,0,0,0,0,0,0,0,0,0
2004,60009,2,1,0,0,12,0,0,0,0,0,0,0
2004,60010,1,1,14,14,14,14,14,14,14,14,14,14
2004,60010,2,1,2,2,2,2,2,2,2,2,2,2
2004,60011,1,1,0,0,0,0,0,0,0,0,0,0
2004,60012,0,1,32,32,32,32,32,32,32,32,32,32
2004,60012,1,1,0,0,0,0,0,0,0,14,0,0
2004,60013,0,1,0,0,0,0,0,0,0,0,0,0
2004,60013,1,1,0,0,16,0,0,0,0,0,0,0
2004,60014,1,1,0,0,0,0,0,0,0,0,0,0
2004,60015,1,1,0,0,0,0,0,0,0,0,0,0
2004,60016,1,1,13,13,13,13,13,13,13,13,13,13
2004,60017,1,1,2,2,2,2,2,2,2,2,2,2
2004,60017,2,1,0,0,0,0,0,0,9,0,0,0
2004,60018,1,1,19,19,19,19,19,19,19,19,19,19
2004,60019,1,1,2,2,2,2,2,2,2,2,2,2
2004,60020,0,1,0,0,0,0,0,0,0,0,0,0
2004,60020,1,1,0,0,0,0,0,0,0,0,0,0
2004,60021,0,1,0,0,0,0,0,0,0,0,0,0
2004,60021,1,1,0,0,0,0,0,0,0,0,0,0
2004,60022,1,1,0,0,0,29,0,0,11,9,14,0
2004,60023,1,1,17,17,17,17,17,17,17,17,17,17
2004,60024,0,1,13,13,13,13,13,13,13,13,13,13
2004,60024,1,1,0,0,0,0,0,0,0,0,0,0
2004,60025,1,1,0,0,0,0,0,0,0,0,0,0
2004,60026,1,1,16,16,16,16,16,16,16,16,16,16
2004,60027,0,1,0,0,0,0,0,0,0,0,0,0
2004,60027,1,1,11,11,11,11,11,11,11,11,11,11
2004,60028,1,1,0,0,0,0,0,0,0,0,0,0
2004,60028,2,1,0,0,0,0,0,6,13,0,0,7
2004,60029,0,1,0,0,0,0,0,0,0,0,0,0
2004,60029,1,1,0,0,0,0,0,0,0,0,0,0
2004,60030,1,1,9,9,9,9,9,9,9,9,9,9
2004,60031,1,1,0,0,0,0,0,0,0,0,0,0
2004,60031,2,1,0,0,0,0,0,0,0,0,0,0
2004,60032,1,1,0,0,0,0,0,0,0,0,0,0
2004,60032,2,1,0,0,0,0,0,0,0,0,0,0
2004,60033,1,1,0,0,0,0,0,0,0,0,0,0
2004,60033,2,1,0,0,0,0,0,0,0,0,0,0
2004,60034,0,1,27,27,27,27,27,27,27,27,27,27
2004,60034,1,1,0,0,0,26,0,3,7,8,0,0
2004,60035,1,1,0,0,0,0,0,0,0,0,0,0
2004,60035,2,1,0,0,16,0,0,0,0,0,0,0
2004,60035,3,1,0,0,22,0,0,0,0,0,0,0
2004,60036,1,1,0,0,0,0,0,0,0,0,0,0
2004,60037,1,1,0,0,0,0,0,0,0,0,0,0
2004,60037,2,1,0,0,0,0,0,0,0,0,0,0
2004,60038,0,1,0,0,0,0,0,0,0,0,0,0
2004,60038,1,1,0,0,0,7,0,0,0,0,0,18
2004,60039,1,1,0,0,0,0,0,0,0,0,0,0
2004,60039,2,1,0,0,0,0,0,0,0,0,0,0
2004,60040,1,1,0,0,0,0,0,0,0,0,0,0
2004,60041,1,1,0,0,0,0,0,0,0,0,0,0
2004,60042,1,1,25,25,25,25,25,25,25,25,25,25
2004,60043,1,1,9,9,9,9,9,9,9,9,9,9
2004,60044,1,1,0,0,12,0,13,0,0,6,19,0
2004,60045,0,1,0,0,0,0,0,0,0,0,0,0
2004,60045,1,1,0,0,0,0,0,0,0,12,0,0
2004,60046,0,1,0,0,0,0,0,0,0,0,0,0
2004,60046,1,1,0,0,0,0,0,11,0,0,0,0
2004,60047,0,1,0,0,0,0,0,0,0,0,0,0
2004,60047,1,1,0,0,0,0,0,0,0,0,0,0
2004,60048,1,1,0,0,0,0,0,0,0,0,0,0
2004,60048,2,1,0,0,0,0,0,0,0,0,0,0
2004,60048,3,1,0,0,0,0,0,0,0,0,0,0
2004,60049,1,1,0,0,0,0,0,0,0,0,0,0
2004,60049,2,1,0,0,0,0,0,0,0,33,0,0
2004,60050,1,1,0,0,0,0,0,0,0,0,0,0
2004,60051,1,1,0,0,0,0,0,0,0,0,0,0
2004,60051,2,1,0,0,0,0,0,0,0,0,0,0
2004,60052,1,1,15,15,15,15,15,15,15,15,15,15
2004,60053,1,1,8,8,8,8,8,8,8,8,8,8
2004,60054,1,1,21,21,21,21,21,21,21,21,21,21
2004,60055,1,1,25,25,25,25,25,25,25,25,25,25
2004,60056,0,1,0,0,0,0,0,0,0,0,0,0
2004,60056,1,1,0,0,0,0,0,0,0,0,0,0
2004,60057,1,1,0,0,0,0,0,0,0,0,0,0
2004,60058,1,1,0,0,0,0,0,0,0,0,0,0
2004,60059,1,1,3,3,3,3,3,3,3,3,3,3
2004,60060,1,1,13,13,13,13,13,13,13,13,13,13
2004,60061,1,1,0,0,0,0,0,0,0,0,0,0
2004,60062,0,1,0,0,0,0,0,0,0,0,0,0
2004,60062,1,1,0,0,0,0,0,0,0,0,0,0
2004,60063,1,1,2,2,2,2,2,2,2,2,2,2
2004,60063,2,1,0,0,0,0,0,0,0,0,0,0
2004,60063,3,1,0,0,0,0,0,0,0,9,0,0
2004,60063,4,1,0,0,0,0,0,0,0,0,0,0
2004,60064,1,1,0,0,0,0,0,0,0,0,0,0
2004,60064,2,1,0,0,0,0,0,0,0,0,0,0
2004,60065,0,1,0,0,0,0,0,0,0,0,0,0
2004,60065,0,2,0,0,0,0,0,0,0,0,0,0
2004,60065,1,1,0,0,0,0,0,0,0,0,0,0
2004,60066,1,1,0,0,0,0,0,0,0,0,0,0
2004,60067,1,1,0,0,0,0,0,0,0,0,0,0
2004,60067,2,1,0,0,0,0,0,0,0,0,0,0
2004,60068,1,1,21,21,21,21,21,21,21,21,21,21
2004,60069,0,1,0,0,0,0,0,0,0,0,0,0
2004,60069,1,1,0,0,0,0,0,0,0,0,0,0
2004,60070,1,1,0,0,0,0,0,0,0,0,0,0
2004,60070,2,1,0,0,0,0,0,0,0,0,0,0
2004,60071,1,1,0,0,0,0,0,0,0,0,0,0
2004,60072,1,1,0,0,0,0,0,0,0,0,0,0
2004,60072,2,1,0,0,0,0,0,0,0,0,0,0
2004,60073,1,1,0,0,0,0,0,0,0,0,0,0
2004,60073,2,1,0,0,0,0,0,0,0,0,0,0
2004,60074,1,1,15,15,15,15,15,15,15,15,15,15
2004,60075,1,1,0,0,0,0,0,0,0,0,0,0
2004,60076,1,1,9,9,9,9,9,9,9,9,9,9
2004,60077,1,1,8,8,8,8,8,8,8,8,8,8
2004,60078,1,1,0,0,0,0,0,0,0,0,0,0
2004,60078,2,1,0,0,0,0,0,0,0,0,0,0
2004,60079,1,1,26,26,26,26,26,26,26,26,26,26
2004,60080,1,1,0,12,0,0,0,0,0,0,0,0
2004,60080,2,1,0,0,0,0,0,0,0,0,0,0
2004,60081,1,1,0,0,0,0,0,0,0,0,0,0
2004,60082,1,1,24,0,0,0,0,16,0,0,0,0
2004,60083,1,1,28,28,28,28,28,28,28,28,28,28
2004,60084,1,1,0,0,0,0,0,0,0,0,0,0
2004,60085,1,1,20,20,20,20,20,20,20,20,20,20
2004,60086,1,1,7,7,7,7,7,7,7,7,7,7
2004,60087,1,1,22,22,22,22,22,22,22,22,22,22
2004,60088,1,1,0,0,0,0,0,0,0,0,0,0
2004,60089,1,1,0,0,0,0,0,0,0,0,0,0
2004,60089,2,1,0,0,0,0,0,0,0,0,0,4
2004,60090,1,1,0,0,0,0,0,0,0,0,0,0
2004,60091,1,1,0,0,0,0,0,0,0,0,0,0
2004,60092,1,1,0,0,0,0,0,0,0,0,0,0
2004,60093,1,1,0,0,0,0,0,0,0,0,0,0
2004,60093,2,1,0,0,0,0,0,0,0,0,0,0
2004,60094,1,1,8,8,8,8,8,8,8,8,8,8
2004,60094,2,1,0,0,0,0,0,0,0,0,0,0
2004,60095,0,1,0,0,0,0,0,0,0,0,0,0
2004,60095,1,1,0,0,0,0,0,0,0,0,0,0
2004,60096,0,1,0,0,0,0,0,0,0,0,0,0
2004,60096,1,1,0,0,0,0,0,0,0,0,0,0
2004,60097,1,1,1,1,1,1,1,1,1,1,1,1
2004,60098,1,1,0,0,0,0,0,0,0,0,0,0
2004,60098,2,1,0,0,0,0,0,0,0,0,0,0
2004,60099,0,1,0,0,0,0,0,0,0,0,0,0
2004,60099,1,1,0,0,0,0,0,0,0,0,0,0
2004,60100,1,1,0,0,0,0,0,0,0,0,0,0
2004,60100,2,1,0,0,0,0,0,0,0,0,0,0
2004,60101,0,1,0,0,0,0,0,0,0,0,0,0
2004,60101,1,1,0,0,0,0,0,0,0,0,0,0
2004,60102,1,1,21,0,12,16,21,25,24,16,31,18
2004,60103,1,1,0,0,0,0,0,0,0,0,0,0
2004,60103,2,1,0,0,0,0,0,0,0,0,0,0
2004,60103,3,1,0,0,0,0,0,0,0,0,0,0
2004,60104,1,1,0,0,0,0,0,0,0,0,0,0
2004,60104,2,1,0,0,0,0,0,0,0,0,0,0
2004,60105,1,1,20,20,20,20,20,20,20,20,20,20
2004,60105,2,1,8,0,0,0,0,0,0,0,0,0
2004,60106,0,1,0,0,0,0,0,0,0,0,0,0
2004,60106,1,1,29,29,29,29,29,29,29,29,29,29
2004,60107,1,1,16,16,16,16,16,16,16,16,16,16
2004,60107,2,1,0,0,0,0,0,0,0,0,0,0
2004,60107,3,1,0,0,0,0,0,0,0,5,0,17
2004,60108,1,1,0,0,0,0,0,0,0,13,0,0
2004,60108,2,1,3,3,3,3,3,3,3,3,3,3
2004,60109,0,1,0,0,0,0,0,0,0,0,0,0
2004,60109,1,1,3,3,3,3,3,3,3,3,3,3
2004,60110,0,1,0,0,0,0,0,0,0,0,0,0
2004,60110,1,1,0,0,0,0,0,0,0,0,20,0
2004,60111,1,1,0,0,0,0,0,0,0,0,0,0
2004,60112,0,1,0,0,0,0,0,0,0,0,0,0
2004,60112,1,1,0,0,0,0,0,0,0,0,0,0
2004,60113,0,1,0,0,0,0,0,0,0,0,0,0
2004,60113,1,1,0,0,0,0,0,0,0,0,0,0
2004,60114,1,1,0,0,0,0,0,0,0,0,0,0
2004,60115,1,1,0,0,0,0,0,0,0,4,0,0
2004,60115,2,1,0,0,0,0,0,0,0,0,0,0
2004,60116,1,1,0,0,0,0,0,0,0,0,0,0
2004,60117,0,1,31,31,31,31,31,31,31,31,31,31
2004,60117,1,1,22,0,0,22,0,0,0,21,0,0
2004,60118,1,1,4,4,4,4,4,4,4,4,4,4
2004,60119,0,1,23,23,23,23,23,23,23,23,23,23
2004,60119,1,1,0,0,0,0,0,0,0,0,0,0
2004,60120,1,1,0,0,0,0,0,0,0,0,0,0
2004,60120,2,1,0,0,0,0,0,0,0,0,0,0
2004,60121,1,1,0,0,0,0,0,0,0,0,0,0
2004,60121,2,1,0,0,0,0,0,0,0,0,0,0
2004,60121,3,1,0,0,0,0,0,0,0,0,0,0
2004,60122,1,1,0,0,0,0,0,0,0,0,0,0
2004,60122,2,1,0,0,0,12,0,0,0,0,0,0
2004,60123,1,1,0,0,0,0,0,0,0,0,0,0
2004,60123,2,1,9,0,0,0,0,0,0,0,0,0
2004,60123,3,1,0,0,0,0,0,0,0,0,0,0
2004,60124,1,1,0,0,0,0,0,0,0,0,0,0
2004,60124,2,1,0,0,0,0,0,0,0,0,0,0
2004,60125,0,1,0,0,0,0,0,0,0,0,0,0
2004,60125,1,1,0,0,0,0,0,0,0,0,0,0
2004,60126,1,1,0,0,0,0,0,0,0,0,0,0
2004,60126,2,1,0,0,0,0,0,0,0,0,0,0
2004,60127,1,1,21,21,21,21,21,21,21,21,21,21
2004,60127,2,1,12,0,0,0,0,0,13,0,0,13
2004,60128,1,1,0,0,0,0,0,0,0,0,0,0
2004,60129,1,1,16,16,16,16,16,16,16,16,16,16
2004,60129,2,1,2,2,2,2,2,2,2,2,2,2
2004,60130,0,1,0,0,0,0,0,0,0,0,0,0
2004,60130,1,1,0,35,0,0,16,0,0,0,30,19
2004,60131,0,1,0,0,0,0,0,0,0,0,0,0
2004,60131,1,1,8,8,8,8,8,8,8,8,8,8
2004,60132,0,1,0,0,0,0,0,0,0,0,0,0
2004,60133,1,1,0,0,0,0,0,0,0,0,0,0
2004,60134,1,1,0,0,0,0,0,0,0,0,0,0
2004,60134,2,1,0,0,0,0,0,0,0,0,0,0
2004,60135,0,1,0,0,0,0,0,0,0,0,0,0
2004,60135,1,1,0,0,0,0,0,0,0,0,0,0
2004,60136,0,1,0,0,0,0,0,0,0,0,0,0
2004,60136,1,1,0,0,0,0,11,0,0,0,0,0
2004,60137,1,1,13,13,13,13,13,13,13,13,13,13
2004,60138,0,1,0,0,0,0,0,0,0,0,0,0
2004,60138,1,1,19,12,0,0,0,0,0,0,0,0
2004,60139,0,1,24,24,24,24,24,24,24,24,24,24
2004,60139,1,1,0,24,4,21,9,0,11,0,11,0
2004,60140,0,1,0,0,0,0,0,0,0,0,0,0
2004,60140,1,1,7,9,16,10,11,4,12,11,10,18
2004,60140,2,1,0,0,0,0,0,0,10,0,0,0
2004,60140,3,1,0,0,0,0,0,0,0,0,0,0
2004,60141,1,1,0,0,0,0,0,0,0,0,0,0
2004,60141,2,1,0,0,0,0,0,0,0,0,0,0
2004,60142,1,1,12,12,12,12,12,12,12,12,12,12
2004,60142,2,1,10,0,0,0,0,0,0,0,0,0
2004,60143,0,1,16,16,16,16,16,16,16,16,16,16
2004,60143,1,1,6,0,0,17,18,22,17,0,12,10
2004,60144,1,1,32,17,5,0,14,11,22,16,18,0
2004,60145,1,1,9,0,0,0,0,0,0,0,0,0
2004,60145,2,1,0,0,0,0,0,0,0,0,0,0
2004,60146,1,1,0,0,0,0,0,0,0,0,0,0
2004,60146,2,1,0,0,0,0,0,0,0,0,0,0
2004,60147,1,1,0,0,0,0,0,0,0,0,0,0
2004,60148,0,1,24,24,24,24,24,24,24,24,24,24
2004,60148,1,1,0,0,0,0,0,0,0,0,8,0
2004,60148,2,1,0,15,0,0,0,0,18,12,23,12
2004,60149,1,1,11,11,11,11,11,11,11,11,11,11
2004,60150,1,1,6,6,6,6,6,6,6,6,6,6
2004,60150,2,1,0,0,0,0,0,0,0,0,0,0
2004,60150,3,1,0,0,0,0,8,0,0,0,0,0
2004,60151,1,1,0,0,0,0,0,0,0,0,0,0
2004,60151,2,1,0,0,9,0,0,0,0,0,0,0
2004,60152,1,1,0,0,0,0,0,0,0,0,0,0
2004,60153,1,1,32,32,32,32,32,32,32,32,32,32
2004,60154,1,1,27,27,27,27,27,27,27,27,27,27
2004,60155,1,1,25,25,25,25,25,25,25,25,25,25
2004,60156,0,1,0,0,0,0,0,0,0,0,0,0
2004,60156,1,1,0,0,0,0,0,0,0,0,0,0
2004,60157,1,1,16,16,16,16,16,16,16,16,16,16
2004,60158,1,1,27,27,27,27,27,27,27,27,27,27
2004,60159,1,1,13,13,13,13,13,13,13,13,13,13
2004,60160,1,1,0,0,0,0,0,0,0,0,0,0
2004,60161,1,1,0,0,0,0,0,0,0,0,0,0
2004,60161,2,1,0,0,0,0,0,0,0,0,0,0
2004,60162,1,1,0,0,0,0,0,0,0,0,0,0
2004,60163,1,1,0,0,0,0,0,0,0,0,0,0
2004,60163,2,1,0,0,0,0,0,0,0,0,0,0
2004,60164,1,1,0,0,0,0,0,0,0,0,0,0
2004,60165,1,1,27,27,27,27,27,27,27,27,27,27
2004,60166,0,1,0,0,0,0,0,0,0,0,0,0
2004,60166,1,1,0,0,0,0,0,0,0,0,0,0
2004,60167,1,1,0,0,0,0,0,0,0,0,0,0
2004,60168,1,1,0,0,0,0,0,0,0,0,0,0
2004,60168,2,1,2,2,2,2,2,2,2,2,2,2
2004,60168,3,1,0,0,0,0,0,0,0,0,0,0
2004,60169,1,1,28,28,28,28,28,28,28,28,28,28
2004,60169,2,1,0,0,0,0,0,0,0,9,0,0
2004,60170,1,1,9,9,9,9,9,9,9,9,9,9
2004,60170,2,1,0,0,0,0,0,0,0,19,0,15
2004,60170,3,1,0,0,0,0,0,0,0,0,0,0
2004,60171,1,1,0,0,0,0,0,0,0,0,0,0
2004,60171,2,1,0,0,0,0,0,0,0,0,0,0
2004,60172,1,1,0,0,0,0,0,0,0,0,0,0
2004,60172,2,1,0,0,0,0,0,0,0,0,0,0
2004,60173,1,1,0,0,0,0,0,0,0,0,0,0
2004,60173,2,1,0,0,0,0,0,0,0,0,0,0
2004,60173,3,1,0,0,0,0,12,7,0,0,0,0
2004,60174,1,1,0,0,0,0,0,0,0,0,0,0
2004,60175,1,1,0,0,0,0,0,0,0,0,0,0
2004,60176,1,1,0,0,0,0,0,0,0,0,0,0
2004,60176,2,1,0,0,0,0,0,0,0,0,0,0
2004,60177,0,1,0,0,0,0,0,0,0,0,0,21
2004,60177,1,1,0,0,0,0,0,0,0,0,0,0
2004,60178,0,1,0,0,0,0,0,0,0,0,0,0
2004,60178,1,1,0,0,0,0,0,0,0,0,0,0
2004,60179,0,1,0,0,0,0,0,0,0,0,0,0
2004,60179,1,1,0,0,0,0,0,0,0,0,0,0
2004,60180,1,1,0,0,0,0,0,0,0,0,0,0
2004,60181,1,1,0,0,0,0,0,0,0,0,0,0
2004,60182,0,1,0,0,0,0,0,0,0,0,0,0
2004,60182,0,2,0,9,0,0,0,0,12,0,7,0
2004,60182,1,1,0,0,0,0,0,0,0,0,0,0
2004,60183,1,1,10,10,10,10,10,10,10,10,10,10
2004,60183,2,1,0,0,0,0,0,0,0,0,0,0
2004,60184,1,1,20,20,20,20,20,20,20,20,20,20
2004,60185,1,1,17,17,17,17,17,17,17,17,17,17
2004,60186,1,1,27,27,27,27,27,27,27,27,27,27
2004,60186,2,1,0,0,0,0,0,0,0,0,0,0
2004,60187,1,1,29,29,29,29,29,29,29,29,29,29
2004,60188,0,1,0,0,0,0,0,0,0,0,0,0
2004,60188,1,1,0,0,0,0,0,0,0,0,0,0
2004,60189,1,1,0,0,0,0,0,0,0,0,0,0
2004,60190,1,1,3,3,3,3,3,3,3,3,3,3
2004,60191,0,1,0,0,0,0,0,0,0,0,0,0
2004,60191,1,1,0,0,0,0,0,0,0,0,0,0
2004,60192,1,1,15,15,15,15,15,15,15,15,15,15
2004,60192,2,1,0,0,0,0,0,0,0,0,0,0
2004,60193,1,1,0,16,0,0,0,0,0,8,0,0
2004,60193,2,1,0,0,0,0,0,0,0,0,0,0
2004,60193,3,1,0,0,0,0,0,0,0,0,0,0
2004,60194,1,1,0,0,0,0,0,0,0,0,0,0
2004,60194,2,1,0,0,0,0,0,0,0,0,0,0
2004,60195,1,1,0,0,0,0,0,0,0,0,0,0
2004,60195,2,1,7,0,0,0,0,0,0,6,0,0
2004,60196,1,1,0,0,0,0,0,0,0,0,0,0
2004,60196,2,1,0,0,0,0,0,0,3,0,0,0
2004,60196,3,1,0,0,0,0,0,0,0,0,0,0
2004,60196,4,1,3,0,0,0,0,0,0,0,0,0
2004,60197,1,1,0,0,0,0,0,0,0,0,0,0
2004,60198,1,1,0,0,0,0,0,0,0,0,0,0
2004,60199,1,1,0,0,0,0,0,0,0,0,0,0
2004,60200,1,1,0,0,0,0,0,0,0,0,0,0
2004,60201,1,1,0,0,0,0,0,0,0,0,0,0
2004,60201,2,1,0,0,0,0,0,0,0,0,0,0
2004,60202,1,1,0,0,0,0,0,13,8,3,0,0
2004,60203,0,1,0,0,0,0,0,0,0,0,0,0
2004,60203,1,1,0,0,0,0,0,0,0,0,0,17
2004,60203,2,1,0,0,0,0,0,0,0,0,0,0
2004,60204,0,1,0,0,0,0,0,0,0,0,0,0
2004,60204,1,1,0,0,0,0,0,0,0,0,0,0
2004,60205,0,1,0,0,0,0,0,0,0,0,0,0
2004,60205,0,2,29,13,0,0,0,7,0,22,0,24
2004,60205,1,1,0,0,0,0,0,0,0,0,0,0
2004,60206,1,1,15,15,15,15,15,15,15,15,15,15
2004,60206,2,1,0,0,0,18,0,0,0,0,0,0
2004,60207,1,1,0,0,24,17,59,0,0,0,0,0
2004,60207,2,1,0,0,0,0,0,12,0,0,0,0
2004,60208,1,1,0,0,0,0,0,0,0,0,0,0
2004,60208,2,1,15,0,0,0,0,0,0,0,0,0
2004,60208,3,1,19,10,15,2,0,0,0,0,11,0
2004,60209,1,1,0,0,0,0,0,0,0,0,0,0
2004,60210,1,1,11,11,11,11,11,11,11,11,11,11
2004,60211,1,1,0,0,0,0,0,0,0,0,0,0
2004,60212,1,1,16,16,16,16,16,16,16,16,16,16
2004,60213,0,1,15,0,0,4,7,15,15,16,0,21
2004,60213,1,1,0,0,0,0,0,0,0,0,0,0
2004,60214,1,1,0,0,0,0,0,0,0,0,0,0
2004,60214,2,1,0,0,0,0,0,0,0,0,0,0
2004,60215,1,1,33,33,33,33,33,33,33,33,33,33
2004,60216,1,1,3,3,3,3,3,3,3,3,3,3
2004,60217,1,1,0,0,0,0,0,0,0,0,0,0
2004,60217,2,1,0,0,0,0,0,0,0,0,0,0
2004,60218,1,1,0,0,0,0,0,0,0,0,0,0
2004,60218,2,1,0,0,0,0,0,0,0,0,0,0
2004,60219,1,1,0,0,0,0,0,0,0,0,0,0
2004,60219,2,1,0,0,0,0,0,0,0,0,0,0
2004,60220,1,1,0,0,0,0,0,0,0,0,0,0
2004,60220,2,1,0,0,0,0,0,0,0,0,0,0
2004,60221,1,1,10,10,10,10,10,10,10,10,10,10
2004,60222,0,1,0,0,0,0,0,0,0,0,0,0
2004,60222,1,1,0,20,9,0,13,0,0,0,14,26
2004,60223,0,1,0,0,0,0,0,0,0,0,0,0
2004,60223,1,1,0,0,0,0,0,0,0,0,0,0
2004,60223,2,1,0,0,0,0,0,14,0,0,0,0
2004,60223,3,1,10,7,0,20,32,0,0,0,0,15
2004,60223,4,1,0,0,0,0,0,0,0,0,0,0
2004,60224,1,1,0,0,0,0,0,0,0,18,0,0
2004,60224,2,1,0,0,0,0,0,0,0,0,0,0
2004,60225,1,1,0,0,0,0,6,0,0,0,0,0
2004,60226,0,1,0,0,0,0,0,0,0,0,0,0
2004,60226,1,1,0,0,0,0,0,0,0,0,0,0
2004,60227,1,1,0,0,0,0,0,0,0,0,0,0
2004,60227,2,1,0,0,0,0,0,0,0,0,0,0
2004,60228,1,1,0,0,0,0,0,0,0,10,0,0
2004,60228,2,1,0,0,0,0,0,0,0,0,12,0
2004,60229,0,1,0,0,0,0,0,0,0,0,0,0
2004,60229,1,1,0,0,0,0,0,0,0,0,0,0
2004,60230,1,1,0,0,0,0,0,0,0,0,0,0
2004,60231,0,1,30,30,30,30,30,30,30,30,30,30
2004,60231,1,1,0,0,0,0,0,0,0,0,0,0
2004,60232,0,1,0,0,0,0,0,0,0,0,0,0
2004,60232,1,1,0,0,0,0,0,0,0,0,0,0
2004,60233,0,1,21,21,21,21,21,21,21,21,21,21
2004,60233,1,1,0,0,0,0,0,0,0,0,0,0
2004,60234,0,1,0,0,0,0,0,0,0,0,0,0
2004,60234,1,1,0,0,0,0,0,0,0,0,0,0
2004,60235,1,1,0,0,0,0,0,0,0,0,0,0
2004,60235,2,1,0,0,0,0,0,0,0,0,0,0
2004,60236,0,1,0,0,0,0,0,0,0,0,0,0
2004,60236,1,1,0,0,0,0,0,0,0,0,0,0
2004,60237,0,1,0,0,0,0,0,0,0,0,0,0
2004,60237,1,1,15,15,15,15,15,15,15,15,15,15
2004,60238,1,1,19,19,19,19,19,19,19,19,19,19
2004,60238,2,1,0,0,0,0,0,0,0,0,0,0
2004,60239,1,1,16,16,16,16,16,16,16,16,16,16
2004,60239,2,1,0,0,0,0,0,0,0,0,0,0
2004,60240,1,1,0,0,0,0,0,0,0,0,0,0
2004,60240,2,1,0,0,0,0,0,0,0,0,0,0
2004,60241,1,1,0,0,0,0,0,0,0,0,0,0
2004,60241,2,1,0,0,0,0,0,0,0,0,0,0
2004,60242,0,1,17,17,17,17,17,17,17,17,17,17
2004,60242,1,1,0,13,15,13,0,16,0,0,0,17
2004,60243,1,1,21,21,21,21,21,21,21,21,21,21
2004,60244,1,1,16,16,16,16,16,16,16,16,16,16
2004,60245,0,1,0,0,0,0,0,0,0,0,0,0
2004,60245,0,2,11,14,0,23,14,10,10,11,0,0
2004,60245,1,1,0,0,0,0,0,0,0,0,0,0
2004,60246,1,1,20,20,20,20,20,20,20,20,20,20
2004,60247,0,1,0,0,0,0,0,0,0,0,0,0
2004,60247,1,1,0,0,0,0,0,0,0,0,0,0
2004,60248,1,1,21,21,21,21,21,21,21,21,21,21
2004,60248,2,1,15,15,15,15,15,15,15,15,15,15
2004,60249,0,1,0,0,0,0,0,0,0,0,0,0
2004,60249,1,1,0,0,0,0,0,0,0,0,0,0
2004,60250,1,1,12,12,12,12,12,12,12,12,12,12
2004,60251,0,1,0,0,0,0,0,0,0,0,0,0
2004,60251,1,1,0,0,0,0,0,0,0,0,0,0
2004,60252,1,1,0,0,0,0,0,0,0,0,0,0
2004,60253,1,1,0,0,0,0,0,0,0,0,0,0
2004,60253,2,1,0,0,0,0,0,0,0,0,0,0
2004,60253,3,1,0,0,0,0,0,0,0,0,0,0
2004,60254,0,1,0,0,0,0,0,0,0,0,0,0
2004,60254,1,1,0,0,0,0,0,0,0,0,0,0
2004,60255,1,1,0,0,0,0,0,0,0,0,0,0
2004,60256,1,1,0,0,0,0,0,10,0,0,0,0
2004,60256,2,1,0,0,0,0,0,0,0,0,0,0
2004,60257,1,1,14,14,14,14,14,14,14,14,14,14
2004,60258,1,1,0,0,0,0,0,0,0,0,0,0
2004,60259,1,1,9,9,9,9,9,9,9,9,9,9
2004,60260,1,1,7,7,7,7,7,7,7,7,7,7
2004,60261,0,1,0,0,0,0,0,0,0,0,0,0
2004,60261,1,1,0,0,0,0,0,0,0,0,0,0
2004,60262,0,1,26,26,26,26,26,26,26,26,26,26
2004,60262,1,1,0,0,0,0,0,0,0,0,0,0
2004,60263,1,1,29,29,29,29,29,29,29,29,29,29
2004,60263,2,1,0,23,0,0,0,0,0,7,6,0
2004,60264,1,1,0,0,0,0,0,0,0,0,21,0
2004,60265,0,1,0,0,0,0,0,0,0,0,0,0
2004,60265,1,1,0,0,0,0,0,0,0,0,0,0
2004,60266,1,1,0,0,0,0,0,0,0,0,0,0
2004,60267,1,1,0,0,0,0,0,0,0,0,0,0
2004,60267,2,1,0,0,0,0,0,0,0,0,0,0
2004,60268,1,1,0,13,0,0,0,0,0,0,0,0
2004,60268,2,1,0,0,0,0,0,0,0,0,0,0
2004,60269,1,1,0,0,0,0,0,0,0,0,0,0
2004,60269,2,1,0,0,0,0,0,0,0,0,0,0
2004,60270,0,1,0,0,0,0,0,0,0,0,0,0
2004,60270,1,1,12,12,12,12,12,12,12,12,12,12
2004,60271,0,1,23,23,23,23,23,23,23,23,23,23
2004,60271,1,1,0,0,0,0,0,0,0,0,0,0
2004,60272,1,1,0,0,0,0,0,0,0,0,0,0
2004,60272,2,1,0,0,0,0,0,0,0,0,0,9
2004,60272,3,1,0,0,0,0,0,0,0,0,0,0
2004,60273,1,1,0,0,0,0,0,0,0,0,0,0
2004,60273,2,1,11,0,0,0,0,0,0,0,6,0
2004,60274,1,1,0,0,0,0,0,0,0,0,0,0
2004,60274,2,1,0,0,0,0,0,0,0,0,0,0
2004,60275,0,1,0,0,0,0,0,0,0,0,0,0
2004,60275,1,1,0,0,0,0,0,5,0,0,0,0