YEAR,ST_CASE,veh_no,per_no,P1,P2,P3,P4,P5,P6,P7,P8,P9,P10
2004,60276,0,1,2,2,2,2,2,2,2,2,2,2
2004,60276,1,1,0,0,0,0,0,0,0,0,0,0
2004,60277,1,1,0,0,0,0,0,0,0,0,0,0
2004,60277,2,1,0,0,0,0,0,0,0,0,0,0
2004,60277,3,1,0,0,0,0,0,0,0,0,0,0
2004,60277,4,1,0,0,0,11,0,0,0,0,0,0
2004,60278,0,1,0,0,0,0,0,0,0,0,0,0
2004,60278,1,1,7,0,9,0,0,0,0,0,0,0
2004,60279,1,1,0,0,0,0,0,0,0,0,0,0
2004,60279,2,1,0,0,0,0,0,0,0,0,13,0
2004,60280,1,1,0,0,0,0,0,9,0,0,0,30
2004,60280,2,1,0,0,0,0,0,0,0,0,0,0
2004,60281,0,1,38,38,38,38,38,38,38,38,38,38
2004,60281,1,1,0,0,0,0,0,0,0,0,0,0
2004,60281,2,1,0,0,0,0,0,0,0,0,0,0
2004,60282,1,1,19,19,19,19,19,19,19,19,19,19
2004,60282,2,1,0,0,0,0,0,0,0,0,0,0
2004,60282,3,1,0,0,0,0,0,0,0,0,0,0
2004,60283,1,1,11,11,11,11,11,11,11,11,11,11
2004,60283,2,1,0,0,0,0,0,0,0,0,0,0
2004,60284,1,1,0,0,0,0,0,0,0,0,0,0
2004,60285,1,1,0,0,0,0,0,0,0,0,0,0
2004,60285,2,1,0,0,0,0,0,0,0,0,0,0
2004,60285,3,1,0,0,0,0,0,0,0,0,0,0
2004,60285,4,1,0,0,0,0,0,0,0,0,0,0
2004,60286,1,1,22,22,22,22,22,22,22,22,22,22
2004,60287,1,1,0,10,0,0,0,0,0,0,0,0
2004,60288,0,1,0,24,0,0,0,0,0,0,0,0
2004,60288,1,1,10,0,0,0,0,0,0,0,13,0
2004,60289,1,1,0,0,0,0,0,0,0,0,0,0
2004,60290,1,1,0,0,0,0,0,0,0,0,0,24
2004,60291,0,1,16,16,16,16,16,16,16,16,16,16
2004,60291,1,1,0,0,0,0,0,0,0,0,0,0
2004,60292,1,1,0,0,0,0,0,0,0,0,0,0
2004,60293,1,1,14,14,14,14,14,14,14,14,14,14
2004,60294,1,1,0,0,0,0,0,0,0,0,0,0
2004,60295,1,1,16,16,16,16,16,16,16,16,16,16
2004,60296,1,1,11,11,11,11,11,11,11,11,11,11
2004,60297,1,1,3,3,3,3,3,3,3,3,3,3
2004,60298,0,1,0,0,0,0,0,0,0,0,0,0
2004,60298,1,1,13,0,0,0,0,0,0,27,0,0
2004,60299,1,1,8,8,8,8,8,8,8,8,8,8
2004,60300,0,1,25,25,25,25,25,25,25,25,25,25
2004,60300,1,1,0,0,0,0,0,0,0,0,0,0
2004,60300,2,1,0,0,0,17,0,0,0,0,0,0
2004,60300,3,1,0,0,0,0,0,0,0,0,0,0
2004,60301,1,1,0,0,0,0,0,0,0,0,0,0
2004,60301,2,1,0,0,0,0,0,0,0,0,0,0
2004,60302,1,1,5,5,5,5,5,5,5,5,5,5
2004,60302,2,1,0,0,0,0,0,0,0,0,0,0
2004,60303,1,1,0,0,0,0,0,0,0,0,0,0
2004,60304,0,1,0,0,0,25,0,0,11,0,0,0
2004,60304,1,1,0,0,0,0,0,0,0,0,0,0
2004,60305,0,1,0,0,0,0,0,0,0,0,0,0
2004,60305,0,2,0,0,0,0,0,0,0,0,0,0
2004,60305,1,1,0,0,0,0,0,0,0,0,0,0
2004,60306,1,1,0,0,10,0,0,0,0,0,0,0
2004,60307,0,1,35,35,35,35,35,35,35,35,35,35
2004,60307,1,1,0,0,0,0,0,0,0,0,0,0
2004,60308,1,1,0,10,0,0,0,21,0,0,0,0
2004,60308,2,1,0,0,0,0,0,0,0,0,0,0
2004,60309,1,1,0,0,0,0,0,0,0,0,0,0
2004,60309,2,1,0,0,0,0,0,0,0,0,0,0
2004,60310,1,1,0,0,0,0,0,0,0,0,0,0
2004,60310,2,1,0,0,0,0,0,0,0,0,0,0
2004,60311,1,1,0,0,0,0,0,0,0,0,0,0
2004,60311,2,1,0,0,0,0,0,0,0,0,0,0
2004,60312,1,1,0,0,0,0,0,0,0,0,0,0
2004,60312,2,1,0,0,0,0,0,0,0,0,0,0
2004,60312,3,1,0,0,0,0,0,0,0,0,13,0
2004,60313,1,1,19,19,19,19,19,19,19,19,19,19
2004,60313,2,1,0,0,0,0,0,0,0,0,0,0
2004,60314,1,1,0,0,0,0,0,0,0,0,0,0
2004,60315,0,1,0,0,0,0,0,0,0,0,0,0
2004,60315,1,1,0,0,0,0,0,0,0,0,0,0
2004,60316,1,1,23,23,23,23,23,23,23,23,23,23
2004,60317,1,1,0,0,0,0,0,0,0,0,0,0
2004,60317,2,1,0,0,0,0,0,0,0,0,0,0
2004,60318,1,1,0,0,0,0,0,0,0,0,0,0
2004,60319,0,1,3,3,3,3,3,3,3,3,3,3
2004,60319,1,1,0,0,0,0,0,0,0,0,0,0
2004,60320,1,1,0,0,18,0,0,0,0,0,0,0
2004,60320,2,1,0,0,0,0,0,0,0,0,0,16
2004,60320,3,1,0,0,0,0,0,0,0,0,0,0
2004,60320,4,1,0,0,0,0,0,0,0,0,0,0
2004,60321,0,1,0,0,0,0,0,0,0,0,0,0
2004,60321,1,1,0,0,0,0,0,0,0,0,0,0
2004,60322,1,1,13,13,13,13,13,13,13,13,13,13
2004,60322,2,1,0,0,0,0,0,0,0,0,0,0
2004,60323,0,1,13,13,13,13,13,13,13,13,13,13
2004,60323,1,1,11,0,14,0,0,20,10,0,0,11
2004,60324,1,1,0,0,0,11,0,0,0,0,0,0
2004,60324,2,1,0,0,0,0,0,0,0,0,9,14
2004,60325,1,1,23,23,23,23,23,23,23,23,23,23
2004,60326,1,1,24,24,24,24,24,24,24,24,24,24
2004,60326,2,1,0,0,0,0,0,0,0,0,0,0
2004,60327,1,1,0,0,17,0,0,0,0,0,0,0
2004,60328,1,1,9,9,9,9,9,9,9,9,9,9
2004,60328,2,1,0,0,0,0,0,0,0,0,0,0
2004,60329,1,1,0,0,0,0,0,0,0,0,0,0
2004,60329,2,1,0,0,0,0,0,0,0,0,0,0
2004,60330,1,1,0,0,0,0,0,0,0,0,0,0
2004,60330,2,1,0,0,0,0,0,0,0,0,0,0
2004,60331,1,1,0,0,0,0,0,0,0,0,0,0
2004,60331,2,1,0,0,0,0,0,0,0,0,0,0
2004,60332,1,1,0,0,29,15,0,0,15,0,0,0
2004,60333,1,1,5,5,5,5,5,5,5,5,5,5
2004,60333,2,1,0,0,0,0,0,0,0,0,0,0
2004,60334,0,1,0,0,0,0,0,0,0,0,0,0
2004,60334,1,1,0,0,6,0,0,0,0,0,0,0
2004,60335,1,1,12,12,12,12,12,12,12,12,12,12
2004,60336,0,1,0,0,0,0,0,0,0,0,0,0
2004,60336,1,1,0,0,0,0,0,0,0,0,0,0
2004,60337,1,1,18,18,18,18,18,18,18,18,18,18
2004,60338,0,1,5,5,5,5,5,5,5,5,5,5
2004,60338,1,1,0,16,0,8,0,0,0,0,0,0
2004,60338,2,1,0,0,0,0,0,10,0,0,0,0
2004,60339,1,1,0,0,0,0,0,0,0,0,0,0
2004,60339,2,1,0,0,0,0,0,0,0,0,0,0
2004,60339,3,1,17,0,0,0,0,0,0,7,0,0
2004,60340,1,1,0,0,0,0,0,0,0,0,0,0
2004,60340,2,1,0,0,0,0,0,0,0,0,0,0
2004,60341,1,1,20,20,20,20,20,20,20,20,20,20
2004,60341,2,1,0,0,0,0,0,0,0,0,0,0
2004,60342,0,1,0,0,0,0,0,0,0,0,0,0
2004,60342,1,1,0,0,0,0,11,0,0,11,0,0
2004,60343,1,1,0,0,0,0,0,0,0,0,0,0
2004,60344,1,1,0,0,0,0,0,0,0,0,0,0
2004,60345,1,1,0,0,0,0,0,0,0,0,0,0
2004,60346,0,1,0,0,0,0,0,0,0,0,0,0
2004,60346,1,1,0,0,0,0,0,0,0,0,0,0
2004,60347,1,1,0,0,0,8,19,0,0,0,0,0
2004,60348,1,1,0,0,0,0,0,0,0,0,0,0
2004,60349,0,1,23,23,23,23,23,23,23,23,23,23
2004,60349,1,1,0,0,0,0,0,0,0,0,0,0
2004,60350,0,1,0,0,0,0,0,0,0,0,0,0
2004,60350,1,1,0,0,0,0,0,12,0,0,0,0
2004,60351,1,1,0,0,0,0,0,0,0,0,0,0
2004,60351,2,1,0,0,0,0,0,0,0,0,17,0
2004,60352,1,1,0,0,0,0,0,0,0,0,0,0
2004,60352,2,1,0,23,17,0,0,0,0,0,0,0
2004,60353,1,1,0,0,0,0,0,0,0,0,0,0
2004,60353,2,1,0,0,0,0,0,0,0,0,2,0
2004,60354,1,1,0,0,0,0,0,0,0,0,0,0
2004,60355,1,1,0,0,0,0,0,0,0,0,0,0
2004,60356,1,1,13,13,13,13,13,13,13,13,13,13
2004,60357,1,1,0,0,0,0,0,0,0,0,0,0
2004,60358,1,1,2,2,2,2,2,2,2,2,2,2
2004,60359,1,1,10,10,10,10,10,10,10,10,10,10
2004,60360,1,1,11,11,11,11,11,11,11,11,11,11
2004,60361,1,1,20,20,20,20,20,20,20,20,20,20
2004,60362,1,1,0,0,0,0,0,0,0,0,0,0
2004,60362,2,1,0,0,0,0,0,0,0,0,0,0
2004,60363,1,1,0,0,0,0,0,0,0,0,0,0
2004,60363,2,1,0,0,0,0,0,0,0,0,0,0
2004,60364,1,1,3,3,3,3,3,3,3,3,3,3
2004,60364,2,1,14,20,9,16,15,0,7,8,8,19
2004,60365,1,1,27,27,27,27,27,27,27,27,27,27
2004,60366,0,1,35,35,35,35,35,35,35,35,35,35
2004,60366,1,1,0,0,0,0,0,0,0,0,0,0
2004,60367,1,1,20,20,20,20,20,20,20,20,20,20
2004,60368,1,1,0,0,0,0,0,0,0,0,0,0
2004,60368,2,1,0,0,0,0,0,0,0,0,0,0
2004,60368,3,1,0,0,0,0,0,0,0,0,0,0
2004,60369,1,1,11,11,11,11,11,11,11,11,11,11
2004,60370,1,1,9,9,9,9,9,9,9,9,9,9
2004,60370,2,1,14,11,6,0,0,3,13,0,0,15
2004,60371,1,1,0,0,0,0,0,0,0,0,7,0
2004,60371,2,1,0,0,0,0,0,18,0,13,0,0
2004,60372,1,1,29,0,27,26,23,0,48,18,0,28
2004,60373,0,1,18,18,18,18,18,18,18,18,18,18
2004,60373,1,1,0,0,0,0,0,0,0,0,0,0
2004,60374,1,1,0,0,20,15,0,0,10,0,29,0
2004,60375,1,1,9,9,9,9,9,9,9,9,9,9
2004,60376,1,1,18,18,18,18,18,18,18,18,18,18
2004,60376,2,1,0,0,20,0,0,0,0,0,0,0
2004,60377,1,1,0,0,0,0,0,0,0,0,0,0
2004,60377,2,1,0,0,0,0,0,0,0,0,0,0
2004,60378,1,1,20,20,20,20,20,20,20,20,20,20
2004,60379,0,1,25,25,25,25,25,25,25,25,25,25
2004,60379,1,1,17,17,17,17,17,17,17,17,17,17
2004,60380,1,1,0,0,0,0,0,0,0,0,0,0
2004,60381,0,1,0,0,0,0,0,0,0,0,0,0
2004,60381,1,1,0,0,0,0,0,0,0,0,0,0
2004,60382,1,1,0,0,0,0,0,0,0,0,0,0
2004,60383,1,1,17,17,17,17,17,17,17,17,17,17
2004,60383,2,1,0,0,0,0,0,0,0,0,0,7
2004,60384,1,1,0,0,0,0,0,0,0,0,0,0
2004,60384,2,1,0,0,0,0,0,0,0,0,0,0
2004,60385,1,1,0,0,0,0,0,0,0,26,0,8
2004,60385,2,1,16,16,16,16,16,16,16,16,16,16
2004,60385,3,1,2,0,43,25,0,0,0,0,0,0
2004,60385,4,1,0,0,0,0,0,0,0,0,0,0
2004,60386,1,1,0,0,0,0,0,0,0,0,0,0
2004,60386,2,1,0,0,0,0,0,0,0,0,0,0
2004,60387,0,1,0,0,0,0,0,0,0,0,0,0
2004,60387,1,1,16,0,0,14,0,0,0,0,0,0
2004,60388,1,1,6,6,6,6,6,6,6,6,6,6
2004,60389,1,1,12,12,12,12,12,12,12,12,12,12
2004,60390,0,1,46,46,46,46,46,46,46,46,46,46
2004,60390,1,1,0,0,0,33,0,0,0,0,0,0
2004,60391,0,1,0,0,0,0,0,0,0,0,0,0
2004,60391,1,1,0,0,0,0,0,0,0,0,0,0
2004,60392,1,1,0,0,0,0,0,0,0,0,0,0
2004,60392,2,1,0,0,0,0,0,0,0,0,0,0
2004,60393,1,1,0,0,0,0,0,0,0,0,0,8
2004,60393,2,1,0,0,0,0,0,0,0,0,0,0
2004,60394,1,1,0,0,0,0,0,0,0,0,0,0
2004,60394,2,1,0,0,0,0,0,0,0,0,0,0
2004,60395,1,1,0,0,0,0,0,0,0,0,0,0
2004,60396,1,1,0,0,0,0,0,0,0,0,0,0
2004,60397,1,1,33,33,33,33,33,33,33,33,33,33
2004,60398,1,1,14,14,14,14,14,14,14,14,14,14
2004,60399,1,1,16,16,16,16,16,16,16,16,16,16
2004,60400,1,1,0,0,0,0,0,0,0,0,0,0
2004,60401,1,1,18,18,18,18,18,18,18,18,18,18
2004,60401,2,1,0,0,0,0,0,0,0,0,0,0
2004,60402,1,1,24,24,24,24,24,24,24,24,24,24
2004,60403,1,1,0,0,0,0,0,0,0,0,0,0
2004,60403,2,1,0,0,0,0,0,0,0,0,15,0
2004,60404,0,1,11,11,11,11,11,11,11,11,11,11
2004,60404,1,1,0,0,0,8,0,0,0,0,0,0
2004,60405,0,1,22,12,17,26,15,15,22,38,47,17
2004,60405,1,1,0,0,0,0,0,0,0,5,0,0
2004,60406,0,1,7,7,7,7,7,7,7,7,7,7
2004,60406,1,1,0,0,21,0,0,0,0,0,0,0
2004,60407,1,1,0,0,0,0,0,0,0,0,0,0
2004,60408,0,1,0,0,0,0,0,0,0,0,0,0
2004,60408,0,2,16,0,0,0,0,0,0,0,0,0
2004,60408,1,1,0,0,0,0,0,0,0,0,0,0
2004,60409,0,1,31,31,31,31,31,31,31,31,31,31
2004,60409,1,1,8,8,8,8,8,8,8,8,8,8
2004,60410,1,1,0,0,0,0,0,0,0,0,0,0
2004,60411,1,1,26,26,26,26,26,26,26,26,26,26
2004,60411,2,1,0,0,0,0,0,0,0,0,0,0
2004,60412,1,1,11,11,11,11,11,11,11,11,11,11
2004,60413,1,1,0,0,0,0,0,0,0,0,0,0
2004,60414,1,1,0,0,0,0,0,0,9,0,0,0
2004,60414,2,1,0,0,0,0,0,0,0,0,0,0
2004,60415,1,1,30,30,30,30,30,30,30,30,30,30
2004,60415,2,1,8,8,8,8,8,8,8,8,8,8
2004,60415,3,1,0,0,0,0,0,0,9,0,0,0
2004,60416,1,1,5,5,5,5,5,5,5,5,5,5
2004,60416,2,1,0,0,0,0,0,0,0,0,0,0
2004,60417,1,1,12,20,6,0,17,0,10,16,33,0
2004,60417,2,1,0,0,0,0,0,0,0,0,0,0
2004,60418,0,1,0,29,0,0,0,0,0,0,0,0
2004,60418,0,2,0,0,19,0,0,0,0,0,0,0
2004,60418,1,1,0,0,0,0,0,0,0,0,0,0
2004,60418,2,1,0,0,0,0,0,0,0,0,0,0
2004,60419,1,1,0,0,0,0,0,0,0,0,0,0
2004,60419,2,1,0,0,0,0,0,0,0,0,0,0
2004,60420,0,1,0,0,0,0,0,0,0,0,0,0
2004,60420,1,1,0,0,0,0,0,0,0,0,0,0
2004,60420,2,1,0,0,0,0,0,0,0,0,0,0
2004,60421,1,1,12,0,0,0,0,0,21,20,14,0
2004,60421,2,1,0,0,0,0,0,0,21,0,0,0
2004,60422,0,1,20,20,20,20,20,20,20,20,20,20
2004,60422,1,1,0,0,0,0,0,0,0,0,0,0
2004,60422,2,1,0,0,0,0,0,0,0,0,0,0
2004,60422,3,1,0,0,0,0,0,0,0,0,0,0
2004,60422,4,1,0,0,0,0,0,0,0,37,0,0
2004,60422,5,1,0,0,16,0,0,0,0,0,22,0
2004,60423,1,1,0,0,0,0,0,0,0,0,0,0
2004,60424,0,1,0,0,0,0,0,0,0,0,0,0
2004,60424,1,1,0,0,0,0,0,0,0,0,0,0
2004,60425,1,1,0,0,0,0,0,0,0,0,0,0
2004,60426,1,1,24,24,24,24,24,24,24,24,24,24
2004,60427,1,1,21,21,21,21,21,21,21,21,21,21
2004,60428,1,1,0,0,22,0,0,0,0,0,0,0
2004,60429,1,1,11,11,11,11,11,11,11,11,11,11
2004,60430,1,1,11,11,11,11,11,11,11,11,11,11
2004,60431,1,1,12,12,12,12,12,12,12,12,12,12
2004,60432,1,1,19,19,19,19,19,19,19,19,19,19
2004,60432,2,1,0,0,0,0,0,0,0,0,0,0
2004,60432,3,1,0,0,0,0,0,0,0,0,0,0
2004,60433,1,1,0,0,0,0,0,0,0,0,0,0
2004,60433,2,1,0,0,0,0,0,0,0,0,0,0
2004,60434,1,1,0,0,0,0,0,0,0,0,0,0
2004,60434,2,1,0,0,0,0,0,0,0,0,0,0
2004,60435,1,1,31,31,31,31,31,31,31,31,31,31
2004,60435,2,1,0,0,0,0,0,0,0,0,0,0
2004,60436,1,1,0,0,0,0,0,0,0,0,0,0
2004,60436,2,1,0,0,0,0,11,0,0,0,0,0
2004,60436,3,1,0,0,0,0,0,0,0,0,0,0
2004,60437,1,1,0,0,0,0,0,0,0,2,0,0
2004,60437,2,1,0,0,0,0,18,0,0,0,0,0
2004,60438,0,1,0,24,14,0,0,0,0,0,21,0
2004,60438,1,1,0,0,0,0,0,0,0,0,0,0
2004,60439,1,1,0,0,0,14,0,0,0,0,0,0
2004,60439,2,1,0,0,0,0,0,0,0,0,0,0
2004,60440,1,1,0,0,0,0,0,0,0,0,0,0
2004,60440,2,1,0,0,0,0,0,0,0,0,0,0
2004,60440,3,1,0,0,0,0,0,0,0,0,0,0
2004,60441,1,1,0,0,0,0,0,0,0,0,0,0
2004,60442,1,1,12,12,12,12,12,12,12,12,12,12
2004,60442,2,1,0,0,0,0,0,0,0,0,0,0
2004,60443,1,1,0,0,0,0,0,0,0,0,0,0
2004,60444,1,1,0,0,0,0,0,0,0,0,0,0
2004,60445,1,1,0,0,0,0,0,0,0,0,0,0
2004,60445,2,1,0,0,0,0,0,0,0,0,0,0
2004,60445,3,1,0,0,0,0,0,0,0,0,0,0
2004,60445,4,1,0,0,0,0,0,0,0,0,0,0
2004,60446,1,1,0,0,8,0,0,0,0,0,13,0
2004,60446,2,1,0,0,0,0,0,0,0,0,0,0
2004,60447,1,1,5,5,5,5,5,5,5,5,5,5
2004,60447,2,1,0,0,0,0,17,0,0,0,0,19
2004,60448,1,1,0,0,0,0,0,0,0,0,0,0
2004,60448,2,1,0,0,0,0,0,0,0,0,0,0
2004,60449,1,1,0,0,0,0,0,0,0,0,0,0
2004,60449,2,1,0,0,0,0,0,0,0,0,0,0
2004,60449,3,1,0,0,0,0,0,0,0,0,0,0
2004,60450,1,1,0,0,0,0,0,0,0,0,0,0
2004,60450,2,1,0,0,0,0,0,0,0,0,0,0
2004,60450,3,1,0,0,0,0,0,0,0,0,0,0
2004,60451,1,1,0,0,0,0,0,0,0,0,0,0
2004,60451,2,1,0,0,0,0,0,0,0,0,0,0
2004,60452,0,1,26,26,26,26,26,26,26,26,26,26
2004,60452,1,1,0,0,0,0,0,0,0,0,0,0
2004,60453,0,1,9,9,9,9,9,9,9,9,9,9
2004,60453,1,1,0,0,0,0,0,0,0,0,0,0
2004,60454,0,1,46,46,46,46,46,46,46,46,46,46
2004,60454,1,1,0,0,0,0,0,0,0,0,0,0
2004,60455,1,1,0,0,0,4,14,11,0,0,23,12
2004,60456,1,1,6,6,6,6,6,6,6,6,6,6
2004,60457,1,1,0,0,0,0,0,0,0,0,8,0
2004,60458,0,1,0,10,0,12,0,0,0,0,0,16
2004,60458,1,1,0,0,0,0,0,0,0,25,0,9
2004,60459,1,1,0,0,0,0,0,0,0,0,0,0
2004,60459,2,1,0,0,0,0,0,0,0,0,0,0
2004,60459,3,1,0,0,0,0,0,25,0,3,0,17
2004,60460,1,1,0,0,0,0,0,0,0,0,0,0
2004,60460,2,1,0,0,0,0,0,0,0,0,0,0
2004,60461,1,1,0,0,0,0,0,0,0,0,0,0
2004,60462,0,1,1,1,1,1,1,1,1,1,1,1
2004,60462,1,1,0,0,0,13,0,0,0,0,0,0
2004,60463,0,1,0,0,0,0,0,0,0,0,0,0
2004,60463,1,1,11,11,11,11,11,11,11,11,11,11
2004,60464,1,1,12,12,12,12,12,12,12,12,12,12
2004,60464,2,1,0,0,0,0,0,0,0,0,0,0
2004,60465,1,1,0,0,0,0,0,0,0,0,0,0
2004,60465,2,1,0,0,0,0,0,0,0,0,0,0
2004,60466,1,1,14,14,14,14,14,14,14,14,14,14
2004,60467,1,1,0,0,0,0,0,0,0,0,0,0
2004,60468,1,1,37,37,37,37,37,37,37,37,37,37
2004,60469,1,1,0,0,0,0,0,0,0,0,0,0
2004,60470,0,1,21,21,21,21,21,21,21,21,21,21
2004,60470,1,1,0,0,0,0,0,0,0,0,0,0
2004,60471,1,1,0,0,0,44,14,0,15,21,13,0
2004,60472,1,1,0,0,0,0,0,0,0,0,0,0
2004,60473,0,1,18,18,18,18,18,18,18,18,18,18
2004,60473,1,1,0,0,0,0,0,0,0,0,0,0
2004,60474,1,1,23,23,23,23,23,23,23,23,23,23
2004,60475,1,1,0,0,0,0,0,0,0,0,0,0
2004,60476,1,1,15,15,15,15,15,15,15,15,15,15
2004,60477,1,1,0,0,0,0,0,0,0,0,0,0
2004,60478,1,1,32,32,32,32,32,32,32,32,32,32
2004,60479,1,1,0,0,0,0,0,0,0,0,0,0
2004,60480,1,1,0,0,0,0,0,0,0,0,0,0
2004,60480,2,1,0,0,0,0,0,0,0,0,0,0
2004,60481,1,1,0,0,0,0,0,0,0,0,9,0
2004,60481,2,1,0,0,0,0,0,0,0,0,0,0
2004,60481,3,1,0,0,0,0,0,0,0,0,0,0
2004,60482,0,1,0,0,0,0,0,0,0,0,0,0
2004,60482,1,1,0,0,0,0,0,0,0,0,0,0
2004,60482,2,1,0,0,0,0,0,0,0,0,0,0
2004,60483,1,1,0,0,0,0,0,0,0,0,0,0
2004,60483,2,1,0,0,0,0,0,0,0,0,0,0
2004,60483,3,1,0,0,0,0,0,0,0,0,0,0
2004,60484,1,1,0,0,0,0,0,0,0,0,0,0
2004,60484,2,1,0,0,0,0,0,0,0,0,0,0
2004,60485,1,1,0,0,0,0,0,0,0,0,0,0
2004,60485,2,1,0,0,0,0,0,0,0,0,0,0
2004,60486,1,1,0,0,0,0,0,0,0,0,0,0
2004,60486,2,1,0,0,0,0,0,0,0,0,0,31
2004,60487,1,1,0,0,0,0,0,0,0,0,0,0
2004,60487,2,1,0,0,0,0,0,0,0,0,0,0
2004,60488,1,1,9,9,9,9,9,9,9,9,9,9
2004,60488,2,1,0,0,0,0,0,0,0,0,0,0
2004,60489,1,1,0,0,0,0,0,0,0,0,0,0
2004,60489,2,1,0,0,0,0,0,0,0,0,0,0
2004,60490,0,1,33,33,33,33,33,33,33,33,33,33
2004,60490,1,1,0,0,0,0,0,0,0,0,0,0
2004,60491,0,1,0,0,0,0,0,0,0,0,0,0
2004,60491,0,2,0,0,0,0,0,0,0,0,0,0
2004,60491,1,1,0,0,0,0,0,0,0,0,0,0
2004,60492,1,1,0,0,0,0,0,0,0,0,0,0
2004,60493,1,1,0,0,0,0,0,0,0,0,0,0
2004,60493,2,1,0,0,0,0,0,0,0,0,0,0
2004,60494,1,1,6,6,6,6,6,6,6,6,6,6
2004,60495,0,1,35,35,35,35,35,35,35,35,35,35
2004,60495,1,1,0,0,0,0,16,0,0,0,0,0
2004,60496,0,1,0,0,0,0,0,0,0,0,0,0
2004,60496,1,1,0,0,0,0,0,0,0,0,0,0
2004,60497,1,1,11,11,11,11,11,11,11,11,11,11
2004,60498,1,1,0,0,0,0,0,15,0,16,0,0
2004,60499,1,1,0,0,0,0,0,0,0,0,0,0
2004,60500,1,1,18,18,18,18,18,18,18,18,18,18
2004,60501,0,1,0,0,0,0,0,0,0,0,0,0
2004,60501,1,1,0,0,0,0,0,0,0,0,0,0
2004,60502,1,1,0,0,0,0,0,0,0,0,0,0
2004,60502,2,1,0,0,0,0,0,0,0,0,0,0
2004,60503,1,1,13,13,13,13,13,13,13,13,13,13
2004,60504,1,1,21,21,21,21,21,21,21,21,21,21
2004,60505,1,1,0,0,9,8,0,0,0,0,0,0
2004,60506,1,1,11,11,11,11,11,11,11,11,11,11
2004,60507,1,1,20,20,20,20,20,20,20,20,20,20
2004,60508,1,1,0,0,0,0,0,0,0,0,0,0
2004,60509,1,1,14,14,14,14,14,14,14,14,14,14
2004,60509,2,1,0,0,0,0,0,0,0,0,0,0
2004,60510,0,1,0,0,0,0,12,0,0,0,0,0
2004,60510,0,2,0,0,0,0,0,0,0,0,0,0
2004,60510,1,1,0,0,0,0,0,0,0,0,0,0
2004,60511,1,1,0,0,0,0,0,0,0,0,0,0
2004,60511,2,1,0,0,0,0,0,0,0,0,0,0
2004,60512,0,1,12,12,12,12,12,12,12,12,12,12
2004,60512,1,1,0,0,0,0,0,0,0,0,0,0
2004,60513,1,1,14,14,14,14,14,14,14,14,14,14
2004,60513,2,1,0,0,0,0,0,0,0,0,0,0
2004,60513,3,1,0,0,0,0,0,0,0,0,0,0
2004,60514,1,1,0,0,0,0,2,0,0,0,0,12
2004,60514,2,1,0,0,0,0,0,0,0,0,2,0
2004,60515,0,1,29,29,29,29,29,29,29,29,29,29
2004,60515,1,1,0,0,0,0,0,0,0,0,0,0
2004,60516,0,1,0,0,0,0,0,0,0,0,0,0
2004,60516,1,1,16,0,0,0,7,0,0,0,0,0
2004,60517,1,1,0,0,0,0,0,0,0,0,0,0
2004,60518,1,1,23,23,23,23,23,23,23,23,23,23
2004,60519,1,1,22,22,22,22,22,22,22,22,22,22
2004,60520,1,1,16,22,9,27,0,0,3,0,0,21
2004,60521,0,1,0,0,0,0,0,0,0,0,0,0
2004,60521,1,1,0,0,0,0,0,0,0,0,0,0
2004,60522,1,1,0,0,0,0,13,22,0,0,32,0
2004,60523,1,1,0,0,0,0,0,0,0,0,0,0
2004,60524,0,1,32,32,32,32,32,32,32,32,32,32
2004,60524,0,2,26,26,26,26,26,26,26,26,26,26
2004,60524,1,1,0,0,9,0,0,0,0,0,0,0
2004,60525,0,1,1,1,1,1,1,1,1,1,1,1
2004,60525,1,1,0,0,0,0,0,0,0,0,0,0
2004,60526,1,1,0,0,0,0,0,0,0,0,0,0
2004,60526,2,1,0,0,0,0,0,0,0,0,0,0
2004,60526,3,1,0,0,0,0,0,0,0,0,0,0
2004,60527,1,1,0,0,0,0,0,0,0,0,0,0
2004,60528,1,1,19,19,19,19,19,19,19,19,19,19
2004,60528,2,1,0,0,0,0,0,0,0,0,0,0
2004,60529,1,1,0,12,4,0,0,13,0,0,7,0
2004,60529,2,1,0,0,0,0,0,0,0,0,0,0
2004,60530,1,1,7,7,7,7,7,7,7,7,7,7
2004,60530,2,1,0,0,0,0,0,0,0,0,0,0
2004,60531,0,1,0,0,0,0,0,0,0,0,0,0
2004,60531,1,1,0,0,0,0,0,0,0,0,0,0
2004,60532,1,1,20,20,20,20,20,20,20,20,20,20
2004,60533,1,1,24,24,24,24,24,24,24,24,24,24
2004,60533,2,1,0,0,0,0,0,0,0,0,0,0
2004,60534,1,1,0,0,0,0,0,0,0,0,0,0
2004,60534,2,1,0,0,0,0,0,0,0,0,0,0
2004,60535,1,1,12,12,12,12,12,12,12,12,12,12
2004,60536,1,1,17,17,17,17,17,17,17,17,17,17
2004,60537,1,1,0,0,0,0,0,0,0,0,0,0
2004,60538,1,1,0,0,0,0,0,0,0,0,0,0
2004,60539,1,1,0,0,0,0,0,0,0,0,0,0