YEAR,ST_CASE,veh_no,per_no,P1,P2,P3,P4,P5,P6,P7,P8,P9,P10
2004,60539,2,1,22,0,0,0,0,0,0,0,0,13
2004,60540,1,1,5,5,5,5,5,5,5,5,5,5
2004,60540,2,1,0,0,15,0,0,0,0,0,20,0
2004,60540,3,1,0,0,0,10,0,0,0,0,0,0
2004,60541,1,1,0,0,0,0,0,0,0,0,0,0
2004,60542,1,1,0,0,0,0,0,0,0,0,0,0
2004,60543,1,1,0,0,0,0,0,0,0,0,0,0
2004,60543,2,1,0,0,0,0,0,0,0,0,0,0
2004,60543,3,1,0,0,0,0,0,0,0,0,0,0
2004,60544,1,1,0,0,0,0,0,0,0,0,0,0
2004,60544,2,1,0,0,15,0,0,0,0,0,0,0
2004,60545,0,1,14,14,14,14,14,14,14,14,14,14
2004,60545,0,2,26,11,29,17,29,25,14,6,36,17
2004,60545,1,1,6,6,6,6,6,6,6,6,6,6
2004,60546,1,1,0,0,0,0,0,0,0,0,0,0
2004,60547,1,1,0,0,0,0,0,0,0,0,0,0
2004,60548,1,1,15,15,15,15,15,15,15,15,15,15
2004,60549,1,1,0,0,0,0,0,0,0,0,0,0
2004,60550,1,1,0,0,0,0,0,0,0,0,0,0
2004,60551,0,1,3,3,3,3,3,3,3,3,3,3
2004,60551,1,1,0,0,0,0,0,0,11,0,0,0
2004,60552,0,1,0,0,0,0,0,0,0,0,0,0
2004,60552,1,1,0,0,13,0,0,14,0,6,0,0
2004,60553,1,1,0,0,0,0,0,0,0,0,0,0
2004,60554,1,1,0,0,0,0,0,0,0,0,0,0
2004,60554,2,1,0,0,0,0,0,0,0,0,0,0
2004,60555,0,1,0,0,0,0,0,0,0,0,0,0
2004,60555,1,1,0,0,0,0,0,0,0,0,0,0
2004,60556,1,1,0,0,0,0,0,0,0,0,0,0
2004,60556,2,1,0,0,0,0,0,0,0,0,0,0
2004,60557,1,1,13,22,20,2,28,30,16,4,4,10
2004,60558,1,1,7,11,0,17,13,0,0,7,0,0
2004,60559,1,1,10,10,10,10,10,10,10,10,10,10
2004,60560,1,1,17,17,17,17,17,17,17,17,17,17
2004,60561,1,1,0,0,0,16,22,0,0,27,0,0
2004,60562,1,1,0,0,0,0,0,0,0,5,0,0
2004,60562,2,1,0,0,0,0,0,0,0,0,0,0
2004,60563,1,1,0,0,0,0,0,0,0,0,0,0
2004,60564,1,1,4,4,4,4,4,4,4,4,4,4
2004,60565,1,1,3,3,3,3,3,3,3,3,3,3
2004,60565,2,1,0,0,0,0,0,0,0,0,0,0
2004,60566,0,1,36,36,36,36,36,36,36,36,36,36
2004,60566,1,1,20,7,19,11,7,47,13,30,19,17
2004,60567,1,1,0,0,0,0,0,0,0,0,0,0
2004,60568,1,1,0,0,0,0,0,0,0,0,0,0
2004,60568,2,1,0,0,0,0,0,0,0,0,0,0
2004,60569,1,1,33,33,33,33,33,33,33,33,33,33
2004,60570,1,1,0,0,0,0,0,0,0,0,0,0
2004,60571,0,1,0,0,0,0,0,0,0,0,0,0
2004,60571,1,1,0,0,0,0,0,0,0,0,0,0
2004,60572,1,1,0,0,0,0,0,0,0,0,0,0
2004,60573,1,1,11,11,11,11,11,11,11,11,11,11
2004,60573,2,1,0,0,0,0,0,0,0,0,0,0
2004,60574,0,1,19,19,19,19,19,19,19,19,19,19
2004,60574,1,1,0,0,0,0,0,0,0,0,0,0
2004,60575,1,1,0,0,0,22,33,0,0,0,0,0
2004,60576,1,1,0,0,0,0,0,0,0,0,0,0
2004,60577,1,1,0,0,0,8,0,0,0,0,0,0
2004,60577,2,1,0,0,0,0,0,0,0,0,0,0
2004,60578,1,1,21,21,21,21,21,21,21,21,21,21
2004,60578,2,1,0,0,0,0,0,0,0,0,0,0
2004,60579,0,1,0,0,0,0,0,0,0,0,0,0
2004,60579,0,2,0,0,0,0,0,0,0,0,0,0
2004,60579,1,1,0,0,0,0,0,0,0,0,0,0
2004,60580,1,1,0,0,0,0,0,0,0,0,0,0
2004,60580,2,1,0,0,0,0,0,0,0,0,0,0
2004,60581,1,1,0,0,0,0,0,0,0,0,0,0
2004,60581,2,1,0,0,0,0,0,0,0,0,0,0
2004,60582,1,1,0,0,0,0,0,0,0,21,17,0
2004,60583,1,1,0,0,0,0,0,0,0,0,0,0
2004,60583,2,1,0,0,0,0,0,0,0,0,0,0
2004,60584,1,1,0,0,0,0,0,0,0,0,0,0
2004,60585,0,1,18,18,18,18,18,18,18,18,18,18
2004,60585,1,1,0,0,0,0,0,0,0,0,0,0
2004,60586,1,1,0,0,0,0,0,0,0,0,0,0
2004,60586,2,1,0,0,0,13,0,0,0,0,1,0
2004,60587,1,1,29,29,29,29,29,29,29,29,29,29
2004,60587,2,1,0,0,0,0,0,0,0,0,0,0
2004,60588,0,1,0,0,0,0,0,0,0,0,0,0
2004,60588,1,1,0,0,0,0,0,0,0,0,0,0
2004,60589,0,1,0,0,0,0,0,0,0,0,0,0
2004,60589,1,1,0,0,0,0,0,0,0,0,0,0
2004,60590,1,1,0,0,0,0,0,0,0,0,0,0
2004,60591,1,1,0,0,0,0,0,0,0,18,0,0
2004,60591,2,1,0,0,0,0,0,0,0,0,0,0
2004,60592,1,1,0,0,0,0,0,0,0,0,0,0
2004,60593,1,1,0,0,0,0,0,0,0,0,0,0
2004,60593,2,1,0,0,0,0,0,0,0,0,0,0
2004,60594,1,1,26,0,0,0,13,20,27,19,0,0
2004,60595,1,1,0,0,0,0,0,0,0,0,0,0
2004,60595,2,1,0,0,0,0,7,0,0,13,0,11
2004,60595,3,1,0,0,0,0,0,0,0,0,0,0
2004,60596,1,1,23,23,23,23,23,23,23,23,23,23
2004,60597,0,1,11,11,11,11,11,11,11,11,11,11
2004,60597,1,1,0,0,0,0,0,0,0,0,0,0
2004,60598,0,1,0,0,0,0,0,0,0,0,0,0
2004,60598,1,1,0,0,0,0,0,0,0,0,0,0
2004,60599,0,1,0,0,0,0,0,0,0,0,0,0
2004,60599,1,1,0,0,0,0,0,0,0,6,0,0
2004,60600,1,1,28,17,10,9,17,0,39,19,0,21
2004,60601,1,1,20,20,20,20,20,20,20,20,20,20
2004,60602,1,1,0,0,0,0,0,0,0,0,0,0
2004,60602,2,1,0,0,0,0,0,0,0,0,0,0
2004,60603,0,1,0,0,0,0,0,0,0,0,0,0
2004,60603,1,1,0,0,0,0,0,0,0,0,0,0
2004,60604,1,1,0,0,0,0,0,0,0,0,0,0
2004,60604,2,1,0,0,0,0,0,0,0,0,0,0
2004,60605,1,1,14,14,14,14,14,14,14,14,14,14
2004,60606,0,1,0,0,0,0,0,0,0,0,0,0
2004,60606,1,1,0,0,16,0,0,0,0,0,0,0
2004,60607,1,1,0,0,0,0,0,0,0,0,0,0
2004,60607,2,1,0,0,0,0,0,0,0,0,0,0
2004,60608,1,1,0,0,0,0,0,0,0,0,0,0
2004,60608,2,1,0,0,0,0,0,0,0,0,0,0
2004,60609,1,1,0,0,0,0,0,0,0,0,0,0
2004,60609,2,1,0,0,9,0,0,0,0,0,0,0
2004,60610,1,1,4,4,4,4,4,4,4,4,4,4
2004,60610,2,1,0,0,0,0,0,0,0,0,0,0
2004,60611,0,1,27,10,43,0,0,0,0,15,5,24
2004,60611,1,1,0,0,0,0,0,0,0,0,0,0
2004,60611,2,1,0,0,6,0,0,0,0,0,0,0
2004,60611,3,1,0,0,9,0,0,0,0,0,0,0
2004,60612,0,1,3,3,3,3,3,3,3,3,3,3
2004,60612,1,1,0,0,0,0,0,0,0,0,11,0
2004,60612,2,1,0,22,0,0,0,0,0,0,0,0
2004,60613,1,1,22,22,22,22,22,22,22,22,22,22
2004,60614,1,1,8,8,8,8,8,8,8,8,8,8
2004,60614,2,1,6,0,0,0,0,0,0,0,0,0
2004,60615,1,1,0,0,0,0,0,0,0,0,0,0
2004,60615,2,1,0,0,0,0,0,0,0,0,0,0
2004,60616,1,1,0,0,0,0,0,0,0,0,0,0
2004,60616,2,1,0,0,0,0,0,0,0,0,0,0
2004,60616,3,1,0,0,0,0,0,0,0,0,0,0
2004,60617,0,1,0,0,0,0,0,0,0,0,0,0
2004,60617,1,1,0,0,0,0,0,0,0,0,0,0
2004,60617,2,1,0,0,3,0,0,0,0,0,0,0
2004,60618,1,1,0,0,0,0,0,0,0,0,12,0
2004,60618,2,1,17,0,0,0,0,0,0,0,0,0
2004,60619,1,1,0,0,0,0,0,0,0,0,0,0
2004,60619,2,1,0,0,0,0,0,0,0,0,0,0
2004,60620,1,1,0,0,0,0,0,0,0,0,0,0
2004,60621,1,1,30,30,30,30,30,30,30,30,30,30
2004,60622,1,1,3,3,3,3,3,3,3,3,3,3
2004,60623,1,1,0,0,0,0,0,0,0,0,0,0
2004,60624,1,1,32,32,32,32,32,32,32,32,32,32
2004,60625,1,1,0,0,0,0,0,0,0,0,0,0
2004,60625,2,1,0,0,0,0,0,0,0,0,0,0
2004,60625,3,1,0,0,0,0,0,0,0,0,0,0
2004,60626,1,1,3,3,3,3,3,3,3,3,3,3
2004,60626,2,1,15,15,15,15,15,15,15,15,15,15
2004,60627,1,1,0,0,0,0,0,0,0,0,0,0
2004,60627,2,1,0,0,0,0,0,0,0,0,0,0
2004,60628,0,1,0,0,0,0,0,0,0,0,0,0
2004,60628,0,2,25,15,0,31,0,0,39,12,24,0
2004,60628,1,1,0,0,0,0,0,0,0,16,0,0
2004,60629,1,1,0,0,0,0,0,13,0,0,0,0
2004,60629,2,1,0,0,0,0,0,0,0,0,0,0
2004,60630,1,1,5,5,5,5,5,5,5,5,5,5
2004,60630,2,1,0,0,0,0,0,0,0,0,0,0
2004,60631,0,1,22,22,22,22,22,22,22,22,22,22
2004,60631,1,1,0,0,0,0,0,14,0,0,0,0
2004,60632,1,1,0,0,0,0,0,0,0,0,0,0
2004,60633,1,1,0,0,0,0,0,0,0,0,0,0
2004,60634,1,1,14,14,14,14,14,14,14,14,14,14
2004,60635,1,1,0,0,0,0,0,0,0,0,0,0
2004,60636,1,1,10,10,10,10,10,10,10,10,10,10
2004,60637,1,1,21,21,21,21,21,21,21,21,21,21
2004,60638,1,1,19,19,19,19,19,19,19,19,19,19
2004,60639,0,1,3,3,3,3,3,3,3,3,3,3
2004,60639,1,1,1,1,1,1,1,1,1,1,1,1
2004,60640,1,1,0,0,0,0,0,0,0,0,0,0
2004,60640,2,1,0,0,0,0,0,0,0,0,0,0
2004,60641,0,1,25,25,25,25,25,25,25,25,25,25
2004,60641,1,1,0,33,0,19,0,0,10,8,0,0
2004,60642,1,1,10,10,10,10,10,10,10,10,10,10
2004,60642,2,1,7,7,7,7,7,7,7,7,7,7
2004,60643,1,1,15,15,15,15,15,15,15,15,15,15
2004,60643,2,1,0,0,0,0,0,0,0,0,0,0
2004,60644,0,1,0,0,0,0,0,0,0,0,0,0
2004,60644,1,1,13,13,13,13,13,13,13,13,13,13
2004,60645,1,1,21,21,21,21,21,21,21,21,21,21
2004,60646,0,1,0,0,0,0,0,0,0,0,0,0
2004,60646,1,1,20,20,20,20,20,20,20,20,20,20
2004,60647,0,1,9,9,9,9,9,9,9,9,9,9
2004,60647,1,1,12,14,0,0,0,0,0,0,0,21
2004,60647,2,1,21,0,0,0,0,9,0,0,0,0
2004,60648,1,1,0,0,0,0,0,0,0,0,0,0
2004,60648,2,1,0,0,0,0,0,0,0,0,0,0
2004,60649,1,1,0,0,0,0,0,0,0,0,0,0
2004,60650,1,1,0,0,0,0,0,0,0,0,0,0
2004,60650,2,1,0,0,0,0,0,0,0,0,0,0
2004,60651,0,1,17,17,17,17,17,17,17,17,17,17
2004,60651,1,1,0,0,0,0,0,0,0,0,0,0
2004,60652,1,1,0,0,0,0,0,0,0,0,0,0
2004,60652,2,1,0,0,0,0,0,0,0,0,0,0
2004,60653,1,1,0,0,0,0,0,0,0,0,0,0
2004,60653,2,1,0,0,0,0,0,0,0,0,0,0
2004,60654,1,1,0,0,0,0,0,0,0,0,0,0
2004,60654,2,1,0,0,0,0,0,0,0,0,0,0
2004,60655,1,1,0,0,0,0,0,0,0,0,0,0
2004,60655,2,1,0,0,0,0,0,0,0,0,0,0
2004,60656,1,1,11,11,11,11,11,11,11,11,11,11
2004,60657,1,1,0,0,0,0,0,0,0,0,0,0
2004,60658,1,1,15,15,15,15,15,15,15,15,15,15
2004,60659,0,1,0,0,0,0,0,0,0,0,0,0
2004,60659,1,1,0,0,0,0,0,0,0,0,0,0
2004,60660,1,1,0,0,0,0,0,0,0,0,0,0
2004,60661,0,1,0,0,0,0,0,0,0,0,0,0
2004,60661,1,1,0,0,0,21,0,13,0,0,0,0
2004,60661,2,1,0,0,0,0,0,0,0,0,0,0
2004,60662,1,1,0,0,0,0,0,0,0,0,0,0
2004,60662,2,1,0,0,0,0,0,0,0,0,0,0
2004,60663,1,1,17,17,17,17,17,17,17,17,17,17
2004,60663,2,1,0,0,0,0,0,0,0,0,0,0
2004,60664,1,1,8,8,8,8,8,8,8,8,8,8
2004,60664,2,1,13,19,16,15,17,25,16,17,31,22
2004,60665,1,1,21,18,5,9,16,0,13,3,0,0
2004,60665,2,1,0,0,0,0,0,0,0,4,0,0
2004,60665,3,1,4,4,4,4,4,4,4,4,4,4
2004,60665,4,1,0,0,0,0,0,0,0,0,0,0
2004,60666,1,1,36,36,36,36,36,36,36,36,36,36
2004,60666,2,1,0,0,0,0,0,0,0,0,0,0
2004,60667,0,1,3,3,3,3,3,3,3,3,3,3
2004,60667,1,1,0,0,0,0,0,0,0,0,0,0
2004,60668,1,1,17,17,17,17,17,17,17,17,17,17
2004,60668,2,1,0,0,0,11,0,0,0,0,0,0
2004,60669,1,1,21,21,21,21,21,21,21,21,21,21
2004,60670,1,1,14,25,30,0,16,19,17,20,6,6
2004,60671,1,1,0,0,0,0,0,0,0,0,0,0
2004,60671,2,1,0,0,0,0,0,0,0,0,0,0
2004,60672,1,1,0,0,18,0,0,0,0,0,0,0
2004,60672,2,1,0,0,0,0,0,0,0,0,0,0
2004,60673,1,1,21,21,21,21,21,21,21,21,21,21
2004,60674,1,1,0,0,0,0,0,0,26,0,0,0
2004,60675,0,1,33,33,33,33,33,33,33,33,33,33
2004,60675,1,1,0,0,0,0,0,0,0,0,0,0
2004,60676,1,1,8,8,8,8,8,8,8,8,8,8
2004,60677,0,1,0,23,0,0,14,0,0,0,19,0
2004,60677,1,1,0,0,0,0,0,0,0,0,0,0
2004,60678,0,1,0,0,0,0,0,0,0,0,0,0
2004,60678,1,1,0,0,0,0,0,0,0,0,0,0
2004,60679,1,1,0,0,0,0,16,0,0,0,11,0
2004,60680,1,1,26,26,26,26,26,26,26,26,26,26
2004,60681,1,1,19,18,20,26,15,7,13,14,11,0
2004,60681,2,1,0,0,0,0,0,0,0,0,0,0
2004,60682,1,1,27,27,27,27,27,27,27,27,27,27
2004,60683,0,1,40,40,40,40,40,40,40,40,40,40
2004,60683,1,1,4,4,4,4,4,4,4,4,4,4
2004,60684,1,1,7,7,7,7,7,7,7,7,7,7
2004,60684,2,1,0,18,0,0,21,0,0,0,16,0
2004,60685,1,1,22,22,22,22,22,22,22,22,22,22
2004,60686,1,1,22,22,22,22,22,22,22,22,22,22
2004,60686,2,1,0,0,0,0,0,0,0,0,0,0
2004,60687,1,1,17,23,13,30,0,21,23,25,6,32
2004,60688,0,1,21,21,21,21,21,21,21,21,21,21
2004,60688,1,1,0,0,0,0,0,0,0,0,0,0
2004,60689,0,1,24,0,17,11,12,0,27,12,0,26
2004,60689,1,1,0,19,0,20,0,14,0,0,0,0
2004,60690,1,1,0,0,0,0,0,0,0,0,0,0
2004,60691,1,1,0,0,0,0,0,0,0,0,0,0
2004,60691,2,1,0,0,0,0,0,0,0,0,0,0
2004,60692,1,1,0,0,0,0,0,0,0,0,0,0
2004,60692,2,1,0,0,0,0,0,0,0,0,0,0
2004,60693,1,1,17,17,17,17,17,17,17,17,17,17
2004,60694,1,1,18,18,18,18,18,18,18,18,18,18
2004,60695,1,1,0,0,0,0,0,0,0,0,0,0
2004,60695,2,1,0,0,0,0,0,0,0,0,0,0
2004,60696,1,1,0,0,0,0,0,0,0,0,0,0
2004,60697,1,1,0,0,0,0,0,0,0,0,0,12
2004,60698,1,1,0,0,0,0,0,0,0,0,0,0
2004,60698,2,1,0,0,15,0,0,0,0,0,0,0
2004,60699,0,1,0,0,0,0,0,0,0,0,0,0
2004,60699,1,1,0,0,0,0,0,0,0,0,0,0
2004,60700,1,1,18,18,18,18,18,18,18,18,18,18
2004,60701,1,1,10,10,10,10,10,10,10,10,10,10
2004,60701,2,1,0,0,7,0,0,0,4,0,0,0
2004,60701,3,1,0,0,0,0,0,0,0,0,0,0
2004,60701,4,1,7,19,0,17,10,22,18,0,0,8
2004,60701,5,1,0,0,0,19,0,0,0,0,0,0
2004,60701,6,1,0,0,0,0,0,0,0,0,0,0
2004,60701,7,1,0,0,0,0,0,0,0,0,8,0
2004,60702,1,1,0,0,0,0,0,0,0,0,0,0
2004,60702,2,1,0,0,0,0,0,0,0,0,0,0
2004,60703,1,1,0,0,0,0,6,0,0,0,0,0
2004,60703,2,1,0,0,0,0,0,0,0,0,0,0
2004,60704,1,1,0,0,0,0,0,0,0,0,0,0
2004,60704,2,1,0,0,0,0,0,0,0,0,0,0
2004,60705,1,1,16,16,16,16,16,16,16,16,16,16
2004,60705,2,1,6,6,6,6,6,6,6,6,6,6
2004,60706,0,1,0,0,0,0,0,0,0,0,0,0
2004,60707,1,1,0,0,0,0,0,0,0,0,0,0
2004,60708,1,1,0,0,0,0,0,0,0,0,0,0
2004,60709,1,1,20,20,20,20,20,20,20,20,20,20
2004,60710,1,1,13,13,13,13,13,13,13,13,13,13
2004,60711,1,1,0,0,0,0,0,0,0,0,0,0
2004,60712,1,1,0,0,0,0,0,0,0,0,0,0
2004,60713,1,1,2,2,2,2,2,2,2,2,2,2
2004,60713,2,1,2,2,2,2,2,2,2,2,2,2
2004,60713,3,1,0,0,0,0,0,0,0,0,0,0
2004,60714,1,1,10,10,10,10,10,10,10,10,10,10
2004,60714,2,1,0,0,0,0,0,0,0,0,7,0
2004,60715,1,1,0,0,0,0,0,0,0,0,0,0
2004,60715,2,1,7,0,0,0,0,0,0,0,0,0
2004,60716,1,1,0,0,0,0,0,0,0,0,0,0
2004,60716,2,1,0,0,0,0,0,0,0,0,0,0
2004,60717,0,1,0,0,0,0,0,0,0,0,0,0
2004,60717,0,2,0,0,0,0,0,0,0,0,0,0
2004,60717,1,1,0,0,0,0,0,0,0,0,0,0
2004,60717,2,1,0,0,0,0,0,0,0,0,0,0
2004,60717,3,1,0,0,0,0,5,0,0,0,0,0
2004,60717,4,1,0,0,0,0,0,0,0,0,0,0
2004,60718,1,1,0,0,0,0,0,0,0,0,0,0
2004,60718,2,1,0,0,0,0,0,0,0,0,0,0
2004,60718,3,1,0,0,0,18,0,0,0,0,0,0
2004,60719,1,1,20,20,20,20,20,20,20,20,20,20
2004,60719,2,1,0,0,0,0,0,0,0,0,7,0
2004,60719,3,1,0,0,0,0,0,0,0,0,0,0
2004,60720,1,1,0,0,0,0,0,0,0,0,0,0
2004,60720,2,1,0,0,0,0,0,0,0,0,0,0
2004,60721,1,1,0,0,0,0,0,0,0,0,0,0
2004,60721,2,1,0,0,0,0,0,0,0,0,0,0
2004,60721,3,1,0,0,0,0,0,0,0,0,0,0
2004,60722,1,1,0,0,0,0,0,0,0,0,0,0
2004,60722,2,1,0,0,0,0,0,0,0,0,0,0
2004,60723,1,1,0,0,0,0,0,0,0,0,0,0
2004,60724,1,1,0,0,0,0,0,0,0,0,0,0
2004,60724,2,1,0,0,0,0,0,0,0,0,0,0
2004,60725,1,1,0,0,0,0,0,0,0,0,0,0
2004,60725,2,1,14,14,14,14,14,14,14,14,14,14
2004,60726,0,1,0,0,0,0,0,0,0,0,0,0
2004,60726,0,2,0,0,0,0,0,0,0,0,0,0
2004,60726,1,1,0,0,0,0,0,0,0,17,0,0
2004,60727,1,1,0,0,0,0,0,0,0,0,0,0
2004,60727,2,1,0,0,0,0,0,0,0,0,0,0
2004,60728,1,1,0,0,0,0,0,0,0,0,0,0
2004,60728,2,1,0,0,0,0,0,0,0,0,0,0
2004,60728,3,1,0,0,0,0,0,0,0,0,0,0
2004,60729,1,1,0,0,0,0,0,0,0,0,0,0
2004,60729,2,1,0,0,0,0,0,0,0,0,0,0
2004,60730,1,1,0,0,0,0,0,0,0,0,0,0
2004,60731,1,1,32,0,0,0,0,0,0,0,0,0
2004,60732,0,1,1,1,1,1,1,1,1,1,1,1
2004,60732,1,1,0,0,8,0,0,14,10,0,0,0
2004,60733,1,1,0,0,0,0,0,0,0,0,0,0
2004,60734,1,1,0,0,0,0,0,0,0,0,0,0
2004,60735,1,1,0,0,0,0,0,0,0,0,0,0
2004,60736,1,1,19,19,19,19,19,19,19,19,19,19
2004,60737,1,1,0,0,0,0,0,0,0,0,0,0
2004,60738,1,1,0,0,0,0,0,0,0,0,0,0
2004,60739,0,1,2,2,2,2,2,2,2,2,2,2
2004,60739,1,1,0,0,3,0,0,0,0,0,0,0
2004,60740,1,1,0,0,0,0,0,0,0,0,0,0
2004,60741,1,1,0,0,0,0,0,0,0,0,0,0
2004,60741,2,1,0,0,0,0,0,0,0,0,0,0
2004,60742,0,1,19,0,13,0,0,0,0,0,0,0
2004,60742,1,1,0,0,5,0,0,0,0,0,0,0
2004,60743,1,1,0,0,0,0,0,0,0,0,0,0
2004,60743,2,1,0,0,0,0,0,0,0,0,0,0
2004,60744,1,1,0,0,0,0,0,0,0,0,0,0
2004,60744,2,1,0,0,0,0,0,0,0,0,0,0
2004,60745,1,1,12,12,12,12,12,12,12,12,12,12
2004,60746,1,1,0,0,0,0,0,0,0,0,0,0
2004,60746,2,1,4,4,4,4,4,4,4,4,4,4
2004,60747,1,1,0,0,0,0,0,0,0,0,0,0
2004,60747,2,1,0,0,0,0,0,0,0,0,0,0
2004,60748,1,1,0,0,0,0,0,0,0,0,0,0
2004,60748,2,1,0,0,0,0,0,0,0,0,0,0
2004,60749,1,1,0,22,9,0,0,7,14,0,1,20
2004,60749,2,1,0,0,6,0,0,0,0,0,0,0
2004,60750,1,1,18,18,18,18,18,18,18,18,18,18
2004,60750,2,1,20,20,20,20,20,20,20,20,20,20
2004,60751,1,1,3,3,3,3,3,3,3,3,3,3
2004,60751,2,1,0,0,0,9,0,0,0,0,0,0
2004,60752,1,1,0,0,0,0,0,0,0,9,0,0
2004,60753,1,1,0,0,0,0,0,0,0,0,0,0
2004,60754,1,1,33,33,33,33,33,33,33,33,33,33
2004,60755,1,1,12,12,12,12,12,12,12,12,12,12
2004,60756,1,1,0,0,0,0,0,0,0,0,0,0
2004,60757,1,1,0,0,0,0,0,0,0,0,0,0
2004,60757,2,1,0,0,0,7,0,0,0,0,0,0
2004,60758,0,1,0,0,0,0,0,0,0,0,0,0
2004,60758,1,1,0,0,0,0,0,0,0,0,0,0
2004,60759,0,1,0,0,0,0,0,0,0,0,0,0
2004,60759,1,1,0,0,0,0,0,0,0,0,0,0
2004,60759,2,1,0,0,0,0,0,0,0,0,0,0
2004,60759,3,1,0,0,0,0,0,0,0,0,0,0
2004,60760,1,1,0,0,0,0,0,0,0,0,0,0
2004,60760,2,1,0,0,0,0,7,0,0,2,0,0
2004,60761,1,1,29,29,29,29,29,29,29,29,29,29
2004,60761,2,1,0,0,0,0,0,0,0,0,0,0
2004,60762,0,1,0,0,0,0,0,0,0,0,0,0
2004,60762,0,2,0,32,0,0,17,19,0,0,29,0
2004,60762,1,1,0,0,0,0,0,0,0,0,0,13
2004,60763,1,1,21,21,21,21,21,21,21,21,21,21
2004,60764,1,1,0,0,0,0,0,0,0,0,0,0
2004,60764,2,1,0,0,0,0,0,0,16,0,0,0
2004,60765,1,1,0,0,0,0,0,0,0,0,0,0
2004,60766,1,1,9,9,9,9,9,9,9,9,9,9
2004,60767,1,1,0,0,0,0,0,0,0,0,0,0
2004,60768,1,1,12,12,12,12,12,12,12,12,12,12
2004,60768,2,1,0,0,0,0,0,0,0,0,0,0
2004,60769,1,1,0,0,0,0,0,0,0,0,0,0
2004,60769,2,1,0,0,0,0,0,0,0,0,0,0
2004,60770,1,1,17,17,17,17,17,17,17,17,17,17
2004,60770,2,1,4,4,4,4,4,4,4,4,4,4
2004,60771,1,1,0,0,0,0,0,0,0,0,0,0
2004,60771,2,1,0,0,0,0,0,0,0,0,0,0
2004,60772,1,1,27,27,27,27,27,27,27,27,27,27
2004,60772,2,1,6,12,0,0,0,0,0,0,0,0
2004,60773,1,1,0,0,0,0,0,0,0,0,0,0
2004,60773,2,1,0,0,0,0,0,0,0,0,0,0
2004,60774,0,1,0,0,0,0,0,0,0,0,0,0
2004,60774,0,2,0,0,0,0,0,0,0,0,0,0
2004,60774,1,1,0,0,0,0,0,0,0,0,0,0
2004,60775,1,1,0,0,0,0,0,0,0,0,0,0
2004,60775,2,1,0,0,0,0,0,0,0,0,0,0
2004,60776,1,1,19,19,19,19,19,19,19,19,19,19
2004,60776,2,1,0,0,0,0,0,0,0,0,0,0
2004,60776,3,1,0,0,0,0,0,0,0,0,0,0
2004,60777,1,1,0,0,0,0,0,0,0,0,0,0
2004,60777,2,1,0,7,0,0,0,0,0,8,0,0
2004,60778,1,1,0,0,0,0,0,0,0,0,0,0
2004,60778,2,1,0,0,0,0,0,0,0,0,0,0
2004,60779,1,1,21,5,21,30,34,16,26,0,31,32
2004,60780,1,1,0,0,0,0,0,0,0,0,0,0
2004,60781,1,1,0,0,0,0,0,0,0,0,0,0
2004,60782,1,1,0,0,0,0,0,0,0,0,0,0
2004,60783,1,1,2,2,2,2,2,2,2,2,2,2
2004,60784,1,1,0,0,0,0,0,0,0,0,0,0
2004,60784,2,1,0,0,0,0,0,0,0,0,0,0
2004,60785,1,1,9,0,0,0,0,0,4,0,0,3
2004,60785,2,1,0,0,0,0,0,0,0,0,0,0
2004,60786,1,1,0,0,0,0,0,0,0,0,0,0
2004,60786,2,1,0,0,0,0,0,0,0,0,0,0
2004,60787,1,1,0,0,0,0,0,0,0,0,0,0
2004,60788,1,1,0,0,0,0,0,0,0,0,0,0
2004,60788,2,1,0,0,0,0,0,0,0,0,25,0
2004,60789,1,1,4,4,4,4,4,4,4,4,4,4
2004,60790,1,1,12,12,12,12,12,12,12,12,12,12
2004,60791,1,1,0,0,0,0,0,0,0,0,0,0
2004,60791,2,1,0,0,0,0,0,0,0,0,0,0
2004,60792,1,1,0,0,0,0,0,6,0,0,0,14
2004,60793,1,1,0,0,0,0,0,0,0,0,0,0
2004,60794,1,1,0,0,0,0,0,0,0,0,0,0
2004,60795,0,1,0,0,0,0,0,0,0,0,0,0
2004,60795,1,1,0,0,0,0,0,0,0,0,0,0
2004,60796,1,1,0,0,0,0,0,0,0,0,0,0
2004,60797,1,1,0,0,0,0,0,0,0,0,0,0
2004,60798,1,1,35,11,0,30,22,6,14,29,17,0
2004,60799,0,1,0,0,0,0,0,0,0,0,0,0
2004,60799,1,1,0,0,0,0,0,0,0,0,0,0
2004,60800,1,1,0,0,0,0,0,0,0,0,0,0
2004,60801,1,1,20,20,20,20,20,20,20,20,20,20
2004,60802,0,1,0,0,0,0,0,0,0,0,0,0
2004,60802,1,1,0,0,0,0,0,0,0,0,0,0
2004,60803,1,1,0,0,0,0,0,0,0,0,0,0
2004,60804,1,1,3,3,3,3,3,3,3,3,3,3
2004,60805,0,1,0,0,0,0,0,0,0,0,0,0
2004,60805,1,1,0,0,0,0,0,0,0,0,0,0
2004,60806,1,1,0,0,0,0,0,0,0,0,0,0
2004,60806,2,1,0,0,0,0,0,0,0,0,0,0
2004,60807,1,1,0,0,0,0,0,0,0,0,0,0
2004,60807,2,1,0,0,0,0,0,0,0,0,0,0
2004,60808,1,1,4,4,4,4,4,4,4,4,4,4
2004,60808,2,1,0,9,0,0,0,0,0,0,0,0
2004,60809,1,1,0,0,0,0,0,0,0,0,0,0