YEAR,ST_CASE,veh_no,per_no,P1,P2,P3,P4,P5,P6,P7,P8,P9,P10
2004,60809,2,1,0,0,0,0,0,0,0,0,0,0
2004,60810,0,1,20,26,9,9,11,31,5,25,21,0
2004,60810,1,1,0,0,0,0,18,0,0,22,0,0
2004,60810,2,1,0,7,0,0,0,0,0,0,0,0
2004,60810,3,1,0,0,0,0,0,0,0,0,0,0
2004,60811,0,1,0,0,0,0,0,0,0,0,0,0
2004,60811,1,1,0,0,0,0,0,13,11,0,12,0
2004,60812,1,1,0,0,0,0,0,0,0,0,0,0
2004,60812,2,1,0,0,0,0,0,0,0,0,0,16
2004,60813,1,1,0,0,0,0,0,0,0,0,0,0
2004,60813,2,1,0,0,0,0,0,0,0,0,0,0
2004,60814,1,1,0,0,0,0,0,0,0,0,0,0
2004,60814,2,1,0,0,0,0,0,0,0,0,0,0
2004,60814,3,1,0,0,0,0,0,0,0,0,0,0
2004,60814,4,1,0,0,0,0,0,0,0,0,0,0
2004,60815,1,1,25,25,25,25,25,25,25,25,25,25
2004,60816,0,1,0,0,0,0,0,0,0,0,0,0
2004,60816,0,2,0,0,0,0,0,0,0,0,0,0
2004,60816,1,1,29,29,29,29,29,29,29,29,29,29
2004,60816,2,1,0,0,0,0,0,0,0,0,0,0
2004,60817,1,1,0,0,0,0,0,0,0,0,0,0
2004,60818,1,1,24,24,24,24,24,24,24,24,24,24
2004,60818,2,1,0,0,0,0,0,0,0,0,0,0
2004,60819,0,1,12,12,12,12,12,12,12,12,12,12
2004,60819,1,1,0,0,0,0,0,0,0,0,0,0
2004,60820,1,1,0,0,0,0,0,0,0,0,0,0
2004,60820,2,1,0,0,0,0,0,0,0,0,0,0
2004,60821,1,1,0,0,0,0,0,0,0,0,0,0
2004,60822,0,1,16,16,16,16,16,16,16,16,16,16
2004,60822,1,1,0,0,0,0,0,0,0,0,0,0
2004,60823,1,1,5,7,0,0,0,0,26,0,0,12
2004,60824,0,1,11,11,11,11,11,11,11,11,11,11
2004,60824,1,1,0,26,0,0,0,0,0,0,0,0
2004,60825,1,1,0,0,0,0,0,0,0,0,0,0
2004,60826,1,1,17,17,17,17,17,17,17,17,17,17
2004,60827,0,1,18,18,18,18,18,18,18,18,18,18
2004,60827,1,1,10,10,10,10,10,10,10,10,10,10
2004,60828,1,1,13,13,0,0,0,12,0,26,0,0
2004,60828,2,1,0,0,0,0,0,0,0,0,0,0
2004,60829,0,1,16,16,16,16,16,16,16,16,16,16
2004,60829,1,1,0,7,26,0,11,20,0,17,20,12
2004,60830,1,1,0,0,0,0,0,0,0,0,0,0
2004,60830,2,1,0,0,0,0,0,0,0,0,0,0
2004,60830,3,1,0,0,0,0,0,0,0,0,0,0
2004,60831,0,1,0,0,0,0,0,0,0,0,0,0
2004,60831,1,1,18,14,5,0,9,13,18,11,14,9
2004,60832,1,1,0,0,0,0,0,0,0,0,0,0
2004,60832,2,1,0,0,0,0,0,0,0,0,0,0
2004,60833,1,1,0,0,0,0,0,0,0,0,0,0
2004,60833,2,1,0,0,0,0,0,0,0,0,0,0
2004,60834,1,1,0,0,0,0,0,0,0,0,0,0
2004,60835,1,1,14,0,9,0,4,0,0,18,5,0
2004,60836,1,1,25,25,25,25,25,25,25,25,25,25
2004,60837,1,1,7,7,7,7,7,7,7,7,7,7
2004,60838,1,1,29,29,29,29,29,29,29,29,29,29
2004,60839,1,1,0,0,0,0,0,0,0,0,0,0
2004,60840,1,1,21,21,21,21,21,21,21,21,21,21
2004,60841,1,1,0,0,0,0,0,0,0,0,0,0
2004,60842,1,1,0,0,0,0,0,0,0,0,0,0
2004,60843,1,1,25,25,25,25,25,25,25,25,25,25
2004,60844,1,1,0,0,0,15,0,0,0,17,0,0
2004,60845,1,1,0,0,0,0,0,0,0,0,0,0
2004,60846,1,1,0,0,0,0,0,0,0,0,0,0
2004,60847,1,1,0,0,0,0,0,0,0,0,0,0
2004,60848,1,1,0,0,0,0,0,0,0,0,0,0
2004,60848,2,1,1,1,1,1,1,1,1,1,1,1
2004,60849,1,1,13,13,13,13,13,13,13,13,13,13
2004,60849,2,1,0,0,0,0,0,0,14,0,0,0
2004,60850,1,1,0,0,0,0,0,0,0,0,0,0
2004,60850,2,1,0,0,0,0,0,0,0,0,0,0
2004,60851,1,1,5,5,5,5,5,5,5,5,5,5
2004,60852,1,1,0,0,0,0,0,0,0,0,0,0
2004,60852,2,1,0,0,0,0,0,0,0,0,0,0
2004,60853,0,1,21,0,0,0,21,0,0,0,23,13
2004,60853,0,2,0,27,21,0,0,35,0,0,0,0
2004,60853,1,1,0,0,0,0,0,0,0,0,0,0
2004,60854,1,1,0,0,0,14,0,0,0,0,0,0
2004,60854,2,1,0,0,0,0,0,16,0,0,0,0
2004,60855,1,1,0,0,0,0,0,0,0,0,0,0
2004,60855,2,1,0,0,0,0,14,0,0,0,3,0
2004,60856,1,1,17,17,17,17,17,17,17,17,17,17
2004,60856,2,1,0,0,0,0,0,0,0,0,0,0
2004,60857,1,1,0,0,0,0,0,0,0,0,0,0
2004,60858,1,1,25,25,25,25,25,25,25,25,25,25
2004,60859,1,1,0,0,0,0,0,0,0,0,0,0
2004,60860,1,1,8,8,8,8,8,8,8,8,8,8
2004,60861,1,1,0,0,0,0,0,0,0,0,11,0
2004,60862,0,1,0,0,0,0,0,0,0,0,0,0
2004,60862,1,1,0,0,0,0,0,0,0,0,0,0
2004,60863,0,1,31,31,31,31,31,31,31,31,31,31
2004,60863,1,1,0,0,0,0,0,0,0,0,0,0
2004,60864,1,1,0,0,0,11,0,10,0,0,0,0
2004,60865,1,1,19,19,19,19,19,19,19,19,19,19
2004,60866,0,1,0,0,0,0,0,0,0,0,0,0
2004,60866,1,1,0,0,0,0,0,0,0,0,0,0
2004,60867,1,1,0,0,0,0,0,0,0,0,0,0
2004,60867,2,1,0,0,0,0,0,0,0,0,0,0
2004,60868,1,1,18,18,18,18,18,18,18,18,18,18
2004,60868,2,1,12,15,17,9,8,15,15,13,7,14
2004,60868,3,1,0,0,9,0,0,0,0,0,0,0
2004,60868,4,1,0,0,0,0,0,0,0,0,0,0
2004,60869,1,1,0,0,0,0,0,0,0,0,0,0
2004,60870,1,1,0,0,0,0,0,0,0,0,0,0
2004,60871,1,1,0,0,0,0,0,0,0,0,0,0
2004,60872,1,1,21,21,21,21,21,21,21,21,21,21
2004,60873,1,1,0,0,0,0,0,0,0,0,0,0
2004,60874,1,1,26,26,26,26,26,26,26,26,26,26
2004,60875,1,1,30,30,30,30,30,30,30,30,30,30
2004,60876,1,1,0,0,0,0,9,0,0,5,0,0
2004,60877,1,1,0,0,0,0,0,0,0,0,0,0
2004,60878,0,1,0,0,0,0,0,0,0,0,0,0
2004,60878,1,1,0,0,0,3,0,0,0,0,0,0
2004,60879,0,1,32,32,32,32,32,32,32,32,32,32
2004,60879,1,1,0,0,0,0,0,0,0,0,0,0
2004,60880,1,1,17,17,17,17,17,17,17,17,17,17
2004,60881,1,1,16,16,16,16,16,16,16,16,16,16
2004,60881,2,1,0,0,0,0,0,0,0,0,0,0
2004,60881,3,1,0,0,0,0,10,0,0,0,0,0
2004,60882,1,1,19,19,19,19,19,19,19,19,19,19
2004,60882,2,1,0,0,0,0,0,0,0,0,0,0
2004,60883,1,1,0,0,0,0,0,0,0,0,0,0
2004,60883,2,1,0,0,0,0,0,0,0,0,0,0
2004,60884,1,1,14,14,14,14,14,14,14,14,14,14
2004,60884,2,1,0,0,0,0,0,0,0,0,0,0
2004,60885,0,1,0,0,0,0,0,0,0,0,0,0
2004,60885,1,1,0,0,0,0,0,0,0,0,0,0
2004,60886,1,1,26,26,26,26,26,26,26,26,26,26
2004,60887,0,1,28,28,28,28,28,28,28,28,28,28
2004,60887,1,1,0,0,0,0,0,27,0,0,7,0
2004,60888,1,1,16,16,16,16,16,16,16,16,16,16
2004,60889,1,1,6,6,6,6,6,6,6,6,6,6
2004,60890,1,1,0,0,0,0,0,0,0,0,0,0
2004,60891,1,1,0,0,0,0,0,0,0,0,0,0
2004,60892,1,1,0,0,0,0,0,0,0,0,0,0
2004,60893,1,1,0,0,0,0,0,0,0,0,0,0
2004,60894,1,1,0,0,0,0,0,0,0,0,0,0
2004,60895,0,1,0,0,0,0,0,0,0,0,0,0
2004,60895,1,1,0,0,0,0,0,0,0,0,0,0
2004,60896,1,1,0,0,0,0,0,0,0,0,0,0
2004,60897,1,1,0,0,0,0,0,0,0,0,0,0
2004,60898,1,1,0,0,0,0,0,0,0,0,0,0
2004,60899,0,1,19,19,19,19,19,19,19,19,19,19
2004,60899,1,1,0,0,0,0,0,0,0,0,0,0
2004,60900,1,1,3,3,3,3,3,3,3,3,3,3
2004,60901,1,1,30,30,30,30,30,30,30,30,30,30
2004,60902,1,1,21,21,21,21,21,21,21,21,21,21
2004,60903,1,1,0,0,0,0,0,0,0,0,0,8
2004,60904,1,1,0,0,0,0,0,0,0,0,0,0
2004,60906,1,1,0,0,0,0,0,0,0,0,0,0
2004,60907,0,1,0,22,17,19,2,0,0,0,29,0
2004,60907,1,1,9,0,0,0,0,0,0,0,0,0
2004,60908,1,1,17,17,17,17,17,17,17,17,17,17
2004,60909,1,1,0,0,0,0,0,0,0,0,0,0
2004,60910,1,1,8,8,8,8,8,8,8,8,8,8
2004,60911,1,1,1,1,1,1,1,1,1,1,1,1
2004,60912,1,1,22,22,22,22,22,22,22,22,22,22
2004,60913,1,1,0,0,0,0,0,0,0,0,0,0
2004,60914,1,1,0,0,0,11,0,0,0,0,0,0
2004,60915,0,1,7,7,7,7,7,7,7,7,7,7
2004,60915,1,1,13,13,13,13,13,13,13,13,13,13
2004,60916,1,1,0,0,13,0,0,0,0,0,0,0
2004,60916,2,1,0,0,0,0,0,0,6,0,0,0
2004,60917,1,1,0,0,0,0,0,0,0,0,0,0
2004,60918,1,1,0,0,0,0,0,0,0,0,0,0
2004,60919,1,1,0,0,0,0,0,0,0,0,0,0
2004,60920,1,1,11,11,11,11,11,11,11,11,11,11
2004,60921,1,1,0,0,0,0,0,0,0,0,0,0
2004,60922,1,1,0,0,0,0,0,0,0,0,0,0
2004,60923,1,1,11,11,11,11,11,11,11,11,11,11
2004,60924,1,1,26,26,26,26,26,26,26,26,26,26
2004,60925,1,1,0,0,0,0,0,0,0,0,0,0
2004,60925,2,1,0,0,0,0,0,0,0,0,0,0
2004,60926,1,1,0,0,0,0,15,0,0,0,0,0
2004,60926,2,1,0,0,0,0,0,0,0,0,0,0
2004,60927,0,1,0,0,0,0,0,0,0,0,0,0
2004,60927,0,2,0,0,0,0,0,8,0,0,0,0
2004,60927,1,1,0,0,0,0,0,0,0,0,0,0
2004,60928,0,1,18,18,18,18,18,18,18,18,18,18
2004,60928,1,1,0,0,0,0,0,0,0,0,0,0
2004,60929,1,1,0,0,0,0,0,0,0,0,0,0
2004,60929,2,1,0,0,0,0,0,0,0,0,0,0
2004,60930,1,1,0,0,0,0,0,0,0,0,0,0
2004,60930,2,1,0,0,0,0,0,0,0,0,0,0
2004,60931,1,1,6,6,6,6,6,6,6,6,6,6
2004,60932,1,1,0,0,0,17,12,0,0,0,0,0
2004,60933,1,1,26,26,26,26,26,26,26,26,26,26
2004,60934,1,1,21,21,21,21,21,21,21,21,21,21
2004,60935,1,1,4,4,4,4,4,4,4,4,4,4
2004,60936,1,1,0,0,0,0,17,0,0,0,0,0
2004,60936,2,1,0,0,0,0,0,0,0,0,0,0
2004,60937,1,1,0,0,0,0,0,0,0,0,0,0
2004,60937,2,1,0,9,0,0,0,0,0,0,0,0
2004,60938,1,1,4,10,9,24,24,29,0,20,23,11
2004,60938,2,1,0,0,0,0,0,0,0,0,0,0
2004,60939,1,1,8,8,8,8,8,8,8,8,8,8
2004,60939,2,1,0,0,0,0,0,0,0,0,0,0
2004,60940,1,1,0,0,0,0,0,0,0,0,0,0
2004,60941,1,1,11,11,11,11,11,11,11,11,11,11
2004,60942,1,1,0,0,0,0,0,0,0,0,0,0
2004,60943,1,1,8,8,8,8,8,8,8,8,8,8
2004,60944,1,1,30,30,30,30,30,30,30,30,30,30
2004,60945,1,1,0,0,0,0,0,0,0,0,0,0
2004,60945,2,1,0,0,0,0,0,0,0,0,0,0
2004,60946,0,1,0,0,0,0,0,0,0,0,0,0
2004,60946,1,1,0,5,18,7,0,23,0,13,0,0
2004,60947,1,1,0,0,0,0,0,0,0,0,0,0
2004,60948,0,1,30,30,30,30,30,30,30,30,30,30
2004,60948,1,1,0,0,0,0,0,0,0,0,0,0
2004,60949,0,1,0,0,0,0,0,0,0,0,0,0
2004,60949,1,1,0,0,0,0,0,0,0,0,0,0
2004,60950,1,1,0,0,0,0,0,0,0,0,0,0
2004,60951,0,1,27,27,27,27,27,27,27,27,27,27
2004,60951,1,1,0,0,0,0,0,0,8,0,0,0
2004,60952,1,1,0,0,0,0,0,0,0,0,0,0
2004,60952,2,1,20,5,0,16,24,9,26,15,0,21
2004,60953,1,1,0,0,0,0,0,0,0,0,0,0
2004,60953,2,1,0,0,0,0,0,0,0,0,0,0
2004,60954,1,1,0,0,17,27,0,0,0,0,0,0
2004,60955,1,1,0,0,0,0,0,0,0,0,0,0
2004,60956,1,1,19,21,22,18,11,25,9,18,15,26
2004,60957,1,1,0,0,0,0,0,0,0,0,0,0
2004,60958,1,1,0,0,0,0,0,0,0,0,0,0
2004,60959,1,1,0,0,6,0,0,0,0,0,0,0
2004,60960,1,1,17,17,17,17,17,17,17,17,17,17
2004,60961,1,1,0,0,0,0,0,0,0,0,0,0
2004,60962,1,1,10,10,10,10,10,10,10,10,10,10
2004,60963,1,1,4,4,4,4,4,4,4,4,4,4
2004,60963,2,1,0,0,12,0,0,0,0,0,0,0
2004,60963,3,1,0,0,0,0,0,0,0,0,0,0
2004,60964,1,1,0,0,0,0,0,0,6,0,0,0
2004,60964,2,1,0,0,0,0,0,0,0,0,0,0
2004,60965,0,1,12,12,12,12,12,12,12,12,12,12
2004,60965,1,1,12,12,12,12,12,12,12,12,12,12
2004,60966,1,1,18,18,18,18,18,18,18,18,18,18
2004,60966,2,1,0,0,0,0,0,0,0,0,0,0
2004,60967,1,1,0,0,0,0,0,0,0,0,0,0
2004,60967,2,1,0,0,0,0,0,0,0,0,0,0
2004,60968,1,1,0,0,0,0,0,0,0,0,0,0
2004,60968,2,1,0,0,0,0,0,0,0,0,0,0
2004,60969,1,1,0,0,0,0,0,0,0,0,0,0
2004,60969,2,1,2,2,2,2,2,2,2,2,2,2
2004,60970,0,1,0,0,0,0,0,0,10,0,0,0
2004,60970,1,1,0,0,0,0,0,0,0,0,0,0
2004,60971,1,1,0,0,0,0,0,0,0,0,0,0
2004,60972,1,1,21,21,21,21,21,21,21,21,21,21
2004,60972,2,1,0,0,0,0,0,0,0,0,0,0
2004,60973,0,1,0,0,0,29,22,0,0,30,0,0
2004,60973,0,2,24,17,0,14,0,0,29,0,29,0
2004,60973,1,1,0,0,0,0,0,0,0,0,0,0
2004,60974,1,1,0,0,0,0,0,0,0,0,0,0
2004,60974,2,1,0,0,0,0,0,0,0,0,0,0
2004,60975,1,1,6,6,6,6,6,6,6,6,6,6
2004,60976,1,1,32,2,0,20,15,11,17,4,14,12
2004,60977,1,1,0,0,0,14,0,6,23,23,29,12
2004,60978,1,1,0,0,0,0,0,0,0,0,0,0
2004,60979,1,1,0,0,0,8,0,0,0,5,0,12
2004,60980,1,1,20,20,20,20,20,20,20,20,20,20
2004,60981,1,1,0,0,0,0,0,0,0,0,0,0
2004,60981,2,1,0,0,0,0,0,0,0,0,0,0
2004,60982,1,1,25,25,25,25,25,25,25,25,25,25
2004,60983,1,1,34,34,34,34,34,34,34,34,34,34
2004,60984,1,1,20,20,20,20,20,20,20,20,20,20
2004,60985,1,1,25,25,25,25,25,25,25,25,25,25
2004,60986,1,1,25,25,25,25,25,25,25,25,25,25
2004,60987,1,1,0,0,0,0,0,0,0,0,0,0
2004,60988,1,1,16,16,16,16,16,16,16,16,16,16
2004,60989,0,1,0,0,0,0,0,0,0,0,0,0
2004,60989,1,1,0,0,0,0,0,0,0,0,0,0
2004,60990,1,1,0,0,0,0,0,0,0,0,0,0
2004,60990,2,1,0,0,0,0,0,0,0,0,0,0
2004,60991,1,1,0,0,0,0,0,0,0,0,0,0
2004,60991,2,1,0,0,0,0,0,0,0,0,0,0
2004,60992,0,1,0,0,0,0,0,0,0,0,0,0
2004,60992,1,1,0,0,0,0,0,0,0,0,0,0
2004,60993,1,1,0,0,0,0,0,0,0,0,0,0
2004,60993,2,1,0,0,0,0,0,0,0,0,0,0
2004,60994,1,1,0,0,0,0,0,0,0,0,0,0
2004,60994,2,1,0,0,0,0,0,0,0,0,0,0
2004,60995,1,1,0,0,0,0,0,0,0,0,0,0
2004,60995,2,1,0,0,0,13,0,0,0,0,0,0
2004,60996,0,1,0,0,0,0,0,0,0,0,0,0
2004,60996,1,1,19,19,19,19,19,19,19,19,19,19
2004,60997,1,1,16,16,16,16,16,16,16,16,16,16
2004,60998,1,1,0,0,0,0,0,0,0,0,0,0
2004,60998,2,1,0,0,0,0,0,0,0,0,0,0
2004,60998,3,1,0,0,0,0,0,0,0,0,0,0
2004,60999,1,1,0,0,0,0,0,0,0,0,0,0
2004,60999,2,1,0,0,0,0,0,0,0,0,0,0
2004,61000,1,1,0,0,0,0,0,0,0,0,0,0
2004,61000,2,1,0,0,0,0,0,0,0,0,0,0
2004,61001,1,1,0,0,0,0,0,0,0,0,0,0
2004,61001,2,1,0,0,0,0,0,0,0,0,0,0
2004,61002,0,1,0,0,0,0,0,0,0,0,0,0
2004,61002,1,1,22,22,22,22,22,22,22,22,22,22
2004,61003,0,1,39,39,39,39,39,39,39,39,39,39
2004,61003,1,1,9,9,9,9,9,9,9,9,9,9
2004,61004,1,1,0,0,0,0,0,0,0,0,0,0
2004,61005,1,1,0,0,20,0,0,0,6,0,0,0
2004,61006,1,1,0,0,0,0,0,0,0,0,0,0
2004,61007,1,1,13,13,13,13,13,13,13,13,13,13
2004,61007,2,1,0,0,0,0,0,0,0,0,0,0
2004,61008,0,1,29,29,29,29,29,29,29,29,29,29
2004,61008,1,1,0,0,0,0,0,0,0,0,0,0
2004,61009,0,1,0,0,0,0,0,0,22,5,8,21
2004,61009,1,1,0,0,0,0,0,0,0,0,0,0
2004,61010,1,1,0,0,0,0,0,0,0,0,0,0
2004,61011,1,1,18,18,18,18,18,18,18,18,18,18
2004,61012,0,1,0,0,0,0,0,0,0,0,0,0
2004,61012,1,1,0,0,0,0,0,0,0,0,0,0
2004,61013,1,1,14,14,14,14,14,14,14,14,14,14
2004,61013,2,1,5,3,0,0,0,0,0,0,6,0
2004,61014,1,1,0,0,0,0,0,0,0,0,0,0
2004,61014,2,1,0,0,0,0,0,0,0,0,0,0
2004,61015,1,1,0,0,0,0,0,0,0,0,0,0
2004,61015,2,1,0,0,0,0,0,0,0,0,0,0
2004,61015,3,1,0,0,0,0,0,0,0,0,0,0
2004,61015,4,1,0,0,0,0,0,0,0,0,0,0
2004,61016,1,1,12,12,12,12,12,12,12,12,12,12
2004,61016,2,1,0,0,0,0,0,0,0,0,0,0
2004,61017,1,1,6,6,6,6,6,6,6,6,6,6
2004,61018,1,1,0,0,0,0,0,0,6,0,0,0
2004,61019,1,1,5,5,5,5,5,5,5,5,5,5
2004,61019,2,1,0,0,0,0,0,0,0,0,0,0
2004,61019,3,1,0,0,0,0,0,0,0,0,0,0
2004,61020,1,1,0,0,0,0,0,0,0,0,0,0
2004,61020,2,1,0,0,0,0,0,0,0,0,0,0
2004,61021,1,1,19,19,19,19,19,19,19,19,19,19
2004,61021,2,1,0,0,0,0,0,0,0,0,0,0
2004,61021,3,1,0,0,0,0,13,0,0,0,0,0
2004,61022,1,1,0,0,0,0,0,0,0,0,0,0
2004,61022,2,1,0,0,0,0,0,0,0,0,0,0
2004,61023,1,1,0,0,0,0,0,0,0,0,0,0
2004,61023,2,1,0,0,0,0,0,8,0,0,0,0
2004,61024,1,1,0,0,0,0,0,0,0,0,0,0
2004,61024,2,1,0,0,0,0,0,0,0,0,0,0
2004,61025,1,1,0,0,0,0,0,0,0,0,0,0
2004,61025,2,1,0,0,0,0,0,0,0,0,0,0
2004,61026,1,1,0,0,0,0,0,0,19,0,0,0
2004,61026,2,1,0,0,0,0,0,0,0,0,0,0
2004,61027,1,1,1,1,1,1,1,1,1,1,1,1
2004,61028,0,1,0,0,0,0,0,0,0,0,0,0
2004,61028,1,1,0,23,0,19,0,11,20,13,0,0
2004,61029,1,1,0,0,0,0,0,0,0,0,0,0
2004,61029,2,1,18,17,0,30,27,10,0,3,8,11
2004,61030,1,1,4,4,4,4,4,4,4,4,4,4
2004,61030,2,1,0,0,0,0,0,5,0,0,0,0
2004,61031,1,1,0,0,0,0,0,0,0,0,0,0
2004,61031,2,1,0,0,0,0,0,0,0,0,0,0
2004,61032,1,1,0,0,0,0,0,0,0,0,0,0
2004,61032,2,1,0,0,0,0,0,0,0,0,0,0
2004,61033,1,1,0,0,0,0,0,0,0,0,0,0
2004,61033,2,1,0,0,0,0,0,0,0,0,0,0
2004,61033,3,1,6,0,0,0,0,0,0,0,0,0
2004,61034,1,1,12,19,14,0,0,27,0,5,7,19
2004,61034,2,1,0,0,0,0,0,0,0,0,0,0
2004,61034,3,1,0,0,3,0,0,0,0,0,0,0
2004,61035,1,1,31,31,31,31,31,31,31,31,31,31
2004,61036,1,1,0,0,0,0,0,0,0,0,0,0
2004,61037,1,1,14,14,14,14,14,14,14,14,14,14
2004,61038,1,1,19,19,19,19,19,19,19,19,19,19
2004,61039,1,1,17,0,0,15,19,19,0,0,18,11
2004,61040,1,1,0,0,0,0,0,0,0,0,0,0
2004,61041,1,1,21,21,21,21,21,21,21,21,21,21
2004,61042,1,1,0,0,0,0,0,0,0,0,0,0
2004,61043,0,1,0,0,0,0,0,0,0,0,0,0
2004,61043,1,1,0,0,0,0,0,12,20,0,0,15
2004,61044,1,1,0,0,31,0,0,0,16,20,14,0
2004,61045,1,1,12,12,12,12,12,12,12,12,12,12
2004,61046,1,1,0,0,0,0,0,0,0,0,0,0
2004,61047,1,1,0,0,0,0,0,0,0,0,0,0
2004,61048,1,1,0,0,0,0,0,0,0,0,0,0
2004,61049,0,1,30,30,30,30,30,30,30,30,30,30
2004,61049,1,1,0,0,0,0,0,0,0,0,0,0
2004,61050,1,1,0,0,0,0,0,0,0,0,0,0
2004,61051,0,1,0,0,0,0,0,0,0,0,0,0
2004,61051,1,1,0,0,0,0,0,0,0,0,0,0
2004,61052,1,1,0,0,0,0,0,0,0,0,0,0
2004,61053,1,1,31,31,31,31,31,31,31,31,31,31
2004,61054,1,1,3,0,16,0,0,0,0,21,0,0
2004,61055,1,1,10,10,10,10,10,10,10,10,10,10
2004,61056,1,1,24,24,24,24,24,24,24,24,24,24
2004,61057,1,1,15,15,15,15,15,15,15,15,15,15
2004,61057,2,1,0,0,17,0,0,0,0,0,0,0
2004,61058,1,1,34,34,34,34,34,34,34,34,34,34
2004,61058,2,1,0,0,0,0,0,0,0,0,0,0
2004,61059,1,1,18,18,18,18,18,18,18,18,18,18
2004,61059,2,1,0,0,0,0,0,0,0,0,0,0
2004,61060,1,1,0,0,0,0,0,0,0,0,0,0
2004,61060,2,1,0,0,0,0,0,0,0,0,0,0
2004,61061,1,1,0,0,0,0,0,0,0,0,0,0
2004,61061,2,1,0,0,0,0,0,0,0,0,0,0
2004,61062,1,1,0,0,0,0,0,0,0,0,0,0
2004,61062,2,1,0,0,0,0,8,0,0,0,0,0
2004,61063,1,1,33,33,33,33,33,33,33,33,33,33
2004,61063,2,1,0,0,0,10,0,0,0,0,0,0
2004,61063,3,1,0,0,0,0,0,0,0,0,0,0
2004,61063,4,1,0,0,0,0,18,0,12,16,0,0
2004,61064,1,1,0,0,0,0,0,0,0,0,0,0
2004,61064,2,1,0,0,0,0,0,0,0,0,0,0
2004,61065,1,1,0,0,0,0,0,0,0,0,0,0
2004,61065,2,1,0,0,0,0,0,0,0,0,0,0
2004,61066,1,1,0,0,0,0,0,0,0,0,0,0
2004,61066,2,1,0,0,0,0,0,0,0,0,0,0
2004,61067,1,1,17,0,10,9,0,0,0,25,0,0
2004,61067,2,1,0,0,0,0,0,0,0,0,0,0
2004,61068,1,1,6,6,6,6,6,6,6,6,6,6
2004,61068,2,1,0,0,0,0,0,0,0,0,0,0
2004,61068,3,1,0,0,0,0,0,0,9,0,0,0
2004,61069,1,1,0,0,0,0,0,0,0,0,0,0
2004,61069,2,1,0,0,0,0,0,0,0,0,0,0
2004,61070,1,1,23,23,23,23,23,23,23,23,23,23
2004,61070,2,1,0,0,0,0,0,0,0,0,0,0
2004,61071,1,1,0,0,0,0,0,0,0,0,0,0
2004,61071,2,1,0,0,0,0,0,0,0,0,0,0
2004,61072,1,1,0,17,12,19,0,0,11,18,0,0
2004,61072,2,1,0,0,0,0,0,0,0,0,0,0
2004,61072,3,1,0,0,0,3,0,0,0,0,0,0
2004,61073,1,1,0,0,0,0,0,0,0,0,0,0
2004,61073,2,1,0,0,0,0,0,0,0,0,0,0
2004,61074,1,1,23,23,23,23,23,23,23,23,23,23
2004,61074,2,1,0,0,0,0,0,0,0,0,0,0
2004,61075,0,1,0,0,0,0,0,0,0,0,0,0
2004,61075,0,2,0,0,7,11,0,0,0,0,0,0
2004,61075,0,3,0,0,0,0,0,0,0,0,0,0
2004,61075,1,1,0,0,0,0,0,0,0,0,0,0
2004,61075,2,1,3,0,0,0,0,0,0,0,0,0
2004,61076,1,1,9,0,0,10,18,0,0,0,7,0
2004,61077,1,1,0,0,0,0,0,0,0,0,0,0
2004,61077,2,1,1,0,0,0,0,9,0,0,0,0
2004,61077,3,1,0,0,0,0,0,0,0,0,0,0
2004,61077,4,1,0,0,0,0,0,0,0,0,0,0
2004,61077,5,1,0,0,0,0,0,0,15,0,0,0
2004,61077,6,1,0,0,0,0,0,0,0,0,0,0
2004,61078,1,1,0,0,0,0,0,0,0,0,0,0
2004,61079,1,1,0,19,13,11,20,9,23,14,0,0
2004,61080,1,1,18,18,18,18,18,18,18,18,18,18
2004,61081,1,1,32,32,32,32,32,32,32,32,32,32
2004,61082,1,1,0,0,0,0,0,0,0,0,0,0
2004,61083,1,1,0,0,0,0,0,0,0,0,0,0
2004,61084,0,1,0,0,0,0,0,0,0,0,0,0
2004,61084,1,1,0,0,0,0,0,0,0,0,0,0
2004,61085,1,1,0,0,0,0,0,0,0,0,0,0
2004,61086,1,1,0,0,0,0,0,0,0,0,0,0
2004,61087,1,1,22,22,22,22,22,22,22,22,22,22
2004,61088,1,1,0,0,0,0,0,0,0,0,0,0
2004,61088,2,1,0,0,0,0,0,0,0,0,0,0
2004,61089,0,1,0,0,0,0,0,0,0,0,0,0
2004,61089,1,1,0,0,0,0,0,0,0,0,0,0
2004,61090,1,1,0,0,9,17,0,0,7,5,0,2
2004,61090,2,1,0,0,0,0,0,0,0,0,0,0
2004,61090,3,1,0,0,0,0,0,0,10,0,0,0
2004,61090,4,1,0,0,0,0,0,0,0,0,0,0
2004,61091,1,1,0,0,0,0,0,0,0,0,0,0
2004,61091,2,1,0,0,0,0,0,0,0,0,0,0
2004,61091,3,1,0,0,0,0,0,0,0,0,0,0
2004,61092,0,1,0,0,0,0,0,0,0,0,0,0
2004,61092,1,1,0,0,0,0,0,0,0,0,0,0
2004,61093,1,1,20,20,20,20,20,20,20,20,20,20
2004,61094,1,1,0,0,0,0,0,0,0,0,0,0
2004,61095,1,1,28,28,28,28,28,28,28,28,28,28