YEAR,ST_CASE,veh_no,per_no,P1,P2,P3,P4,P5,P6,P7,P8,P9,P10
2004,61096,1,1,16,0,0,0,0,12,0,0,0,14
2004,61097,1,1,24,0,22,20,18,25,25,25,9,16
2004,61098,1,1,0,0,0,0,0,0,0,0,0,0
2004,61099,1,1,22,22,22,22,22,22,22,22,22,22
2004,61100,1,1,0,0,0,0,0,0,0,0,0,0
2004,61101,1,1,0,0,0,0,0,0,0,0,0,0
2004,61102,1,1,11,11,11,11,11,11,11,11,11,11
2004,61103,1,1,0,0,0,0,0,0,0,0,0,0
2004,61104,1,1,11,11,11,11,11,11,11,11,11,11
2004,61105,1,1,17,17,17,17,17,17,17,17,17,17
2004,61106,1,1,0,0,0,0,0,0,0,0,0,0
2004,61106,2,1,0,0,0,0,0,0,0,10,0,0
2004,61107,0,1,0,0,0,18,0,0,0,0,0,0
2004,61107,1,1,0,0,0,0,0,0,0,0,0,0
2004,61108,0,1,0,0,0,0,0,0,0,0,0,0
2004,61108,1,1,0,0,0,0,0,0,0,0,0,0
2004,61109,1,1,0,0,0,0,22,0,0,0,0,0
2004,61109,2,1,0,0,0,0,0,0,0,0,0,0
2004,61110,0,1,0,0,0,30,0,0,0,23,26,0
2004,61110,1,1,0,0,0,0,0,0,0,0,0,0
2004,61111,1,1,0,0,0,0,0,0,0,0,0,0
2004,61111,2,1,0,0,0,0,0,0,0,0,0,0
2004,61112,1,1,0,0,0,0,0,0,0,0,0,0
2004,61112,2,1,0,0,0,0,0,0,0,0,0,0
2004,61112,3,1,0,0,12,0,0,12,0,28,0,9
2004,61113,1,1,0,0,0,0,0,0,8,0,0,13
2004,61113,2,1,0,0,0,0,0,0,0,0,0,0
2004,61114,1,1,14,14,14,14,14,14,14,14,14,14
2004,61114,2,1,0,0,0,0,0,0,0,0,0,0
2004,61114,3,1,0,0,0,0,0,0,0,0,0,0
2004,61114,4,1,0,0,0,0,0,0,0,0,0,0
2004,61115,1,1,0,0,0,0,0,0,0,0,0,0
2004,61115,2,1,0,0,0,0,0,9,0,0,0,0
2004,61116,1,1,0,0,0,0,0,0,0,0,0,0
2004,61116,2,1,15,15,15,15,15,15,15,15,15,15
2004,61117,1,1,0,0,0,0,0,0,0,0,0,0
2004,61117,2,1,0,0,0,0,0,0,0,0,0,0
2004,61117,3,1,0,0,0,0,0,0,0,0,0,0
2004,61118,1,1,9,9,9,9,9,9,9,9,9,9
2004,61118,2,1,0,0,0,0,0,0,0,0,0,0
2004,61119,1,1,0,0,0,0,0,0,0,0,0,0
2004,61119,2,1,0,0,0,0,0,0,0,0,0,0
2004,61120,1,1,0,0,0,0,0,0,0,0,0,0
2004,61120,2,1,0,0,0,0,0,0,0,0,0,0
2004,61121,1,1,0,0,0,0,0,0,0,0,0,0
2004,61122,1,1,0,0,0,0,0,0,0,0,0,0
2004,61122,2,1,0,0,0,0,0,0,0,0,0,0
2004,61123,1,1,0,0,0,9,0,0,0,0,0,0
2004,61123,2,1,0,0,0,0,0,0,0,0,0,0
2004,61124,1,1,24,24,24,24,24,24,24,24,24,24
2004,61125,0,1,0,0,0,0,0,0,0,0,0,0
2004,61125,1,1,0,0,0,0,0,0,0,0,0,0
2004,61125,2,1,0,0,0,0,0,0,0,0,0,0
2004,61126,1,1,0,0,0,0,0,0,0,0,0,0
2004,61126,2,1,0,0,0,0,0,0,0,0,0,0
2004,61127,1,1,0,0,0,0,0,0,0,0,0,0
2004,61127,2,1,0,0,0,0,0,0,0,0,0,0
2004,61128,1,1,0,0,0,0,0,0,0,0,0,0
2004,61129,0,1,0,0,0,0,0,0,0,0,0,0
2004,61129,1,1,0,0,0,0,0,0,0,0,0,0
2004,61130,1,1,21,21,21,21,21,21,21,21,21,21
2004,61131,1,1,30,30,30,30,30,30,30,30,30,30
2004,61132,1,1,0,0,0,0,0,0,0,0,0,0
2004,61133,1,1,0,0,0,0,0,0,0,0,0,0
2004,61134,1,1,0,17,0,18,0,25,14,19,0,0
2004,61135,0,1,0,0,0,0,0,0,0,0,0,0
2004,61135,1,1,0,0,0,0,24,0,0,0,19,0
2004,61136,1,1,5,5,5,5,5,5,5,5,5,5
2004,61137,1,1,14,14,14,14,14,14,14,14,14,14
2004,61138,1,1,27,27,27,27,27,27,27,27,27,27
2004,61139,1,1,0,0,0,0,0,0,0,0,0,0
2004,61139,2,1,0,0,0,0,0,0,0,0,0,0
2004,61140,1,1,5,5,5,5,5,5,5,5,5,5
2004,61141,0,1,0,0,0,0,0,0,0,0,0,0
2004,61141,1,1,0,0,0,0,0,12,0,0,0,0
2004,61142,1,1,0,0,0,0,0,0,0,0,0,0
2004,61142,2,1,0,0,0,0,0,0,0,0,0,0
2004,61143,1,1,0,0,0,0,0,0,0,0,0,0
2004,61144,1,1,0,0,0,0,0,0,0,0,0,0
2004,61145,1,1,20,20,20,20,20,20,20,20,20,20
2004,61146,1,1,0,0,0,0,0,0,0,0,0,0
2004,61147,0,1,24,24,24,24,24,24,24,24,24,24
2004,61147,1,1,0,0,0,0,0,0,0,0,0,0
2004,61148,0,1,5,5,5,5,5,5,5,5,5,5
2004,61148,1,1,0,0,7,0,6,0,0,0,0,0
2004,61149,1,1,0,0,0,0,0,0,0,0,0,0
2004,61150,1,1,28,28,28,28,28,28,28,28,28,28
2004,61151,1,1,0,0,15,0,0,9,0,0,0,0
2004,61152,1,1,0,0,0,8,0,10,0,0,0,0
2004,61152,2,1,0,0,0,0,0,0,0,0,0,0
2004,61152,3,1,0,0,0,0,0,0,0,0,0,0
2004,61152,4,1,0,0,0,0,0,0,0,0,0,0
2004,61153,1,1,0,0,0,0,0,0,0,0,0,0
2004,61153,2,1,0,0,0,0,0,0,0,0,0,0
2004,61154,0,1,0,0,0,0,0,0,0,0,0,0
2004,61154,1,1,0,0,0,0,0,0,0,0,0,0
2004,61155,1,1,0,0,0,0,0,0,0,0,0,0
2004,61155,2,1,0,0,0,0,0,0,19,0,0,0
2004,61155,3,1,0,0,0,0,0,0,0,0,0,0
2004,61156,1,1,19,0,0,0,0,0,0,4,0,0
2004,61156,2,1,0,0,0,0,0,0,0,0,0,0
2004,61157,1,1,0,0,0,0,0,0,0,0,0,0
2004,61157,2,1,0,0,0,0,0,0,23,0,0,0
2004,61158,1,1,17,17,17,17,17,17,17,17,17,17
2004,61159,1,1,0,0,0,0,0,0,0,0,0,0
2004,61159,2,1,0,0,0,0,0,0,0,0,0,0
2004,61159,3,1,0,0,0,0,0,0,0,0,0,0
2004,61160,0,1,20,20,20,20,20,20,20,20,20,20
2004,61160,1,1,0,0,0,0,0,0,0,0,0,0
2004,61161,1,1,0,0,0,0,0,0,0,0,0,0
2004,61161,2,1,0,0,0,0,0,0,0,0,0,0
2004,61162,1,1,0,0,0,0,0,0,0,0,0,0
2004,61163,1,1,0,0,0,0,0,0,0,0,0,0
2004,61164,1,1,15,0,0,0,0,0,0,0,4,0
2004,61165,1,1,21,21,21,21,21,21,21,21,21,21
2004,61166,1,1,0,0,0,0,0,0,0,0,0,0
2004,61167,1,1,17,17,17,17,17,17,17,17,17,17
2004,61168,1,1,0,0,0,0,0,0,0,0,0,0
2004,61168,2,1,0,0,15,8,0,0,0,0,0,0
2004,61169,0,1,0,0,0,0,0,0,0,0,0,0
2004,61169,1,1,0,0,0,0,0,0,0,0,0,0
2004,61170,1,1,0,0,0,0,0,0,0,0,0,0
2004,61171,1,1,0,0,0,0,0,0,0,0,0,0
2004,61172,1,1,0,0,0,0,0,0,0,0,0,0
2004,61173,1,1,0,0,0,0,0,0,0,0,0,0
2004,61174,1,1,0,0,6,0,17,0,0,0,0,0
2004,61175,1,1,0,0,0,0,0,0,0,0,0,0
2004,61175,2,1,0,0,0,0,0,0,0,0,0,0
2004,61176,1,1,0,0,0,0,0,0,0,0,0,0
2004,61177,0,1,0,0,0,0,0,0,0,0,0,0
2004,61177,1,1,0,0,0,0,0,0,0,0,0,0
2004,61178,0,1,0,0,0,0,0,0,0,0,0,0
2004,61178,1,1,0,0,0,0,0,0,10,0,0,9
2004,61179,1,1,8,8,8,8,8,8,8,8,8,8
2004,61180,1,1,17,17,17,17,17,17,17,17,17,17
2004,61181,1,1,21,21,21,21,21,21,21,21,21,21
2004,61182,1,1,17,2,24,22,7,18,9,19,12,13
2004,61183,1,1,22,22,22,22,22,22,22,22,22,22
2004,61184,1,1,0,0,0,0,0,0,0,0,0,0
2004,61185,1,1,0,0,0,0,0,0,0,0,0,0
2004,61185,2,1,0,0,0,0,0,0,0,0,0,0
2004,61186,1,1,0,0,0,0,0,0,0,0,0,0
2004,61186,2,1,0,0,0,0,0,0,0,0,0,0
2004,61187,1,1,0,0,0,0,0,0,0,0,0,0
2004,61187,2,1,0,0,0,0,0,0,0,0,0,0
2004,61188,1,1,19,19,19,19,19,19,19,19,19,19
2004,61188,2,1,0,9,0,0,0,0,0,0,0,0
2004,61189,0,1,0,0,0,0,0,0,0,0,0,0
2004,61189,1,1,0,0,0,0,0,0,0,0,0,0
2004,61190,1,1,0,0,0,0,0,0,0,0,0,0
2004,61190,2,1,0,0,0,0,0,0,0,0,0,0
2004,61191,0,1,0,0,0,0,0,0,0,0,0,0
2004,61191,1,1,0,0,0,0,0,0,0,0,0,0
2004,61192,1,1,0,0,0,0,0,0,0,0,0,0
2004,61192,2,1,0,0,0,0,0,0,0,0,0,0
2004,61193,1,1,6,6,6,6,6,6,6,6,6,6
2004,61194,1,1,0,0,17,0,0,0,0,8,0,0
2004,61195,1,1,0,37,0,0,0,14,0,0,0,0
2004,61196,1,1,26,26,26,26,26,26,26,26,26,26
2004,61197,0,1,22,22,22,22,22,22,22,22,22,22
2004,61197,1,1,0,0,14,0,14,0,0,0,0,0
2004,61198,1,1,0,0,0,0,0,0,0,0,0,0
2004,61199,1,1,2,2,2,2,2,2,2,2,2,2
2004,61200,2,1,0,18,0,0,0,9,0,0,0,0
2004,61201,0,1,0,0,0,0,0,0,0,0,0,0
2004,61201,1,1,23,13,0,0,0,9,7,12,0,0
2004,61202,1,1,0,0,0,0,0,0,0,0,0,0
2004,61203,1,1,0,0,0,0,0,0,0,0,0,0
2004,61204,0,1,13,13,13,13,13,13,13,13,13,13
2004,61204,1,1,0,0,0,0,0,0,0,0,0,13
2004,61205,1,1,0,0,0,0,0,0,0,0,0,0
2004,61205,2,1,20,20,20,20,20,20,20,20,20,20
2004,61206,1,1,0,0,0,0,0,0,0,0,0,0
2004,61207,1,1,15,35,20,10,18,10,8,19,26,22
2004,61208,1,1,0,0,0,0,0,0,0,0,0,0
2004,61208,2,1,0,0,0,0,0,0,0,0,0,0
2004,61209,1,1,19,19,19,19,19,19,19,19,19,19
2004,61210,1,1,0,0,0,0,0,0,0,0,0,0
2004,61211,1,1,0,0,0,0,0,0,0,0,0,0
2004,61211,2,1,0,0,0,0,0,0,0,0,0,0
2004,61212,0,1,0,0,0,0,0,0,0,0,0,0
2004,61212,1,1,0,0,0,0,0,0,0,0,0,0
2004,61213,1,1,32,8,32,24,15,12,16,16,12,13
2004,61214,1,1,13,9,0,16,0,14,6,0,0,0
2004,61215,0,1,0,0,0,0,0,0,0,0,0,0
2004,61215,1,1,12,0,0,0,0,0,0,0,0,0
2004,61216,0,1,11,11,11,11,11,11,11,11,11,11
2004,61216,1,1,0,0,0,0,0,0,0,0,0,0
2004,61217,1,1,0,0,0,0,0,0,0,0,0,0
2004,61218,1,1,8,8,8,8,8,8,8,8,8,8
2004,61219,1,1,0,0,0,0,0,0,0,0,0,0
2004,61220,0,1,0,0,0,0,0,0,0,0,0,0
2004,61220,1,1,0,0,0,0,0,0,0,0,0,0
2004,61221,0,1,0,0,0,0,0,0,0,0,0,0
2004,61221,1,1,0,0,0,0,0,0,0,0,0,0
2004,61222,1,1,0,0,0,0,0,0,0,0,0,0
2004,61223,1,1,0,0,0,0,0,0,0,0,0,0
2004,61224,1,1,0,0,0,0,0,0,0,0,0,0
2004,61224,2,1,0,0,0,0,0,0,0,0,0,0
2004,61225,1,1,0,0,0,0,0,0,0,0,0,0
2004,61225,2,1,15,15,15,15,15,15,15,15,15,15
2004,61226,1,1,21,21,21,21,21,21,21,21,21,21
2004,61227,1,1,0,0,0,0,0,0,0,0,0,0
2004,61228,1,1,30,30,30,30,30,30,30,30,30,30
2004,61229,0,1,0,0,0,0,0,0,0,0,0,0
2004,61229,1,1,0,0,0,0,0,0,0,0,0,0
2004,61230,1,1,0,0,0,0,0,0,0,0,0,0
2004,61231,0,1,0,0,0,0,0,0,0,0,0,0
2004,61231,1,1,0,0,0,9,0,0,0,0,0,0
2004,61232,0,1,0,0,36,0,0,10,0,0,0,16
2004,61232,1,1,0,0,0,0,0,9,0,0,19,0
2004,61233,1,1,19,19,19,19,19,19,19,19,19,19
2004,61234,0,1,0,0,0,0,0,0,0,0,0,0
2004,61234,1,1,0,0,0,0,0,0,0,0,0,0
2004,61235,1,1,32,32,32,32,32,32,32,32,32,32
2004,61236,1,1,0,0,0,0,0,0,0,0,0,0
2004,61236,2,1,0,0,0,0,0,0,0,0,0,0
2004,61237,1,1,35,35,35,35,35,35,35,35,35,35
2004,61237,2,1,0,0,0,0,0,0,0,0,0,0
2004,61237,3,1,0,0,0,0,0,0,0,0,0,0
2004,61238,1,1,0,0,18,0,0,0,0,4,0,0
2004,61238,2,1,0,0,0,0,0,0,0,0,0,0
2004,61239,1,1,0,0,0,0,0,0,0,0,0,0
2004,61239,2,1,0,0,0,0,0,0,0,0,0,0
2004,61240,1,1,0,0,0,0,0,0,0,0,0,0
2004,61240,2,1,0,0,0,0,0,0,0,0,0,0
2004,61241,1,1,43,0,0,0,15,0,0,12,0,0
2004,61241,2,1,0,0,0,0,0,0,9,0,0,6
2004,61242,1,1,0,0,0,0,0,0,0,0,0,0
2004,61243,0,1,0,11,3,0,20,0,0,10,0,0
2004,61243,1,1,0,0,0,0,0,0,0,0,0,0
2004,61244,1,1,0,0,0,0,0,0,0,0,0,0
2004,61245,1,1,0,0,0,0,0,0,0,0,0,0
2004,61246,1,1,0,0,0,0,0,0,0,0,0,0
2004,61247,0,1,0,0,0,0,0,0,0,0,0,0
2004,61247,1,1,0,0,0,0,0,0,0,0,0,0
2004,61248,0,1,0,0,0,0,0,0,0,0,0,0
2004,61248,1,1,0,0,0,0,0,0,0,0,0,0
2004,61249,1,1,0,0,0,0,0,0,0,0,0,0
2004,61249,2,1,0,1,0,0,0,0,0,0,0,0
2004,61250,1,1,0,0,0,0,0,0,0,0,0,0
2004,61250,2,1,0,0,0,0,0,0,0,0,0,0
2004,61251,1,1,18,18,18,18,18,18,18,18,18,18
2004,61251,2,1,0,0,0,0,0,0,0,0,0,0
2004,61252,0,1,0,0,0,0,0,25,0,0,0,0
2004,61252,1,1,0,0,0,0,0,0,0,0,0,0
2004,61253,1,1,0,0,0,0,0,0,0,0,0,0
2004,61253,2,1,0,0,0,0,0,0,0,0,0,0
2004,61254,0,1,35,35,35,35,35,35,35,35,35,35
2004,61254,1,1,0,0,0,0,0,0,0,0,0,0
2004,61255,1,1,0,0,0,0,0,0,0,0,0,0
2004,61255,2,1,0,0,0,14,0,0,0,0,0,0
2004,61256,0,1,0,14,0,23,12,16,13,0,13,0
2004,61256,1,1,0,0,0,0,0,0,0,0,0,0
2004,61257,1,1,0,0,0,0,0,0,0,0,0,0
2004,61258,1,1,20,20,20,20,20,20,20,20,20,20
2004,61259,1,1,17,17,17,17,17,17,17,17,17,17
2004,61260,1,1,0,0,0,0,0,0,0,0,0,0
2004,61260,2,1,0,0,0,0,0,0,0,0,0,0
2004,61260,3,1,0,0,0,0,0,0,0,0,0,0
2004,61261,1,1,0,0,0,0,0,0,0,0,0,0
2004,61261,2,1,1,1,1,1,1,1,1,1,1,1
2004,61262,0,1,23,3,15,17,24,10,45,39,13,11
2004,61262,1,1,0,0,0,0,0,0,0,0,0,0
2004,61263,1,1,0,0,0,0,0,0,0,0,0,0
2004,61263,2,1,0,0,0,0,0,0,0,0,0,0
2004,61264,1,1,0,0,0,12,0,0,0,0,0,0
2004,61265,1,1,0,0,0,0,0,0,0,0,0,0
2004,61265,2,1,0,0,0,0,0,0,0,0,0,0
2004,61266,0,1,25,0,0,0,22,0,32,7,3,19
2004,61266,1,1,0,0,0,0,0,0,0,0,18,0
2004,61267,1,1,0,0,0,0,0,0,0,0,0,0
2004,61267,2,1,0,0,0,0,0,0,0,0,0,17
2004,61268,1,1,1,1,1,1,1,1,1,1,1,1
2004,61268,2,1,0,0,0,0,0,0,0,0,0,0
2004,61269,1,1,0,0,0,0,0,0,0,0,0,0
2004,61269,2,1,0,0,0,3,0,0,0,0,0,0
2004,61270,1,1,0,0,0,0,0,0,0,0,0,0
2004,61270,2,1,0,0,0,0,0,0,0,0,0,0
2004,61271,1,1,0,0,0,0,0,0,0,0,0,0
2004,61271,2,1,0,0,0,0,0,0,0,0,11,0
2004,61272,0,1,0,0,0,0,0,0,0,0,0,0
2004,61272,1,1,0,0,20,0,6,0,19,0,0,16
2004,61273,1,1,0,0,0,0,0,0,0,0,0,0
2004,61273,2,1,0,0,0,0,0,0,0,0,0,0
2004,61274,0,1,0,0,0,0,0,0,0,0,0,0
2004,61274,1,1,0,0,0,0,0,0,0,0,0,0
2004,61275,0,1,8,8,8,8,8,8,8,8,8,8
2004,61275,1,1,0,0,0,0,0,0,0,0,0,0
2004,61276,1,1,0,0,0,0,0,0,0,0,0,0
2004,61276,2,1,0,0,0,0,0,0,0,0,0,0
2004,61276,3,1,0,0,0,0,0,0,0,0,0,0
2004,61276,4,1,0,0,0,0,0,0,0,0,0,0
2004,61276,5,1,0,0,0,0,0,0,0,0,0,0
2004,61276,6,1,0,0,0,0,0,0,0,14,0,0
2004,61276,7,1,0,0,0,0,0,0,0,0,0,0
2004,61276,8,1,0,0,0,0,0,0,0,0,0,0
2004,61277,0,1,0,0,0,0,0,0,0,0,0,0
2004,61277,1,1,1,1,1,1,1,1,1,1,1,1
2004,61278,0,1,37,37,37,37,37,37,37,37,37,37
2004,61278,1,1,0,0,0,0,10,0,0,0,0,6
2004,61279,1,1,10,10,10,10,10,10,10,10,10,10
2004,61280,1,1,0,0,0,0,0,0,0,0,0,4
2004,61280,2,1,0,0,0,0,0,0,0,0,0,0
2004,61281,1,1,12,29,7,6,4,7,7,4,7,33
2004,61281,2,1,14,9,8,25,10,19,16,24,0,11
2004,61282,1,1,0,0,0,0,0,0,0,0,0,0
2004,61283,1,1,13,0,0,0,0,13,0,0,0,0
2004,61284,0,1,0,0,0,0,0,0,0,0,0,0
2004,61284,1,1,0,0,0,0,13,17,0,0,0,0
2004,61285,1,1,17,0,0,0,0,0,0,0,0,0
2004,61286,1,1,19,19,19,19,19,19,19,19,19,19
2004,61287,1,1,0,0,0,0,0,0,0,0,0,0
2004,61288,1,1,0,0,0,0,0,0,0,0,0,0
2004,61288,2,1,0,0,0,0,0,0,0,0,0,0
2004,61288,3,1,0,0,0,0,0,0,0,0,0,13
2004,61289,0,1,27,27,27,27,27,27,27,27,27,27
2004,61289,1,1,0,0,0,0,0,0,0,0,0,0
2004,61289,2,1,0,5,0,0,0,0,8,0,0,0
2004,61290,0,1,0,0,0,0,0,0,0,0,0,0
2004,61290,1,1,20,20,20,20,20,20,20,20,20,20
2004,61291,0,1,0,0,0,0,0,0,0,0,0,0
2004,61291,0,2,0,0,0,0,0,0,0,0,0,0
2004,61291,1,1,0,0,0,0,0,0,0,0,0,0
2004,61292,1,1,0,0,0,0,0,0,0,0,10,0
2004,61292,2,1,0,0,0,0,0,0,0,0,0,0
2004,61293,0,1,0,0,0,0,0,0,0,0,0,0
2004,61293,1,1,0,0,0,0,0,0,0,0,0,0
2004,61294,1,1,17,17,17,17,17,17,17,17,17,17
2004,61295,0,1,0,0,0,0,0,0,0,0,0,0
2004,61295,1,1,0,0,0,0,0,0,0,0,0,0
2004,61296,1,1,10,10,10,10,10,10,10,10,10,10
2004,61297,1,1,0,0,0,0,0,0,0,0,0,0
2004,61297,2,1,0,0,0,0,0,0,0,0,0,0
2004,61298,0,1,0,0,0,0,0,0,0,0,0,0
2004,61298,1,1,0,0,0,0,0,0,0,0,0,0
2004,61300,0,1,17,17,17,17,17,17,17,17,17,17
2004,61300,1,1,0,0,0,0,0,0,0,0,0,0
2004,61301,0,1,29,29,29,29,29,29,29,29,29,29
2004,61301,1,1,0,0,0,0,0,21,0,0,0,6
2004,61302,0,1,0,0,0,0,0,0,0,0,0,0
2004,61302,1,1,0,0,0,0,0,0,0,0,0,0
2004,61303,1,1,0,0,0,0,0,0,0,0,0,0
2004,61303,2,1,9,10,22,13,20,3,11,4,5,26
2004,61303,3,1,0,0,0,0,0,0,0,0,9,0
2004,61303,4,1,0,0,0,0,0,0,0,0,0,0
2004,61304,1,1,0,0,0,0,0,0,0,0,0,0
2004,61304,2,1,0,0,0,0,0,0,0,0,0,0
2004,61305,1,1,0,0,0,0,0,0,0,0,0,0
2004,61306,1,1,0,0,0,0,0,0,0,0,0,0
2004,61306,2,1,0,0,0,0,0,0,0,0,0,0
2004,61307,1,1,2,2,2,2,2,2,2,2,2,2
2004,61308,1,1,0,0,0,0,0,0,0,0,0,0
2004,61309,0,1,0,0,0,0,0,0,0,0,0,0
2004,61309,1,1,0,0,0,0,0,0,0,0,0,0
2004,61310,0,1,0,0,0,0,0,0,0,0,0,0
2004,61310,1,1,29,21,18,14,13,18,15,18,33,8
2004,61311,1,1,19,19,19,19,19,19,19,19,19,19
2004,61312,1,1,0,0,0,0,0,0,0,6,22,0
2004,61313,1,1,0,0,0,0,0,0,0,0,0,0
2004,61313,2,1,0,0,0,0,0,0,0,0,0,0
2004,61314,1,1,0,0,0,0,0,0,0,0,0,0
2004,61314,2,1,0,0,0,0,0,0,0,0,0,0
2004,61314,3,1,0,0,0,0,0,0,0,0,0,7
2004,61315,1,1,18,18,18,18,18,18,18,18,18,18
2004,61315,2,1,0,0,0,0,0,0,0,0,0,0
2004,61316,1,1,17,17,17,17,17,17,17,17,17,17
2004,61316,2,1,0,0,0,0,0,0,0,0,0,0
2004,61317,1,1,0,0,0,0,0,0,0,0,0,0
2004,61317,2,1,0,7,0,0,0,0,0,2,0,0
2004,61318,0,1,0,0,0,0,0,0,0,0,0,0
2004,61318,1,1,0,0,0,0,0,0,0,0,0,0
2004,61319,1,1,0,0,0,0,0,0,0,0,0,0
2004,61319,2,1,0,0,0,0,0,0,0,0,0,0
2004,61320,0,1,0,0,0,0,0,0,0,0,0,0
2004,61320,1,1,0,0,0,0,0,0,0,0,0,0
2004,61321,0,1,0,9,0,0,0,0,0,40,0,18
2004,61321,0,2,0,0,0,0,0,19,8,0,5,0
2004,61321,1,1,0,0,0,0,0,0,0,0,0,0
2004,61322,0,1,0,0,0,0,0,0,0,0,0,0
2004,61322,1,1,0,0,0,0,0,0,0,0,0,0
2004,61323,1,1,21,21,21,21,21,21,21,21,21,21
2004,61323,2,1,8,0,0,0,0,0,0,0,7,0
2004,61324,1,1,0,0,0,0,0,0,0,0,0,0
2004,61324,2,1,0,0,0,0,0,0,0,0,0,0
2004,61325,0,1,0,0,0,0,0,0,0,0,0,0
2004,61325,1,1,0,0,0,0,0,0,0,0,0,0
2004,61326,0,1,7,7,7,7,7,7,7,7,7,7
2004,61326,1,1,13,22,0,0,0,0,23,14,0,0
2004,61327,0,1,0,0,0,0,0,0,0,0,0,0
2004,61327,1,1,0,0,0,0,0,0,0,0,0,0
2004,61328,1,1,0,0,0,0,0,0,0,0,0,0
2004,61329,1,1,0,0,0,0,0,0,0,0,0,0
2004,61329,2,1,0,0,0,0,0,0,0,0,0,0
2004,61330,1,1,21,21,21,21,21,21,21,21,21,21
2004,61331,1,1,19,0,0,7,0,8,0,14,0,15
2004,61332,1,1,16,12,9,13,0,22,7,30,31,29
2004,61333,1,1,0,0,0,0,0,0,0,0,0,0
2004,61333,2,1,0,0,0,0,0,0,0,0,0,0
2004,61334,1,1,0,0,0,0,0,0,0,0,0,0
2004,61334,2,1,0,0,0,0,0,0,0,0,0,0
2004,61334,3,1,0,0,0,0,0,0,0,0,0,0
2004,61335,1,1,0,0,0,0,0,0,0,0,0,0
2004,61336,1,1,0,0,0,0,0,10,0,0,0,0
2004,61337,1,1,0,0,0,0,0,0,0,0,0,0
2004,61337,2,1,0,0,0,0,0,0,0,0,0,0
2004,61338,1,1,0,0,0,0,0,0,0,0,0,0
2004,61338,2,1,0,0,0,0,0,0,0,0,0,0
2004,61339,0,1,0,0,0,0,0,0,0,0,0,0
2004,61339,1,1,15,15,15,15,15,15,15,15,15,15
2004,61340,1,1,0,0,12,0,3,0,0,0,0,18
2004,61341,1,1,26,26,26,26,26,26,26,26,26,26
2004,61342,1,1,0,0,8,0,0,0,0,0,0,0
2004,61342,2,1,0,0,0,0,0,0,0,0,0,0
2004,61342,3,1,0,0,0,0,0,0,0,0,4,0
2004,61343,0,1,4,4,4,4,4,4,4,4,4,4
2004,61343,1,1,0,0,0,0,0,0,0,0,0,0
2004,61344,1,1,0,0,0,0,0,0,0,0,0,0
2004,61345,0,1,0,0,0,0,0,0,0,0,0,0
2004,61345,1,1,0,0,0,0,0,0,0,0,0,0
2004,61346,1,1,0,0,0,0,0,0,0,0,0,0
2004,61346,2,1,0,0,0,0,0,0,0,0,0,0
2004,61347,1,1,23,23,23,23,23,23,23,23,23,23
2004,61348,1,1,0,0,0,0,0,0,0,0,0,0
2004,61348,2,1,0,0,0,0,0,0,0,0,0,0
2004,61349,1,1,13,13,13,13,13,13,13,13,13,13
2004,61349,2,1,30,30,30,30,30,30,30,30,30,30
2004,61350,1,1,0,0,0,0,0,0,0,0,0,0
2004,61350,2,1,0,0,0,0,0,0,0,0,0,0
2004,61351,1,1,0,0,0,0,0,0,0,0,0,0
2004,61351,2,1,0,0,0,0,0,0,0,0,0,0
2004,61352,1,1,0,0,0,0,0,0,8,0,0,0
2004,61352,2,1,0,0,0,0,0,0,0,0,0,0
2004,61353,1,1,0,0,0,0,0,0,0,0,0,0
2004,61353,2,1,0,0,0,0,0,0,0,0,0,0
2004,61354,0,1,24,24,24,24,24,24,24,24,24,24
2004,61354,2,1,0,0,0,0,0,0,14,0,0,10
2004,61354,3,1,30,14,23,0,14,19,0,13,15,0
2004,61355,1,1,27,27,27,27,27,27,27,27,27,27
2004,61355,2,1,3,3,3,3,3,3,3,3,3,3
2004,61355,3,1,0,0,0,0,30,0,0,0,0,0
2004,61356,1,1,12,12,12,12,12,12,12,12,12,12
2004,61357,1,1,0,0,0,0,0,0,0,0,0,0
2004,61357,2,1,0,0,0,0,0,0,0,0,0,0
2004,61357,3,1,0,0,0,0,0,0,0,0,0,0
2004,61358,1,1,0,0,0,0,0,6,22,6,0,0
2004,61359,1,1,0,0,0,0,0,0,0,0,0,0
2004,61359,2,1,0,0,0,0,0,0,0,0,0,0
2004,61360,1,1,0,0,0,0,0,0,0,0,0,0
2004,61360,2,1,0,0,0,0,0,0,0,0,0,0
2004,61361,1,1,0,0,0,0,0,0,0,0,0,0
2004,61361,2,1,0,0,0,0,0,0,0,0,0,0
2004,61362,1,1,0,0,11,0,0,3,0,9,0,0
2004,61362,2,1,0,0,0,0,0,0,0,0,0,0
2004,61363,0,1,4,13,31,0,0,10,0,11,27,17
2004,61363,0,2,0,0,0,0,0,0,0,0,0,0
2004,61363,1,1,18,18,18,18,18,18,18,18,18,18
2004,61364,0,1,0,0,0,0,0,0,0,0,0,0
2004,61365,0,1,0,0,0,0,0,0,0,0,0,0
2004,61365,1,1,0,9,8,13,19,0,14,23,8,0
2004,61366,0,1,0,0,0,0,0,0,0,0,0,0
2004,61366,1,1,0,0,0,0,0,0,0,0,0,0
2004,61367,1,1,0,0,0,0,0,0,0,0,0,0
2004,61367,2,1,0,0,0,0,0,0,0,0,0,0
2004,61368,0,1,0,0,0,0,0,0,0,0,0,0
2004,61368,1,1,0,0,14,10,0,0,0,20,0,0
2004,61369,1,1,7,7,7,7,7,7,7,7,7,7