YEAR,ST_CASE,veh_no,per_no,P1,P2,P3,P4,P5,P6,P7,P8,P9,P10
2004,61369,2,1,0,0,0,0,0,0,0,0,0,0
2004,61370,1,1,8,10,0,0,0,0,0,0,0,0
2004,61371,1,1,0,0,0,0,0,0,0,0,0,0
2004,61372,1,1,0,0,0,0,0,0,0,0,0,0
2004,61373,0,1,0,0,0,0,0,0,0,0,0,0
2004,61373,1,1,0,0,0,0,0,0,0,0,0,0
2004,61374,1,1,0,0,0,0,0,0,0,0,0,0
2004,61375,1,1,18,18,18,18,18,18,18,18,18,18
2004,61375,2,1,0,14,0,15,13,0,0,0,31,9
2004,61376,1,1,0,0,0,0,0,0,0,0,0,0
2004,61377,1,1,18,18,18,18,18,18,18,18,18,18
2004,61378,1,1,0,5,35,12,0,0,25,0,3,0
2004,61378,2,1,16,16,16,16,16,16,16,16,16,16
2004,61378,3,1,0,0,0,0,0,0,0,0,0,0
2004,61379,1,1,4,22,0,0,12,0,0,0,0,0
2004,61379,2,1,0,0,0,0,0,0,0,0,0,0
2004,61380,1,1,0,0,0,0,0,0,0,0,0,0
2004,61381,1,1,26,26,26,26,26,26,26,26,26,26
2004,61382,1,1,0,0,0,0,0,0,0,0,0,0
2004,61383,1,1,20,20,20,20,20,20,20,20,20,20
2004,61384,0,1,20,20,20,20,20,20,20,20,20,20
2004,61384,1,1,0,0,0,0,0,0,0,0,0,0
2004,61385,0,1,0,0,0,0,0,0,0,0,0,3
2004,61385,1,1,0,15,0,0,0,0,0,0,0,0
2004,61386,1,1,0,0,0,0,0,0,0,0,0,0
2004,61386,2,1,0,0,0,0,0,0,0,0,0,0
2004,61386,3,1,0,0,0,0,0,0,0,0,0,0
2004,61387,0,1,8,0,0,0,0,0,24,0,0,0
2004,61387,1,1,0,0,0,0,0,0,0,0,0,0
2004,61388,1,1,18,18,18,18,18,18,18,18,18,18
2004,61388,2,1,0,0,0,0,0,0,0,0,0,0
2004,61389,1,1,0,0,0,0,0,0,0,0,0,0
2004,61389,2,1,0,0,19,0,0,0,0,0,0,0
2004,61390,1,1,0,0,0,0,0,0,0,0,0,0
2004,61390,2,1,0,0,0,0,0,0,0,0,0,0
2004,61391,0,1,15,15,15,15,15,15,15,15,15,15
2004,61391,1,1,0,0,0,0,0,0,0,0,0,0
2004,61392,1,1,0,0,0,0,0,0,0,0,0,0
2004,61393,1,1,0,0,0,0,0,0,0,0,0,0
2004,61393,2,1,0,0,0,0,0,0,0,0,0,0
2004,61394,1,1,19,12,18,15,16,6,14,24,9,25
2004,61394,2,1,0,0,0,0,0,0,0,0,0,0
2004,61395,1,1,0,0,0,0,0,0,0,0,0,0
2004,61395,2,1,0,0,0,0,0,0,0,0,0,0
2004,61396,1,1,0,0,0,0,0,0,0,0,0,0
2004,61397,0,1,31,31,31,31,31,31,31,31,31,31
2004,61397,1,1,0,0,0,0,0,0,9,0,0,0
2004,61398,0,1,9,9,9,9,9,9,9,9,9,9
2004,61398,1,1,4,4,4,4,4,4,4,4,4,4
2004,61398,2,1,16,0,14,12,0,0,22,0,21,19
2004,61399,1,1,2,2,2,2,2,2,2,2,2,2
2004,61400,1,1,18,18,18,18,18,18,18,18,18,18
2004,61401,1,1,0,0,0,0,0,0,0,0,0,0
2004,61401,2,1,5,0,0,0,0,0,0,0,0,0
2004,61401,3,1,0,0,0,0,0,0,0,0,0,0
2004,61401,4,1,0,0,0,0,0,0,0,0,0,0
2004,61401,5,1,0,0,0,0,0,13,0,0,0,0
2004,61401,6,1,0,0,0,0,0,0,0,0,0,0
2004,61401,7,1,0,0,0,0,0,0,0,15,0,0
2004,61402,0,1,0,0,0,0,0,0,0,0,21,0
2004,61402,1,1,16,16,16,16,16,16,16,16,16,16
2004,61403,1,1,0,0,0,0,0,0,0,0,0,0
2004,61403,2,1,0,0,0,0,0,0,0,0,0,0
2004,61404,1,1,0,0,0,0,0,0,0,0,0,0
2004,61404,2,1,0,0,0,0,0,0,0,0,0,0
2004,61405,0,1,0,0,0,0,0,0,0,0,0,0
2004,61405,1,1,0,0,0,0,0,0,0,0,0,0
2004,61406,1,1,0,0,0,0,0,0,0,0,0,0
2004,61407,1,1,0,0,0,0,0,0,0,0,0,0
2004,61408,1,1,0,0,0,0,0,0,0,0,0,0
2004,61409,0,1,0,0,0,0,0,0,0,0,0,0
2004,61409,1,1,0,0,0,0,0,0,0,0,0,0
2004,61410,1,1,16,16,16,16,16,16,16,16,16,16
2004,61411,1,1,0,0,0,0,0,0,0,0,0,0
2004,61411,2,1,0,0,0,0,0,0,0,0,0,0
2004,61412,1,1,36,36,36,36,36,36,36,36,36,36
2004,61413,1,1,11,0,17,0,26,0,13,7,15,0
2004,61414,1,1,18,18,18,18,18,18,18,18,18,18
2004,61415,1,1,0,0,0,0,0,0,0,0,0,0
2004,61416,1,1,13,13,13,13,13,13,13,13,13,13
2004,61416,2,1,0,0,0,0,16,0,0,0,0,0
2004,61417,1,1,24,0,0,0,0,0,0,0,0,0
2004,61417,2,1,0,0,0,0,0,0,0,0,0,0
2004,61418,1,1,0,0,0,21,0,0,0,0,2,20
2004,61418,2,1,0,0,0,0,0,8,0,0,0,9
2004,61419,0,1,0,0,0,0,0,0,0,0,0,0
2004,61419,1,1,0,0,3,0,0,0,0,0,0,0
2004,61419,2,1,0,0,0,0,0,0,0,0,0,0
2004,61420,1,1,0,0,0,0,0,0,0,0,0,0
2004,61420,2,1,0,0,0,0,0,0,0,0,31,36
2004,61421,1,1,21,21,21,21,21,21,21,21,21,21
2004,61421,2,1,0,0,0,0,0,0,0,0,0,0
2004,61422,1,1,0,0,0,0,22,0,0,0,0,0
2004,61422,2,1,14,14,14,14,14,14,14,14,14,14
2004,61423,0,1,0,0,0,0,0,0,0,0,0,0
2004,61423,1,1,17,19,11,15,18,3,9,17,11,12
2004,61424,1,1,0,0,0,0,0,0,0,0,0,0
2004,61424,2,1,0,0,0,0,0,0,0,0,0,0
2004,61425,1,1,0,0,0,0,0,0,0,0,0,0
2004,61425,2,1,0,0,0,0,0,0,0,0,0,0
2004,61426,1,1,0,0,0,0,0,0,0,0,0,0
2004,61427,1,1,0,0,0,0,0,0,0,0,0,0
2004,61428,1,1,0,0,0,0,0,0,0,0,0,0
2004,61428,2,1,0,0,0,0,0,0,0,0,0,0
2004,61429,1,1,2,2,2,2,2,2,2,2,2,2
2004,61430,1,1,0,0,0,0,0,0,0,0,0,0
2004,61431,0,1,0,0,0,0,0,0,0,0,0,0
2004,61431,1,1,0,0,0,0,0,0,0,0,0,0
2004,61432,1,1,0,0,0,0,0,0,0,0,0,0
2004,61433,1,1,0,0,0,0,0,0,0,0,0,0
2004,61434,1,1,0,0,0,0,0,0,0,0,0,0
2004,61435,1,1,0,0,0,0,0,0,0,0,0,0
2004,61436,0,1,30,30,30,30,30,30,30,30,30,30
2004,61436,1,1,6,28,0,0,0,0,0,0,0,0
2004,61437,1,1,11,11,11,11,11,11,11,11,11,11
2004,61438,1,1,0,0,0,0,0,0,0,0,0,0
2004,61439,0,1,0,0,0,0,0,0,0,0,0,0
2004,61439,1,1,0,0,0,0,0,0,0,0,0,0
2004,61440,1,1,11,11,11,11,11,11,11,11,11,11
2004,61440,2,1,0,0,0,0,0,0,0,0,0,0
2004,61441,1,1,0,0,0,0,0,0,0,0,0,0
2004,61441,2,1,0,0,0,0,0,0,0,0,0,0
2004,61442,1,1,0,0,0,0,0,0,0,0,0,0
2004,61442,2,1,0,0,0,0,0,0,0,0,0,0
2004,61443,1,1,0,0,0,0,0,0,0,0,0,0
2004,61443,2,1,0,0,0,0,0,0,0,0,0,0
2004,61444,1,1,0,0,0,0,0,0,0,0,0,0
2004,61444,2,1,0,0,0,0,0,0,15,0,0,0
2004,61445,1,1,19,19,19,19,19,19,19,19,19,19
2004,61446,1,1,0,0,0,0,0,0,0,0,0,0
2004,61446,2,1,0,0,0,0,0,0,0,0,0,0
2004,61447,1,1,35,35,35,35,35,35,35,35,35,35
2004,61447,2,1,0,0,0,0,0,21,0,0,0,0
2004,61448,1,1,11,0,21,14,0,6,5,0,26,0
2004,61449,0,1,0,0,0,0,0,0,0,0,0,0
2004,61449,1,1,0,0,0,0,0,0,0,0,0,0
2004,61450,1,1,0,19,15,0,38,0,0,0,0,0
2004,61450,2,1,0,0,0,0,0,0,0,0,0,0
2004,61451,0,1,0,0,0,0,0,0,0,0,0,0
2004,61451,0,2,0,11,0,13,0,0,16,0,0,5
2004,61451,1,1,0,0,0,0,0,0,0,0,0,0
2004,61452,1,1,0,0,0,0,0,0,0,0,0,0
2004,61452,2,1,0,0,0,0,0,0,0,0,0,0
2004,61453,1,1,13,13,13,13,13,13,13,13,13,13
2004,61453,2,1,0,0,0,0,0,0,0,0,0,0
2004,61454,1,1,0,0,0,0,0,0,0,0,0,0
2004,61455,0,1,0,0,0,0,0,0,0,0,0,0
2004,61455,1,1,0,0,0,0,0,0,0,0,0,0
2004,61456,0,1,0,0,0,0,0,0,0,0,0,0
2004,61456,1,1,0,0,0,0,0,0,0,0,0,0
2004,61457,1,1,0,0,0,0,0,0,0,0,0,0
2004,61458,1,1,2,2,2,2,2,2,2,2,2,2
2004,61458,2,1,0,0,0,0,0,0,0,0,0,0
2004,61459,1,1,0,0,0,0,0,0,0,0,0,0
2004,61459,2,1,0,4,0,0,0,0,0,0,0,0
2004,61460,1,1,0,0,0,0,0,0,0,0,0,0
2004,61460,2,1,0,0,0,0,0,0,0,0,0,0
2004,61461,1,1,0,0,0,0,0,0,0,0,0,0
2004,61462,0,1,0,0,0,0,0,0,0,0,0,0
2004,61462,1,1,0,0,0,0,0,0,0,0,0,0
2004,61463,1,1,22,22,22,22,22,22,22,22,22,22
2004,61464,1,1,0,0,0,0,0,0,0,0,0,0
2004,61464,2,1,0,0,0,0,0,0,0,0,0,0
2004,61465,1,1,0,0,0,0,0,0,0,0,0,0
2004,61466,1,1,0,0,0,0,0,0,0,0,0,0
2004,61467,1,1,0,0,0,0,0,0,0,0,0,0
2004,61467,2,1,0,0,0,0,0,0,0,0,0,0
2004,61468,1,1,0,0,0,0,0,0,0,0,0,0
2004,61469,1,1,0,0,0,0,0,0,0,0,0,0
2004,61469,2,1,0,0,0,0,0,0,0,0,0,0
2004,61469,3,1,0,0,0,0,0,0,0,0,0,0
2004,61470,1,1,0,0,0,0,0,0,0,0,0,0
2004,61471,0,1,20,20,20,20,20,20,20,20,20,20
2004,61471,1,1,0,0,0,0,0,0,0,0,0,0
2004,61472,0,1,0,0,0,0,0,0,0,0,0,0
2004,61472,1,1,0,0,0,0,0,0,0,0,17,0
2004,61473,0,1,17,0,0,0,10,15,0,0,6,17
2004,61473,1,1,0,0,0,0,0,0,0,0,0,0
2004,61474,1,1,24,24,24,24,24,24,24,24,24,24
2004,61475,0,1,0,0,0,0,0,0,0,0,0,0
2004,61475,1,1,8,19,9,13,19,14,14,26,7,4
2004,61476,1,1,15,15,15,15,15,15,15,15,15,15
2004,61476,2,1,2,2,2,2,2,2,2,2,2,2
2004,61477,1,1,0,0,0,0,0,0,0,0,0,0
2004,61477,2,1,0,0,0,0,0,0,0,0,0,0
2004,61477,3,1,0,0,0,0,0,0,0,0,0,0
2004,61477,4,1,0,0,0,0,0,0,0,0,0,0
2004,61478,1,1,0,0,0,0,0,0,0,0,0,0
2004,61479,1,1,0,0,0,0,0,0,0,0,0,0
2004,61479,2,1,0,0,0,0,0,0,0,0,0,0
2004,61480,1,1,14,14,14,14,14,14,14,14,14,14
2004,61481,0,1,27,27,27,27,27,27,27,27,27,27
2004,61481,1,1,0,0,0,0,0,0,0,0,0,0
2004,61482,1,1,0,0,0,0,0,0,0,0,0,0
2004,61482,2,1,0,0,0,0,0,0,0,0,0,0
2004,61482,3,1,0,0,0,0,0,0,0,0,0,0
2004,61483,0,1,0,0,0,0,0,0,0,0,0,0
2004,61483,1,1,0,0,0,0,0,0,0,0,0,0
2004,61484,1,1,0,0,0,0,0,0,0,0,0,0
2004,61484,2,1,0,0,0,0,0,0,0,0,0,0
2004,61485,1,1,13,0,8,12,0,0,15,0,15,18
2004,61486,1,1,0,0,0,0,0,0,0,0,0,0
2004,61486,2,1,0,0,0,0,0,0,0,0,0,0
2004,61487,1,1,0,0,0,0,0,0,0,0,0,0
2004,61487,2,1,0,0,0,0,0,0,0,0,0,0
2004,61487,3,1,0,0,0,0,0,0,0,0,0,0
2004,61487,4,1,0,0,0,0,0,0,0,0,0,0
2004,61488,1,1,15,15,15,15,15,15,15,15,15,15
2004,61489,1,1,0,0,0,0,0,0,0,0,0,0
2004,61489,2,1,0,0,0,0,0,0,0,7,0,0
2004,61490,0,1,12,12,12,12,12,12,12,12,12,12
2004,61490,1,1,0,0,0,0,0,0,13,0,0,0
2004,61491,1,1,0,18,0,32,0,19,8,0,0,0
2004,61491,2,1,0,0,0,0,0,0,0,0,0,0
2004,61492,1,1,13,13,13,13,13,13,13,13,13,13
2004,61492,2,1,0,0,0,0,0,0,0,10,0,0
2004,61492,3,1,0,0,0,0,0,0,0,0,0,20
2004,61492,4,1,0,14,0,0,0,0,0,9,0,0
2004,61492,5,1,37,0,14,11,0,19,19,0,8,0
2004,61492,6,1,0,0,14,0,0,0,0,0,0,15
2004,61493,1,1,0,0,0,0,0,0,0,0,0,0
2004,61494,1,1,0,0,0,0,0,0,0,0,0,0
2004,61495,1,1,0,0,0,0,0,0,0,0,0,0
2004,61496,1,1,2,2,2,2,2,2,2,2,2,2
2004,61497,0,1,25,25,25,25,25,25,25,25,25,25
2004,61497,1,1,0,0,0,0,0,0,0,0,0,0
2004,61498,1,1,0,0,0,0,0,0,0,0,0,0
2004,61498,2,1,0,0,0,0,0,0,0,0,11,16
2004,61498,3,1,0,0,0,0,0,0,0,4,0,0
2004,61499,1,1,0,0,0,0,0,0,0,0,0,0
2004,61500,1,1,0,0,0,0,0,0,0,0,0,0
2004,61500,2,1,0,0,0,0,0,0,0,0,0,0
2004,61501,0,1,19,19,19,19,19,19,19,19,19,19
2004,61501,1,1,20,9,0,20,11,22,25,34,15,14
2004,61502,1,1,0,0,0,0,0,0,0,0,0,6
2004,61503,1,1,0,0,0,0,0,0,0,0,0,0
2004,61504,1,1,0,0,0,0,0,0,0,0,0,0
2004,61505,1,1,0,0,0,0,0,0,0,0,0,0
2004,61506,0,1,0,0,0,0,0,0,0,0,0,0
2004,61506,1,1,0,0,0,0,0,0,0,0,0,0
2004,61507,0,1,0,0,0,0,0,0,0,0,0,0
2004,61507,1,1,0,0,0,0,0,0,0,0,0,0
2004,61508,1,1,0,0,0,0,0,0,0,0,0,0
2004,61508,2,1,0,0,0,0,0,0,0,0,0,0
2004,61508,3,1,0,0,0,0,0,0,7,0,0,0
2004,61509,1,1,0,0,0,0,0,0,0,0,0,0
2004,61509,2,1,0,0,0,0,0,0,0,0,0,0
2004,61510,1,1,0,0,0,0,0,0,0,0,0,0
2004,61511,1,1,0,0,0,0,0,0,0,0,0,0
2004,61512,1,1,12,12,12,12,12,12,12,12,12,12
2004,61513,1,1,0,0,0,0,0,0,0,0,0,0
2004,61513,2,1,0,0,0,0,0,0,0,0,0,0
2004,61514,1,1,0,0,0,0,0,0,0,0,0,0
2004,61514,2,1,0,0,0,0,0,0,0,0,0,0
2004,61514,3,1,0,13,0,0,0,9,0,0,0,0
2004,61514,4,1,0,0,0,0,0,0,0,0,0,0
2004,61515,1,1,19,19,19,19,19,19,19,19,19,19
2004,61515,2,1,0,0,0,0,0,0,0,0,0,0
2004,61515,3,1,0,0,0,0,0,0,0,0,0,0
2004,61515,4,1,0,0,0,0,0,0,0,0,0,0
2004,61516,1,1,0,0,0,0,0,0,0,0,0,0
2004,61517,1,1,0,0,0,0,0,0,0,0,0,0
2004,61518,1,1,8,8,8,8,8,8,8,8,8,8
2004,61519,1,1,8,8,8,8,8,8,8,8,8,8
2004,61520,0,1,3,3,3,3,3,3,3,3,3,3
2004,61520,1,1,0,0,0,0,0,0,0,0,0,0
2004,61521,1,1,0,0,0,0,0,0,0,0,0,0
2004,61522,1,1,24,24,24,24,24,24,24,24,24,24
2004,61523,0,1,13,13,13,13,13,13,13,13,13,13
2004,61523,1,1,0,0,0,0,9,0,0,0,0,0
2004,61524,1,1,14,14,14,14,14,14,14,14,14,14
2004,61525,1,1,0,0,0,0,0,0,0,0,0,0
2004,61526,1,1,0,0,0,0,0,0,0,0,0,0
2004,61527,1,1,0,0,0,5,0,0,0,0,0,0
2004,61527,2,1,0,0,0,0,0,0,0,0,0,0
2004,61527,3,1,7,0,0,0,0,0,0,0,0,21
2004,61528,1,1,19,18,25,14,26,0,12,11,20,8
2004,61529,1,1,13,13,13,13,13,13,13,13,13,13
2004,61530,1,1,0,0,0,0,0,0,19,0,0,0
2004,61531,1,1,0,0,0,0,0,0,0,0,0,0
2004,61531,2,1,0,0,0,0,0,0,0,0,0,0
2004,61532,1,1,26,26,26,26,26,26,26,26,26,26
2004,61533,0,1,19,19,19,19,19,19,19,19,19,19
2004,61533,1,1,0,0,0,8,0,0,0,0,0,0
2004,61534,1,1,0,0,0,0,0,0,0,0,0,0
2004,61534,2,1,0,0,0,0,0,0,0,0,0,0
2004,61535,1,1,0,0,0,0,0,0,0,0,0,0
2004,61535,2,1,0,0,0,0,0,0,0,0,0,0
2004,61536,1,1,0,0,0,0,0,0,0,0,0,0
2004,61536,2,1,0,0,0,0,0,0,0,0,0,0
2004,61537,1,1,18,18,18,18,18,18,18,18,18,18
2004,61537,2,1,0,0,0,0,0,0,0,0,0,0
2004,61538,1,1,29,29,29,29,29,29,29,29,29,29
2004,61538,2,1,0,0,0,0,0,0,0,0,0,0
2004,61539,1,1,0,13,0,0,0,0,0,0,0,0
2004,61539,2,1,0,0,2,12,0,0,0,0,0,0
2004,61539,3,1,0,0,0,0,0,0,0,0,0,0
2004,61540,1,1,7,7,7,7,7,7,7,7,7,7
2004,61541,0,1,6,6,6,6,6,6,6,6,6,6
2004,61541,1,1,0,0,0,0,0,0,0,0,0,0
2004,61541,2,1,0,0,0,0,0,0,0,0,0,0
2004,61542,1,1,0,0,0,0,0,0,0,0,0,0
2004,61543,1,1,0,0,0,0,0,20,0,0,0,0
2004,61544,0,1,0,0,0,0,0,0,0,0,0,0
2004,61544,1,1,0,0,0,0,0,0,0,0,0,0
2004,61545,0,1,0,0,0,0,0,0,0,0,0,0
2004,61545,1,1,0,0,10,0,0,0,0,0,0,0
2004,61546,1,1,4,4,4,4,4,4,4,4,4,4
2004,61546,2,1,0,0,0,0,0,0,0,0,0,0
2004,61546,3,1,0,0,0,0,0,0,0,0,0,0
2004,61547,0,1,19,19,19,19,19,19,19,19,19,19
2004,61547,1,1,0,0,0,0,0,0,0,0,0,0
2004,61548,1,1,0,0,0,0,0,0,0,0,0,0
2004,61548,2,1,0,0,0,0,0,0,19,0,0,0
2004,61549,1,1,7,7,7,7,7,7,7,7,7,7
2004,61550,0,1,0,0,0,0,0,0,0,0,0,0
2004,61550,1,1,0,0,0,0,0,0,0,0,0,0
2004,61551,1,1,0,0,0,0,0,0,0,0,0,0
2004,61551,2,1,0,0,0,0,0,0,0,0,0,0
2004,61552,0,1,32,32,32,32,32,32,32,32,32,32
2004,61552,1,1,0,0,26,0,0,0,8,22,0,12
2004,61553,0,1,0,0,0,0,0,0,0,0,0,0
2004,61553,1,1,0,0,0,0,0,0,0,0,0,0
2004,61554,1,1,32,32,32,32,32,32,32,32,32,32
2004,61555,0,1,29,29,29,29,29,29,29,29,29,29
2004,61555,1,1,0,0,0,0,0,0,0,0,0,0
2004,61556,1,1,0,0,0,0,0,0,0,0,0,0
2004,61557,0,1,0,0,0,0,0,0,0,0,0,0
2004,61557,1,1,0,0,0,0,0,0,0,0,0,0
2004,61558,0,1,0,0,0,0,0,0,0,0,0,0
2004,61558,0,2,0,0,0,0,0,0,0,0,0,0
2004,61558,1,1,0,0,0,0,0,0,0,0,0,0
2004,61559,1,1,14,14,14,14,14,14,14,14,14,14
2004,61560,1,1,10,10,10,10,10,10,10,10,10,10
2004,61560,2,1,8,8,8,8,8,8,8,8,8,8
2004,61560,3,1,0,0,4,8,0,18,0,16,9,0
2004,61561,0,1,0,0,0,0,0,0,0,0,0,0
2004,61561,1,1,9,9,9,9,9,9,9,9,9,9
2004,61562,1,1,0,0,0,0,0,0,0,0,0,0
2004,61562,2,1,0,0,0,0,0,0,0,0,0,0
2004,61563,1,1,17,17,17,17,17,17,17,17,17,17
2004,61564,1,1,10,8,18,9,9,4,13,9,27,3
2004,61564,2,1,0,0,0,0,0,0,0,0,0,0
2004,61565,0,1,12,12,12,12,12,12,12,12,12,12
2004,61565,1,1,0,0,10,21,0,25,8,0,0,0
2004,61566,0,1,31,31,31,31,31,31,31,31,31,31
2004,61566,1,1,23,0,0,0,0,13,0,0,0,0
2004,61567,1,1,0,0,0,0,0,0,0,0,0,0
2004,61567,2,1,15,0,0,0,20,0,0,0,0,0
2004,61568,1,1,0,0,0,0,0,0,0,0,0,0
2004,61568,2,1,0,0,0,0,0,0,0,0,0,0
2004,61569,1,1,0,0,0,0,0,0,0,0,0,0
2004,61569,2,1,0,0,0,0,0,0,0,0,0,0
2004,61569,3,1,0,0,0,0,0,0,0,0,0,0
2004,61570,1,1,0,0,0,0,0,0,0,0,0,0
2004,61570,2,1,22,22,22,22,22,22,22,22,22,22
2004,61571,1,1,0,0,0,0,0,0,0,0,0,0
2004,61571,2,1,0,0,0,0,0,0,0,0,0,0
2004,61572,1,1,0,0,0,0,0,0,0,0,0,0
2004,61572,2,1,0,0,0,0,0,0,0,0,0,0
2004,61573,0,1,0,0,0,0,17,0,0,0,11,0
2004,61573,1,1,0,0,0,0,0,0,20,0,0,0
2004,61574,0,1,9,9,9,9,9,9,9,9,9,9
2004,61574,1,1,0,0,0,0,0,0,0,0,0,0
2004,61575,1,1,0,0,0,0,7,0,0,0,0,0
2004,61576,1,1,0,0,0,0,0,0,0,0,0,0
2004,61577,1,1,0,0,0,0,0,0,0,0,0,0
2004,61577,2,1,0,0,0,0,0,0,0,0,0,0
2004,61578,1,1,14,14,14,14,14,14,14,14,14,14
2004,61578,2,1,5,5,5,5,5,5,5,5,5,5
2004,61578,3,1,7,0,4,0,0,0,0,0,0,0
2004,61579,1,1,0,0,0,0,0,0,0,0,0,0
2004,61579,2,1,0,0,0,0,0,0,0,0,0,0
2004,61580,1,1,7,7,7,7,7,7,7,7,7,7
2004,61581,0,1,20,20,20,20,20,20,20,20,20,20
2004,61581,1,1,10,10,10,10,10,10,10,10,10,10
2004,61582,0,1,3,3,3,3,3,3,3,3,3,3
2004,61582,1,1,11,11,11,11,11,11,11,11,11,11
2004,61583,1,1,0,0,0,0,0,0,0,0,0,0
2004,61584,1,1,0,0,0,0,0,0,0,0,0,0
2004,61584,2,1,0,0,0,0,0,0,0,0,0,0
2004,61584,3,1,0,0,0,0,0,0,15,0,0,0
2004,61584,4,1,0,0,0,0,0,0,0,0,0,0
2004,61584,5,1,0,0,0,0,0,0,0,0,0,0
2004,61585,1,1,0,0,0,0,0,0,0,0,0,0
2004,61585,2,1,0,0,0,0,0,0,0,0,0,0
2004,61586,1,1,0,0,0,0,0,0,0,0,0,0
2004,61587,1,1,0,0,0,0,0,0,0,0,0,0
2004,61587,2,1,0,0,0,0,0,0,0,0,0,0
2004,61588,1,1,0,0,0,0,0,0,0,0,0,0
2004,61588,2,1,8,13,0,0,16,16,0,6,9,0
2004,61589,1,1,0,0,0,0,0,0,0,0,0,0
2004,61589,2,1,0,0,0,0,0,0,0,0,0,0
2004,61590,0,1,25,25,25,25,25,25,25,25,25,25
2004,61590,1,1,0,0,0,0,0,0,8,0,0,0
2004,61590,2,1,0,0,0,0,0,0,0,0,0,0
2004,61590,3,1,0,0,0,0,0,0,0,0,0,0
2004,61590,4,1,0,0,0,0,0,0,0,0,0,0
2004,61591,1,1,0,0,0,0,0,0,0,0,0,0
2004,61591,2,1,0,0,0,0,0,0,0,0,0,0
2004,61592,1,1,20,20,20,20,20,20,20,20,20,20
2004,61593,0,1,9,0,0,15,0,0,0,0,0,0
2004,61593,1,1,0,0,0,0,0,0,0,0,0,0
2004,61593,2,1,0,0,0,0,0,0,0,0,0,0
2004,61594,1,1,20,20,20,20,20,20,20,20,20,20
2004,61594,2,1,3,3,3,3,3,3,3,3,3,3
2004,61595,0,1,5,0,0,36,0,23,0,0,0,10
2004,61595,1,1,0,0,0,0,0,0,0,0,0,0
2004,61596,1,1,22,22,22,22,22,22,22,22,22,22
2004,61597,1,1,0,0,0,0,0,0,0,0,0,0
2004,61598,0,1,0,0,0,0,0,0,0,0,0,0
2004,61598,1,1,8,8,8,8,8,8,8,8,8,8
2004,61599,1,1,21,24,12,14,18,23,0,16,15,15
2004,61600,1,1,0,0,0,0,0,0,0,0,0,0
2004,61601,1,1,26,26,26,26,26,26,26,26,26,26
2004,61602,1,1,0,0,0,0,0,0,0,0,0,0
2004,61602,2,1,0,0,0,0,0,0,0,0,0,0
2004,61603,1,1,17,17,17,17,17,17,17,17,17,17
2004,61604,1,1,22,22,22,22,22,22,22,22,22,22
2004,61604,2,1,0,0,0,0,0,0,0,0,0,0
2004,61605,1,1,14,14,14,14,14,14,14,14,14,14
2004,61605,2,1,15,0,0,0,0,0,0,0,0,0
2004,61606,1,1,0,0,0,0,0,0,0,0,0,0
2004,61607,1,1,0,0,0,0,0,0,0,0,0,0
2004,61607,2,1,0,0,0,0,0,0,0,0,0,0
2004,61608,0,1,14,14,14,14,14,14,14,14,14,14
2004,61608,1,1,0,0,0,0,0,0,0,0,0,0
2004,61609,1,1,0,0,0,0,0,0,0,0,0,0
2004,61609,2,1,0,0,0,0,0,0,0,0,0,0
2004,61610,1,1,0,0,0,0,0,0,0,0,0,0
2004,61610,2,1,0,0,0,0,0,0,0,0,0,0
2004,61611,1,1,0,0,0,0,0,0,0,0,0,0
2004,61612,1,1,0,0,0,0,0,0,0,0,0,0
2004,61612,2,1,0,0,0,0,0,0,0,0,0,0
2004,61613,1,1,0,0,0,0,0,0,0,0,0,0
2004,61614,1,1,10,0,0,0,0,15,17,0,0,0
2004,61615,1,1,0,0,0,0,0,0,0,0,0,0
2004,61616,0,1,0,0,0,0,0,0,0,0,0,0
2004,61616,1,1,0,0,0,0,0,0,0,0,0,0
2004,61617,1,1,0,0,0,0,0,0,0,0,0,0
2004,61617,2,1,0,0,0,0,0,0,0,0,0,0
2004,61618,1,1,0,0,0,0,0,0,0,0,0,0
2004,61618,2,1,0,0,0,0,0,0,0,0,0,0
2004,61618,3,1,0,0,18,27,0,0,0,0,0,0
2004,61618,4,1,0,0,0,0,0,0,10,0,0,0
2004,61618,5,1,0,0,0,0,0,0,0,0,0,0
2004,61619,1,1,0,0,0,0,0,0,0,0,0,0
2004,61619,2,1,0,0,11,0,0,6,0,0,0,0
2004,61620,1,1,27,27,27,27,27,27,27,27,27,27
2004,61620,2,1,0,0,0,0,0,0,0,0,0,0
2004,61621,1,1,0,0,0,0,0,0,0,0,0,0
2004,61621,2,1,17,0,0,0,6,0,0,0,0,0
2004,61622,1,1,0,0,0,0,0,0,0,0,0,0
2004,61622,2,1,0,7,0,4,0,0,0,0,0,0
2004,61623,1,1,0,0,0,19,0,0,0,0,0,0
2004,61623,2,1,0,0,0,0,0,0,0,0,0,0
2004,61624,1,1,0,0,0,0,0,0,0,0,0,0
2004,61624,2,1,0,0,0,0,0,0,0,0,0,0
2004,61625,1,1,0,0,0,0,19,0,0,0,0,0
2004,61625,2,1,0,0,0,0,0,0,0,0,0,0
2004,61625,3,1,0,0,0,0,0,0,0,0,0,0
2004,61626,0,1,0,0,0,0,0,0,0,0,0,0
2004,61626,1,1,0,0,0,0,0,0,0,0,0,0
2004,61627,1,1,15,15,15,15,15,15,15,15,15,15
2004,61628,1,1,0,0,0,0,0,0,0,0,0,0
2004,61628,2,1,0,0,0,0,0,0,0,0,0,0