YEAR,ST_CASE,veh_no,per_no,P1,P2,P3,P4,P5,P6,P7,P8,P9,P10
2004,61901,1,1,21,21,21,21,21,21,21,21,21,21
2004,61902,0,1,13,13,13,13,13,13,13,13,13,13
2004,61902,1,1,0,0,0,0,0,10,0,0,0,0
2004,61903,1,1,9,9,9,9,9,9,9,9,9,9
2004,61904,0,1,0,0,0,0,0,0,0,0,0,0
2004,61904,1,1,0,0,0,0,0,0,0,0,0,0
2004,61905,1,1,0,0,0,0,0,0,0,11,0,0
2004,61906,0,1,0,0,9,0,0,0,0,0,0,0
2004,61906,1,1,0,0,0,0,0,0,0,0,0,0
2004,61907,1,1,0,0,0,0,0,0,0,0,0,0
2004,61908,1,1,13,13,13,13,13,13,13,13,13,13
2004,61909,1,1,0,0,0,0,0,0,0,3,0,0
2004,61909,2,1,0,0,0,0,0,0,0,0,0,0
2004,61910,1,1,0,0,0,0,0,0,0,0,0,0
2004,61911,1,1,0,0,0,0,0,0,0,0,0,0
2004,61911,2,1,0,0,0,0,0,0,0,0,0,12
2004,61912,1,1,0,0,0,0,0,0,0,0,0,0
2004,61913,1,1,0,0,0,0,0,0,0,0,0,0
2004,61913,2,1,0,0,0,0,0,0,0,0,0,0
2004,61913,3,1,0,0,0,0,0,0,0,0,0,0
2004,61914,0,1,15,15,15,15,15,15,15,15,15,15
2004,61914,1,1,0,0,0,9,0,0,18,0,19,0
2004,61915,1,1,8,8,8,8,8,8,8,8,8,8
2004,61915,2,1,0,0,9,0,0,2,0,0,0,0
2004,61916,1,1,0,0,0,0,0,0,0,0,0,0
2004,61916,2,1,0,0,0,0,0,0,0,0,0,0
2004,61917,0,1,0,0,0,0,0,0,0,0,0,0
2004,61917,1,1,0,0,0,0,0,0,0,0,11,0
2004,61918,1,1,0,0,0,0,0,0,0,0,0,0
2004,61919,1,1,0,0,14,0,0,0,0,0,0,0
2004,61919,2,1,0,0,0,0,0,0,0,0,0,0
2004,61920,1,1,0,0,0,0,0,0,0,0,0,0
2004,61920,2,1,0,0,0,0,0,0,0,0,0,0
2004,61921,1,1,0,0,0,0,0,0,0,0,0,0
2004,61921,2,1,0,0,0,0,0,0,0,0,0,0
2004,61922,1,1,0,0,0,0,0,0,0,0,0,0
2004,61922,2,1,0,0,0,0,0,0,0,0,0,0
2004,61923,0,1,0,0,0,0,0,0,0,0,0,0
2004,61923,1,1,0,0,0,0,0,0,0,0,0,0
2004,61924,0,1,0,0,0,2,0,0,0,0,0,0
2004,61924,1,1,0,0,0,0,0,0,0,0,0,0
2004,61924,2,1,0,0,0,8,0,0,0,0,7,0
2004,61925,0,1,0,0,0,0,0,0,0,0,0,0
2004,61925,1,1,0,0,0,0,0,0,0,0,0,0
2004,61926,1,1,0,0,0,0,0,0,0,0,0,0
2004,61926,2,1,0,0,0,0,0,0,0,0,0,0
2004,61927,1,1,0,0,0,0,0,0,0,0,0,0
2004,61927,2,1,22,0,0,0,13,29,10,0,19,17
2004,61927,3,1,0,0,0,0,0,20,0,0,0,0
2004,61928,1,1,17,17,17,17,17,17,17,17,17,17
2004,61929,0,1,18,9,12,10,27,15,35,0,14,31
2004,61929,1,1,0,0,0,0,0,9,15,0,0,0
2004,61930,1,1,0,0,0,0,0,0,0,0,0,0
2004,61931,0,1,0,0,0,0,0,0,0,0,0,0
2004,61931,1,1,0,0,0,0,0,0,17,0,0,0
2004,61932,1,1,8,8,8,8,8,8,8,8,8,8
2004,61933,1,1,0,0,0,0,0,0,0,0,0,0
2004,61934,1,1,6,6,6,6,6,6,6,6,6,6
2004,61935,0,1,24,24,24,24,24,24,24,24,24,24
2004,61935,1,1,0,0,0,0,23,0,0,0,0,0
2004,61936,1,1,10,10,10,10,10,10,10,10,10,10
2004,61937,1,1,0,0,0,0,0,0,0,0,0,0
2004,61938,1,1,18,36,16,0,13,24,21,5,20,4
2004,61939,1,1,0,0,0,0,0,0,0,0,0,0
2004,61940,0,1,0,0,0,0,0,0,0,0,0,0
2004,61940,1,1,0,0,0,0,0,0,0,0,0,0
2004,61941,1,1,6,0,0,18,0,0,0,0,9,10
2004,61942,1,1,8,8,8,8,8,8,8,8,8,8
2004,61943,1,1,20,20,20,20,20,20,20,20,20,20
2004,61944,0,1,0,0,0,0,0,0,0,0,0,0
2004,61944,1,1,12,9,0,14,7,19,17,19,11,16
2004,61945,1,1,0,0,0,0,0,0,0,0,0,0
2004,61945,2,1,0,0,0,0,0,0,0,0,0,0
2004,61946,1,1,0,0,0,0,0,0,0,0,0,0
2004,61947,1,1,0,0,0,0,0,0,0,0,0,0
2004,61948,1,1,0,0,11,0,0,0,0,0,0,0
2004,61948,2,1,0,0,0,0,0,0,0,0,0,0
2004,61949,1,1,19,19,19,19,19,19,19,19,19,19
2004,61950,1,1,27,27,27,27,27,27,27,27,27,27
2004,61950,2,1,0,0,0,0,0,0,0,0,0,0
2004,61951,1,1,20,20,20,20,20,20,20,20,20,20
2004,61951,2,1,2,2,2,2,2,2,2,2,2,2
2004,61952,1,1,0,0,0,0,20,0,0,0,0,0
2004,61952,2,1,0,0,0,0,0,0,0,0,0,0
2004,61953,1,1,4,4,4,4,4,4,4,4,4,4
2004,61954,1,1,3,3,3,3,3,3,3,3,3,3
2004,61955,1,1,0,0,0,0,0,0,0,0,0,0
2004,61956,1,1,0,0,0,0,0,0,0,0,0,0
2004,61956,2,1,0,0,0,0,0,0,0,0,0,0
2004,61956,3,1,0,0,0,0,0,0,0,0,0,0
2004,61957,1,1,0,0,0,0,0,0,0,0,0,0
2004,61957,2,1,0,0,0,0,0,0,0,0,0,0
2004,61957,3,1,0,0,0,0,0,0,0,0,0,0
2004,61957,4,1,0,0,0,0,0,0,0,0,0,0
2004,61958,1,1,0,0,0,0,0,0,0,0,0,0
2004,61958,2,1,0,0,0,0,0,0,0,0,0,0
2004,61959,1,1,0,0,0,0,0,0,0,0,0,0
2004,61959,2,1,0,0,0,0,0,0,0,0,0,0
2004,61960,1,1,14,14,14,14,14,14,14,14,14,14
2004,61961,1,1,0,0,12,0,0,0,0,0,0,0
2004,61961,2,1,0,0,0,0,0,0,0,0,0,0
2004,61962,1,1,0,0,0,0,0,0,0,0,0,0
2004,61962,2,1,0,0,0,0,0,0,0,0,0,0
2004,61963,1,1,0,0,0,0,0,0,0,0,0,0
2004,61963,2,1,0,0,0,0,0,0,0,0,0,0
2004,61964,0,1,23,23,23,23,23,23,23,23,23,23
2004,61964,0,2,23,25,27,14,11,0,44,25,0,0
2004,61964,1,1,2,2,2,2,2,2,2,2,2,2
2004,61965,1,1,24,24,24,24,24,24,24,24,24,24
2004,61966,1,1,0,0,0,0,0,0,0,0,0,0
2004,61967,1,1,0,0,0,0,0,0,0,0,0,0
2004,61967,2,1,0,0,0,0,0,0,0,0,0,0
2004,61968,1,1,0,0,0,0,0,0,0,0,0,0
2004,61969,1,1,0,0,0,0,0,0,0,0,0,0
2004,61969,2,1,0,0,0,0,0,0,0,0,0,0
2004,61970,1,1,0,0,0,0,0,0,0,0,0,0
2004,61971,1,1,0,0,0,0,0,0,0,0,0,0
2004,61972,1,1,0,0,0,0,0,0,0,0,0,0
2004,61973,0,1,19,19,19,19,19,19,19,19,19,19
2004,61973,1,1,0,0,0,0,0,23,3,16,0,16
2004,61974,1,1,7,0,0,0,0,0,0,0,23,0
2004,61975,1,1,21,21,21,21,21,21,21,21,21,21
2004,61975,2,1,0,0,0,0,0,0,0,0,0,0
2004,61975,3,1,13,0,0,0,0,0,0,0,0,0
2004,61975,4,1,0,0,0,0,0,0,0,0,0,0
2004,61976,1,1,0,0,0,0,0,0,0,0,0,0
2004,61976,2,1,0,0,0,0,0,0,0,0,0,0
2004,61977,1,1,4,4,4,4,4,4,4,4,4,4
2004,61977,2,1,0,0,0,0,0,0,0,0,0,0
2004,61978,0,1,0,0,0,0,0,0,0,0,0,0
2004,61978,1,1,0,0,0,0,0,0,0,0,0,0
2004,61979,1,1,22,22,22,22,22,22,22,22,22,22
2004,61979,2,1,9,9,9,9,9,9,9,9,9,9
2004,61980,1,1,21,21,21,21,21,21,21,21,21,21
2004,61980,2,1,10,10,10,10,10,10,10,10,10,10
2004,61981,1,1,17,17,17,17,17,17,17,17,17,17
2004,61982,1,1,0,0,0,0,0,0,0,0,0,0
2004,61982,2,1,20,20,20,20,20,20,20,20,20,20
2004,61983,1,1,0,0,0,0,0,0,0,0,0,0
2004,61983,2,1,0,0,0,0,0,0,0,0,0,0
2004,61984,0,1,0,0,0,0,0,0,0,0,0,0
2004,61984,1,1,0,0,0,0,0,0,0,0,0,0
2004,61985,1,1,0,24,0,17,16,0,0,0,0,17
2004,61986,1,1,11,11,11,11,11,11,11,11,11,11
2004,61987,0,1,0,0,0,0,0,0,0,0,0,0
2004,61987,1,1,0,0,0,0,0,0,0,0,0,0
2004,61988,1,1,14,14,14,14,14,14,14,14,14,14
2004,61989,0,1,0,0,13,36,13,31,21,16,0,0
2004,61989,1,1,11,0,0,0,13,0,13,0,0,0
2004,61990,1,1,0,0,0,0,0,0,0,0,0,0
2004,61991,1,1,31,31,31,31,31,31,31,31,31,31
2004,61992,1,1,0,0,0,0,0,0,0,0,0,0
2004,61993,1,1,0,0,0,0,0,0,0,0,0,0
2004,61994,1,1,0,0,0,5,0,0,0,5,18,24
2004,61995,1,1,0,0,0,0,0,0,0,0,0,0
2004,61996,1,1,1,1,1,1,1,1,1,1,1,1
2004,61997,1,1,0,0,0,0,0,0,0,0,0,0
2004,61998,1,1,0,0,0,0,0,0,0,0,0,0
2004,61999,1,1,0,0,0,0,0,0,0,0,0,0
2004,61999,2,1,0,0,0,0,0,0,0,0,25,0
2004,62000,0,1,42,42,42,42,42,42,42,42,42,42
2004,62000,1,1,0,0,0,0,0,0,0,0,0,0
2004,62001,1,1,0,0,0,0,0,0,0,0,0,0
2004,62002,1,1,28,28,28,28,28,28,28,28,28,28
2004,62003,1,1,2,2,2,2,2,2,2,2,2,2
2004,62004,1,1,4,4,4,4,4,4,4,4,4,4
2004,62005,1,1,0,0,0,0,0,0,0,0,0,0
2004,62005,2,1,0,0,20,0,0,0,0,0,0,0
2004,62006,1,1,10,0,27,0,0,0,0,0,0,0
2004,62007,1,1,0,0,0,0,0,0,0,0,0,0
2004,62007,2,1,0,0,0,0,0,0,0,0,0,0
2004,62008,1,1,0,0,0,0,0,0,0,0,0,0
2004,62009,1,1,0,0,0,0,0,0,0,0,0,0
2004,62009,2,1,0,4,0,0,0,0,0,0,10,0
2004,62010,1,1,0,0,0,0,0,0,0,0,0,0
2004,62010,2,1,0,0,0,0,0,0,0,0,0,0
2004,62010,3,1,0,0,0,0,0,0,0,0,0,0
2004,62011,1,1,0,0,0,0,0,0,0,0,0,0
2004,62011,2,1,0,0,0,0,0,0,0,0,0,0
2004,62012,1,1,18,15,0,0,29,0,0,0,0,0
2004,62012,2,1,0,0,0,0,0,0,0,0,0,0
2004,62013,1,1,4,4,4,4,4,4,4,4,4,4
2004,62014,0,1,18,18,18,18,18,18,18,18,18,18
2004,62014,1,1,5,5,5,5,5,5,5,5,5,5
2004,62015,1,1,6,6,6,6,6,6,6,6,6,6
2004,62015,2,1,13,0,0,0,0,0,0,0,0,0
2004,62016,0,1,0,0,0,0,0,0,0,0,0,0
2004,62016,1,1,0,0,0,0,0,26,0,0,0,0
2004,62017,0,1,26,26,26,26,26,26,26,26,26,26
2004,62017,1,1,0,3,0,0,0,3,0,14,13,0
2004,62018,1,1,0,0,0,0,0,0,0,0,0,0
2004,62019,0,1,32,10,0,0,38,0,13,17,15,9
2004,62019,1,1,0,0,0,0,0,0,0,0,0,0
2004,62019,3,1,0,0,0,0,0,0,29,0,0,0
2004,62020,1,1,0,0,0,0,0,0,0,0,0,0
2004,62020,2,1,0,0,0,0,0,0,0,0,0,0
2004,62020,3,1,0,0,0,0,8,0,0,0,0,0
2004,62020,4,1,0,0,0,0,0,0,0,0,0,0
2004,62020,5,1,0,0,0,0,0,0,0,0,0,0
2004,62020,6,1,0,0,0,0,0,0,0,0,0,0
2004,62021,1,1,0,0,0,0,0,0,0,0,0,0
2004,62022,1,1,0,0,0,0,0,0,0,0,0,0
2004,62022,2,1,0,0,0,0,0,0,0,0,0,0
2004,62022,3,1,0,0,0,0,0,0,0,0,0,0
2004,62023,1,1,0,0,0,0,0,0,0,0,0,0
2004,62024,1,1,0,0,0,0,0,0,0,0,0,0
2004,62025,1,1,0,0,0,0,0,0,0,0,0,0
2004,62025,2,1,0,0,0,0,0,0,0,0,0,0
2004,62026,0,1,0,0,0,0,0,0,0,0,0,0
2004,62026,1,1,0,0,33,25,12,0,0,13,19,0
2004,62027,1,1,0,0,0,0,0,0,0,0,0,0
2004,62028,1,1,0,0,0,0,0,0,0,0,0,0
2004,62028,2,1,0,0,0,0,0,0,0,0,0,0
2004,62029,1,1,8,8,8,8,8,8,8,8,8,8
2004,62029,2,1,16,27,0,22,32,0,14,24,15,16
2004,62029,3,1,0,0,0,11,0,0,0,0,0,0
2004,62030,1,1,0,0,0,0,0,0,0,0,0,0
2004,62031,1,1,0,0,0,0,0,0,0,0,0,0
2004,62032,1,1,0,0,0,0,0,0,0,0,0,0
2004,62032,2,1,0,0,0,0,0,0,0,0,0,0
2004,62033,0,1,0,0,0,0,0,0,0,0,0,0
2004,62033,1,1,0,0,0,0,0,0,0,0,0,0
2004,62034,1,1,0,0,0,0,0,0,0,0,0,0
2004,62035,1,1,0,0,0,0,0,0,0,0,0,0
2004,62036,0,1,0,0,0,0,0,0,0,0,0,0
2004,62036,1,1,0,0,0,0,0,0,0,0,0,0
2004,62037,1,1,0,0,0,0,0,0,0,0,0,0
2004,62038,1,1,6,6,6,6,6,6,6,6,6,6
2004,62038,2,1,8,8,8,8,8,8,8,8,8,8
2004,62039,1,1,22,22,22,22,22,22,22,22,22,22
2004,62040,0,1,0,0,0,0,0,0,0,0,0,0
2004,62040,1,1,0,0,0,0,0,0,0,0,0,0
2004,62041,1,1,0,0,0,0,0,0,0,0,0,0
2004,62041,2,1,0,0,0,0,0,0,0,0,0,0
2004,62042,0,1,16,16,16,16,16,16,16,16,16,16
2004,62042,1,1,0,0,0,0,0,0,0,0,0,0
2004,62043,1,1,21,21,21,21,21,21,21,21,21,21
2004,62043,2,1,0,12,0,13,0,0,0,0,5,0
2004,62044,1,1,4,4,4,4,4,4,4,4,4,4
2004,62044,2,1,0,0,0,0,0,0,0,9,0,0
2004,62045,1,1,16,16,16,16,16,16,16,16,16,16
2004,62045,2,1,0,0,0,0,0,0,0,0,0,0
2004,62046,1,1,0,0,0,0,0,0,0,0,0,0
2004,62046,2,1,0,0,0,0,0,0,0,0,0,0
2004,62047,1,1,21,21,21,21,21,21,21,21,21,21
2004,62048,1,1,0,0,0,0,0,0,0,0,0,0
2004,62048,2,1,0,0,0,0,0,0,0,0,0,0
2004,62049,1,1,0,0,0,0,0,0,0,0,0,0
2004,62049,2,1,0,0,0,0,0,0,0,0,0,0
2004,62050,0,1,0,0,0,0,0,0,0,0,0,0
2004,62050,1,1,0,25,22,19,0,4,21,0,8,5
2004,62051,1,1,0,0,0,0,0,0,0,0,0,0
2004,62051,2,1,0,0,0,0,0,0,0,0,0,0
2004,62052,1,1,0,0,0,0,0,0,0,0,0,0
2004,62053,0,1,18,18,18,18,18,18,18,18,18,18
2004,62053,1,1,0,8,0,20,0,9,0,0,0,0
2004,62054,1,1,0,0,0,0,0,0,0,0,0,0
2004,62055,1,1,0,0,0,0,0,0,0,0,0,0
2004,62056,1,1,0,33,27,13,0,8,0,21,0,0
2004,62057,1,1,0,0,0,0,0,0,0,0,0,0
2004,62058,0,1,0,0,0,0,0,0,0,0,0,0
2004,62058,0,2,15,0,0,0,0,26,18,22,0,0
2004,62058,1,1,26,26,26,26,26,26,26,26,26,26
2004,62059,0,1,0,0,0,0,0,0,0,0,0,0
2004,62059,1,1,7,0,10,0,0,0,0,0,0,0
2004,62060,1,1,0,0,0,0,0,0,0,0,0,0
2004,62060,2,1,0,0,0,0,0,0,0,0,0,0
2004,62061,1,1,17,17,17,17,17,17,17,17,17,17
2004,62061,2,1,13,13,13,13,13,13,13,13,13,13
2004,62062,1,1,14,14,14,14,14,14,14,14,14,14
2004,62062,2,1,0,0,0,0,0,0,0,0,0,0
2004,62063,1,1,0,0,0,0,0,0,0,0,0,0
2004,62064,1,1,0,0,0,0,0,0,0,0,0,0
2004,62064,2,1,0,0,0,0,0,0,0,0,0,0
2004,62065,1,1,8,8,8,8,8,8,8,8,8,8
2004,62066,1,1,14,14,14,14,14,14,14,14,14,14
2004,62067,1,1,0,0,0,19,0,0,0,0,0,0
2004,62067,2,1,1,1,1,1,1,1,1,1,1,1
2004,62068,1,1,0,13,0,0,7,0,0,0,0,6
2004,62069,1,1,13,13,13,13,13,13,13,13,13,13
2004,62070,1,1,0,0,0,0,0,0,0,0,0,0
2004,62071,1,1,19,19,19,19,19,19,19,19,19,19
2004,62072,0,1,17,0,0,0,20,0,0,0,0,0
2004,62072,1,1,0,0,0,0,0,0,0,0,0,0
2004,62073,1,1,2,2,2,2,2,2,2,2,2,2
2004,62074,0,1,11,11,11,11,11,11,11,11,11,11
2004,62074,1,1,0,0,0,0,7,0,0,0,0,0
2004,62075,1,1,0,0,0,0,0,0,0,0,0,0
2004,62076,1,1,0,0,0,0,0,0,0,0,0,0
2004,62077,0,1,0,0,0,0,0,0,0,0,0,0
2004,62077,1,1,0,0,0,0,0,0,0,0,0,0
2004,62078,1,1,11,11,11,11,11,11,11,11,11,11
2004,62079,1,1,0,0,0,0,0,0,0,0,0,0
2004,62079,2,1,0,0,0,0,0,0,0,0,0,0
2004,62079,3,1,0,0,0,0,0,0,0,0,0,0
2004,62080,1,1,0,0,0,0,0,0,0,0,0,0
2004,62080,2,1,0,0,0,0,0,0,0,0,0,0
2004,62081,1,1,0,0,0,0,0,0,0,0,0,0
2004,62081,2,1,0,0,0,0,0,0,0,0,0,0
2004,62082,1,1,0,0,0,0,0,0,0,0,0,0
2004,62083,1,1,11,11,11,11,11,11,11,11,11,11
2004,62083,2,1,0,0,0,19,10,0,0,0,0,25
2004,62084,0,1,0,0,0,0,0,0,0,0,0,0
2004,62084,0,2,0,0,22,0,10,29,0,0,25,0
2004,62084,1,1,14,11,0,25,18,31,30,21,33,24
2004,62085,1,1,0,0,0,0,0,0,0,0,0,0
2004,62085,2,1,0,0,0,0,0,0,0,0,0,0
2004,62086,1,1,1,1,1,1,1,1,1,1,1,1
2004,62086,2,1,0,0,0,0,0,0,0,0,0,0
2004,62087,1,1,0,0,0,0,0,0,0,0,0,0
2004,62087,2,1,0,0,0,0,0,0,0,0,0,0
2004,62088,1,1,0,0,0,0,0,0,0,0,0,0
2004,62088,2,1,0,0,0,8,0,0,0,0,0,0
2004,62089,1,1,0,0,0,0,0,0,0,0,0,0
2004,62090,0,1,0,0,0,0,0,0,0,0,0,0
2004,62090,1,1,8,8,8,8,8,8,8,8,8,8
2004,62091,1,1,0,0,0,0,0,0,0,0,0,0
2004,62092,1,1,0,0,0,0,0,0,0,0,0,0
2004,62092,2,1,0,0,0,0,0,0,0,0,0,0
2004,62093,1,1,0,0,0,0,0,0,0,0,0,0
2004,62093,2,1,0,0,0,0,0,0,0,0,0,0
2004,62094,1,1,0,0,0,0,0,0,0,0,0,0
2004,62094,2,1,18,18,18,18,18,18,18,18,18,18
2004,62094,3,1,0,0,0,0,0,0,0,0,0,0
2004,62095,1,1,0,0,0,0,0,0,0,0,0,0
2004,62096,1,1,12,12,12,12,12,12,12,12,12,12
2004,62097,1,1,0,0,0,0,0,0,0,0,0,0
2004,62097,2,1,0,0,3,0,0,0,0,15,0,0
2004,62098,1,1,0,0,0,0,0,0,0,0,0,0
2004,62098,2,1,0,0,0,0,0,0,0,0,0,0
2004,62099,1,1,12,12,12,12,12,12,12,12,12,12
2004,62099,2,1,0,0,18,0,0,0,0,0,0,0
2004,62100,1,1,0,0,0,0,0,0,0,0,0,0
2004,62100,2,1,0,0,0,0,0,0,0,26,0,0
2004,62100,3,1,0,0,0,0,0,0,0,0,0,0
2004,62101,1,1,0,0,0,0,0,0,0,0,0,0
2004,62101,2,1,0,0,0,0,0,2,0,0,0,0
2004,62101,3,1,0,0,0,0,0,0,0,0,0,14
2004,62102,1,1,0,0,0,0,0,0,0,0,0,0
2004,62102,2,1,0,0,0,0,0,0,0,0,0,5
2004,62103,1,1,0,0,0,0,0,0,0,0,0,0
2004,62103,2,1,0,0,0,0,0,0,0,0,0,0
2004,62104,1,1,0,0,0,0,0,0,0,0,0,0
2004,62104,2,1,0,0,0,0,0,0,0,0,0,0
2004,62105,1,1,9,9,9,9,9,9,9,9,9,9
2004,62105,2,1,0,0,0,0,0,0,0,0,0,0
2004,62106,0,1,10,0,24,0,9,8,11,28,12,7
2004,62106,1,1,2,2,2,2,2,2,2,2,2,2
2004,62107,1,1,0,0,0,0,0,0,0,0,0,0
2004,62108,0,1,0,0,0,21,13,19,0,12,33,0
2004,62108,1,1,4,4,4,4,4,4,4,4,4,4
2004,62109,1,1,0,0,0,0,0,0,0,0,0,0
2004,62109,2,1,0,7,0,0,0,0,0,0,0,0
2004,62110,1,1,0,0,0,0,0,0,0,0,0,0
2004,62110,2,1,0,0,0,0,0,0,0,0,0,0
2004,62111,1,1,0,0,0,0,0,0,0,0,0,0
2004,62111,2,1,0,0,0,0,0,0,0,0,0,0
2004,62112,1,1,15,15,15,15,15,15,15,15,15,15
2004,62112,2,1,0,0,0,0,0,0,0,0,0,0
2004,62113,0,1,11,11,11,11,11,11,11,11,11,11
2004,62113,1,1,0,0,0,0,0,0,0,0,0,0
2004,62114,1,1,0,0,0,0,0,0,0,0,0,0
2004,62114,2,1,0,0,0,0,0,0,0,0,0,0
2004,62115,1,1,0,0,0,0,0,0,0,0,0,0
2004,62115,2,1,0,0,0,0,0,0,0,0,0,0
2004,62116,1,1,14,14,14,14,14,14,14,14,14,14
2004,62117,1,1,25,26,6,15,33,19,18,6,21,24
2004,62118,1,1,0,0,0,0,0,0,0,0,0,0
2004,62119,0,1,0,0,0,0,0,0,0,0,0,0
2004,62119,1,1,0,0,12,0,19,0,0,0,0,0
2004,62120,1,1,4,4,4,4,4,4,4,4,4,4
2004,62121,1,1,19,0,21,0,11,11,13,11,9,14
2004,62122,1,1,0,0,0,0,0,0,0,0,0,0
2004,62123,1,1,32,32,32,32,32,32,32,32,32,32
2004,62124,0,1,0,0,0,0,0,0,0,0,0,0
2004,62124,1,1,0,0,0,0,0,16,0,0,0,0
2004,62125,1,1,3,20,16,3,0,0,16,0,7,0
2004,62126,1,1,0,0,0,0,0,0,0,0,0,0
2004,62127,0,1,23,23,23,23,23,23,23,23,23,23
2004,62127,1,1,7,15,17,5,22,22,22,0,15,13
2004,62128,1,1,15,15,15,15,15,15,15,15,15,15
2004,62129,1,1,0,0,0,0,0,0,0,0,0,0
2004,62130,1,1,0,3,0,0,10,7,0,0,8,0
2004,62131,1,1,0,0,0,0,0,0,0,0,0,0
2004,62132,1,1,1,1,1,1,1,1,1,1,1,1
2004,62133,1,1,0,0,0,0,0,0,0,0,0,0
2004,62133,2,1,0,0,0,0,0,0,0,0,0,0
2004,62134,1,1,19,19,19,19,19,19,19,19,19,19
2004,62135,1,1,3,3,3,3,3,3,3,3,3,3
2004,62136,1,1,0,0,0,0,0,0,0,0,0,0
2004,62137,0,1,0,4,30,0,31,19,0,29,0,47
2004,62137,1,1,0,0,0,0,0,0,0,0,0,0
2004,62138,1,1,12,12,12,12,12,12,12,12,12,12
2004,62139,1,1,0,0,0,0,0,0,0,0,9,0
2004,62139,2,1,0,0,0,0,0,0,0,0,0,0
2004,62140,1,1,0,0,0,0,0,0,0,0,0,0
2004,62140,2,1,0,0,0,0,0,0,0,0,0,0
2004,62140,3,1,0,0,0,0,0,0,0,0,0,0
2004,62140,4,1,0,0,0,0,0,0,0,0,0,0
2004,62140,5,1,0,0,0,0,0,0,0,0,0,0
2004,62140,6,1,0,0,0,0,0,0,0,0,0,0
2004,62140,7,1,0,0,0,0,0,0,0,0,0,0
2004,62141,1,1,0,0,0,0,0,0,0,0,0,0
2004,62141,2,1,0,0,0,0,0,0,0,0,0,0
2004,62142,1,1,0,0,0,0,0,0,0,0,0,0
2004,62142,2,1,0,0,0,0,6,0,0,0,0,0
2004,62143,0,1,0,0,0,0,0,0,0,0,0,0
2004,62143,1,1,0,0,0,29,0,0,0,0,0,0
2004,62144,1,1,7,7,7,7,7,7,7,7,7,7
2004,62144,2,1,0,0,0,0,0,0,0,0,0,0
2004,62145,1,1,0,0,0,0,0,0,0,0,0,0
2004,62145,2,1,0,0,0,0,0,0,0,0,0,0
2004,62146,0,1,30,30,30,30,30,30,30,30,30,30
2004,62146,1,1,0,0,0,0,0,0,0,0,0,0
2004,62147,1,1,22,22,22,22,22,22,22,22,22,22
2004,62147,2,1,0,0,0,0,0,0,0,0,0,0
2004,62148,0,1,0,0,0,0,0,0,0,0,0,0
2004,62148,1,1,15,0,0,28,0,34,0,0,0,0
2004,62149,1,1,6,0,0,0,0,0,0,0,0,0
2004,62149,2,1,0,0,0,0,0,0,0,0,0,0
2004,62150,1,1,14,14,14,14,14,14,14,14,14,14
2004,62150,2,1,29,29,29,29,29,29,29,29,29,29
2004,62151,1,1,0,0,0,0,0,0,0,0,0,12
2004,62151,2,1,0,0,0,0,0,0,0,0,0,0
2004,62152,1,1,0,0,0,0,0,0,0,0,0,0
2004,62152,2,1,0,0,0,0,0,0,0,0,0,0
2004,62152,3,1,0,0,0,0,0,0,0,0,0,0
2004,62153,1,1,0,0,0,0,0,0,0,0,0,0
2004,62153,2,1,0,0,0,0,0,0,0,0,0,0
2004,62153,3,1,0,0,0,0,0,0,0,0,0,0
2004,62153,4,1,0,0,0,0,0,0,0,0,0,0
2004,62153,5,1,0,0,0,0,0,0,0,0,0,0
2004,62153,6,1,0,0,0,0,0,0,0,0,0,0
2004,62154,1,1,0,0,0,0,0,0,0,0,0,0
2004,62155,1,1,4,4,4,4,4,4,4,4,4,4
2004,62156,1,1,26,26,26,26,26,26,26,26,26,26
2004,62156,2,1,24,29,0,0,14,0,0,0,0,0
2004,62157,1,1,9,0,0,0,0,0,0,0,0,0
2004,62157,2,1,13,0,0,0,8,0,27,0,5,10
2004,62158,1,1,0,14,0,0,0,0,0,0,0,0
2004,62158,2,1,0,0,0,0,0,0,0,0,0,0
2004,62159,0,1,0,0,0,0,0,0,0,0,0,0
2004,62159,1,1,0,0,0,0,0,0,0,0,0,0
2004,62160,1,1,0,29,0,15,0,11,0,0,0,0
2004,62161,0,1,21,21,21,21,21,21,21,21,21,21
2004,62161,1,1,0,0,0,0,0,0,0,0,6,0
2004,62162,1,1,0,0,0,0,0,0,0,0,0,0
2004,62162,2,1,0,0,0,2,0,0,0,0,0,0
2004,62163,1,1,0,0,0,0,0,0,0,0,0,0
2004,62163,2,1,0,0,11,0,0,15,0,0,0,0
2004,62164,1,1,0,0,0,0,0,0,0,0,0,0
2004,62164,2,1,0,0,0,0,0,0,0,0,0,0
2004,62165,1,1,0,0,13,0,0,0,0,0,0,0
2004,62165,2,1,0,0,0,0,0,0,0,0,16,0
2004,62166,1,1,6,6,6,6,6,6,6,6,6,6
2004,62166,2,1,0,0,0,0,0,0,0,0,0,0
2004,62167,1,1,15,15,15,15,15,15,15,15,15,15
2004,62167,2,1,0,0,0,0,0,0,9,0,11,0
2004,62168,1,1,11,11,11,11,11,11,11,11,11,11
2004,62169,1,1,0,0,0,0,0,0,0,0,0,0
2004,62169,2,1,2,2,2,2,2,2,2,2,2,2
2004,62170,1,1,0,0,0,0,0,0,0,0,0,0
2004,62170,2,1,0,0,0,0,0,0,0,0,0,0
2004,62171,1,1,0,0,0,0,0,0,0,0,0,0
2004,62171,2,1,21,21,21,21,21,21,21,21,21,21
2004,62172,1,1,21,21,21,21,21,21,21,21,21,21