YEAR,ST_CASE,veh_no,per_no,P1,P2,P3,P4,P5,P6,P7,P8,P9,P10
2004,62172,2,1,0,0,0,0,0,0,0,0,0,0
2004,62172,3,1,0,0,30,0,0,0,0,21,0,0
2004,62173,1,1,0,0,0,0,0,0,0,0,0,0
2004,62173,2,1,0,0,0,0,0,0,0,0,0,0
2004,62174,1,1,0,0,0,0,0,0,0,0,0,0
2004,62174,2,1,0,0,0,0,0,0,0,0,0,0
2004,62175,1,1,0,0,0,0,0,0,0,0,0,0
2004,62176,1,1,0,0,0,0,0,0,0,0,0,0
2004,62176,2,1,0,0,0,0,0,0,0,0,0,0
2004,62177,1,1,16,16,16,16,16,16,16,16,16,16
2004,62178,0,1,29,29,29,29,29,29,29,29,29,29
2004,62178,1,1,0,0,0,0,0,0,0,0,0,0
2004,62179,1,1,0,0,0,0,0,0,0,0,0,0
2004,62180,0,1,0,0,0,0,0,0,0,0,0,0
2004,62180,1,1,0,27,0,0,0,3,0,0,0,0
2004,62181,1,1,15,15,15,15,15,15,15,15,15,15
2004,62181,2,1,0,0,0,0,0,0,0,0,0,0
2004,62182,1,1,0,0,0,0,0,0,0,0,0,0
2004,62182,2,1,0,0,0,0,0,0,0,0,0,0
2004,62182,3,1,0,0,0,0,0,0,0,0,0,0
2004,62183,1,1,0,0,0,0,0,0,0,0,0,0
2004,62183,2,1,0,0,0,0,0,0,0,0,0,0
2004,62184,1,1,23,27,17,19,13,18,16,25,23,10
2004,62184,2,1,0,0,0,0,0,0,0,0,0,0
2004,62184,3,1,0,16,0,0,0,0,15,0,0,19
2004,62184,4,1,0,0,34,0,0,17,0,17,26,0
2004,62185,1,1,0,0,0,0,0,0,0,0,0,0
2004,62185,2,1,0,0,0,0,0,0,0,0,0,0
2004,62186,0,1,0,0,0,0,0,0,0,0,0,0
2004,62186,0,2,0,0,0,0,0,0,0,0,0,0
2004,62186,1,1,0,0,0,0,0,24,5,0,26,0
2004,62187,1,1,0,0,0,0,0,0,0,0,0,0
2004,62187,2,1,0,0,0,0,0,0,0,0,0,0
2004,62188,1,1,15,0,0,14,0,0,0,0,15,11
2004,62188,2,1,0,0,0,0,0,0,0,0,0,0
2004,62189,1,1,16,21,11,12,14,6,7,16,21,18
2004,62189,2,1,0,0,0,0,0,0,0,0,0,0
2004,62190,1,1,0,0,0,0,0,0,0,0,0,0
2004,62190,2,1,0,0,0,0,0,0,0,0,0,0
2004,62191,1,1,0,0,0,0,0,0,0,0,0,0
2004,62191,2,1,0,0,0,0,0,0,0,0,0,0
2004,62192,1,1,0,0,0,0,0,0,0,0,0,0
2004,62193,1,1,0,0,0,0,0,0,0,0,0,0
2004,62194,0,1,0,0,0,0,0,0,0,0,0,0
2004,62194,1,1,0,0,0,0,0,0,0,0,0,0
2004,62195,0,1,0,0,0,0,0,0,0,0,0,0
2004,62195,1,1,0,0,0,0,0,19,10,0,0,0
2004,62196,1,1,0,0,0,0,0,0,0,0,0,0
2004,62197,1,1,0,0,0,0,0,0,0,0,0,0
2004,62198,1,1,0,0,0,0,0,0,0,0,0,0
2004,62199,1,1,0,0,0,0,0,0,0,0,0,0
2004,62200,0,1,0,0,0,0,0,0,0,0,0,0
2004,62200,1,1,0,0,0,0,0,0,0,0,0,0
2004,62201,1,1,0,0,0,0,0,0,0,0,0,0
2004,62202,1,1,0,0,0,0,0,0,0,0,0,0
2004,62202,2,1,0,0,0,0,0,0,0,0,0,0
2004,62203,1,1,0,0,0,0,0,0,0,0,0,0
2004,62203,2,1,0,0,0,0,0,0,0,0,0,0
2004,62204,1,1,0,0,0,0,0,0,0,0,0,0
2004,62205,0,1,0,0,0,0,0,0,0,0,0,0
2004,62205,1,1,0,0,0,0,0,0,0,0,0,0
2004,62206,1,1,0,0,0,0,0,0,0,0,0,0
2004,62207,1,1,0,0,0,0,0,0,0,0,0,0
2004,62208,1,1,0,0,0,0,0,0,0,0,0,0
2004,62208,2,1,0,0,0,0,0,0,0,0,0,0
2004,62209,1,1,16,0,8,16,0,0,35,0,0,20
2004,62209,2,1,0,0,0,0,0,0,0,0,0,0
2004,62210,0,1,28,28,28,28,28,28,28,28,28,28
2004,62210,1,1,0,0,0,0,0,0,0,0,0,0
2004,62210,2,1,0,0,0,0,0,0,0,19,0,0
2004,62211,1,1,16,16,16,16,16,16,16,16,16,16
2004,62212,1,1,0,0,0,0,0,0,0,0,0,0
2004,62212,2,1,0,0,0,0,0,0,0,0,0,0
2004,62213,1,1,0,0,0,0,0,0,0,0,0,0
2004,62213,2,1,0,0,0,0,0,0,0,0,0,0
2004,62214,1,1,5,5,5,5,5,5,5,5,5,5
2004,62214,2,1,0,0,0,0,0,0,0,0,0,0
2004,62215,1,1,0,0,0,0,0,0,0,0,0,0
2004,62215,2,1,0,0,0,0,0,0,0,0,0,0
2004,62216,1,1,5,5,5,5,5,5,5,5,5,5
2004,62216,2,1,0,0,0,0,0,24,0,0,0,0
2004,62216,3,1,6,6,0,7,16,0,0,0,0,0
2004,62217,1,1,0,0,0,0,0,0,0,0,0,0
2004,62217,2,1,0,0,0,0,0,0,0,0,0,0
2004,62218,1,1,10,10,10,10,10,10,10,10,10,10
2004,62218,2,1,0,0,0,0,0,0,0,0,0,0
2004,62219,1,1,0,0,0,0,0,0,0,0,0,0
2004,62219,2,1,0,0,0,0,0,0,0,0,0,0
2004,62220,1,1,0,0,0,0,0,0,0,0,0,0
2004,62220,2,1,0,0,0,0,0,0,0,0,0,0
2004,62220,3,1,0,0,0,0,0,0,0,0,0,0
2004,62221,1,1,0,0,0,0,0,0,0,0,0,0
2004,62221,2,1,0,0,0,0,0,0,21,0,0,0
2004,62222,1,1,14,14,14,14,14,14,14,14,14,14
2004,62222,2,1,0,0,0,0,0,0,0,0,0,0
2004,62223,1,1,0,0,0,0,0,0,0,0,0,0
2004,62223,2,1,0,0,0,0,0,0,0,0,0,0
2004,62224,1,1,1,1,1,1,1,1,1,1,1,1
2004,62224,2,1,0,0,0,0,0,0,0,0,0,0
2004,62225,1,1,7,7,7,7,7,7,7,7,7,7
2004,62226,1,1,0,0,0,0,0,0,0,0,0,0
2004,62227,1,1,12,12,12,12,12,12,12,12,12,12
2004,62227,2,1,0,0,0,0,15,0,0,0,0,0
2004,62228,1,1,33,33,33,33,33,33,33,33,33,33
2004,62228,2,1,0,0,0,0,0,0,0,0,0,0
2004,62229,1,1,0,0,0,0,0,0,0,0,0,0
2004,62229,2,1,0,0,0,0,0,0,0,0,0,0
2004,62230,0,1,0,0,0,0,0,0,0,0,0,0
2004,62230,1,1,0,0,0,0,0,0,0,0,0,0
2004,62231,1,1,0,0,0,0,0,0,0,0,0,0
2004,62231,2,1,0,0,0,17,0,0,0,0,20,0
2004,62232,1,1,25,25,25,25,25,25,25,25,25,25
2004,62233,0,1,0,0,0,0,0,0,0,0,0,0
2004,62233,1,1,0,0,0,0,0,0,0,0,0,0
2004,62234,1,1,0,0,0,0,0,0,0,0,0,0
2004,62234,2,1,0,0,0,0,0,13,0,0,0,0
2004,62235,1,1,6,6,6,6,6,6,6,6,6,6
2004,62236,1,1,0,0,0,0,0,0,0,0,0,0
2004,62237,1,1,0,0,18,0,22,0,0,22,14,0
2004,62237,2,1,0,0,0,0,0,0,0,0,0,0
2004,62238,1,1,0,0,0,0,0,9,15,11,0,19
2004,62238,2,1,0,0,0,0,0,0,0,0,0,0
2004,62238,3,1,0,0,0,0,0,0,0,0,0,0
2004,62239,1,1,11,11,11,11,11,11,11,11,11,11
2004,62239,2,1,0,0,0,0,0,0,0,0,0,0
2004,62239,3,1,0,0,0,0,0,0,0,0,0,0
2004,62240,1,1,0,0,0,0,0,0,0,0,0,0
2004,62240,2,1,0,0,0,0,0,0,0,0,0,0
2004,62241,1,1,0,0,0,0,0,0,0,0,0,0
2004,62241,2,1,0,0,0,0,0,0,0,0,0,0
2004,62242,1,1,0,0,0,0,0,0,0,0,0,25
2004,62242,2,1,0,0,0,0,0,0,0,0,0,0
2004,62242,3,1,0,3,0,0,0,0,0,0,0,0
2004,62242,4,1,0,0,0,18,0,0,0,0,0,0
2004,62243,1,1,13,13,13,13,13,13,13,13,13,13
2004,62243,2,1,0,0,0,0,0,0,0,0,0,0
2004,62244,1,1,0,0,0,0,0,0,0,0,0,0
2004,62245,1,1,0,0,0,0,0,0,0,0,0,0
2004,62245,2,1,0,0,0,0,0,0,0,0,0,0
2004,62245,3,1,0,0,0,0,0,0,0,0,0,0
2004,62246,1,1,0,0,0,0,0,0,0,0,0,0
2004,62247,1,1,0,0,0,0,0,0,0,0,0,0
2004,62247,2,1,0,0,0,0,0,0,0,0,0,0
2004,62248,1,1,31,31,31,31,31,31,31,31,31,31
2004,62248,2,1,0,0,0,0,0,0,0,0,0,0
2004,62249,1,1,10,10,10,10,10,10,10,10,10,10
2004,62249,2,1,5,5,5,5,5,5,5,5,5,5
2004,62250,1,1,14,14,14,14,14,14,14,14,14,14
2004,62251,1,1,16,16,16,16,16,16,16,16,16,16
2004,62252,1,1,0,0,11,28,0,0,0,0,0,0
2004,62253,0,1,0,0,0,0,0,0,0,0,0,0
2004,62253,1,1,0,0,0,0,0,0,0,0,0,0
2004,62254,1,1,0,0,0,0,0,0,0,0,0,0
2004,62255,1,1,24,24,24,24,24,24,24,24,24,24
2004,62256,1,1,18,18,18,18,18,18,18,18,18,18
2004,62257,1,1,0,0,0,0,0,0,0,0,0,0
2004,62257,2,1,0,0,0,0,0,0,0,0,0,0
2004,62258,1,1,9,9,9,9,9,9,9,9,9,9
2004,62259,1,1,17,17,17,17,17,17,17,17,17,17
2004,62260,1,1,11,11,11,11,11,11,11,11,11,11
2004,62261,1,1,0,0,0,0,0,0,0,0,17,0
2004,62262,1,1,7,7,7,7,7,7,7,7,7,7
2004,62263,1,1,19,17,32,9,2,11,13,10,17,4
2004,62264,1,1,42,42,42,42,42,42,42,42,42,42
2004,62265,1,1,0,0,0,0,0,12,0,0,0,0
2004,62266,0,1,24,24,24,24,24,24,24,24,24,24
2004,62266,1,1,0,0,0,0,0,0,0,10,0,0
2004,62267,0,1,0,0,0,0,0,0,0,0,0,0
2004,62267,1,1,21,7,0,0,0,0,0,0,0,0
2004,62268,1,1,0,0,0,0,0,0,0,0,0,0
2004,62269,0,1,17,17,17,17,17,17,17,17,17,17
2004,62269,1,1,0,0,0,0,0,0,0,0,0,0
2004,62270,1,1,0,0,0,0,25,0,0,29,15,0
2004,62271,1,1,21,21,21,21,21,21,21,21,21,21
2004,62272,0,1,0,0,0,0,0,0,0,0,0,0
2004,62272,1,1,0,0,0,0,0,0,0,0,0,0
2004,62273,1,1,0,0,0,0,0,0,0,0,0,0
2004,62273,2,1,0,0,0,0,7,12,0,0,0,0
2004,62273,3,1,0,0,0,0,0,0,0,0,0,0
2004,62274,1,1,0,0,0,0,0,0,0,0,0,0
2004,62274,2,1,0,0,0,0,0,0,0,0,0,0
2004,62274,3,1,0,0,0,0,0,0,0,0,0,0
2004,62275,1,1,0,0,0,0,0,0,0,0,0,0
2004,62275,2,1,0,0,0,0,0,0,0,0,0,0
2004,62276,1,1,0,0,0,0,0,0,0,0,0,0
2004,62276,2,1,0,0,0,0,0,0,0,0,0,0
2004,62277,1,1,0,0,0,0,0,0,0,0,0,0
2004,62277,2,1,0,0,0,0,0,0,0,0,0,0
2004,62278,1,1,22,22,22,22,22,22,22,22,22,22
2004,62278,2,1,0,0,0,0,0,0,0,0,0,0
2004,62279,1,1,0,0,0,0,0,0,0,0,0,0
2004,62279,2,1,0,0,0,0,0,0,0,0,0,0
2004,62280,1,1,0,0,0,0,0,0,0,0,0,0
2004,62281,1,1,0,4,0,0,6,0,0,0,0,0
2004,62281,2,1,17,17,17,17,17,17,17,17,17,17
2004,62282,1,1,1,1,1,1,1,1,1,1,1,1
2004,62282,2,1,0,0,0,0,0,0,0,0,0,0
2004,62283,1,1,0,0,0,0,0,0,0,0,0,0
2004,62283,2,1,0,0,0,0,0,0,0,0,0,0
2004,62284,1,1,0,0,0,0,0,0,0,0,0,14
2004,62285,1,1,0,0,0,0,0,0,0,0,0,0
2004,62286,1,1,11,11,11,11,11,11,11,11,11,11
2004,62287,1,1,4,4,4,4,4,4,4,4,4,4
2004,62288,1,1,0,0,0,0,0,0,0,0,0,0
2004,62289,1,1,0,0,0,0,0,0,0,0,0,0
2004,62290,1,1,0,0,0,0,0,0,0,0,0,0
2004,62291,1,1,5,5,5,5,5,5,5,5,5,5
2004,62292,1,1,5,5,5,5,5,5,5,5,5,5
2004,62293,1,1,0,0,0,0,0,0,0,0,0,0
2004,62294,1,1,0,9,0,0,0,0,0,0,0,0
2004,62295,0,1,0,0,0,0,0,0,0,0,0,0
2004,62295,1,1,0,0,0,0,0,0,0,0,0,0
2004,62296,1,1,0,0,0,0,0,0,8,0,0,0
2004,62296,2,1,0,0,0,0,0,0,0,0,0,0
2004,62297,1,1,0,0,0,0,0,0,0,0,0,0
2004,62297,2,1,0,0,0,0,0,0,0,0,0,0
2004,62297,3,1,0,0,0,0,0,0,0,0,0,0
2004,62297,4,1,0,0,0,0,0,0,0,0,0,0
2004,62298,1,1,0,0,0,0,0,0,0,0,0,0
2004,62298,2,1,0,0,0,0,0,0,0,0,0,0
2004,62299,0,1,0,0,0,0,0,0,0,0,0,0
2004,62299,1,1,0,0,0,0,0,0,0,0,0,0
2004,62300,1,1,0,0,25,0,0,0,0,0,0,0
2004,62300,2,1,0,0,0,10,0,0,0,0,0,0
2004,62301,1,1,0,0,0,0,0,0,0,0,0,0
2004,62301,2,1,0,0,0,0,0,0,0,0,0,0
2004,62302,0,1,0,0,0,0,0,0,0,0,0,0
2004,62302,1,1,0,0,0,0,0,0,0,0,0,0
2004,62303,1,1,28,28,28,28,28,28,28,28,28,28
2004,62304,1,1,23,23,23,23,23,23,23,23,23,23
2004,62304,2,1,15,15,15,15,15,15,15,15,15,15
2004,62305,1,1,0,0,0,0,0,0,0,0,0,0
2004,62305,2,1,0,0,0,0,0,0,0,0,0,0
2004,62306,1,1,0,0,0,0,0,0,0,0,0,0
2004,62307,1,1,0,0,0,0,0,0,0,0,0,0
2004,62307,2,1,0,0,0,0,0,0,0,0,0,0
2004,62308,1,1,11,12,14,0,0,0,18,15,0,0
2004,62309,0,1,0,0,0,0,0,0,0,0,0,0
2004,62309,1,1,20,23,0,0,8,4,0,22,0,4
2004,62310,1,1,0,15,0,0,0,0,0,0,25,0
2004,62310,2,1,0,0,0,0,0,0,0,0,0,0
2004,62310,3,1,0,0,0,0,0,0,0,0,0,0
2004,62310,4,1,0,0,0,0,0,0,0,0,0,0
2004,62310,5,1,0,0,0,0,0,2,6,0,0,0
2004,62311,1,1,12,12,12,12,12,12,12,12,12,12
2004,62312,1,1,0,0,0,0,0,0,0,0,0,0
2004,62312,2,1,0,0,0,0,0,0,0,0,0,0
2004,62313,0,1,0,0,0,0,0,0,0,0,0,0
2004,62313,1,1,36,26,0,0,0,0,0,0,0,0
2004,62313,2,1,0,0,0,0,0,0,0,0,0,0
2004,62314,1,1,0,0,0,0,0,0,0,0,0,0
2004,62315,1,1,11,0,0,0,0,0,0,0,0,0
2004,62315,2,1,0,12,0,13,5,0,0,0,0,0
2004,62316,0,1,0,0,0,0,0,0,0,0,0,0
2004,62316,1,1,0,0,0,0,0,0,0,0,0,0
2004,62317,1,1,0,0,0,0,0,0,0,0,0,0
2004,62318,0,1,0,0,0,0,0,0,0,0,0,0
2004,62318,1,1,0,0,0,0,0,0,0,0,0,0
2004,62319,1,1,11,11,11,11,11,11,11,11,11,11
2004,62320,1,1,11,11,11,11,11,11,11,11,11,11
2004,62321,1,1,4,4,4,4,4,4,4,4,4,4
2004,62322,1,1,28,28,28,28,28,28,28,28,28,28
2004,62323,1,1,0,0,0,0,0,0,0,0,0,0
2004,62324,1,1,18,18,18,18,18,18,18,18,18,18
2004,62325,1,1,0,0,0,0,0,0,0,0,0,0
2004,62326,1,1,0,0,0,0,0,0,0,0,0,0
2004,62327,1,1,0,0,0,0,0,0,0,0,0,0
2004,62327,2,1,0,0,0,0,0,0,0,0,0,0
2004,62328,1,1,0,0,0,0,0,0,0,0,0,0
2004,62328,2,1,0,0,0,0,0,0,0,0,0,0
2004,62328,3,1,0,0,0,0,0,0,0,0,0,0
2004,62329,1,1,22,22,22,22,22,22,22,22,22,22
2004,62329,2,1,0,0,0,0,0,0,0,0,0,0
2004,62330,1,1,8,8,8,8,8,8,8,8,8,8
2004,62330,2,1,0,6,0,0,28,0,0,0,0,0
2004,62331,1,1,15,15,15,15,15,15,15,15,15,15
2004,62331,2,1,0,0,0,0,0,0,0,0,0,0
2004,62332,1,1,0,0,0,0,0,0,0,0,0,0
2004,62332,2,1,0,0,0,0,0,0,0,0,0,0
2004,62333,1,1,0,0,0,0,0,0,0,0,0,0
2004,62333,2,1,0,0,0,0,0,0,0,0,0,0
2004,62334,0,1,0,0,0,0,0,0,0,0,0,0
2004,62334,1,1,0,0,0,0,0,0,0,0,0,0
2004,62335,0,1,0,0,0,0,0,0,0,0,0,0
2004,62335,1,1,8,8,8,8,8,8,8,8,8,8
2004,62336,1,1,16,0,0,6,0,21,0,0,0,0
2004,62337,1,1,16,16,16,16,16,16,16,16,16,16
2004,62337,2,1,0,0,0,0,0,0,0,7,0,0
2004,62338,1,1,19,19,19,19,19,19,19,19,19,19
2004,62339,1,1,11,11,11,11,11,11,11,11,11,11
2004,62339,2,1,0,27,0,0,0,0,0,0,0,0
2004,62340,1,1,0,0,0,0,0,0,0,0,0,0
2004,62340,2,1,0,0,0,0,0,0,0,0,0,0
2004,62341,1,1,0,0,0,0,0,0,0,0,0,0
2004,62341,2,1,0,0,0,0,0,0,0,0,0,0
2004,62342,1,1,0,0,0,0,0,0,0,9,0,0
2004,62342,2,1,17,0,0,0,0,0,0,0,0,0
2004,62343,1,1,0,0,0,0,0,0,0,0,0,0
2004,62343,2,1,0,0,4,0,0,0,23,0,0,0
2004,62343,3,1,0,0,0,0,0,0,0,0,0,0
2004,62344,1,1,0,0,0,0,0,0,0,0,0,0
2004,62344,2,1,0,0,0,0,0,0,0,0,0,0
2004,62345,1,1,0,0,0,0,0,0,0,0,0,10
2004,62345,2,1,0,0,0,0,0,0,0,0,0,0
2004,62346,0,1,0,0,0,0,0,0,0,0,0,0
2004,62346,1,1,1,1,1,1,1,1,1,1,1,1
2004,62347,0,1,0,0,0,0,0,0,0,0,0,0
2004,62347,1,1,0,0,0,0,0,0,0,0,0,0
2004,62348,1,1,16,16,16,16,16,16,16,16,16,16
2004,62349,1,1,0,0,0,0,0,0,0,0,0,0
2004,62350,1,1,13,13,13,13,13,13,13,13,13,13
2004,62350,2,1,0,0,0,0,0,0,4,0,12,0
2004,62351,1,1,6,6,6,6,6,6,6,6,6,6
2004,62351,2,1,0,0,9,0,0,0,0,0,0,0
2004,62352,1,1,13,13,13,13,13,13,13,13,13,13
2004,62352,2,1,0,0,10,0,0,0,0,0,10,0
2004,62353,0,1,14,0,0,0,28,0,0,31,0,0
2004,62353,1,1,15,0,0,17,0,0,0,8,0,0
2004,62354,1,1,0,0,0,0,0,0,0,0,0,0
2004,62354,2,1,0,0,0,0,0,0,0,0,0,0
2004,62355,1,1,0,0,0,0,0,0,0,0,0,0
2004,62355,2,1,2,2,2,2,2,2,2,2,2,2
2004,62356,1,1,0,0,0,0,0,0,0,0,0,0
2004,62356,2,1,0,10,0,0,25,46,0,0,0,0
2004,62357,1,1,0,0,0,0,0,0,0,0,0,0
2004,62358,1,1,0,0,0,0,0,0,0,0,0,0
2004,62359,0,1,0,0,0,0,0,0,0,0,0,0
2004,62359,0,2,0,0,0,0,0,0,0,0,0,0
2004,62359,1,1,11,0,0,0,0,0,0,0,0,0
2004,62360,1,1,0,0,0,0,0,0,0,0,0,0
2004,62360,2,1,0,0,0,0,0,0,0,0,0,0
2004,62361,1,1,13,13,13,13,13,13,13,13,13,13
2004,62361,2,1,15,15,15,15,15,15,15,15,15,15
2004,62361,3,1,0,0,0,0,0,0,0,0,0,0
2004,62362,1,1,0,0,0,0,0,0,0,0,0,0
2004,62362,2,1,0,0,0,0,0,16,0,0,0,9
2004,62363,1,1,18,10,14,24,10,12,25,3,17,6
2004,62363,2,1,0,0,0,0,0,0,0,0,0,0
2004,62364,1,1,5,5,5,5,5,5,5,5,5,5
2004,62364,2,1,15,15,15,15,15,15,15,15,15,15
2004,62365,1,1,0,0,0,0,7,0,0,0,0,0
2004,62365,2,1,0,0,0,0,0,0,0,0,0,0
2004,62366,0,1,0,0,0,0,0,0,0,0,0,0
2004,62367,1,1,19,19,19,19,19,19,19,19,19,19
2004,62368,1,1,10,10,10,10,10,10,10,10,10,10
2004,62369,1,1,0,0,0,0,0,0,0,0,0,0
2004,62370,1,1,8,0,0,0,14,13,0,24,22,0
2004,62371,0,1,37,37,37,37,37,37,37,37,37,37
2004,62371,1,1,0,0,20,0,0,0,0,8,0,0
2004,62372,1,1,0,0,0,0,0,0,0,0,0,0
2004,62373,1,1,0,0,0,0,0,0,0,0,0,0
2004,62374,1,1,15,15,15,15,15,15,15,15,15,15
2004,62375,1,1,5,5,5,5,5,5,5,5,5,5
2004,62376,0,1,21,21,21,21,21,21,21,21,21,21
2004,62376,1,1,0,0,0,0,0,0,0,14,0,0
2004,62377,1,1,0,0,0,0,0,9,0,0,0,11
2004,62378,1,1,0,0,0,0,0,0,0,0,0,0
2004,62379,1,1,0,0,0,0,0,0,0,0,0,0
2004,62380,1,1,0,0,0,0,0,0,0,32,0,0
2004,62381,0,1,29,29,29,29,29,29,29,29,29,29
2004,62381,1,1,0,6,9,18,10,0,0,9,0,17
2004,62382,1,1,21,21,21,21,21,21,21,21,21,21
2004,62383,1,1,0,0,0,0,0,0,0,0,0,0
2004,62384,0,1,7,7,7,7,7,7,7,7,7,7
2004,62384,0,2,0,0,0,30,0,0,15,7,16,0
2004,62384,1,1,0,0,0,0,0,0,0,0,0,3
2004,62385,1,1,0,0,0,0,0,0,0,0,0,0
2004,62386,0,1,0,0,0,0,0,0,0,0,0,0
2004,62386,1,1,0,0,0,0,0,0,0,0,0,0
2004,62387,1,1,0,0,0,0,0,0,0,0,0,0
2004,62388,1,1,0,0,0,0,0,0,0,0,0,0
2004,62389,1,1,0,0,0,0,0,0,0,0,0,0
2004,62390,1,1,0,0,0,14,0,0,19,24,16,0
2004,62391,1,1,2,2,2,2,2,2,2,2,2,2
2004,62392,1,1,18,18,18,18,18,18,18,18,18,18
2004,62393,1,1,0,0,0,0,0,0,0,0,0,0
2004,62394,1,1,22,22,22,22,22,22,22,22,22,22
2004,62394,2,1,0,0,0,0,0,0,0,0,0,0
2004,62395,1,1,0,20,35,0,28,0,18,0,0,15
2004,62396,1,1,0,0,0,0,0,15,0,0,0,0
2004,62396,2,1,0,0,0,0,0,0,0,0,0,0
2004,62397,1,1,0,0,0,0,0,0,0,0,0,0
2004,62397,2,1,0,0,0,0,0,0,0,0,0,0
2004,62398,1,1,0,0,0,0,0,0,0,0,0,0
2004,62399,0,1,0,0,0,0,0,0,0,0,0,0
2004,62399,1,1,0,0,0,7,0,13,0,0,0,0
2004,62400,1,1,0,0,0,0,0,0,0,0,0,0
2004,62400,2,1,0,0,0,0,0,0,0,0,0,0
2004,62400,3,1,0,0,0,0,0,0,0,0,0,0
2004,62401,0,1,0,0,0,0,0,0,0,0,0,0
2004,62401,1,1,0,0,0,0,0,0,0,0,0,0
2004,62402,0,1,0,0,0,0,0,0,0,0,0,0
2004,62402,1,1,0,0,0,0,0,0,0,0,0,0
2004,62403,1,1,0,0,0,0,0,0,0,0,0,14
2004,62403,2,1,0,0,0,0,0,0,0,0,0,0
2004,62404,1,1,0,0,0,0,0,0,0,0,7,0
2004,62405,1,1,0,0,0,0,0,0,0,0,0,0
2004,62405,2,1,0,0,0,0,0,0,0,0,0,0
2004,62406,1,1,0,0,0,0,0,4,0,0,0,0
2004,62406,2,1,0,0,0,0,0,0,0,0,0,0
2004,62407,1,1,0,0,0,0,0,0,0,0,0,0
2004,62407,2,1,0,0,0,0,0,0,0,0,0,0
2004,62408,1,1,0,0,0,0,0,0,0,0,0,0
2004,62408,2,1,0,0,0,0,0,0,0,0,0,0
2004,62409,1,1,26,26,26,26,26,26,26,26,26,26
2004,62410,0,1,0,0,0,0,0,0,0,0,0,0
2004,62410,1,1,0,0,0,0,0,0,0,0,0,0
2004,62411,1,1,19,19,19,19,19,19,19,19,19,19
2004,62411,2,1,4,0,0,8,0,0,0,0,0,11
2004,62412,1,1,15,15,15,15,15,15,15,15,15,15
2004,62413,0,1,0,0,0,0,0,0,0,0,0,0
2004,62413,1,1,0,0,0,0,0,0,0,0,0,0
2004,62414,1,1,19,19,19,19,19,19,19,19,19,19
2004,62415,1,1,0,0,0,0,0,0,0,0,0,0
2004,62416,1,1,0,0,0,0,0,0,0,0,0,0
2004,62417,1,1,0,0,0,0,0,0,0,0,0,0
2004,62418,0,1,0,0,0,0,0,0,0,0,0,0
2004,62418,1,1,0,0,0,0,0,0,0,0,0,0
2004,62419,1,1,0,0,0,0,0,0,0,0,0,0
2004,62420,1,1,0,0,0,0,0,0,19,0,0,0
2004,62420,2,1,9,9,9,9,9,9,9,9,9,9
2004,62421,1,1,0,0,0,0,0,0,0,0,0,0
2004,62421,2,1,0,0,0,0,0,0,0,0,0,0
2004,62421,3,1,0,0,0,0,0,0,0,4,0,0
2004,62422,1,1,15,0,0,0,0,0,0,0,19,0
2004,62423,1,1,0,0,0,0,0,0,0,9,0,0
2004,62423,2,1,0,0,20,0,2,0,9,10,0,0
2004,62424,1,1,22,22,22,22,22,22,22,22,22,22
2004,62425,1,1,20,29,24,21,16,2,23,0,0,6
2004,62426,1,1,9,9,9,9,9,9,9,9,9,9
2004,62427,1,1,16,16,16,16,16,16,16,16,16,16
2004,62427,2,1,2,2,2,2,2,2,2,2,2,2
2004,62428,1,1,0,0,0,0,0,0,0,0,0,0
2004,62428,2,1,0,0,0,0,0,3,0,0,0,0
2004,62429,1,1,0,6,8,18,6,0,10,24,20,16
2004,62430,1,1,0,28,9,0,0,0,13,0,0,0
2004,62430,2,1,0,0,0,0,0,0,0,0,0,0
2004,62431,1,1,0,0,0,0,0,0,0,0,0,0
2004,62431,2,1,0,0,0,0,0,0,0,0,0,0
2004,62432,1,1,15,15,15,15,15,15,15,15,15,15
2004,62432,2,1,0,0,0,0,0,0,0,0,0,0
2004,62433,1,1,0,0,0,0,0,0,0,0,0,0
2004,62434,1,1,0,0,0,0,0,0,0,0,0,0
2004,62434,2,1,0,0,0,0,0,0,0,0,0,0
2004,62435,1,1,0,0,0,0,0,0,0,0,0,0
2004,62435,2,1,0,0,0,0,0,0,0,0,0,0
2004,62435,3,1,0,0,0,0,0,0,0,0,0,0
2004,62436,1,1,0,0,0,0,0,0,0,0,0,0
2004,62436,2,1,0,0,0,0,0,0,0,0,0,0
2004,62437,1,1,19,19,19,19,19,19,19,19,19,19
2004,62437,2,1,0,0,0,0,0,0,0,0,0,0
2004,62438,0,1,0,0,0,0,0,0,0,0,0,0
2004,62438,1,1,0,0,0,0,0,0,0,0,0,0
2004,62439,1,1,0,0,0,0,0,0,0,0,0,0
2004,62439,2,1,0,0,0,0,0,0,0,0,0,0
2004,62439,3,1,0,0,0,0,0,0,0,0,0,0
2004,62440,1,1,3,3,3,3,3,3,3,3,3,3
2004,62441,1,1,3,3,3,3,3,3,3,3,3,3
2004,62442,1,1,0,0,0,0,0,0,0,0,0,0
2004,62443,0,1,0,0,0,0,0,0,0,0,0,0
2004,62443,1,1,0,0,0,0,0,0,0,0,0,0
2004,62444,1,1,0,0,0,0,0,0,0,0,0,0
2004,62444,2,1,0,0,0,0,0,0,0,0,0,0
2004,62445,1,1,0,0,0,0,0,0,0,0,0,0
2004,62445,2,1,0,0,0,0,0,0,0,0,0,0
2004,62446,0,1,0,0,0,0,0,0,0,0,0,0
2004,62446,1,1,0,0,0,8,0,0,0,0,0,0
2004,62447,1,1,0,0,0,0,0,0,0,0,0,0