YEAR,ST_CASE,veh_no,per_no,P1,P2,P3,P4,P5,P6,P7,P8,P9,P10
2004,62731,2,1,0,0,0,0,0,0,0,0,0,0
2004,62732,0,1,0,0,0,0,0,0,0,0,0,0
2004,62732,1,1,0,0,0,0,0,0,0,0,0,0
2004,62733,0,1,0,13,0,0,0,0,0,0,0,0
2004,62733,0,2,30,0,0,0,12,17,0,0,0,0
2004,62733,0,3,17,36,16,0,18,0,0,0,0,0
2004,62733,1,1,0,0,0,0,0,0,0,0,0,0
2004,62734,1,1,0,0,0,0,0,0,0,0,0,0
2004,62734,2,1,29,29,29,29,29,29,29,29,29,29
2004,62735,1,1,12,12,12,12,12,12,12,12,12,12
2004,62735,2,1,0,9,0,18,0,0,8,0,0,0
2004,62735,3,1,21,0,0,8,15,0,0,0,0,0
2004,62736,1,1,13,7,4,23,7,8,9,6,21,25
2004,62736,2,1,0,0,0,0,0,0,0,0,0,0
2004,62737,0,1,19,19,19,19,19,19,19,19,19,19
2004,62737,1,1,0,0,0,15,0,0,0,0,0,0
2004,62738,1,1,0,0,0,0,0,0,0,0,0,0
2004,62738,2,1,0,0,0,0,0,0,0,0,0,0
2004,62739,1,1,0,0,0,0,0,0,0,0,0,0
2004,62739,2,1,0,0,0,0,0,0,0,0,0,0
2004,62740,1,1,0,0,0,0,0,0,0,0,0,0
2004,62740,2,1,0,0,0,0,0,0,0,0,0,0
2004,62740,3,1,0,0,0,0,0,0,0,0,0,0
2004,62740,4,1,0,0,0,0,0,0,0,0,0,0
2004,62741,1,1,0,0,0,0,0,0,0,0,0,0
2004,62741,2,1,0,0,0,0,0,0,17,0,0,0
2004,62742,1,1,0,0,0,0,0,0,0,0,0,0
2004,62742,2,1,0,0,0,0,0,0,0,0,0,0
2004,62742,3,1,0,0,0,0,0,0,0,0,0,0
2004,62742,4,1,0,0,0,0,0,0,0,0,0,0
2004,62742,5,1,0,0,0,0,0,0,0,0,0,0
2004,62743,1,1,0,0,0,0,0,0,0,0,0,0
2004,62743,2,1,0,0,0,0,0,0,0,0,0,0
2004,62743,3,1,0,0,0,0,0,0,0,14,0,0
2004,62743,4,1,0,0,0,0,0,0,0,0,0,0
2004,62744,1,1,0,0,0,17,0,0,0,0,0,0
2004,62745,0,1,0,0,0,0,0,0,0,0,0,0
2004,62745,1,1,0,0,0,0,0,0,0,0,0,0
2004,62746,0,1,0,0,0,0,0,0,0,0,0,0
2004,62746,1,1,0,0,0,3,0,0,0,0,0,0
2004,62747,1,1,0,0,0,0,0,0,0,0,0,0
2004,62747,2,1,0,0,0,0,0,0,0,0,0,0
2004,62747,3,1,0,0,0,0,0,0,0,0,0,0
2004,62748,0,1,0,0,0,0,4,0,0,0,0,0
2004,62748,1,1,0,0,0,0,0,0,0,0,0,0
2004,62749,1,1,0,0,0,0,0,0,0,0,0,0
2004,62750,1,1,26,26,26,26,26,26,26,26,26,26
2004,62750,2,1,0,0,0,0,0,0,0,0,0,0
2004,62750,3,1,0,0,0,0,0,0,0,0,0,0
2004,62750,4,1,0,0,0,0,0,0,0,0,0,0
2004,62751,1,1,0,8,0,0,0,0,0,0,0,0
2004,62751,2,1,0,21,22,19,11,17,27,29,0,0
2004,62751,3,1,0,6,0,0,0,12,25,0,17,0
2004,62751,4,1,0,24,0,0,0,0,0,0,0,0
2004,62751,5,1,0,0,0,0,20,14,0,0,0,16
2004,62752,1,1,0,0,0,0,0,0,0,0,0,0
2004,62752,2,1,0,0,0,0,0,0,0,0,0,0
2004,62753,1,1,0,0,0,0,0,0,0,0,0,0
2004,62753,2,1,0,0,0,0,0,0,0,0,0,0
2004,62754,1,1,0,0,0,0,0,0,0,0,0,0
2004,62754,2,1,0,0,0,0,0,0,0,0,0,0
2004,62754,3,1,0,0,0,0,0,0,0,0,8,0
2004,62755,0,1,5,0,0,0,0,0,0,0,0,0
2004,62755,1,1,0,0,0,0,0,0,0,0,0,0
2004,62756,1,1,10,10,10,10,10,10,10,10,10,10
2004,62756,2,1,0,0,0,0,0,0,0,0,0,0
2004,62757,1,1,0,0,0,0,0,0,0,0,0,0
2004,62757,2,1,0,0,0,0,0,0,0,0,0,0
2004,62758,0,1,6,6,6,6,6,6,6,6,6,6
2004,62758,0,2,25,34,28,14,0,18,9,12,11,0
2004,62758,1,1,20,0,0,8,0,0,0,0,0,0
2004,62758,2,1,5,0,0,4,0,9,0,0,0,0
2004,62759,1,1,0,0,0,0,0,0,0,0,0,0
2004,62760,1,1,10,12,17,13,8,20,9,11,25,22
2004,62760,2,1,0,0,0,0,0,0,0,0,0,0
2004,62760,3,1,0,0,0,0,0,0,22,0,0,0
2004,62761,1,1,15,15,15,15,15,15,15,15,15,15
2004,62761,2,1,0,0,0,0,0,0,0,0,0,0
2004,62762,1,1,0,0,0,0,0,0,0,0,0,0
2004,62762,2,1,0,0,0,0,0,0,0,0,0,0
2004,62762,3,1,0,0,0,0,0,0,0,0,0,0
2004,62762,4,1,6,0,0,0,0,0,0,0,0,0
2004,62762,5,1,0,0,0,0,0,0,0,24,0,0
2004,62762,6,1,0,0,0,0,0,0,0,0,0,0
2004,62762,7,1,0,0,0,0,0,0,0,0,0,0
2004,62762,8,1,0,0,0,0,0,0,0,0,0,0
2004,62763,0,1,0,0,0,0,0,0,0,0,0,0
2004,62763,0,2,0,0,0,0,0,0,0,0,0,0
2004,62763,0,3,0,0,0,0,0,0,0,0,0,0
2004,62763,1,1,0,0,0,0,0,0,0,0,0,0
2004,62764,1,1,0,0,0,0,0,0,0,0,0,0
2004,62764,2,1,0,0,0,0,0,0,0,0,0,0
2004,62765,1,1,0,0,0,0,0,0,0,0,0,0
2004,62765,2,1,0,0,0,0,22,0,0,0,0,0
2004,62766,1,1,0,16,1,0,0,0,0,26,0,0
2004,62766,2,1,0,0,16,0,10,15,30,0,11,12
2004,62767,0,1,0,0,0,0,0,0,0,0,0,13
2004,62767,1,1,0,0,0,0,0,0,0,0,0,0
2004,62768,1,1,0,0,0,0,0,0,0,0,0,0
2004,62768,2,1,0,0,0,0,0,0,0,0,0,0
2004,62769,1,1,0,0,12,0,0,16,0,0,0,0
2004,62769,2,1,0,0,0,0,0,0,0,0,0,0
2004,62770,1,1,0,0,0,0,0,0,0,0,0,0
2004,62770,2,1,0,0,0,0,0,0,0,0,0,0
2004,62771,1,1,0,0,0,0,0,0,0,0,0,0
2004,62771,2,1,0,0,0,0,0,0,0,0,0,0
2004,62772,1,1,0,0,0,0,0,0,0,0,0,0
2004,62772,2,1,0,0,0,0,0,0,0,0,0,0
2004,62773,0,1,0,0,0,0,0,0,0,0,0,0
2004,62773,1,1,0,0,0,0,0,0,0,0,0,0
2004,62774,1,1,15,15,15,15,15,15,15,15,15,15
2004,62774,2,1,0,0,0,0,0,14,0,0,0,0
2004,62774,3,1,0,0,0,0,0,0,0,0,0,0
2004,62775,1,1,0,0,0,0,0,0,0,0,0,0
2004,62775,2,1,0,0,0,0,0,0,0,0,0,0
2004,62776,1,1,0,0,0,0,0,0,0,0,0,0
2004,62776,2,1,0,0,0,0,0,0,0,0,0,0
2004,62777,1,1,0,0,0,0,0,0,0,0,0,0
2004,62777,2,1,0,0,0,0,0,0,0,0,0,0
2004,62778,1,1,0,0,0,0,0,0,0,0,0,0
2004,62778,2,1,0,0,0,0,0,0,0,0,0,16
2004,62779,1,1,19,9,10,9,10,0,27,23,0,26
2004,62779,2,1,0,0,0,0,0,0,0,0,0,0
2004,62779,3,1,0,0,0,0,0,0,0,0,0,0
2004,62780,1,1,0,0,0,0,0,0,0,0,0,0
2004,62780,2,1,0,0,0,0,0,0,0,0,0,0
2004,62781,1,1,0,0,0,0,0,0,0,0,0,0
2004,62781,2,1,0,0,0,0,0,0,0,0,0,0
2004,62782,1,1,22,22,22,22,22,22,22,22,22,22
2004,62782,2,1,0,15,0,0,0,0,0,0,0,0
2004,62783,1,1,0,0,0,0,0,0,0,0,0,0
2004,62784,1,1,0,0,0,0,0,0,0,0,0,0
2004,62784,2,1,0,3,0,0,0,0,0,0,0,0
2004,62784,3,1,0,0,0,0,0,0,0,0,0,0
2004,62784,4,1,0,0,0,0,0,0,0,0,0,0
2004,62784,5,1,0,0,0,0,0,0,0,0,0,0
2004,62784,6,1,0,0,0,0,0,0,0,0,0,0
2004,62784,7,1,0,0,0,0,0,0,0,0,0,0
2004,62784,8,1,0,0,0,0,0,0,0,0,0,0
2004,62785,1,1,0,0,0,13,0,0,0,0,29,0
2004,62785,2,1,0,0,0,0,0,0,0,0,0,0
2004,62786,1,1,0,0,0,0,0,0,0,0,16,0
2004,62786,2,1,0,0,0,0,0,0,0,0,0,0
2004,62786,3,1,7,0,0,0,0,0,0,0,0,0
2004,62786,4,1,0,0,0,0,0,0,0,0,0,0
2004,62787,1,1,0,0,0,0,0,0,0,0,0,0
2004,62787,2,1,0,0,0,0,0,0,0,0,0,0
2004,62787,3,1,0,0,0,0,0,0,0,0,0,0
2004,62787,4,1,0,0,0,0,0,0,0,0,0,0
2004,62787,5,1,0,0,0,0,0,0,0,0,0,0
2004,62788,1,1,10,0,0,0,0,0,0,0,0,0
2004,62788,2,1,0,0,0,0,27,0,0,0,0,0
2004,62789,1,1,0,0,0,0,0,0,0,0,0,0
2004,62789,2,1,0,0,0,0,0,0,0,0,0,0
2004,62790,1,1,0,0,0,0,0,0,0,0,0,0
2004,62790,2,1,0,0,0,0,0,0,0,0,0,0
2004,62791,1,1,26,26,26,26,26,26,26,26,26,26
2004,62791,2,1,0,0,0,0,0,0,0,0,0,0
2004,62792,1,1,0,0,0,0,21,0,0,0,0,0
2004,62792,2,1,0,0,0,0,0,0,0,0,0,0
2004,62793,1,1,22,22,22,22,22,22,22,22,22,22
2004,62793,2,1,0,0,0,0,0,0,4,0,0,0
2004,62794,1,1,0,0,0,0,0,0,0,0,0,0
2004,62794,2,1,0,0,0,0,0,0,0,0,0,0
2004,62795,1,1,0,0,0,0,0,0,0,0,0,0
2004,62795,2,1,0,0,0,14,0,0,32,15,0,0
2004,62796,1,1,18,18,18,18,18,18,18,18,18,18
2004,62796,2,1,11,11,11,11,11,11,11,11,11,11
2004,62797,1,1,0,10,0,0,0,0,0,0,0,0
2004,62797,2,1,0,0,0,0,0,0,0,0,0,0
2004,62797,3,1,0,0,0,0,0,0,0,0,0,0
2004,62798,1,1,0,0,0,0,0,13,0,0,0,0
2004,62798,2,1,0,0,0,0,0,0,0,0,0,0
2004,62799,1,1,3,3,3,3,3,3,3,3,3,3
2004,62800,0,1,0,0,0,0,0,0,0,0,0,0
2004,62800,1,1,0,0,0,0,0,0,0,0,0,0
2004,62801,1,1,0,0,0,0,0,0,0,0,0,0
2004,62802,1,1,0,0,0,0,0,0,0,0,0,0
2004,62803,0,1,0,0,0,0,0,0,0,0,0,0
2004,62803,1,1,0,0,0,0,0,0,0,0,0,0
2004,62804,0,1,0,0,0,0,0,0,0,0,0,0
2004,62804,1,1,0,0,0,0,0,0,0,0,0,0
2004,62805,1,1,5,5,5,5,5,5,5,5,5,5
2004,62806,0,1,0,0,0,0,0,0,0,0,0,0
2004,62806,1,1,0,0,0,0,0,0,0,0,0,0
2004,62807,1,1,0,0,9,0,0,0,0,0,0,0
2004,62808,0,1,0,0,0,0,0,0,0,0,0,0
2004,62808,1,1,0,0,0,0,0,0,0,0,0,12
2004,62809,0,1,0,0,0,0,0,0,0,0,0,0
2004,62809,1,1,0,0,0,0,0,0,0,0,0,0
2004,62810,1,1,0,0,0,0,0,0,0,0,0,0
2004,62810,2,1,0,0,0,0,0,0,0,0,0,0
2004,62811,1,1,11,11,11,11,11,11,11,11,11,11
2004,62812,1,1,0,0,0,0,0,0,0,0,0,0
2004,62813,1,1,0,0,11,0,0,0,0,0,0,0
2004,62814,1,1,22,22,22,22,22,22,22,22,22,22
2004,62815,1,1,17,17,17,17,17,17,17,17,17,17
2004,62816,1,1,6,6,6,6,6,6,6,6,6,6
2004,62817,1,1,10,10,10,10,10,10,10,10,10,10
2004,62818,0,1,0,0,0,0,0,0,0,0,0,0
2004,62818,1,1,0,0,0,0,0,0,0,0,4,0
2004,62819,0,1,0,0,0,0,0,0,0,0,0,0
2004,62819,1,1,0,0,0,0,0,0,0,0,0,0
2004,62820,0,1,7,7,7,7,7,7,7,7,7,7
2004,62820,1,1,0,0,0,0,0,0,0,0,0,0
2004,62821,1,1,18,18,18,18,18,18,18,18,18,18
2004,62822,1,1,0,0,0,0,0,0,0,0,0,0
2004,62823,0,1,41,41,41,41,41,41,41,41,41,41
2004,62823,1,1,0,0,0,0,0,0,0,0,0,0
2004,62824,0,1,0,0,0,0,0,0,0,0,0,0
2004,62824,1,1,0,0,0,0,0,0,0,0,0,0
2004,62825,1,1,15,15,15,15,15,15,15,15,15,15
2004,62826,1,1,12,12,12,12,12,12,12,12,12,12
2004,62827,0,1,0,0,0,0,0,0,0,0,0,0
2004,62827,1,1,15,18,27,0,17,19,15,18,28,0
2004,62828,1,1,8,8,8,8,8,8,8,8,8,8
2004,62829,1,1,15,19,10,10,14,0,11,6,0,7
2004,62830,1,1,0,0,0,0,0,0,0,0,0,0
2004,62830,2,1,0,0,0,0,0,0,0,0,0,0
2004,62830,3,1,0,0,0,0,0,0,0,0,0,0
2004,62830,4,1,0,0,0,0,0,0,0,0,0,0
2004,62831,1,1,0,0,0,0,0,0,0,0,0,0
2004,62832,1,1,8,8,8,8,8,8,8,8,8,8
2004,62833,1,1,0,0,0,0,0,0,0,0,0,0
2004,62834,0,1,18,18,18,18,18,18,18,18,18,18
2004,62834,1,1,0,0,0,0,0,0,0,0,0,0
2004,62835,0,1,0,0,0,0,0,0,0,0,0,0
2004,62835,1,1,5,0,0,16,0,0,0,0,5,0
2004,62836,1,1,8,0,0,0,0,0,0,0,0,12
2004,62837,1,1,0,0,0,0,0,0,0,0,0,0
2004,62837,2,1,0,0,0,0,0,0,0,0,0,0
2004,62838,1,1,0,0,0,0,0,0,0,0,0,0
2004,62838,2,1,0,0,0,0,0,0,0,0,12,0
2004,62838,3,1,0,0,0,0,0,0,0,0,0,0
2004,62839,0,1,0,0,0,0,0,0,0,0,0,0
2004,62839,1,1,0,0,0,0,0,0,0,0,0,0
2004,62840,1,1,0,0,0,0,0,0,0,0,0,0
2004,62840,2,1,0,0,0,0,0,0,0,0,0,0
2004,62841,1,1,11,11,11,11,11,11,11,11,11,11
2004,62841,2,1,0,0,0,0,0,0,0,0,0,0
2004,62842,0,1,0,0,0,0,0,0,0,0,0,0
2004,62842,1,1,0,0,0,0,0,0,0,0,0,0
2004,62843,1,1,0,0,0,0,0,0,0,0,0,0
2004,62844,1,1,11,11,11,11,11,11,11,11,11,11
2004,62844,2,1,0,9,0,0,0,0,0,0,0,0
2004,62845,1,1,0,15,0,0,0,0,0,0,0,0
2004,62845,2,1,0,0,0,0,0,0,0,0,0,0
2004,62846,1,1,23,23,23,23,23,23,23,23,23,23
2004,62846,2,1,0,0,0,35,15,0,0,14,0,9
2004,62847,1,1,0,0,0,0,0,0,0,0,0,0
2004,62847,2,1,0,0,0,0,0,0,0,0,0,0
2004,62848,1,1,0,0,0,0,0,0,0,0,0,0
2004,62848,2,1,0,0,0,0,0,0,0,0,0,0
2004,62849,0,1,0,0,0,0,0,0,0,0,0,0
2004,62849,1,1,22,21,19,33,17,21,29,20,17,16
2004,62850,1,1,0,0,0,0,0,0,0,0,0,0
2004,62851,1,1,0,0,0,0,0,0,0,0,0,0
2004,62852,0,1,0,0,0,0,0,0,0,0,0,0
2004,62852,1,1,0,0,0,0,0,0,0,0,0,0
2004,62853,1,1,0,0,0,0,0,0,0,0,0,0
2004,62853,2,1,0,0,0,0,0,0,0,0,0,0
2004,62854,1,1,0,0,0,0,0,0,0,0,0,0
2004,62854,2,1,0,0,0,0,0,0,0,0,0,0
2004,62855,1,1,18,18,18,18,18,18,18,18,18,18
2004,62855,2,1,0,0,0,0,0,0,0,0,0,0
2004,62856,1,1,10,10,10,10,10,10,10,10,10,10
2004,62856,2,1,0,0,0,0,0,0,0,0,0,0
2004,62857,1,1,11,11,11,11,11,11,11,11,11,11
2004,62858,1,1,0,0,0,0,0,0,0,0,0,0
2004,62859,1,1,0,0,0,0,0,0,0,0,0,12
2004,62859,2,1,0,0,0,0,0,0,0,0,0,0
2004,62859,3,1,0,0,0,0,0,0,0,0,0,0
2004,62859,4,1,0,0,0,0,0,0,0,0,0,0
2004,62860,0,1,0,0,0,0,0,0,0,0,0,0
2004,62860,0,2,15,15,15,15,15,15,15,15,15,15
2004,62860,1,1,0,0,0,0,0,0,0,0,0,0
2004,62861,1,1,0,0,0,0,0,0,0,0,0,0
2004,62861,2,1,0,0,0,0,0,0,0,0,0,0
2004,62862,0,1,0,0,0,0,0,0,0,0,0,0
2004,62862,1,1,0,0,0,0,0,0,0,0,0,0
2004,62863,0,1,20,20,20,20,20,20,20,20,20,20
2004,62863,1,1,16,16,16,16,16,16,16,16,16,16
2004,62864,1,1,0,0,0,0,0,0,0,0,0,0
2004,62864,2,1,16,16,16,16,16,16,16,16,16,16
2004,62865,1,1,0,0,0,0,0,0,0,0,0,0
2004,62866,1,1,4,4,4,4,4,4,4,4,4,4
2004,62867,0,1,0,0,0,0,0,0,0,0,0,0
2004,62867,1,1,0,0,0,0,0,0,0,0,0,0
2004,62868,1,1,22,22,22,22,22,22,22,22,22,22
2004,62869,1,1,0,0,0,0,0,0,0,0,0,0
2004,62870,1,1,9,9,9,9,9,9,9,9,9,9
2004,62871,1,1,0,0,0,0,0,0,0,0,0,0
2004,62872,1,1,0,0,0,0,0,0,0,0,0,0
2004,62873,1,1,0,0,0,0,0,0,0,0,0,0
2004,62873,2,1,0,0,6,10,0,0,0,0,8,0
2004,62874,0,1,23,23,23,23,23,23,23,23,23,23
2004,62874,1,1,0,0,0,0,0,0,0,0,0,0
2004,62875,0,1,5,24,22,0,9,59,18,9,34,19
2004,62875,1,1,0,0,0,0,0,0,0,0,0,0
2004,62876,0,1,0,0,0,0,0,0,0,0,0,0
2004,62876,1,1,0,0,0,0,0,0,0,0,0,0
2004,62877,1,1,4,4,4,4,4,4,4,4,4,4
2004,62878,1,1,0,0,0,0,0,0,0,0,0,0
2004,62879,1,1,7,7,7,7,7,7,7,7,7,7
2004,62880,1,1,0,0,0,0,0,0,0,0,0,0
2004,62881,1,1,12,12,12,12,12,12,12,12,12,12
2004,62882,1,1,17,17,17,17,17,17,17,17,17,17
2004,62883,0,1,0,0,0,0,0,0,0,0,0,0
2004,62883,1,1,0,0,6,0,0,0,0,0,0,0
2004,62883,3,1,0,0,0,0,0,0,0,0,0,0
2004,62884,0,1,0,0,0,0,0,0,0,0,0,0
2004,62884,1,1,0,0,0,0,0,0,0,0,0,0
2004,62885,1,1,1,1,1,1,1,1,1,1,1,1
2004,62886,1,1,0,0,0,0,0,0,0,0,0,0
2004,62887,0,1,0,0,0,0,0,0,0,0,0,0
2004,62887,1,1,0,0,0,0,0,0,0,0,0,0
2004,62888,1,1,21,21,21,21,21,21,21,21,21,21
2004,62889,0,1,0,0,0,0,0,0,0,0,0,0
2004,62889,1,1,0,0,14,0,9,0,0,0,0,0
2004,62890,0,1,0,20,8,0,0,0,0,0,0,0
2004,62890,1,1,2,2,2,2,2,2,2,2,2,2
2004,62891,0,1,0,0,0,0,0,0,0,0,0,0
2004,62891,1,1,0,0,0,0,0,0,0,0,0,0
2004,62892,0,1,0,0,0,0,0,0,0,0,0,0
2004,62892,1,1,0,0,0,0,0,0,0,0,0,0
2004,62893,0,1,7,7,7,7,7,7,7,7,7,7
2004,62893,1,1,0,10,13,0,0,0,39,11,0,0
2004,62894,0,1,0,0,0,0,0,0,0,0,0,0
2004,62894,1,1,0,0,0,0,0,0,0,0,0,0
2004,62895,0,1,0,0,0,0,0,0,0,0,0,0
2004,62895,1,1,0,0,0,0,0,0,2,0,0,0
2004,62896,0,1,6,6,6,6,6,6,6,6,6,6
2004,62896,1,1,0,0,0,17,0,0,0,0,0,0
2004,62897,1,1,23,23,23,23,23,23,23,23,23,23
2004,62898,0,1,0,0,0,0,0,0,0,0,0,0
2004,62898,1,1,0,0,0,0,0,0,0,0,0,0
2004,62899,0,1,0,0,0,0,0,0,0,0,0,0
2004,62899,1,1,0,0,0,0,0,0,0,0,0,0
2004,62900,0,1,0,0,0,0,0,0,0,0,16,15
2004,62900,1,1,0,0,0,0,0,0,0,0,0,10
2004,62901,1,1,7,7,7,7,7,7,7,7,7,7
2004,62902,0,1,0,0,0,0,0,0,0,0,0,0
2004,62902,0,2,0,0,0,0,0,0,0,0,0,0
2004,62902,1,1,0,0,0,0,0,0,0,0,0,0
2004,62903,0,1,0,0,0,0,0,0,0,0,0,0
2004,62903,1,1,0,0,0,0,0,0,0,0,0,0
2004,62904,0,1,0,0,0,0,0,0,0,0,0,0
2004,62904,1,1,0,0,0,0,0,0,0,0,0,0
2004,62905,0,1,0,0,0,0,0,0,0,0,0,0
2004,62905,1,1,0,0,0,0,0,0,0,0,0,0
2004,62906,0,1,14,14,14,14,14,14,14,14,14,14
2004,62906,1,1,0,0,0,0,0,0,0,0,0,0
2004,62906,2,1,0,0,0,15,0,0,0,0,0,0
2004,62907,0,1,19,19,19,19,19,19,19,19,19,19
2004,62907,1,1,0,0,0,0,0,0,0,0,0,0
2004,62908,1,1,22,22,22,22,22,22,22,22,22,22
2004,62909,1,1,0,0,0,0,0,0,0,0,0,0
2004,62910,1,1,0,0,0,0,0,0,0,0,0,0
2004,62911,0,1,0,0,0,0,0,0,0,0,0,0
2004,62911,0,2,34,16,0,0,0,0,13,0,28,0
2004,62911,1,1,19,19,19,19,19,19,19,19,19,19
2004,62912,0,1,0,0,0,0,0,0,0,0,0,0
2004,62912,1,1,0,0,0,0,0,0,0,0,0,0
2004,62913,0,1,0,0,0,0,0,0,0,0,0,0
2004,62913,1,1,0,0,0,0,0,0,0,0,0,0
2004,62914,0,1,19,22,29,30,28,15,5,16,22,5
2004,62914,1,1,0,0,0,0,0,0,0,0,0,0
2004,62915,1,1,20,14,32,29,21,8,18,16,33,18
2004,62916,1,1,0,0,0,0,0,0,0,0,0,0
2004,62917,0,1,6,6,6,6,6,6,6,6,6,6
2004,62917,1,1,0,25,0,10,0,0,0,0,0,0
2004,62918,0,1,34,34,34,34,34,34,34,34,34,34
2004,62918,1,1,0,0,0,0,0,0,0,0,0,0
2004,62919,1,1,0,0,0,0,0,0,0,0,0,0
2004,62920,1,1,0,0,0,0,0,0,0,0,0,0
2004,62921,0,1,30,30,30,30,30,30,30,30,30,30
2004,62921,1,1,0,0,0,0,0,0,0,14,0,0
2004,62922,1,1,26,13,12,0,0,0,17,0,0,27
2004,62923,0,1,0,0,0,0,0,0,0,0,0,0
2004,62923,1,1,0,0,0,0,0,0,0,0,0,0
2004,62924,1,1,0,0,0,0,0,0,0,0,0,0
2004,62925,0,1,0,0,0,0,0,0,0,0,0,0
2004,62925,1,1,0,0,0,0,0,0,0,0,0,30
2004,62926,0,1,0,0,0,3,0,0,0,0,0,0
2004,62926,0,2,0,0,0,0,0,0,0,0,0,10
2004,62926,1,1,0,16,0,0,0,0,0,0,0,0
2004,62927,0,1,5,5,5,5,5,5,5,5,5,5
2004,62927,1,1,4,0,5,16,15,6,17,11,4,11
2004,62928,1,1,32,32,32,32,32,32,32,32,32,32
2004,62929,1,1,6,6,6,6,6,6,6,6,6,6
2004,62930,1,1,12,12,12,12,12,12,12,12,12,12
2004,62931,1,1,33,33,33,33,33,33,33,33,33,33
2004,62932,1,1,18,18,18,18,18,18,18,18,18,18
2004,62932,2,1,0,0,0,15,0,0,0,0,0,0
2004,62932,3,1,0,0,0,0,0,0,0,0,0,0
2004,62932,4,1,0,0,0,0,9,12,0,6,0,0
2004,62932,5,1,23,0,0,0,0,0,0,0,21,0
2004,62932,6,1,0,0,0,0,0,0,0,0,0,0
2004,62932,7,1,17,0,0,0,0,0,0,0,0,0
2004,62933,1,1,0,0,0,0,0,0,0,0,15,0
2004,62933,2,1,0,0,0,0,0,0,0,0,0,0
2004,62933,3,1,0,0,0,0,0,0,0,0,0,0
2004,62934,1,1,0,0,0,0,0,0,0,0,0,0
2004,62934,2,1,0,0,0,0,0,0,0,0,0,0
2004,62935,1,1,0,0,0,0,0,0,0,0,0,0
2004,62935,2,1,0,0,0,0,0,0,17,0,0,0
2004,62936,1,1,0,0,0,0,0,0,0,0,0,0
2004,62936,2,1,0,0,0,0,0,0,28,0,0,0
2004,62937,1,1,8,32,8,21,11,14,21,11,7,0
2004,62937,2,1,0,0,0,0,0,0,0,0,0,0
2004,62938,1,1,0,0,0,0,0,4,0,0,0,0
2004,62938,2,1,0,0,0,0,0,0,0,0,0,0
2004,62939,1,1,0,0,0,0,0,0,0,0,2,0
2004,62939,2,1,0,0,0,0,0,0,0,0,0,0
2004,62940,1,1,0,0,0,0,0,0,0,0,0,0
2004,62940,2,1,0,0,0,0,0,0,0,0,0,0
2004,62941,1,1,13,11,15,27,30,9,26,23,7,30
2004,62942,1,1,0,0,0,0,0,0,0,0,0,0
2004,62942,2,1,0,0,0,0,0,0,0,0,0,0
2004,62943,1,1,0,0,0,0,0,0,0,0,0,0
2004,62943,2,1,0,0,0,0,0,0,0,0,0,0
2004,62943,3,1,0,0,0,0,0,0,0,0,0,0
2004,62944,0,1,28,28,28,28,28,28,28,28,28,28
2004,62944,1,1,0,0,0,0,0,0,0,0,0,0
2004,62945,1,1,5,5,5,5,5,5,5,5,5,5
2004,62946,1,1,0,0,0,0,0,0,0,0,0,0
2004,62947,1,1,0,0,0,0,0,0,0,0,0,0
2004,62948,1,1,14,14,14,14,14,14,14,14,14,14
2004,62949,1,1,0,0,0,0,0,0,0,0,0,0
2004,62950,0,1,0,0,0,0,0,0,0,0,0,0
2004,62950,1,1,0,0,0,0,0,0,0,0,0,0
2004,62951,0,1,0,0,0,0,0,0,0,0,0,0
2004,62951,1,1,0,0,0,0,0,0,0,0,0,0
2004,62952,1,1,20,20,20,20,20,20,20,20,20,20
2004,62953,1,1,0,0,0,0,0,0,0,0,0,0
2004,62954,1,1,1,1,1,1,1,1,1,1,1,1
2004,62955,1,1,0,0,0,0,0,0,0,0,0,0
2004,62956,1,1,13,13,13,13,13,13,13,13,13,13
2004,62957,1,1,8,8,8,8,8,8,8,8,8,8
2004,62958,1,1,0,0,0,0,0,0,0,0,0,0
2004,62959,1,1,15,15,15,15,15,15,15,15,15,15
2004,62960,1,1,13,18,21,26,15,12,15,12,13,14
2004,62961,0,1,0,0,0,0,0,0,0,0,0,0
2004,62961,1,1,0,0,0,0,0,0,0,0,0,0
2004,62962,0,1,0,0,0,0,0,0,0,0,0,0
2004,62962,1,1,5,19,0,23,8,17,15,23,23,23
2004,62963,1,1,0,0,0,0,0,0,0,0,0,0
2004,62964,1,1,0,0,0,0,0,0,0,0,0,0
2004,62965,0,1,15,15,15,15,15,15,15,15,15,15
2004,62965,1,1,0,0,0,0,0,0,0,0,0,0
2004,62966,1,1,13,13,13,13,13,13,13,13,13,13
2004,62967,1,1,13,13,13,13,13,13,13,13,13,13
2004,62968,1,1,24,24,24,24,24,24,24,24,24,24
2004,62969,0,1,0,5,0,0,0,0,0,0,0,0
2004,62969,0,2,0,0,0,0,0,0,0,0,0,0
2004,62969,1,1,0,0,0,0,15,0,0,0,0,0
2004,62970,1,1,0,0,0,0,0,0,0,0,0,0
2004,62971,1,1,0,0,0,0,0,0,0,0,0,0
2004,62972,1,1,0,0,0,0,0,0,0,0,0,0
2004,62973,1,1,0,0,0,0,0,0,0,0,0,0
2004,62974,1,1,18,8,21,28,0,25,7,18,0,34
2004,62975,1,1,24,24,24,24,24,24,24,24,24,24
2004,62976,1,1,0,21,0,0,0,0,0,0,0,0
2004,62977,1,1,0,0,0,0,0,0,0,0,0,0
2004,62977,2,1,0,0,0,0,0,0,0,0,0,0
2004,62978,1,1,0,0,0,0,0,0,0,0,0,0
2004,62978,2,1,0,0,0,0,0,0,0,0,0,0
2004,62979,0,1,21,0,23,0,0,3,26,0,0,21