YEAR,ST_CASE,veh_no,per_no,P1,P2,P3,P4,P5,P6,P7,P8,P9,P10
2004,62979,1,1,0,0,0,35,0,0,0,0,0,16
2004,62980,1,1,0,0,0,0,0,0,0,0,0,0
2004,62981,0,1,0,0,0,0,0,0,0,0,0,0
2004,62981,1,1,0,0,0,0,0,0,0,0,0,0
2004,62982,1,1,0,0,0,0,0,0,0,0,0,0
2004,62982,2,1,0,0,0,0,0,0,0,0,0,0
2004,62983,1,1,0,0,0,0,0,0,0,0,0,0
2004,62983,2,1,0,0,0,0,0,0,0,0,0,0
2004,62984,1,1,0,0,0,0,0,0,0,0,0,0
2004,62984,2,1,15,0,16,34,3,0,10,0,9,19
2004,62985,1,1,0,0,0,0,0,0,0,0,0,0
2004,62986,1,1,0,0,0,0,0,0,0,0,0,0
2004,62986,2,1,0,0,0,0,0,0,0,0,0,0
2004,62987,1,1,0,0,0,0,0,0,0,0,0,0
2004,62988,1,1,23,23,23,23,23,23,23,23,23,23
2004,62988,2,1,0,0,0,0,0,0,0,0,0,0
2004,62989,1,1,0,0,0,19,0,0,0,0,0,16
2004,62989,2,1,15,15,15,15,15,15,15,15,15,15
2004,62990,1,1,8,8,8,8,8,8,8,8,8,8
2004,62990,2,1,2,2,2,2,2,2,2,2,2,2
2004,62991,1,1,19,19,19,19,19,19,19,19,19,19
2004,62991,2,1,0,0,0,0,0,0,0,0,0,0
2004,62992,1,1,0,0,14,0,0,0,0,0,13,0
2004,62992,2,1,0,0,0,0,0,0,0,0,0,0
2004,62993,1,1,0,0,0,0,0,0,29,0,0,18
2004,62993,2,1,0,0,0,0,0,0,0,0,0,0
2004,62994,1,1,0,0,0,0,0,0,0,0,0,0
2004,62994,2,1,0,0,0,0,0,0,0,0,0,0
2004,62995,1,1,0,0,0,0,0,0,0,0,0,0
2004,62995,2,1,17,0,0,0,0,0,0,19,0,0
2004,62996,1,1,0,0,0,0,0,0,0,0,0,0
2004,62997,1,1,12,12,12,12,12,12,12,12,12,12
2004,62998,1,1,0,0,0,0,0,0,0,0,0,0
2004,62999,1,1,0,0,0,0,0,0,0,0,0,0
2004,63000,0,1,25,25,25,25,25,25,25,25,25,25
2004,63000,1,1,0,32,0,0,0,0,0,0,17,0
2004,63001,1,1,0,0,0,0,0,0,0,0,0,0
2004,63002,1,1,0,0,0,0,0,0,0,0,0,0
2004,63003,0,1,0,0,0,0,0,0,0,0,0,0
2004,63003,1,1,0,0,0,0,0,0,0,0,0,0
2004,63004,1,1,0,0,0,0,0,0,0,0,0,0
2004,63005,1,1,0,0,0,0,0,0,0,0,0,0
2004,63006,1,1,0,0,0,0,0,0,0,0,0,0
2004,63007,0,1,33,33,33,33,33,33,33,33,33,33
2004,63007,0,2,23,0,14,0,0,0,25,13,14,0
2004,63007,1,1,0,0,12,0,0,0,0,0,0,0
2004,63008,1,1,0,0,0,0,0,0,0,0,0,0
2004,63008,2,1,0,0,0,0,0,0,0,0,0,0
2004,63009,1,1,0,0,0,0,0,0,0,0,0,0
2004,63009,2,1,0,0,0,0,0,0,0,0,0,0
2004,63009,3,1,0,0,0,0,0,0,0,0,0,0
2004,63010,1,1,0,0,0,15,0,0,0,0,0,0
2004,63010,2,1,0,0,0,0,0,0,0,0,0,0
2004,63011,1,1,11,11,11,11,11,11,11,11,11,11
2004,63011,2,1,1,1,1,1,1,1,1,1,1,1
2004,63012,1,1,0,0,0,0,0,0,0,0,0,0
2004,63012,2,1,0,0,0,0,0,0,0,0,0,0
2004,63013,1,1,0,0,0,0,0,0,0,0,0,0
2004,63013,2,1,0,0,0,0,0,0,0,0,0,0
2004,63014,1,1,0,0,0,0,0,0,0,0,0,0
2004,63014,2,1,0,0,0,0,0,0,0,0,0,0
2004,63015,0,1,0,0,0,0,0,0,0,0,0,0
2004,63015,1,1,0,0,0,0,0,0,0,0,0,0
2004,63016,1,1,0,0,0,0,0,0,0,0,0,0
2004,63017,0,1,0,0,0,0,0,0,0,0,0,0
2004,63017,1,1,0,0,0,0,0,0,0,0,0,0
2004,63018,0,1,0,0,0,0,0,0,0,0,0,0
2004,63018,0,2,0,0,0,0,7,0,0,0,0,0
2004,63018,1,1,0,0,0,0,0,0,0,0,0,0
2004,63019,0,1,0,0,0,0,0,0,0,0,0,0
2004,63019,1,1,0,0,0,0,0,0,0,0,0,0
2004,63020,1,1,0,0,0,0,0,0,0,0,0,0
2004,63021,0,1,19,19,19,19,19,19,19,19,19,19
2004,63021,1,1,0,0,0,0,0,0,0,0,7,0
2004,63022,1,1,0,0,0,4,0,31,0,28,0,0
2004,63023,0,1,0,0,0,0,0,0,0,0,0,0
2004,63023,1,1,0,0,0,0,0,0,0,0,0,0
2004,63024,1,1,34,34,34,34,34,34,34,34,34,34
2004,63025,1,1,0,0,0,0,0,0,0,0,0,0
2004,63025,2,1,0,0,0,0,0,0,0,0,0,0
2004,63025,3,1,0,0,0,0,0,0,0,0,0,0
2004,63026,1,1,0,0,0,0,0,0,0,0,0,0
2004,63026,2,1,0,0,0,0,0,0,0,0,0,0
2004,63027,1,1,0,0,0,0,0,0,0,0,0,0
2004,63027,2,1,0,0,0,0,0,0,0,0,0,0
2004,63028,0,1,0,0,0,0,0,0,0,0,0,0
2004,63028,1,1,0,0,0,9,0,0,0,0,0,0
2004,63029,1,1,13,13,13,13,13,13,13,13,13,13
2004,63030,1,1,0,0,0,0,0,0,0,0,0,0
2004,63031,1,1,6,6,6,6,6,6,6,6,6,6
2004,63032,1,1,0,0,0,0,0,0,0,0,0,0
2004,63032,2,1,0,0,0,0,0,0,0,0,0,0
2004,63032,3,1,0,0,0,0,0,0,0,0,0,0
2004,63032,4,1,0,0,0,0,0,0,0,0,0,0
2004,63033,1,1,8,8,8,8,8,8,8,8,8,8
2004,63033,2,1,0,0,0,0,0,0,0,0,0,0
2004,63034,1,1,0,0,0,0,0,0,0,0,0,24
2004,63034,2,1,0,0,0,0,0,0,0,0,0,0
2004,63035,1,1,16,16,16,16,16,16,16,16,16,16
2004,63035,2,1,0,0,0,0,0,0,0,0,0,0
2004,63036,1,1,0,0,0,0,0,0,0,0,0,0
2004,63036,2,1,0,0,0,0,0,0,0,0,0,0
2004,63037,1,1,8,0,0,0,0,0,0,0,0,0
2004,63037,2,1,0,0,0,0,0,0,0,0,0,0
2004,63037,3,1,0,0,0,0,0,0,0,0,0,0
2004,63038,1,1,0,0,0,0,0,0,0,0,0,0
2004,63038,2,1,0,0,0,0,0,0,0,0,0,0
2004,63039,1,1,0,0,0,0,0,0,0,0,0,0
2004,63040,1,1,0,0,0,0,0,0,0,0,0,0
2004,63041,1,1,0,0,0,0,0,0,0,0,0,0
2004,63042,1,1,0,0,0,0,0,0,0,0,0,0
2004,63043,1,1,0,0,0,0,0,0,0,0,0,0
2004,63044,1,1,9,9,9,9,9,9,9,9,9,9
2004,63044,2,1,0,0,0,0,0,0,0,0,0,0
2004,63045,0,1,25,0,0,0,0,0,9,0,0,0
2004,63045,1,1,1,1,1,1,1,1,1,1,1,1
2004,63046,1,1,16,16,16,16,16,16,16,16,16,16
2004,63047,1,1,22,22,22,22,22,22,22,22,22,22
2004,63048,0,1,0,0,0,0,0,0,0,0,0,0
2004,63048,1,1,0,0,0,10,0,12,0,0,0,12
2004,63049,0,1,33,14,29,43,0,14,13,18,0,0
2004,63049,0,2,0,0,0,0,0,13,0,12,14,2
2004,63049,1,1,0,0,0,0,0,0,0,0,0,0
2004,63050,1,1,30,30,30,30,30,30,30,30,30,30
2004,63051,1,1,32,32,32,32,32,32,32,32,32,32
2004,63052,1,1,24,24,24,24,24,24,24,24,24,24
2004,63053,1,1,12,12,12,12,12,12,12,12,12,12
2004,63054,1,1,5,5,5,5,5,5,5,5,5,5
2004,63055,1,1,24,24,24,24,24,24,24,24,24,24
2004,63056,1,1,10,10,10,10,10,10,10,10,10,10
2004,63057,1,1,0,0,0,0,0,0,21,19,11,0
2004,63058,1,1,0,0,0,0,0,0,0,0,0,0
2004,63059,1,1,0,0,0,0,0,0,0,0,0,0
2004,63060,1,1,19,19,19,19,19,19,19,19,19,19
2004,63061,1,1,0,0,0,0,0,0,0,0,0,0
2004,63062,0,1,0,0,0,0,0,0,0,0,0,0
2004,63062,1,1,0,0,0,0,0,0,0,0,0,0
2004,63063,1,1,23,23,23,23,23,23,23,23,23,23
2004,63064,1,1,14,14,14,14,14,14,14,14,14,14
2004,63065,1,1,0,0,0,0,0,0,0,0,0,0
2004,63066,1,1,0,0,0,0,0,0,0,0,0,0
2004,63067,0,1,0,0,11,0,18,0,0,0,0,10
2004,63067,1,1,0,0,0,0,0,0,0,0,0,0
2004,63068,1,1,21,19,11,25,18,25,11,12,11,15
2004,63068,2,1,0,0,0,0,0,0,0,0,0,0
2004,63069,1,1,0,0,0,0,0,0,0,0,0,0
2004,63069,2,1,0,0,0,0,0,0,12,0,0,0
2004,63070,1,1,8,8,8,8,8,8,8,8,8,8
2004,63071,1,1,0,0,0,0,0,0,0,0,0,0
2004,63071,2,1,0,0,0,0,0,0,0,0,0,0
2004,63072,1,1,0,14,0,0,0,0,0,0,0,0
2004,63072,2,1,0,0,0,0,0,0,0,0,0,0
2004,63073,1,1,0,0,0,0,0,0,0,0,0,0
2004,63073,2,1,0,0,0,0,0,0,0,0,0,0
2004,63074,1,1,0,0,0,0,0,0,0,0,0,0
2004,63074,2,1,0,0,0,0,0,0,0,0,0,0
2004,63074,3,1,8,0,0,0,0,0,0,0,0,0
2004,63075,1,1,0,0,0,0,0,0,0,0,0,0
2004,63075,2,1,0,0,0,0,0,0,0,0,0,0
2004,63075,3,1,0,0,0,0,0,11,0,0,0,0
2004,63076,1,1,27,27,27,27,27,27,27,27,27,27
2004,63077,1,1,0,0,0,0,0,13,0,0,0,0
2004,63077,2,1,0,0,0,11,0,6,0,0,0,0
2004,63078,0,1,21,21,21,21,21,21,21,21,21,21
2004,63078,1,1,9,0,0,0,0,0,0,0,0,0
2004,63079,1,1,10,10,10,10,10,10,10,10,10,10
2004,63080,0,1,18,18,18,18,18,18,18,18,18,18
2004,63080,1,1,0,0,0,0,0,0,0,0,0,0
2004,63081,1,1,0,0,0,0,0,0,0,0,0,0
2004,63082,0,1,0,24,0,0,0,0,0,0,0,0
2004,63082,1,1,0,0,0,0,0,0,0,0,17,0
2004,63083,1,1,0,0,0,0,0,0,0,0,0,0
2004,63084,1,1,0,0,0,0,0,0,0,0,0,0
2004,63085,1,1,0,0,0,0,0,0,0,0,0,0
2004,63086,1,1,0,0,0,0,0,0,0,0,0,0
2004,63087,1,1,0,0,0,0,0,0,0,0,0,0
2004,63088,0,1,0,0,0,0,0,0,0,0,0,0
2004,63088,1,1,7,7,7,7,7,7,7,7,7,7
2004,63089,0,1,24,24,24,24,24,24,24,24,24,24
2004,63089,1,1,0,0,0,0,0,0,0,0,0,0
2004,63090,1,1,23,11,0,0,0,9,25,0,9,0
2004,63091,1,1,8,8,8,8,8,8,8,8,8,8
2004,63092,1,1,23,23,23,23,23,23,23,23,23,23
2004,63093,1,1,0,0,0,0,0,0,0,0,0,0
2004,63094,1,1,0,0,0,0,0,0,0,0,0,0
2004,63095,0,1,24,24,24,24,24,24,24,24,24,24
2004,63095,1,1,0,0,0,0,17,0,38,0,0,15
2004,63096,1,1,0,0,0,0,0,0,0,0,0,0
2004,63097,1,1,20,20,20,20,20,20,20,20,20,20
2004,63098,0,1,5,5,5,5,5,5,5,5,5,5
2004,63098,1,1,0,0,0,0,0,0,0,0,0,0
2004,63099,1,1,0,0,0,0,0,0,0,0,0,0
2004,63100,0,1,0,0,17,0,0,23,0,0,0,0
2004,63100,0,2,0,0,0,0,0,0,0,0,0,0
2004,63100,1,1,17,17,17,17,17,17,17,17,17,17
2004,63101,0,1,0,0,0,0,0,0,0,0,0,0
2004,63101,1,1,0,0,0,0,9,0,0,0,7,30
2004,63102,0,1,0,0,0,0,0,0,0,0,0,0
2004,63102,1,1,0,0,0,0,0,0,0,0,0,0
2004,63103,1,1,14,14,14,14,14,14,14,14,14,14
2004,63103,2,1,0,25,0,0,0,0,0,0,0,0
2004,63104,1,1,13,13,13,13,13,13,13,13,13,13
2004,63105,1,1,0,0,0,0,0,0,0,0,0,0
2004,63105,2,1,40,40,40,40,40,40,40,40,40,40
2004,63106,1,1,14,14,14,14,14,14,14,14,14,14
2004,63107,0,1,21,21,21,21,21,21,21,21,21,21
2004,63107,1,1,0,0,0,0,0,0,0,0,0,0
2004,63108,1,1,0,0,0,0,0,0,0,0,0,0
2004,63109,1,1,0,0,0,0,0,0,12,0,15,0
2004,63110,0,1,0,0,0,0,0,0,0,0,0,0
2004,63110,1,1,0,0,0,0,0,0,0,0,0,0
2004,63111,0,1,0,0,0,0,0,0,0,0,0,0
2004,63111,1,1,0,0,0,0,0,0,0,0,0,0
2004,63112,0,1,0,0,0,0,0,0,0,0,0,0
2004,63112,1,1,17,19,0,12,16,17,6,17,11,13
2004,63113,1,1,0,0,0,0,0,0,0,0,0,0
2004,63114,0,1,0,0,0,0,0,0,0,0,0,0
2004,63114,1,1,0,0,0,0,0,0,0,0,0,0
2004,63115,0,1,0,0,0,0,0,0,0,0,0,0
2004,63115,1,1,0,0,0,0,0,0,0,0,0,0
2004,63116,1,1,25,0,7,0,0,0,0,0,0,0
2004,63117,0,1,0,0,0,0,0,0,0,0,0,0
2004,63117,1,1,0,0,0,0,19,0,0,0,0,0
2004,63118,0,1,14,14,14,14,14,14,14,14,14,14
2004,63118,1,1,0,0,0,0,0,0,0,0,0,0
2004,63119,1,1,0,0,0,37,0,0,0,0,0,0
2004,63120,1,1,10,10,10,10,10,10,10,10,10,10
2004,63120,2,1,14,0,0,0,18,0,0,0,0,0
2004,63121,0,1,13,13,13,13,13,13,13,13,13,13
2004,63121,1,1,0,0,0,0,0,0,0,0,0,0
2004,63122,0,1,0,0,0,0,0,0,0,0,0,0
2004,63122,1,1,0,0,0,0,0,0,0,0,0,0
2004,63123,1,1,0,0,0,0,0,0,0,0,0,0
2004,63124,1,1,10,10,10,10,10,10,10,10,10,10
2004,63125,1,1,0,0,0,0,0,0,0,0,0,0
2004,63126,1,1,3,3,3,3,3,3,3,3,3,3
2004,63127,1,1,8,8,8,8,8,8,8,8,8,8
2004,63128,0,1,0,0,0,0,0,0,0,0,0,0
2004,63128,1,1,0,0,0,0,0,0,0,0,0,0
2004,63129,1,1,0,0,0,0,0,0,0,0,0,0
2004,63130,0,1,0,22,0,0,0,0,17,0,0,0
2004,63130,1,1,3,14,14,0,9,20,11,5,17,15
2004,63131,1,1,11,6,0,9,0,7,9,17,12,12
2004,63132,0,1,0,0,0,0,0,0,0,0,0,0
2004,63132,1,1,0,0,0,0,0,0,0,0,0,0
2004,63133,0,1,15,15,15,15,15,15,15,15,15,15
2004,63133,1,1,0,0,0,0,0,0,0,0,0,0
2004,63134,1,1,16,16,16,16,16,16,16,16,16,16
2004,63135,1,1,0,0,0,0,0,0,0,0,0,0
2004,63136,1,1,0,0,0,0,0,0,0,0,0,0
2004,63136,2,1,0,0,0,0,0,15,0,0,0,0
2004,63137,1,1,9,9,9,9,9,9,9,9,9,9
2004,63137,2,1,0,0,0,0,0,0,0,0,0,0
2004,63137,3,1,0,0,0,0,0,0,0,0,0,0
2004,63138,1,1,0,0,0,0,0,0,0,0,0,0
2004,63138,2,1,0,0,0,0,0,0,0,0,12,0
2004,63138,3,1,0,0,0,0,0,0,0,0,0,0
2004,63139,1,1,0,0,0,0,0,0,0,0,3,0
2004,63139,2,1,0,0,0,0,0,0,0,0,0,0
2004,63140,0,1,0,0,0,0,0,0,0,0,0,0
2004,63140,1,1,10,23,19,0,28,9,0,17,14,35
2004,63141,0,1,0,0,0,0,0,0,0,0,0,0
2004,63141,1,1,0,0,0,0,0,0,0,0,0,0
2004,63141,2,1,0,0,0,0,0,0,0,0,0,0
2004,63142,0,1,0,0,0,0,0,0,0,0,0,0
2004,63142,1,1,28,0,0,0,0,0,0,0,0,0
2004,63142,2,1,0,0,0,0,0,0,0,0,0,0
2004,63143,1,1,0,0,0,0,0,0,0,0,0,0
2004,63143,2,1,0,0,0,0,0,0,0,0,0,0
2004,63144,0,1,0,0,0,0,0,17,0,0,0,0
2004,63144,1,1,0,0,0,0,0,0,0,0,0,0
2004,63145,1,1,0,0,0,0,0,0,0,0,0,0
2004,63145,2,1,0,0,0,0,0,0,0,0,0,0
2004,63146,1,1,0,0,0,0,0,0,0,9,0,0
2004,63146,2,1,0,0,0,0,0,0,0,0,0,0
2004,63147,1,1,0,0,0,0,0,0,0,0,0,0
2004,63147,2,1,0,0,0,0,0,0,0,0,0,0
2004,63147,3,1,0,0,0,0,0,0,0,0,0,0
2004,63148,1,1,0,0,0,0,0,0,0,0,0,0
2004,63148,2,1,0,0,0,0,0,0,0,0,0,0
2004,63149,1,1,0,0,0,0,0,0,0,0,0,0
2004,63149,2,1,11,0,0,3,0,0,10,0,0,0
2004,63150,1,1,26,26,26,26,26,26,26,26,26,26
2004,63151,1,1,0,0,0,0,0,0,0,0,0,0
2004,63152,1,1,0,0,0,0,0,0,0,0,0,0
2004,63153,0,1,0,0,0,0,0,0,0,0,0,0
2004,63153,1,1,0,0,0,0,0,0,0,0,0,0
2004,63154,1,1,31,31,31,31,31,31,31,31,31,31
2004,63155,1,1,0,0,0,0,0,0,0,0,0,0
2004,63156,1,1,0,0,0,0,0,0,0,0,0,0
2004,63157,1,1,0,0,0,0,0,0,0,0,0,0
2004,63158,0,1,2,2,2,2,2,2,2,2,2,2
2004,63158,1,1,0,0,0,0,0,0,0,0,0,0
2004,63159,0,1,20,20,20,20,20,20,20,20,20,20
2004,63159,1,1,0,0,0,0,17,0,0,0,0,0
2004,63160,1,1,0,0,13,0,0,0,0,0,0,3
2004,63160,2,1,0,0,0,0,0,0,0,0,0,0
2004,63161,1,1,0,0,0,0,0,0,0,0,0,0
2004,63161,2,1,0,0,0,0,0,0,0,0,0,0
2004,63162,1,1,0,0,0,0,0,0,0,0,0,0
2004,63162,2,1,0,0,0,0,0,0,0,0,0,0
2004,63163,1,1,0,0,0,0,0,0,0,0,0,0
2004,63163,2,1,0,0,0,0,0,0,0,0,0,0
2004,63164,1,1,0,0,0,0,0,0,0,0,0,0
2004,63164,2,1,0,0,0,0,5,0,0,0,0,0
2004,63165,1,1,8,8,8,8,8,8,8,8,8,8
2004,63165,2,1,0,9,0,0,0,0,0,0,0,0
2004,63166,1,1,0,0,0,0,0,0,0,0,0,0
2004,63166,2,1,0,0,0,0,0,0,0,0,0,0
2004,63167,1,1,0,0,0,0,0,0,0,0,0,0
2004,63167,2,1,0,0,0,0,0,0,0,0,0,0
2004,63168,0,1,0,0,0,0,22,0,0,0,0,0
2004,63168,1,1,0,0,0,0,0,0,0,0,0,0
2004,63169,1,1,9,9,9,9,9,9,9,9,9,9
2004,63169,2,1,0,0,0,0,0,0,0,11,0,0
2004,63170,1,1,0,0,0,0,0,0,0,0,0,0
2004,63171,0,1,0,0,0,0,0,0,0,0,0,0
2004,63171,1,1,0,0,0,0,0,0,0,0,0,0
2004,63172,1,1,0,0,0,0,0,0,0,0,0,0
2004,63173,1,1,0,0,0,0,0,0,0,0,0,0
2004,63173,2,1,0,0,0,0,0,0,0,0,0,0
2004,63174,1,1,21,21,21,21,21,21,21,21,21,21
2004,63175,1,1,0,0,0,0,0,0,0,0,0,0
2004,63176,1,1,0,0,0,0,0,0,0,0,0,0
2004,63177,0,1,19,34,9,20,12,15,5,16,20,10
2004,63177,1,1,11,0,0,21,0,0,0,0,0,0
2004,63178,0,1,0,0,0,0,0,0,0,0,0,0
2004,63178,1,1,0,0,0,0,0,0,0,0,0,0
2004,63179,0,1,0,0,0,0,0,0,0,0,0,0
2004,63179,1,1,14,14,14,14,14,14,14,14,14,14
2004,63180,0,1,0,0,0,0,0,0,0,0,0,0
2004,63180,1,1,0,0,0,0,16,0,0,0,0,0
2004,63181,1,1,0,0,0,0,0,0,0,0,0,0
2004,63182,0,1,20,20,20,20,20,20,20,20,20,20
2004,63182,1,1,0,0,0,0,0,0,15,0,0,0
2004,63183,1,1,21,21,21,21,21,21,21,21,21,21
2004,63184,0,1,25,25,25,25,25,25,25,25,25,25
2004,63184,1,1,0,13,0,0,0,0,0,0,0,0
2004,63185,1,1,0,0,0,0,0,0,0,0,0,0
2004,63186,1,1,0,0,0,0,0,0,0,0,0,0
2004,63187,1,1,0,0,0,0,0,19,5,0,0,0
2004,63188,1,1,13,13,13,13,13,13,13,13,13,13
2004,63189,0,1,7,7,7,7,7,7,7,7,7,7
2004,63189,1,1,0,0,0,0,0,0,0,0,0,0
2004,63190,1,1,0,0,10,0,0,0,0,7,0,0
2004,63191,1,1,0,0,0,0,0,0,0,0,0,0
2004,63192,1,1,0,0,0,0,0,0,0,0,0,0
2004,63193,1,1,0,0,0,0,0,0,0,0,0,0
2004,63194,1,1,0,0,0,0,0,0,0,0,0,0
2004,63195,1,1,19,19,19,19,19,19,19,19,19,19
2004,63196,1,1,0,0,0,0,0,0,0,0,0,0
2004,63196,2,1,0,0,0,0,0,0,0,0,0,0
2004,63197,0,1,0,0,0,0,0,0,0,0,0,0
2004,63197,1,1,0,0,0,3,0,0,11,0,0,0
2004,63198,1,1,0,0,0,0,0,0,0,0,0,0
2004,63199,0,1,0,0,0,0,0,0,0,0,0,0
2004,63199,1,1,0,0,0,0,0,0,0,0,0,0
2004,63200,1,1,0,0,0,0,0,0,0,0,0,0
2004,63201,1,1,0,0,0,0,0,0,0,0,0,0
2004,63202,1,1,0,0,0,0,0,0,0,0,0,0
2004,63203,0,1,24,24,24,24,24,24,24,24,24,24
2004,63203,1,1,0,0,0,0,0,0,0,0,0,0
2004,63204,1,1,14,14,14,14,14,14,14,14,14,14
2004,63205,1,1,0,0,0,0,0,0,8,15,0,0
2004,63206,1,1,9,9,9,9,9,9,9,9,9,9
2004,63207,1,1,0,0,0,0,0,0,0,0,0,0
2004,63208,1,1,0,0,0,0,0,0,0,0,0,0
2004,63209,1,1,0,0,0,0,0,0,0,12,0,0
2004,63210,1,1,0,13,0,0,0,0,0,0,0,0
2004,63211,1,1,0,0,0,0,0,0,0,0,0,0
2004,63212,1,1,0,0,0,24,0,0,0,0,0,0
2004,63213,1,1,0,0,0,0,0,0,0,0,0,0
2004,63213,2,1,0,0,0,0,0,0,0,0,0,0
2004,63214,1,1,0,0,0,0,0,0,0,0,0,0
2004,63214,2,1,0,0,0,0,0,0,0,0,0,0
2004,63215,1,1,0,0,0,6,0,0,0,0,0,0
2004,63215,2,1,11,0,0,0,0,0,0,0,0,0
2004,63216,0,1,0,0,0,0,0,0,0,0,0,0
2004,63216,2,1,0,0,0,0,0,0,0,0,0,0
2004,63216,3,1,0,0,0,0,0,0,0,0,0,0
2004,63217,1,1,0,0,0,0,0,0,0,0,0,0
2004,63217,2,1,0,0,0,0,0,0,0,0,0,0
2004,63218,1,1,0,0,0,0,0,0,0,0,0,0
2004,63218,2,1,0,0,0,0,0,10,0,0,0,0
2004,63218,3,1,0,0,0,0,0,0,0,0,0,0
2004,63218,4,1,0,0,0,0,0,0,0,0,0,0
2004,63218,5,1,0,0,0,0,0,0,0,0,0,0
2004,63219,1,1,0,0,0,0,0,0,0,0,0,0
2004,63219,2,1,0,0,0,0,0,0,0,0,0,0
2004,63220,0,1,0,0,0,45,0,0,26,18,21,0
2004,63220,1,1,0,0,0,0,9,0,0,0,0,0
2004,63220,2,1,0,0,0,0,0,0,0,0,0,0
2004,63221,1,1,23,23,23,23,23,23,23,23,23,23
2004,63221,2,1,0,0,0,0,0,0,0,0,0,0
2004,63222,1,1,0,0,0,0,0,0,0,0,0,0
2004,63222,2,1,0,0,0,0,0,0,0,0,0,0
2004,63223,1,1,14,14,14,14,14,14,14,14,14,14
2004,63223,2,1,0,0,0,0,0,0,0,0,0,0
2004,63224,1,1,0,0,0,0,0,0,0,0,0,0
2004,63224,2,1,0,0,0,0,0,0,0,0,0,0
2004,63225,1,1,0,0,0,0,0,0,0,0,0,0
2004,63225,2,1,0,0,0,0,0,0,0,0,0,0
2004,63226,1,1,0,0,0,0,0,0,0,0,0,0
2004,63226,2,1,0,0,0,0,0,0,0,0,0,0
2004,63226,3,1,0,0,0,0,0,0,0,0,0,0
2004,63226,4,1,0,0,0,0,0,0,0,0,0,0
2004,63226,5,1,0,0,0,0,0,0,0,0,0,0
2004,63226,6,1,0,0,0,0,0,0,0,0,0,0
2004,63226,7,1,0,0,0,0,0,0,0,0,0,0
2004,63227,0,1,0,0,0,0,0,0,0,0,0,0
2004,63227,1,1,0,0,0,0,0,0,0,0,0,0
2004,63228,1,1,0,0,0,0,0,0,0,0,0,0
2004,63228,2,1,0,0,0,0,0,0,0,0,0,0
2004,63229,1,1,0,0,0,0,0,0,0,0,0,0
2004,63229,2,1,0,0,0,0,0,0,0,0,0,0
2004,63230,1,1,0,0,0,0,0,0,0,0,0,0
2004,63230,2,1,0,0,0,0,0,0,0,0,0,0
2004,63231,1,1,0,0,0,0,0,0,0,0,0,0
2004,63231,2,1,0,0,0,24,0,0,0,0,0,34
2004,63231,3,1,11,0,6,0,0,0,0,0,14,0
2004,63232,1,1,0,0,0,0,0,0,0,0,0,0
2004,63232,2,1,0,0,0,0,0,0,0,0,0,0
2004,63233,1,1,0,0,0,0,0,0,0,0,0,0
2004,63233,2,1,0,0,0,0,0,0,0,0,0,0
2004,63234,0,1,0,0,0,0,0,0,0,0,0,0
2004,63234,1,1,0,0,0,0,0,0,0,0,0,0
2004,63235,1,1,0,0,0,0,0,0,0,0,0,0
2004,63235,2,1,0,0,0,0,0,0,0,0,0,0
2004,63236,1,1,0,11,0,0,0,0,0,0,0,20
2004,63236,2,1,0,0,0,0,0,0,0,0,0,0
2004,63236,3,1,0,0,0,0,0,0,0,0,0,0
2004,63237,1,1,0,0,0,0,0,0,0,0,0,0
2004,63237,2,1,0,0,0,0,0,0,0,0,0,0
2004,63238,1,1,25,25,25,25,25,25,25,25,25,25
2004,63238,2,1,0,0,0,0,0,0,0,0,0,0
2004,63239,1,1,0,0,0,27,0,5,23,0,0,0
2004,63240,1,1,0,0,0,0,0,0,0,0,0,0
2004,63240,2,1,0,0,0,0,0,2,0,0,0,0
2004,63241,1,1,0,0,0,0,0,0,0,0,0,0
2004,63241,2,1,0,0,0,0,0,0,0,0,0,0
2004,63242,1,1,0,0,0,0,0,0,0,0,0,0
2004,63242,2,1,15,15,15,15,15,15,15,15,15,15
2004,63243,1,1,0,0,0,0,0,0,0,0,0,0
2004,63243,2,1,0,6,0,0,0,0,0,0,0,0
2004,63244,1,1,0,0,0,0,0,0,0,0,0,0
2004,63244,2,1,0,0,0,0,0,0,0,0,0,0
2004,63245,1,1,0,0,0,0,0,0,0,0,0,0
2004,63245,2,1,0,0,0,0,0,0,11,0,0,0
2004,63246,1,1,0,0,0,0,0,0,0,0,0,0
2004,63246,2,1,0,0,0,0,0,0,0,0,0,0
2004,63247,1,1,0,0,0,0,0,0,0,0,0,0
2004,63248,1,1,0,0,0,0,0,0,0,0,0,0
2004,63248,2,1,8,8,8,8,8,8,8,8,8,8
2004,63249,1,1,30,30,30,30,30,30,30,30,30,30
2004,63250,1,1,22,22,22,22,22,22,22,22,22,22
2004,63250,2,1,0,0,24,0,0,22,0,0,0,0
2004,63251,1,1,0,0,0,0,0,0,0,0,0,0
2004,63251,2,1,12,12,12,12,12,12,12,12,12,12
2004,63252,1,1,0,0,0,0,0,0,0,0,0,0
2004,63252,2,1,0,0,0,0,0,0,0,0,0,0
2004,63253,1,1,7,7,7,7,7,7,7,7,7,7
2004,63253,2,1,0,0,0,0,0,0,0,0,0,0
2004,63253,3,1,0,0,0,0,0,0,0,0,0,0
2004,63254,1,1,0,0,0,0,0,0,0,0,0,0
2004,63254,2,1,0,0,0,0,0,0,0,0,0,0
2004,63255,1,1,0,0,0,0,0,0,0,0,0,0
2004,63255,2,1,0,0,0,0,0,0,0,0,0,0
2004,63256,1,1,2,2,2,2,2,2,2,2,2,2