YEAR,ST_CASE,veh_no,per_no,P1,P2,P3,P4,P5,P6,P7,P8,P9,P10
2004,63256,2,1,0,0,0,0,0,0,0,0,0,0
2004,63256,3,1,0,0,0,0,0,0,0,0,0,0
2004,63256,4,1,0,0,0,0,0,0,0,0,0,0
2004,63256,5,1,8,0,0,0,0,0,0,0,0,0
2004,63256,6,1,0,0,0,0,0,0,0,0,0,0
2004,63257,1,1,0,0,0,0,0,0,0,0,0,0
2004,63257,2,1,0,0,0,0,0,0,0,0,0,0
2004,63257,3,1,0,0,0,0,0,0,0,0,0,0
2004,63258,1,1,0,0,0,0,0,0,0,0,0,0
2004,63258,2,1,0,0,0,0,0,0,0,0,0,0
2004,63259,1,1,0,0,0,0,0,0,0,0,0,0
2004,63259,2,1,0,0,0,0,0,0,0,0,0,0
2004,63260,1,1,0,0,0,0,0,0,0,0,0,0
2004,63260,2,1,0,0,0,0,0,0,0,0,0,0
2004,63261,1,1,13,13,13,13,13,13,13,13,13,13
2004,63261,2,1,0,0,0,0,0,0,22,0,0,0
2004,63262,0,1,2,2,2,2,2,2,2,2,2,2
2004,63262,1,1,0,0,0,0,0,0,0,0,0,0
2004,63263,1,1,0,0,0,0,0,0,0,0,0,0
2004,63263,2,1,16,16,16,16,16,16,16,16,16,16
2004,63264,1,1,0,0,0,0,0,0,0,0,0,0
2004,63264,2,1,0,12,0,0,0,0,0,0,0,0
2004,63265,0,1,0,0,0,0,0,0,0,0,0,0
2004,63265,1,1,0,0,0,0,0,0,0,0,0,0
2004,63265,2,1,0,0,0,0,0,0,0,0,0,0
2004,63266,1,1,0,0,0,0,0,0,0,0,0,0
2004,63266,2,1,0,0,0,0,0,0,0,0,0,0
2004,63267,1,1,0,0,0,0,0,0,0,0,0,0
2004,63267,2,1,0,0,0,0,0,0,0,0,0,0
2004,63268,1,1,0,0,21,0,0,0,0,0,0,0
2004,63268,2,1,0,0,0,0,0,0,0,0,0,0
2004,63268,3,1,0,0,0,0,0,0,0,0,0,0
2004,63269,1,1,24,24,24,24,24,24,24,24,24,24
2004,63270,0,1,0,0,0,0,0,0,0,0,0,0
2004,63270,0,2,20,13,0,0,0,0,0,0,0,0
2004,63270,1,1,0,0,0,4,0,0,0,0,0,0
2004,63271,0,1,0,0,0,0,0,0,0,0,0,0
2004,63271,1,1,4,0,0,0,0,0,0,0,0,0
2004,63272,0,1,0,0,0,0,0,0,0,0,0,0
2004,63273,1,1,0,0,0,0,0,0,0,0,0,0
2004,63274,1,1,0,0,0,0,0,0,0,0,0,0
2004,63275,0,1,0,0,0,0,0,0,0,0,0,0
2004,63275,1,1,0,0,0,0,0,0,0,0,0,0
2004,63276,1,1,0,0,0,0,0,0,0,6,0,0
2004,63276,2,1,0,0,0,0,0,0,0,0,0,0
2004,63277,0,1,0,0,0,0,0,0,0,0,0,0
2004,63277,1,1,0,0,0,0,0,0,0,0,0,0
2004,63278,1,1,0,0,0,0,0,0,0,0,0,0
2004,63278,2,1,0,0,0,0,0,0,0,0,0,0
2004,63279,1,1,15,15,15,15,15,15,15,15,15,15
2004,63279,2,1,0,0,0,0,0,0,0,0,0,0
2004,63280,0,1,0,0,0,0,0,0,0,0,0,0
2004,63280,1,1,0,0,0,0,0,0,0,0,0,0
2004,63281,1,1,0,0,0,0,0,0,0,15,0,0
2004,63282,0,1,21,21,21,21,21,21,21,21,21,21
2004,63282,1,1,0,0,5,0,0,0,0,0,0,0
2004,63283,1,1,23,23,23,23,23,23,23,23,23,23
2004,63284,1,1,2,2,2,2,2,2,2,2,2,2
2004,63284,2,1,0,33,0,0,0,0,0,5,0,0
2004,63285,1,1,16,16,16,16,16,16,16,16,16,16
2004,63286,0,1,0,0,0,0,0,0,0,0,0,0
2004,63286,1,1,0,0,0,0,0,0,0,0,0,0
2004,63287,1,1,0,0,0,0,0,0,0,0,0,0
2004,63288,0,1,0,0,0,0,0,0,0,0,0,0
2004,63288,1,1,0,0,0,0,0,0,0,0,0,0
2004,63289,1,1,0,0,0,0,0,0,0,0,0,0
2004,63289,2,1,0,0,0,0,0,0,0,0,0,0
2004,63290,1,1,16,16,16,16,16,16,16,16,16,16
2004,63290,2,1,0,0,0,0,0,0,0,0,0,0
2004,63291,1,1,0,0,0,0,0,0,0,0,0,0
2004,63291,2,1,0,0,0,0,0,0,0,0,0,0
2004,63292,0,1,10,10,10,10,10,10,10,10,10,10
2004,63292,1,1,0,0,0,0,0,0,0,0,0,8
2004,63293,0,1,24,0,0,0,24,14,36,0,23,43
2004,63293,1,1,20,20,20,20,20,20,20,20,20,20
2004,63293,2,1,14,14,14,14,14,14,14,14,14,14
2004,63294,1,1,0,0,0,0,0,0,0,0,0,0
2004,63294,2,1,0,0,0,0,0,0,0,0,0,0
2004,63295,1,1,0,0,0,0,0,0,0,0,0,0
2004,63295,2,1,26,26,26,26,26,26,26,26,26,26
2004,63296,1,1,0,2,0,0,0,0,12,0,7,0
2004,63296,2,1,0,0,0,0,0,0,0,0,0,0
2004,63297,0,1,0,0,0,0,0,0,0,0,0,0
2004,63297,1,1,0,0,0,0,0,0,0,0,0,0
2004,63297,2,1,0,0,0,0,0,0,0,0,0,14
2004,63298,1,1,0,0,0,0,0,0,0,0,0,0
2004,63298,2,1,0,0,0,0,0,0,0,0,0,0
2004,63299,0,1,0,0,0,0,0,0,0,0,0,0
2004,63299,1,1,0,0,0,0,0,0,0,0,0,0
2004,63300,1,1,0,0,0,0,0,0,0,0,0,0
2004,63300,2,1,0,0,0,0,0,0,0,0,0,0
2004,63301,1,1,0,0,0,0,0,0,0,0,0,0
2004,63301,2,1,0,0,0,0,0,0,0,0,0,0
2004,63302,0,1,29,29,29,29,29,29,29,29,29,29
2004,63302,1,1,0,0,0,0,0,0,0,0,0,0
2004,63302,2,1,0,0,0,0,0,0,0,0,0,0
2004,63303,1,1,0,0,0,0,0,0,0,0,0,0
2004,63303,2,1,0,0,0,0,0,0,0,0,0,0
2004,63303,3,1,0,0,0,0,0,0,0,0,0,0
2004,63303,4,1,0,0,0,0,0,0,0,0,0,0
2004,63303,5,1,0,0,0,0,0,0,0,0,12,0
2004,63304,1,1,0,0,0,0,0,0,0,0,0,0
2004,63304,2,1,0,0,0,0,0,0,0,0,0,0
2004,63304,3,1,0,0,0,0,0,0,0,13,0,0
2004,63305,1,1,0,0,0,0,17,0,2,0,0,0
2004,63305,2,1,0,0,0,3,0,0,0,0,0,0
2004,63305,3,1,0,0,0,0,0,0,0,0,12,0
2004,63306,1,1,0,0,0,0,0,0,0,10,12,0
2004,63306,2,1,22,22,22,22,22,22,22,22,22,22
2004,63307,1,1,22,22,22,22,22,22,22,22,22,22
2004,63307,2,1,0,0,0,0,0,0,0,0,0,0
2004,63308,1,1,0,0,0,0,0,0,0,0,0,0
2004,63308,2,1,0,0,0,0,0,0,0,0,0,0
2004,63308,3,1,0,0,0,0,0,0,0,0,0,0
2004,63309,1,1,0,0,0,0,0,0,0,0,0,0
2004,63309,2,1,0,0,0,0,0,0,0,0,0,0
2004,63310,1,1,0,0,0,29,3,0,0,0,0,0
2004,63310,2,1,0,0,0,0,0,0,0,0,0,0
2004,63311,1,1,16,16,16,16,16,16,16,16,16,16
2004,63311,2,1,3,3,3,3,3,3,3,3,3,3
2004,63312,1,1,0,0,0,0,0,0,0,0,0,0
2004,63312,2,1,0,0,0,0,0,0,0,0,0,0
2004,63313,1,1,0,0,0,0,0,0,0,0,0,0
2004,63313,2,1,0,0,0,0,0,0,0,0,0,0
2004,63314,1,1,5,5,5,5,5,5,5,5,5,5
2004,63314,2,1,0,0,0,0,0,0,0,0,0,0
2004,63315,1,1,0,0,0,0,0,0,0,0,0,0
2004,63315,2,1,0,0,0,0,0,0,0,0,0,0
2004,63316,1,1,0,0,0,0,0,0,0,0,0,0
2004,63316,2,1,0,0,0,0,0,0,0,0,0,0
2004,63317,1,1,0,0,0,0,0,0,0,0,0,0
2004,63317,2,1,0,0,0,0,0,0,0,0,0,0
2004,63317,3,1,0,0,0,0,0,0,0,0,0,0
2004,63318,1,1,0,0,0,0,0,0,0,0,0,0
2004,63318,2,1,0,0,0,0,0,0,0,0,0,0
2004,63319,1,1,0,0,0,0,0,0,0,0,0,0
2004,63319,2,1,0,0,0,0,0,0,0,0,10,0
2004,63319,3,1,0,0,0,0,0,0,0,0,0,0
2004,63320,1,1,0,0,0,0,0,0,0,0,0,0
2004,63320,2,1,4,4,4,4,4,4,4,4,4,4
2004,63320,3,1,0,0,0,0,0,0,0,0,0,0
2004,63320,4,1,0,0,0,0,0,0,0,0,0,0
2004,63321,0,1,14,14,14,14,14,14,14,14,14,14
2004,63321,1,1,0,0,0,0,0,0,0,0,0,0
2004,63321,2,1,0,0,0,0,0,0,0,0,0,0
2004,63322,1,1,14,14,14,14,14,14,14,14,14,14
2004,63322,2,1,0,0,0,0,0,0,0,0,0,0
2004,63323,1,1,0,0,0,0,0,0,19,0,0,0
2004,63323,2,1,0,0,0,0,0,0,0,0,0,0
2004,63323,3,1,0,0,0,0,0,0,0,0,0,0
2004,63324,1,1,0,0,0,0,0,0,0,0,0,0
2004,63324,2,1,0,0,0,0,0,0,0,0,0,0
2004,63325,1,1,0,0,0,0,0,0,16,0,0,0
2004,63325,2,1,0,0,0,0,0,0,0,0,0,0
2004,63326,1,1,12,12,12,12,12,12,12,12,12,12
2004,63326,2,1,0,0,0,0,0,0,0,0,0,0
2004,63327,1,1,7,7,7,7,7,7,7,7,7,7
2004,63327,2,1,0,0,0,0,0,0,0,14,0,0
2004,63328,1,1,19,19,19,19,19,19,19,19,19,19
2004,63328,2,1,0,0,0,0,0,0,0,0,0,0
2004,63328,3,1,0,11,25,0,0,0,14,0,0,0
2004,63328,4,1,6,6,6,6,6,6,6,6,6,6
2004,63329,1,1,0,0,0,0,0,0,0,0,0,0
2004,63329,2,1,0,0,0,0,0,0,0,0,0,0
2004,63330,1,1,0,0,0,0,0,0,0,0,0,0
2004,63330,2,1,0,0,0,0,0,0,0,0,0,0
2004,63330,3,1,0,0,0,0,0,0,0,0,0,0
2004,63331,1,1,0,0,0,0,0,0,0,0,0,0
2004,63331,2,1,0,0,0,0,0,0,0,0,0,0
2004,63332,1,1,0,0,0,0,0,0,0,0,0,0
2004,63332,2,1,0,0,0,0,5,0,0,11,0,0
2004,63333,1,1,0,0,0,0,0,0,0,0,0,0
2004,63333,2,1,0,0,0,0,0,0,0,0,0,0
2004,63334,1,1,21,0,11,23,6,0,12,13,27,17
2004,63334,2,1,0,0,0,0,0,0,0,0,0,0
2004,63335,1,1,0,0,0,0,0,0,0,0,0,0
2004,63335,2,1,0,0,0,0,0,0,0,0,0,0
2004,63336,1,1,0,0,0,0,0,0,0,0,0,0
2004,63336,2,1,0,0,0,0,0,0,0,0,0,0
2004,63337,1,1,0,0,0,0,0,0,0,0,0,0
2004,63337,2,1,0,0,0,0,5,0,0,0,0,0
2004,63338,1,1,0,0,0,0,0,0,0,0,0,0
2004,63338,2,1,0,0,0,0,0,0,0,0,0,0
2004,63338,3,1,0,0,0,0,0,0,0,0,0,0
2004,63339,1,1,0,0,0,0,0,0,0,0,0,0
2004,63339,2,1,0,0,0,0,0,0,0,0,0,0
2004,63340,1,1,0,0,0,0,0,0,13,0,0,0
2004,63340,2,1,0,0,0,0,0,0,0,0,0,0
2004,63341,1,1,3,3,3,3,3,3,3,3,3,3
2004,63341,2,1,0,0,0,0,0,0,0,0,0,0
2004,63341,3,1,5,0,0,0,0,0,0,0,2,0
2004,63341,4,1,0,0,18,0,0,0,0,0,0,0
2004,63342,1,1,21,0,18,0,0,0,18,0,16,0
2004,63342,2,1,0,0,0,0,0,0,0,0,0,0
2004,63343,1,1,0,0,0,0,0,0,0,0,0,0
2004,63343,2,1,0,0,0,0,0,0,0,0,0,0
2004,63344,1,1,0,0,0,0,0,0,0,0,0,0
2004,63344,2,1,0,0,0,0,0,0,0,0,0,0
2004,63345,1,1,0,0,0,0,0,0,0,0,0,0
2004,63345,2,1,0,0,0,0,4,0,0,0,0,0
2004,63346,1,1,8,0,0,0,0,0,0,0,0,0
2004,63346,2,1,0,0,0,0,0,0,0,0,0,0
2004,63347,1,1,0,0,0,0,0,0,0,0,0,0
2004,63347,2,1,0,0,0,0,0,0,0,0,0,0
2004,63347,3,1,0,0,0,0,0,0,0,0,0,0
2004,63348,1,1,0,0,0,0,0,0,0,0,0,0
2004,63348,2,1,0,0,0,0,0,0,0,0,0,0
2004,63349,0,1,0,0,0,0,0,0,0,0,0,0
2004,63349,1,1,0,0,0,0,0,0,0,0,0,0
2004,63350,1,1,0,0,0,0,0,0,0,0,0,0
2004,63350,2,1,0,0,0,0,0,0,0,0,0,0
2004,63351,1,1,0,0,0,0,0,0,0,0,8,0
2004,63351,2,1,0,0,0,0,0,0,0,0,0,0
2004,63352,1,1,0,0,0,0,0,0,0,0,0,0
2004,63352,2,1,0,0,0,0,0,0,0,0,0,0
2004,63353,1,1,0,0,0,0,0,0,0,0,0,0
2004,63353,2,1,0,0,0,0,0,5,0,0,0,0
2004,63353,3,1,0,0,0,0,0,0,0,0,0,0
2004,63354,1,1,0,0,0,0,0,0,0,0,0,0
2004,63354,2,1,0,0,0,0,0,0,0,0,0,0
2004,63355,1,1,0,0,0,0,0,0,0,0,0,0
2004,63355,2,1,0,0,0,0,0,0,0,0,0,0
2004,63356,1,1,0,0,0,0,0,0,0,0,0,0
2004,63357,1,1,0,0,0,0,0,0,0,0,0,0
2004,63357,2,1,0,0,0,0,0,0,0,0,0,0
2004,63358,0,1,0,0,0,0,0,0,0,0,0,0
2004,63358,1,1,0,0,0,0,0,0,0,0,0,0
2004,63359,1,1,0,0,0,0,0,0,0,0,0,0
2004,63359,2,1,0,0,0,0,13,0,0,0,0,0
2004,63359,3,1,0,0,0,0,0,0,0,0,0,0
2004,63360,1,1,33,33,33,33,33,33,33,33,33,33
2004,63360,2,1,0,0,0,0,0,0,0,0,0,0
2004,63360,3,1,0,0,0,0,0,0,0,0,0,0
2004,63360,4,1,0,0,0,0,0,0,0,0,0,0
2004,63361,1,1,0,0,0,0,0,0,0,0,0,0
2004,63361,2,1,0,0,0,0,0,0,0,0,0,0
2004,63362,1,1,10,10,10,10,10,10,10,10,10,10
2004,63362,2,1,0,0,0,0,0,0,0,0,0,0
2004,63363,0,1,0,0,0,24,0,4,0,0,0,0
2004,63363,1,1,0,0,0,0,0,0,13,0,0,0
2004,63364,0,1,5,5,5,5,5,5,5,5,5,5
2004,63364,1,1,0,0,0,0,0,0,0,0,0,0
2004,63364,2,1,0,0,0,0,0,0,0,0,0,0
2004,63365,1,1,0,0,0,0,0,0,0,0,0,0
2004,63365,2,1,0,0,0,19,0,0,0,0,0,0
2004,63366,1,1,5,5,5,5,5,5,5,5,5,5
2004,63366,2,1,0,0,0,0,0,0,0,0,0,0
2004,63366,3,1,0,0,0,0,0,0,0,0,0,0
2004,63366,4,1,0,0,0,0,0,0,0,7,0,14
2004,63367,0,1,0,0,0,0,0,0,0,0,0,0
2004,63367,2,1,0,0,0,0,0,0,0,0,0,0
2004,63368,1,1,0,0,0,0,0,0,0,0,0,0
2004,63368,2,1,0,0,0,0,0,0,0,0,0,0
2004,63369,1,1,0,0,0,0,0,0,0,0,0,0
2004,63369,2,1,0,0,0,0,0,0,0,0,0,0
2004,63370,1,1,19,19,19,19,19,19,19,19,19,19
2004,63370,2,1,0,0,0,12,0,0,0,0,0,17
2004,63371,1,1,5,5,5,5,5,5,5,5,5,5
2004,63371,2,1,0,0,0,0,0,0,0,0,0,0
2004,63372,1,1,0,0,0,0,0,0,0,0,0,0
2004,63372,2,1,0,0,0,0,2,0,0,0,0,0
2004,63373,0,1,0,0,0,0,0,0,0,0,0,0
2004,63373,1,1,0,0,0,0,0,0,0,0,0,0
2004,63374,1,1,0,0,0,0,0,0,0,0,0,0
2004,63374,2,1,0,0,0,0,0,0,28,0,0,0
2004,63375,1,1,18,0,0,7,0,13,0,0,0,9
2004,63376,1,1,0,0,0,0,0,0,0,0,0,0
2004,63376,2,1,0,0,0,0,0,0,0,0,0,0
2004,63377,1,1,19,12,11,6,20,25,9,9,13,25
2004,63377,2,1,0,0,0,0,0,0,0,0,0,0
2004,63377,3,1,0,0,0,0,0,4,0,0,0,0
2004,63378,1,1,0,0,0,0,0,0,0,0,0,0
2004,63379,0,1,0,0,0,0,0,0,0,0,0,0
2004,63379,1,1,0,0,0,0,0,0,0,0,0,0
2004,63380,1,1,0,0,0,0,0,0,0,0,0,0
2004,63380,2,1,0,0,0,0,0,0,0,0,0,0
2004,63381,0,1,0,0,0,0,0,0,0,0,0,0
2004,63381,1,1,0,0,0,0,0,0,0,0,0,0
2004,63382,1,1,25,25,25,25,25,25,25,25,25,25
2004,63383,1,1,18,18,18,18,18,18,18,18,18,18
2004,63383,2,1,0,0,0,0,0,0,0,0,0,0
2004,63383,3,1,0,0,0,0,0,0,0,0,0,0
2004,63384,1,1,0,0,0,0,0,0,0,0,0,0
2004,63384,2,1,0,0,0,0,0,0,0,0,0,0
2004,63385,1,1,0,0,0,0,0,0,0,0,0,0
2004,63385,2,1,0,0,0,0,0,0,0,0,0,0
2004,63386,1,1,0,9,0,0,0,6,13,14,0,14
2004,63387,1,1,0,0,0,0,0,0,0,0,0,0
2004,63387,2,1,0,0,0,0,0,0,0,0,0,0
2004,63387,3,1,0,0,0,0,0,0,0,0,0,0
2004,63387,4,1,0,0,0,0,0,0,0,0,0,0
2004,63388,1,1,19,19,19,19,19,19,19,19,19,19
2004,63389,1,1,22,22,22,22,22,22,22,22,22,22
2004,63390,0,1,5,5,5,5,5,5,5,5,5,5
2004,63390,1,1,0,0,0,0,0,0,0,0,0,0
2004,63391,0,1,32,32,32,32,32,32,32,32,32,32
2004,63391,1,1,0,23,0,9,0,0,0,0,0,0
2004,63392,1,1,17,17,17,17,17,17,17,17,17,17
2004,63393,0,1,22,22,22,22,22,22,22,22,22,22
2004,63393,1,1,0,0,0,0,0,27,0,0,0,0
2004,63394,1,1,0,0,0,0,0,0,0,0,0,0
2004,63394,2,1,0,0,0,0,0,0,0,0,0,0
2004,63395,1,1,11,11,11,11,11,11,11,11,11,11
2004,63395,2,1,0,0,0,0,0,0,0,0,0,0
2004,63395,3,1,0,0,0,0,0,0,0,0,0,0
2004,63395,4,1,0,0,0,0,0,0,0,0,0,0
2004,63396,1,1,0,0,0,0,0,0,0,0,0,0
2004,63396,2,1,0,0,0,0,0,0,0,0,0,0
2004,63397,1,1,0,0,0,0,0,0,0,0,0,0
2004,63397,2,1,0,0,0,0,0,0,0,0,0,0
2004,63398,0,1,20,20,20,20,20,20,20,20,20,20
2004,63398,1,1,0,0,0,0,0,0,0,0,0,0
2004,63399,1,1,0,0,0,0,0,0,0,0,0,0
2004,63399,2,1,9,9,9,9,9,9,9,9,9,9
2004,63400,1,1,0,0,0,0,0,0,0,0,0,0
2004,63400,2,1,25,33,20,16,20,13,19,14,29,12
2004,63401,0,1,0,0,0,0,0,0,0,0,0,0
2004,63401,1,1,0,0,0,0,0,0,0,0,0,0
2004,63402,1,1,12,12,12,12,12,12,12,12,12,12
2004,63403,1,1,21,21,21,21,21,21,21,21,21,21
2004,63404,1,1,12,12,12,12,12,12,12,12,12,12
2004,63405,1,1,0,11,0,0,26,0,0,0,0,0
2004,63405,2,1,9,9,9,9,9,9,9,9,9,9
2004,63406,1,1,0,0,0,0,0,0,0,0,0,0
2004,63407,1,1,0,0,0,0,0,0,0,0,0,0
2004,63407,2,1,0,0,0,0,0,0,0,0,0,0
2004,63408,1,1,0,0,0,0,0,0,0,0,0,0
2004,63408,2,1,0,0,0,0,0,0,0,0,0,0
2004,63408,3,1,0,0,0,0,0,0,0,0,0,0
2004,63409,0,1,0,0,0,0,0,0,0,0,0,0
2004,63409,1,1,0,0,0,0,0,0,0,0,0,0
2004,63410,1,1,0,0,0,0,0,0,0,0,0,0
2004,63410,2,1,0,0,0,0,0,0,0,0,7,0
2004,63411,1,1,0,0,0,0,0,0,0,0,0,0
2004,63411,2,1,0,0,0,0,0,0,0,0,0,0
2004,63412,0,1,0,0,0,0,0,0,0,0,0,0
2004,63412,1,1,0,0,0,0,0,0,0,0,0,0
2004,63413,0,1,0,0,0,0,0,0,0,0,0,0
2004,63413,1,1,0,0,0,0,0,0,0,0,0,0
2004,63414,1,1,0,0,0,0,0,0,0,0,0,0
2004,63414,2,1,0,0,0,0,0,0,0,0,0,0
2004,63415,1,1,0,0,0,0,0,0,0,0,0,0
2004,63415,2,1,0,0,0,0,0,0,0,0,0,0
2004,63416,1,1,0,0,0,0,0,0,0,0,0,0
2004,63416,2,1,28,28,28,28,28,28,28,28,28,28
2004,63417,1,1,5,11,11,19,10,5,12,4,0,0
2004,63417,2,1,7,8,5,0,9,5,17,19,14,0
2004,63418,1,1,0,0,0,0,0,0,0,0,0,0
2004,63418,2,1,0,0,0,0,0,0,0,0,0,0
2004,63418,3,1,0,0,0,0,0,0,0,0,0,0
2004,63419,1,1,0,0,0,0,0,0,0,0,0,0
2004,63419,2,1,0,0,0,0,0,0,0,0,0,0
2004,63420,1,1,0,0,0,0,0,0,0,0,0,0
2004,63421,0,1,0,0,0,0,0,0,0,0,0,0
2004,63421,1,1,0,0,0,0,0,0,0,0,0,0
2004,63422,1,1,0,0,0,0,0,0,0,0,0,0
2004,63422,2,1,0,0,0,0,0,0,0,0,0,0
2004,63423,1,1,14,14,14,14,14,14,14,14,14,14
2004,63423,2,1,0,0,0,0,0,0,0,0,0,0
2004,63424,1,1,13,13,13,13,13,13,13,13,13,13
2004,63425,0,1,8,0,0,0,0,22,0,0,24,0
2004,63425,1,1,8,0,15,0,0,0,0,0,0,0
2004,63426,1,1,0,0,0,0,0,0,0,0,0,0
2004,63426,2,1,0,0,0,0,0,0,0,0,0,4
2004,63426,3,1,0,0,0,0,0,0,0,0,0,0
2004,63427,0,1,15,15,15,15,15,15,15,15,15,15
2004,63427,1,1,0,0,0,0,0,0,0,0,0,0
2004,63427,2,1,0,0,0,0,0,0,0,0,0,0
2004,63427,3,1,0,0,0,0,0,0,0,0,0,0
2004,63428,1,1,18,18,18,18,18,18,18,18,18,18
2004,63429,1,1,25,25,25,25,25,25,25,25,25,25
2004,63430,1,1,23,12,46,36,11,14,11,20,28,16
2004,63431,1,1,8,0,0,0,13,0,0,0,0,0
2004,63432,1,1,25,25,25,25,25,25,25,25,25,25
2004,63433,0,1,35,35,35,35,35,35,35,35,35,35
2004,63433,1,1,0,0,0,0,0,0,0,0,0,0
2004,63434,0,1,0,0,0,0,0,0,0,0,0,0
2004,63435,1,1,26,26,26,26,26,26,26,26,26,26
2004,63436,1,1,29,29,29,29,29,29,29,29,29,29
2004,63437,1,1,16,16,16,16,16,16,16,16,16,16
2004,63438,1,1,0,0,0,0,0,0,0,0,0,0
2004,63438,2,1,0,0,0,0,0,0,0,0,0,0
2004,63439,1,1,23,23,23,23,23,23,23,23,23,23
2004,63439,2,1,0,0,0,0,0,0,0,0,0,0
2004,63440,0,1,0,0,0,0,0,0,0,0,0,0
2004,63440,1,1,0,0,13,0,0,0,0,0,0,0
2004,63441,0,1,0,0,0,0,0,0,0,0,0,0
2004,63441,1,1,0,0,0,0,0,0,0,0,0,0
2004,63442,1,1,17,17,17,17,17,17,17,17,17,17
2004,63443,1,1,21,21,21,21,21,21,21,21,21,21
2004,63444,1,1,19,19,19,19,19,19,19,19,19,19
2004,63445,1,1,19,19,19,19,19,19,19,19,19,19
2004,63446,0,1,12,12,12,12,12,12,12,12,12,12
2004,63446,1,1,0,0,0,4,0,0,0,0,0,0
2004,63447,0,1,0,0,0,0,0,0,0,0,0,0
2004,63447,1,1,0,0,0,0,0,0,0,0,0,0
2004,63448,0,1,0,0,0,0,0,0,0,0,0,0
2004,63448,1,1,0,0,0,0,0,0,0,0,0,0
2004,63449,0,1,0,0,0,0,0,0,0,0,0,0
2004,63449,1,1,0,0,0,0,0,0,0,0,0,0
2004,63450,1,1,28,28,28,28,28,28,28,28,28,28
2004,63451,1,1,17,17,17,17,17,17,17,17,17,17
2004,63452,1,1,16,16,0,13,0,31,0,0,0,0
2004,63453,0,1,0,0,0,0,0,0,0,0,0,0
2004,63453,1,1,0,0,0,0,0,0,0,0,0,12
2004,63454,0,1,2,2,2,2,2,2,2,2,2,2
2004,63454,1,1,0,0,0,0,0,0,0,0,0,0
2004,63455,1,1,27,27,27,27,27,27,27,27,27,27
2004,63456,1,1,0,0,0,0,0,0,0,0,0,0
2004,63457,0,1,0,0,0,0,0,0,0,0,0,0
2004,63457,1,1,0,0,0,0,0,0,0,0,0,0
2004,63458,1,1,0,0,0,0,0,0,0,0,0,0
2004,63458,2,1,0,0,0,0,0,0,0,0,0,0
2004,63458,3,1,0,0,0,0,0,0,0,0,0,0
2004,63458,4,1,0,0,0,0,0,0,0,0,0,0
2004,63459,1,1,0,0,0,0,0,0,0,0,0,0
2004,63459,2,1,0,0,0,0,0,0,0,0,0,0
2004,63460,0,1,0,0,0,0,0,0,0,0,0,0
2004,63460,1,1,30,30,30,30,30,30,30,30,30,30
2004,63461,1,1,14,14,14,14,14,14,14,14,14,14
2004,63461,2,1,0,0,0,0,8,14,0,0,0,0
2004,63461,3,1,0,0,8,0,23,5,0,0,0,0
2004,63461,4,1,12,0,0,0,0,0,0,14,0,0
2004,63462,0,1,0,0,0,0,0,0,0,0,0,0
2004,63462,1,1,0,0,0,0,0,0,0,0,0,0
2004,63463,0,1,0,0,0,0,0,0,0,0,0,0
2004,63463,1,1,0,0,0,0,0,0,0,0,0,0
2004,63464,1,1,19,0,0,0,0,0,0,0,0,12
2004,63464,2,1,0,0,0,0,0,0,0,0,0,0
2004,63464,3,1,0,0,0,0,0,0,0,0,0,0
2004,63465,0,1,0,0,0,0,0,0,0,0,0,0
2004,63465,1,1,0,0,0,18,0,0,0,0,0,0
2004,63466,1,1,6,6,6,6,6,6,6,6,6,6
2004,63466,2,1,0,0,0,0,0,0,0,0,0,0
2004,63467,1,1,13,13,13,13,13,13,13,13,13,13
2004,63467,2,1,0,0,0,0,0,0,0,0,0,0
2004,63468,1,1,0,0,0,0,0,0,0,0,0,0
2004,63468,2,1,0,0,0,0,0,0,0,0,0,0
2004,63469,1,1,0,0,0,0,0,0,0,0,0,0
2004,63469,2,1,0,0,0,0,0,0,12,0,0,0
2004,63470,1,1,0,0,0,0,0,0,0,0,0,0
2004,63471,0,1,0,0,0,0,0,0,0,0,0,0
2004,63471,1,1,0,0,0,0,0,0,14,0,0,0
2004,63472,0,1,0,0,0,0,0,0,0,0,0,0
2004,63472,1,1,0,0,0,0,0,0,0,0,0,0
2004,63473,0,1,0,0,0,0,0,0,0,0,0,0
2004,63473,0,2,0,0,0,0,0,0,0,0,0,0
2004,63473,1,1,3,3,3,3,3,3,3,3,3,3
2004,63474,1,1,0,0,0,0,0,0,0,21,0,0
2004,63475,1,1,0,0,0,0,0,0,0,7,0,0
2004,63476,1,1,26,26,26,26,26,26,26,26,26,26
2004,63477,1,1,19,19,19,19,19,19,19,19,19,19
2004,63478,0,1,13,13,13,13,13,13,13,13,13,13
2004,63478,1,1,12,12,12,12,12,12,12,12,12,12
2004,63479,1,1,0,0,0,0,0,0,0,0,0,0
2004,63479,2,1,0,0,0,0,0,0,0,0,0,0
2004,63480,1,1,0,0,0,0,0,0,0,0,0,0
2004,63480,2,1,0,0,0,0,0,0,0,0,0,0
2004,63480,3,1,0,0,0,0,0,0,0,0,0,0
2004,63481,0,1,18,18,18,18,18,18,18,18,18,18
2004,63481,1,1,0,7,0,0,0,0,0,0,6,0
2004,63482,0,1,0,0,0,0,0,0,0,0,0,0
2004,63482,1,1,0,0,0,0,0,12,0,0,0,0
2004,63483,1,1,0,0,0,0,0,0,0,0,0,0
2004,63483,2,1,0,0,0,0,0,0,0,0,0,0
2004,63483,3,1,0,0,0,0,0,0,0,0,0,0
2004,63483,4,1,0,0,0,0,0,0,0,0,0,0
2004,63483,5,1,0,0,0,0,0,0,0,0,0,0
2004,63483,6,1,0,0,0,0,0,3,5,0,0,0