YEAR,ST_CASE,veh_no,per_no,P1,P2,P3,P4,P5,P6,P7,P8,P9,P10
2004,63484,1,1,33,33,33,33,33,33,33,33,33,33
2004,63485,1,1,4,4,4,4,4,4,4,4,4,4
2004,63486,1,1,0,0,0,0,0,0,0,0,0,0
2004,63486,2,1,0,0,0,0,0,0,0,0,0,0
2004,63487,1,1,0,0,0,0,0,0,0,0,0,4
2004,63487,2,1,12,12,12,12,12,12,12,12,12,12
2004,63488,1,1,0,0,0,0,0,0,0,0,0,0
2004,63489,1,1,0,0,0,0,0,0,0,0,0,0
2004,63489,2,1,0,0,0,0,0,0,0,0,0,0
2004,63489,3,1,0,0,0,0,0,0,0,0,0,0
2004,63490,1,1,0,0,0,0,0,0,0,0,0,0
2004,63490,2,1,0,0,0,0,0,0,0,0,0,0
2004,63491,1,1,26,26,26,26,26,26,26,26,26,26
2004,63491,2,1,0,0,0,0,0,0,0,0,0,0
2004,63492,1,1,0,0,0,0,0,0,11,0,0,0
2004,63492,2,1,0,0,0,0,0,0,0,0,0,0
2004,63492,3,1,0,0,0,0,0,0,0,0,0,0
2004,63493,1,1,0,0,0,0,0,0,0,0,0,0
2004,63493,2,1,0,0,0,0,0,0,0,0,0,0
2004,63494,1,1,10,18,0,0,22,0,0,13,7,19
2004,63494,2,1,0,0,0,0,0,0,0,0,0,0
2004,63495,1,1,0,0,0,0,0,0,0,0,0,0
2004,63495,2,1,0,0,0,0,0,0,0,0,0,0
2004,63496,1,1,0,0,0,0,0,0,0,0,0,0
2004,63496,2,1,0,0,0,0,0,0,0,0,0,0
2004,63497,1,1,20,21,8,13,20,24,4,8,9,10
2004,63497,2,1,0,0,0,0,0,0,0,0,0,0
2004,63497,3,1,0,20,0,0,0,0,0,0,0,0
2004,63498,1,1,0,0,0,0,0,0,0,0,0,0
2004,63498,2,1,0,0,0,0,0,0,0,0,0,0
2004,63498,3,1,0,0,0,0,0,0,0,0,0,0
2004,63498,4,1,0,0,0,0,0,0,0,0,0,0
2004,63498,5,1,0,0,0,0,0,0,0,0,0,0
2004,63499,1,1,17,17,17,17,17,17,17,17,17,17
2004,63499,2,1,0,0,0,0,0,0,0,0,0,0
2004,63499,3,1,0,0,0,0,0,0,0,0,0,0
2004,63500,1,1,10,10,10,10,10,10,10,10,10,10
2004,63500,2,1,16,0,0,0,0,0,0,0,16,0
2004,63501,1,1,0,0,0,0,0,0,0,0,0,0
2004,63501,2,1,0,0,0,0,0,0,0,0,0,0
2004,63501,3,1,0,0,5,0,0,0,0,0,0,0
2004,63502,1,1,10,10,10,10,10,10,10,10,10,10
2004,63502,2,1,6,0,0,0,0,0,0,20,0,0
2004,63503,1,1,0,0,0,0,0,0,0,0,0,0
2004,63503,2,1,0,0,0,0,0,0,0,0,0,0
2004,63504,0,1,0,0,0,0,0,0,0,0,0,0
2004,63504,1,1,10,14,10,17,15,18,13,24,13,23
2004,63504,2,1,0,0,0,0,0,0,0,0,0,0
2004,63505,0,1,23,23,23,23,23,23,23,23,23,23
2004,63505,1,1,0,0,0,0,0,0,0,0,18,0
2004,63505,2,1,0,0,0,0,0,0,0,20,0,0
2004,63505,3,1,0,0,0,0,0,0,0,0,0,0
2004,63506,1,1,7,0,0,0,0,0,0,0,0,0
2004,63506,2,1,0,0,0,0,0,0,0,0,0,0
2004,63507,1,1,0,0,0,0,0,0,0,0,0,0
2004,63507,2,1,0,19,0,0,0,0,0,0,0,0
2004,63508,0,1,0,0,0,0,0,0,0,0,0,0
2004,63508,1,1,0,0,0,0,0,0,0,0,0,0
2004,63509,0,1,0,0,0,0,0,0,0,0,0,0
2004,63509,0,2,0,0,0,0,0,0,0,0,0,0
2004,63509,1,1,0,0,0,0,0,0,0,0,0,0
2004,63510,1,1,0,0,0,0,0,0,0,0,0,0
2004,63511,1,1,0,0,0,0,0,0,0,0,0,0
2004,63512,1,1,19,19,19,19,19,19,19,19,19,19
2004,63513,0,1,0,0,0,0,0,0,0,0,0,0
2004,63513,1,1,0,0,0,0,0,0,0,0,0,0
2004,63514,1,1,38,38,38,38,38,38,38,38,38,38
2004,63515,0,1,17,17,17,17,17,17,17,17,17,17
2004,63515,1,1,0,12,0,0,0,0,0,0,18,0
2004,63516,1,1,0,0,0,0,0,0,0,0,0,0
2004,63517,1,1,0,0,0,0,0,0,0,0,0,0
2004,63518,1,1,0,0,0,0,0,0,0,8,0,0
2004,63518,2,1,0,0,0,0,0,0,0,0,0,0
2004,63518,3,1,0,0,0,0,0,0,0,0,0,0
2004,63519,1,1,0,0,0,0,0,0,0,0,0,0
2004,63519,2,1,0,0,0,0,0,0,0,0,0,0
2004,63519,3,1,0,0,0,0,0,0,0,0,0,0
2004,63519,4,1,0,0,0,0,0,0,0,0,0,0
2004,63520,1,1,0,0,0,0,0,0,0,0,0,0
2004,63520,2,1,0,0,0,0,0,0,0,0,0,0
2004,63520,3,1,0,0,0,13,0,0,0,14,0,0
2004,63521,1,1,0,0,0,0,0,0,0,0,0,0
2004,63521,2,1,0,0,0,0,0,0,0,0,0,0
2004,63521,3,1,0,0,0,0,0,0,0,0,0,0
2004,63521,4,1,0,0,0,0,0,0,0,0,0,0
2004,63521,5,1,0,0,0,0,8,0,0,0,0,0
2004,63522,0,1,0,0,0,0,0,0,0,0,0,0
2004,63522,1,1,0,0,0,0,0,0,0,0,0,0
2004,63522,3,1,0,23,0,11,0,0,0,21,0,0
2004,63523,1,1,11,11,11,11,11,11,11,11,11,11
2004,63523,2,1,0,0,0,0,0,0,0,0,0,0
2004,63524,1,1,0,0,0,0,0,0,0,0,0,0
2004,63524,2,1,0,0,0,0,0,0,0,0,0,0
2004,63525,1,1,0,0,0,0,0,0,0,0,0,0
2004,63525,2,1,0,0,0,0,0,0,0,0,0,0
2004,63526,0,1,22,22,22,22,22,22,22,22,22,22
2004,63526,1,1,0,0,0,0,0,0,0,0,0,0
2004,63527,1,1,21,21,21,21,21,21,21,21,21,21
2004,63527,2,1,0,0,0,0,0,0,0,0,0,0
2004,63528,1,1,0,0,0,0,0,0,0,0,0,0
2004,63528,2,1,0,0,0,0,0,0,0,0,0,0
2004,63529,0,1,0,0,0,0,0,0,6,0,0,0
2004,63529,1,1,0,0,0,0,27,0,5,0,0,0
2004,63529,2,1,0,0,9,0,0,0,0,0,0,0
2004,63530,1,1,0,0,0,0,0,0,0,0,0,0
2004,63530,2,1,0,0,0,0,0,0,0,0,0,0
2004,63530,3,1,0,0,0,0,0,0,0,0,0,0
2004,63531,0,1,20,0,0,10,0,29,0,0,0,19
2004,63531,1,1,0,0,0,0,0,0,0,0,0,0
2004,63532,0,1,0,0,0,0,0,0,0,0,0,0
2004,63532,1,1,0,0,0,0,0,0,0,0,0,0
2004,63533,1,1,0,0,0,0,0,0,0,0,0,0
2004,63533,2,1,0,0,0,0,0,0,0,0,0,0
2004,63533,3,1,0,0,12,0,0,0,0,0,0,0
2004,63534,1,1,0,0,0,0,0,0,0,0,0,0
2004,63534,2,1,0,0,0,0,0,0,0,0,0,0
2004,63535,1,1,0,0,0,0,0,0,0,0,0,0
2004,63536,1,1,18,18,18,18,18,18,18,18,18,18
2004,63536,2,1,0,0,0,0,2,0,0,0,0,0
2004,63537,0,1,0,0,0,0,0,0,0,0,0,0
2004,63537,1,1,0,0,0,0,0,0,0,0,0,0
2004,63538,0,1,0,0,0,0,0,0,0,0,0,0
2004,63538,1,1,0,0,0,0,0,0,0,0,0,0
2004,63539,1,1,30,30,30,30,30,30,30,30,30,30
2004,63540,1,1,0,0,0,0,0,0,0,0,0,0
2004,63540,2,1,0,0,0,0,0,0,0,0,0,0
2004,63541,1,1,0,0,0,0,0,0,0,0,0,0
2004,63541,2,1,0,0,0,0,0,0,0,0,0,0
2004,63541,3,1,0,0,0,0,0,0,0,0,6,0
2004,63541,4,1,0,0,0,0,0,0,0,0,0,0
2004,63541,5,1,0,0,0,0,0,0,0,0,0,0
2004,63542,1,1,0,0,0,0,0,0,0,0,0,0
2004,63542,2,1,0,0,0,0,0,0,0,0,0,0
2004,63543,1,1,11,10,19,8,15,0,12,20,20,13
2004,63543,2,1,0,0,0,0,0,0,0,0,0,0
2004,63544,1,1,0,0,0,0,0,0,0,0,0,0
2004,63544,2,1,0,0,0,0,0,0,0,0,0,0
2004,63544,3,1,0,0,0,0,24,0,0,0,0,0
2004,63544,4,1,0,0,0,0,0,0,0,0,0,0
2004,63545,1,1,0,0,0,0,0,0,0,0,0,0
2004,63545,2,1,0,0,0,0,0,0,0,0,0,0
2004,63546,1,1,0,0,0,0,0,0,0,0,0,0
2004,63546,2,1,0,0,0,0,0,0,0,0,0,0
2004,63547,1,1,3,3,3,3,3,3,3,3,3,3
2004,63547,2,1,0,0,0,0,0,0,0,0,0,0
2004,63548,0,1,0,0,0,0,0,0,0,0,0,0
2004,63548,1,1,0,0,0,0,0,0,0,0,0,0
2004,63549,1,1,0,0,0,0,0,0,0,0,0,0
2004,63550,1,1,0,0,0,0,0,0,0,0,0,0
2004,63551,1,1,0,0,0,0,0,0,0,0,0,0
2004,63552,1,1,0,0,0,0,0,0,0,0,0,0
2004,63553,1,1,13,13,13,13,13,13,13,13,13,13
2004,63554,0,1,0,31,0,0,0,0,0,0,0,0
2004,63554,0,2,0,0,0,0,0,0,0,0,0,0
2004,63554,1,1,0,0,0,0,0,0,0,0,0,0
2004,63554,3,1,0,0,0,0,0,0,0,0,0,0
2004,63555,0,1,0,0,0,0,0,0,0,0,0,0
2004,63555,1,1,0,0,0,0,16,0,0,0,0,0
2004,63556,1,1,12,12,12,12,12,12,12,12,12,12
2004,63556,2,1,0,0,0,0,0,0,0,0,0,0
2004,63557,1,1,0,0,0,0,0,0,0,0,0,0
2004,63557,2,1,0,0,0,0,0,0,0,0,0,0
2004,63558,1,1,0,0,0,8,0,0,0,0,0,0
2004,63558,2,1,0,0,0,0,0,0,0,0,0,0
2004,63559,1,1,0,0,0,0,0,0,0,0,0,0
2004,63560,1,1,23,23,23,23,23,23,23,23,23,23
2004,63561,1,1,20,20,20,20,20,20,20,20,20,20
2004,63561,2,1,0,0,0,0,0,0,0,0,0,0
2004,63562,1,1,0,0,0,0,0,0,0,0,0,0
2004,63562,2,1,0,0,0,0,0,0,0,0,0,0
2004,63562,3,1,0,0,0,0,0,0,0,0,0,0
2004,63563,1,1,0,0,0,0,0,0,0,0,0,0
2004,63563,2,1,0,0,0,0,0,0,0,0,0,0
2004,63564,1,1,26,26,26,26,26,26,26,26,26,26
2004,63564,2,1,2,2,2,2,2,2,2,2,2,2
2004,63564,3,1,0,0,0,0,0,0,0,0,0,0
2004,63565,1,1,12,12,22,16,20,9,30,0,15,13
2004,63565,2,1,18,16,30,0,13,0,17,29,7,34
2004,63565,3,1,16,0,0,14,0,0,0,0,0,29
2004,63565,4,1,0,0,0,0,0,0,0,0,0,7
2004,63566,0,1,0,0,31,0,0,13,0,0,0,0
2004,63566,1,1,0,0,0,0,0,0,0,0,0,0
2004,63567,0,1,22,22,22,22,22,22,22,22,22,22
2004,63567,1,1,22,22,22,22,22,22,22,22,22,22
2004,63568,1,1,11,11,11,11,11,11,11,11,11,11
2004,63569,1,1,20,0,10,9,3,0,0,4,16,0
2004,63569,2,1,0,0,0,0,0,0,0,0,0,0
2004,63570,1,1,24,24,24,24,24,24,24,24,24,24
2004,63570,2,1,9,9,9,9,9,9,9,9,9,9
2004,63571,1,1,0,0,0,0,0,0,0,0,0,0
2004,63571,2,1,16,16,16,16,16,16,16,16,16,16
2004,63572,1,1,14,14,14,14,14,14,14,14,14,14
2004,63573,1,1,0,0,0,0,0,0,0,0,0,0
2004,63573,2,1,0,0,0,0,0,5,0,0,0,0
2004,63574,1,1,0,0,0,0,0,0,0,0,0,0
2004,63574,2,1,0,0,0,0,0,0,0,0,0,0
2004,63575,1,1,0,0,0,0,0,0,0,0,0,0
2004,63575,2,1,0,0,0,0,0,0,0,0,0,0
2004,63576,0,1,0,0,0,0,0,0,0,0,0,0
2004,63576,1,1,0,0,0,0,0,0,0,0,0,0
2004,63577,0,1,0,0,0,0,0,0,0,0,0,0
2004,63577,1,1,0,0,0,0,0,0,0,0,0,0
2004,63578,0,1,0,0,0,0,0,0,0,0,0,0
2004,63578,1,1,17,20,33,25,9,15,7,31,0,34
2004,63578,2,1,0,0,0,0,0,0,0,0,0,0
2004,63579,1,1,0,0,0,0,0,0,0,0,0,0
2004,63579,2,1,0,0,0,0,0,0,0,0,0,0
2004,63579,3,1,0,0,0,0,5,0,0,0,0,0
2004,63580,1,1,0,0,0,0,0,0,0,0,0,0
2004,63580,2,1,0,0,0,0,0,0,0,0,0,0
2004,63581,1,1,3,3,3,3,3,3,3,3,3,3
2004,63581,2,1,3,3,3,3,3,3,3,3,3,3
2004,63582,1,1,0,0,0,0,0,0,0,0,0,0
2004,63582,2,1,0,0,0,0,0,0,0,0,0,0
2004,63582,3,1,0,0,0,0,0,0,0,0,0,0
2004,63583,1,1,0,5,0,0,0,0,0,0,0,0
2004,63583,2,1,0,0,0,0,0,0,0,0,0,0
2004,63584,1,1,23,23,23,23,23,23,23,23,23,23
2004,63584,2,1,0,13,0,0,0,19,0,10,0,0
2004,63585,1,1,19,19,19,19,19,19,19,19,19,19
2004,63586,0,1,0,0,0,0,0,0,0,0,0,0
2004,63586,0,2,0,0,0,0,0,0,0,14,0,0
2004,63586,1,1,0,0,0,0,0,0,0,0,0,0
2004,63586,2,1,0,0,0,0,19,0,0,26,0,0
2004,63587,1,1,0,0,0,0,0,0,0,0,0,0
2004,63587,2,1,0,0,0,0,0,0,0,0,0,0
2004,63588,1,1,13,13,13,13,13,13,13,13,13,13
2004,63589,0,1,14,14,14,14,14,14,14,14,14,14
2004,63589,1,1,22,9,14,0,18,0,12,25,10,21
2004,63590,0,1,0,0,0,0,0,0,0,0,0,0
2004,63590,1,1,0,0,0,0,0,8,0,0,0,0
2004,63591,0,1,0,0,0,0,0,0,0,0,0,0
2004,63591,1,1,0,17,0,2,11,14,0,10,16,0
2004,63592,1,1,5,5,5,5,5,5,5,5,5,5
2004,63593,1,1,6,6,6,6,6,6,6,6,6,6
2004,63594,0,1,0,0,0,0,0,0,0,0,0,0
2004,63594,1,1,0,0,0,0,0,0,0,0,0,16
2004,63595,1,1,0,0,0,0,0,0,0,15,0,0
2004,63596,1,1,23,23,23,23,23,23,23,23,23,23
2004,63597,1,1,21,21,21,21,21,21,21,21,21,21
2004,63598,1,1,23,23,23,23,23,23,23,23,23,23
2004,63599,1,1,28,28,28,28,28,28,28,28,28,28
2004,63600,1,1,21,21,21,21,21,21,21,21,21,21
2004,63601,0,1,0,0,0,0,0,0,0,0,0,0
2004,63601,1,1,0,0,0,0,0,0,0,0,0,0
2004,63602,1,1,0,0,0,0,0,0,0,0,0,0
2004,63603,1,1,0,0,0,0,0,0,0,0,0,0
2004,63603,2,1,0,0,0,0,0,0,0,0,0,0
2004,63604,1,1,14,14,14,14,14,14,14,14,14,14
2004,63605,1,1,0,0,0,0,0,0,0,0,0,0
2004,63606,0,1,0,0,0,0,0,0,0,0,0,0
2004,63606,1,1,0,0,0,0,0,0,0,0,0,0
2004,63607,1,1,0,0,0,0,0,0,0,0,0,0
2004,63608,1,1,0,0,0,0,0,0,0,0,0,0
2004,63609,0,1,15,15,15,15,15,15,15,15,15,15
2004,63609,1,1,0,0,0,0,0,0,0,0,0,9
2004,63610,0,1,22,22,22,22,22,22,22,22,22,22
2004,63610,1,1,0,0,0,0,0,0,0,0,0,0
2004,63611,1,1,0,0,0,0,0,0,0,0,0,0
2004,63612,1,1,0,0,0,0,0,0,0,0,0,0
2004,63612,2,1,0,0,0,0,0,0,0,0,0,0
2004,63613,0,1,0,15,7,13,0,0,27,19,28,31
2004,63613,1,1,0,10,0,0,0,0,0,0,0,0
2004,63614,0,1,25,25,25,25,25,25,25,25,25,25
2004,63614,1,1,10,0,0,0,0,18,0,0,16,0
2004,63615,1,1,0,0,0,0,0,0,0,0,0,0
2004,63615,2,1,0,0,0,0,0,0,0,0,0,0
2004,63616,0,1,0,0,0,0,0,0,0,0,0,0
2004,63616,1,1,8,8,0,0,0,0,0,0,0,0
2004,63617,1,1,15,15,15,15,15,15,15,15,15,15
2004,63618,0,1,0,0,0,0,0,0,0,0,0,0
2004,63618,1,1,0,8,0,0,0,0,0,0,0,0
2004,63619,0,1,2,2,2,2,2,2,2,2,2,2
2004,63619,1,1,0,0,0,0,17,0,0,0,0,0
2004,63620,1,1,0,0,0,0,0,0,0,0,0,0
2004,63621,1,1,0,0,0,0,0,0,0,0,0,0
2004,63622,1,1,22,22,22,22,22,22,22,22,22,22
2004,63623,1,1,0,0,0,0,0,0,0,0,0,0
2004,63623,2,1,0,0,10,0,0,0,0,0,0,0
2004,63623,3,1,11,9,0,0,4,0,6,0,12,0
2004,63624,1,1,0,0,0,0,0,0,0,0,0,0
2004,63624,2,1,0,0,0,0,0,0,0,0,0,15
2004,63625,1,1,15,15,15,15,15,15,15,15,15,15
2004,63626,1,1,21,7,16,8,12,24,0,34,4,10
2004,63626,2,1,0,0,0,0,0,0,0,0,0,0
2004,63627,1,1,0,0,0,0,0,0,0,0,0,0
2004,63627,2,1,0,0,0,0,0,0,16,0,21,20
2004,63627,3,1,0,15,0,0,0,0,19,0,0,0
2004,63628,1,1,26,26,26,26,26,26,26,26,26,26
2004,63628,2,1,0,25,0,0,0,12,0,0,0,0
2004,63628,3,1,0,0,0,13,8,5,0,0,0,0
2004,63629,1,1,0,17,0,0,0,0,0,0,0,0
2004,63630,1,1,0,0,0,0,0,0,0,0,0,0
2004,63630,2,1,0,0,0,0,0,0,0,0,0,0
2004,63631,1,1,0,0,0,11,0,0,0,0,0,0
2004,63631,2,1,0,0,0,0,0,0,0,0,0,0
2004,63631,3,1,0,0,0,0,0,0,0,0,0,0
2004,63632,1,1,4,4,4,4,4,4,4,4,4,4
2004,63633,0,1,0,0,0,0,0,0,0,0,0,0
2004,63633,1,1,0,0,0,0,0,0,0,0,0,0
2004,63634,0,1,17,17,17,17,17,17,17,17,17,17
2004,63634,1,1,0,0,0,0,0,0,0,0,27,0
2004,63635,1,1,0,0,0,0,0,0,0,0,0,0
2004,63635,2,1,0,0,0,0,0,0,0,0,0,0
2004,63635,3,1,0,0,0,2,0,0,0,18,0,0
2004,63635,4,1,0,0,0,0,0,0,0,0,0,0
2004,63636,0,1,0,0,0,0,0,0,0,0,0,0
2004,63636,1,1,0,0,13,0,17,0,0,0,0,0
2004,63637,1,1,12,12,12,12,12,12,12,12,12,12
2004,63638,1,1,0,0,0,0,0,0,0,0,0,0
2004,63638,2,1,0,0,0,0,0,0,0,0,0,0
2004,63639,1,1,0,0,0,0,0,0,0,0,0,0
2004,63639,2,1,0,0,0,0,0,0,0,0,0,0
2004,63640,0,1,0,0,0,0,0,0,0,0,0,8
2004,63640,1,1,0,0,0,0,0,10,0,0,0,0
2004,63641,1,1,0,0,0,0,0,0,0,0,0,0
2004,63641,2,1,0,0,0,0,0,0,0,0,0,0
2004,63642,0,1,0,0,0,0,0,0,0,0,0,0
2004,63642,0,2,0,0,0,0,0,0,0,0,0,0
2004,63642,1,1,0,0,0,0,0,0,0,0,0,0
2004,63643,1,1,0,0,0,0,0,0,0,0,0,0
2004,63643,2,1,0,0,0,0,0,0,0,0,0,0
2004,63644,1,1,22,24,6,17,23,12,19,12,22,18
2004,63644,3,1,0,0,0,0,0,0,0,0,0,0
2004,63644,4,1,0,9,4,6,0,23,0,0,21,18
2004,63645,1,1,0,0,0,0,0,0,0,0,0,0
2004,63646,0,1,0,0,0,0,0,0,0,0,0,0
2004,63646,1,1,0,0,0,0,0,0,0,0,0,0
2004,63647,1,1,0,0,0,0,0,0,0,0,0,0
2004,63648,1,1,25,25,25,25,25,25,25,25,25,25
2004,63649,0,1,0,31,4,15,8,0,14,9,18,29
2004,63649,1,1,0,0,0,0,0,0,0,0,0,0
2004,63650,1,1,6,6,6,6,6,6,6,6,6,6
2004,63651,1,1,0,0,0,0,0,0,0,0,0,0
2004,63652,0,1,0,0,0,0,0,0,0,0,0,0
2004,63652,1,1,0,0,0,0,0,0,0,0,0,0
2004,63653,0,1,0,0,0,19,0,0,23,0,0,0
2004,63653,0,2,25,25,25,25,25,25,25,25,25,25
2004,63653,1,1,0,0,0,0,0,0,0,0,0,0
2004,63654,1,1,0,0,0,0,0,0,0,0,0,0
2004,63655,0,1,0,0,0,0,0,0,0,0,0,0
2004,63655,1,1,0,0,0,0,23,0,0,0,0,0
2004,63656,1,1,0,0,0,0,0,0,0,0,0,0
2004,63657,1,1,0,0,0,0,0,0,0,0,0,0
2004,63658,0,1,0,0,0,0,0,0,0,0,0,0
2004,63658,1,1,0,0,0,0,0,0,0,0,0,0
2004,63659,0,1,0,0,0,0,0,0,0,0,0,0
2004,63659,1,1,0,0,0,0,0,0,0,0,0,0
2004,63660,1,1,0,0,0,0,0,0,0,0,7,0
2004,63660,2,1,0,0,0,0,0,0,0,0,0,0
2004,63661,1,1,0,0,0,0,0,0,0,0,0,0
2004,63661,2,1,0,0,0,0,0,0,0,0,0,0
2004,63662,1,1,0,0,0,0,8,0,0,0,0,0
2004,63662,2,1,0,0,0,0,0,12,0,0,0,0
2004,63663,1,1,0,0,0,0,0,0,0,0,0,0
2004,63663,2,1,0,0,0,0,0,0,0,0,0,0
2004,63664,1,1,0,0,0,0,0,0,0,0,0,0
2004,63664,2,1,0,0,0,0,0,0,0,0,0,0
2004,63664,3,1,0,0,0,0,0,0,0,0,0,0
2004,63665,1,1,0,0,0,0,0,0,0,0,0,0
2004,63665,2,1,0,0,0,0,0,0,0,0,0,0
2004,63666,1,1,0,0,0,0,0,0,0,0,0,0
2004,63666,2,1,0,0,0,0,0,0,0,0,0,0
2004,63667,1,1,0,0,0,0,0,0,0,0,0,0
2004,63667,2,1,0,0,0,0,0,0,0,0,0,0
2004,63668,0,1,0,0,0,0,0,0,0,0,0,0
2004,63668,1,1,0,0,0,0,0,0,0,0,0,0
2004,63669,1,1,18,18,18,18,18,18,18,18,18,18
2004,63669,2,1,0,0,0,0,0,0,0,0,0,0
2004,63670,1,1,18,18,18,18,18,18,18,18,18,18
2004,63670,2,1,0,0,0,0,0,0,0,0,0,0
2004,63671,1,1,0,0,0,0,0,0,0,0,0,0
2004,63672,1,1,17,17,17,17,17,17,17,17,17,17
2004,63673,1,1,0,0,0,0,0,0,0,0,0,0
2004,63673,2,1,0,0,0,0,0,0,0,0,0,0
2004,63674,1,1,29,29,29,29,29,29,29,29,29,29
2004,63674,2,1,0,0,0,0,0,0,0,0,0,0
2004,63675,1,1,0,0,0,0,8,6,9,0,0,0
2004,63675,2,1,0,0,0,0,0,0,0,0,0,0
2004,63676,1,1,17,17,17,17,17,17,17,17,17,17
2004,63676,2,1,9,0,0,0,0,0,23,0,14,0
2004,63677,1,1,0,0,0,0,0,0,0,0,0,0
2004,63677,2,1,0,0,0,0,0,0,10,17,0,0
2004,63678,1,1,0,0,0,0,0,0,0,0,0,0
2004,63679,1,1,12,12,12,12,12,12,12,12,12,12
2004,63680,0,1,0,0,0,0,0,0,0,0,0,0
2004,63680,1,1,0,0,0,0,0,0,0,0,0,0
2004,63681,1,1,0,0,0,0,0,0,0,0,0,0
2004,63682,1,1,0,0,0,0,0,0,0,0,0,0
2004,63683,1,1,0,0,0,0,0,0,0,0,0,0
2004,63684,1,1,0,0,0,0,0,0,0,0,0,0
2004,63684,2,1,0,0,0,0,0,0,0,0,0,0
2004,63685,1,1,0,0,0,0,0,0,0,0,0,0
2004,63685,2,1,0,0,0,0,0,0,0,0,0,0
2004,63686,0,1,0,0,0,0,0,0,0,0,0,0
2004,63686,1,1,0,0,0,0,0,0,0,0,0,0
2004,63687,0,1,0,0,0,0,0,0,0,0,0,0
2004,63687,1,1,0,0,0,0,0,0,0,0,0,0
2004,63688,1,1,0,0,0,0,0,0,0,0,0,0
2004,63689,1,1,0,0,0,7,0,0,0,0,0,0
2004,63690,1,1,0,0,0,0,0,0,0,0,0,0
2004,63691,0,1,1,1,1,1,1,1,1,1,1,1
2004,63691,1,1,0,0,0,0,0,0,0,0,0,0
2004,63692,1,1,8,8,8,8,8,8,8,8,8,8
2004,63693,0,1,18,18,18,18,18,18,18,18,18,18
2004,63693,1,1,7,7,7,7,7,7,7,7,7,7
2004,63694,0,1,21,21,21,21,21,21,21,21,21,21
2004,63694,1,1,0,0,0,0,0,0,6,0,0,0
2004,63695,1,1,11,11,11,11,11,11,11,11,11,11
2004,63696,1,1,10,10,10,10,10,10,10,10,10,10
2004,63697,0,1,22,22,22,22,22,22,22,22,22,22
2004,63697,1,1,0,0,9,6,0,0,0,0,0,13
2004,63698,0,1,29,29,29,29,29,29,29,29,29,29
2004,63698,1,1,0,0,0,0,0,0,0,0,0,0
2004,63699,0,1,0,0,0,0,0,0,0,0,0,0
2004,63699,1,1,0,0,0,0,0,0,0,0,0,0
2004,63699,2,1,0,0,0,0,0,0,0,0,0,0
2004,63700,1,1,0,0,0,0,0,0,0,0,0,0
2004,63701,1,1,0,0,0,0,0,0,0,0,0,0
2004,63701,2,1,0,0,0,0,0,0,0,0,0,0
2004,63702,1,1,0,0,0,0,0,0,0,0,0,0
2004,63702,2,1,0,0,0,0,0,13,0,0,0,0
2004,63703,1,1,0,0,0,0,0,0,0,0,0,0
2004,63703,2,1,0,0,0,0,19,0,12,0,0,0
2004,63704,1,1,0,0,0,0,0,0,0,0,0,0
2004,63704,2,1,0,0,0,0,0,0,0,0,0,0
2004,63705,1,1,0,0,0,0,0,0,0,0,0,0
2004,63705,2,1,0,0,0,0,0,0,0,0,0,0
2004,63706,1,1,0,0,0,0,0,0,0,0,0,0
2004,63706,2,1,2,0,0,0,0,0,0,0,0,0
2004,63707,1,1,11,11,11,11,11,11,11,11,11,11
2004,63707,2,1,0,0,0,0,0,0,0,0,0,0
2004,63708,1,1,0,0,0,0,0,0,0,0,0,0
2004,63708,2,1,0,0,0,0,0,0,0,0,0,0
2004,63709,1,1,0,0,0,0,0,0,0,0,0,0
2004,63710,0,1,0,0,0,0,0,0,0,0,0,0
2004,63710,1,1,0,0,0,0,0,0,0,0,0,0
2004,63711,1,1,0,0,0,0,0,0,0,0,0,0
2004,63712,1,1,0,0,0,0,0,0,0,0,0,0
2004,63713,1,1,11,11,11,11,11,11,11,11,11,11
2004,63713,2,1,0,0,0,0,0,0,0,0,0,0
2004,63713,3,1,0,0,0,11,0,0,0,0,0,0
2004,63714,1,1,0,0,0,0,0,0,0,0,0,0
2004,63715,1,1,18,18,18,18,18,18,18,18,18,18
2004,63716,1,1,18,18,18,18,18,18,18,18,18,18
2004,63717,1,1,0,0,0,0,0,0,0,0,0,0
2004,63718,1,1,9,9,9,9,9,9,9,9,9,9
2004,63719,0,1,0,0,0,0,0,0,0,0,0,0
2004,63719,1,1,17,0,8,0,0,0,0,0,6,0
2004,63720,0,1,0,0,0,0,0,0,0,0,0,0
2004,63720,1,1,8,8,8,8,8,8,8,8,8,8
2004,63721,0,1,0,0,0,0,0,0,0,0,0,0
2004,63721,1,1,0,0,0,0,0,0,13,0,0,0
2004,63722,1,1,0,0,0,5,0,0,0,0,0,0
2004,63723,1,1,11,11,11,11,11,11,11,11,11,11
2004,63723,2,1,0,0,0,0,0,0,0,0,0,0
2004,63724,1,1,13,29,0,0,11,0,0,45,10,33
2004,63725,1,1,0,0,0,0,0,0,0,0,0,0
2004,63726,1,1,0,0,0,0,0,0,0,0,0,0
2004,63726,2,1,0,19,0,0,0,0,0,0,0,0
2004,63726,3,1,0,0,0,0,0,0,0,0,0,0
2004,63727,1,1,0,0,0,0,0,0,0,0,0,0
2004,63728,0,1,16,16,16,16,16,16,16,16,16,16
2004,63728,0,2,0,0,0,0,0,0,0,0,0,0
2004,63728,1,1,0,0,0,0,0,0,16,0,0,0
2004,63729,0,1,0,0,0,0,0,0,0,0,0,0
2004,63729,1,1,30,0,0,0,0,0,0,19,0,0